system,hazard_type,location_id,latitude,longitude,event_timestamp,detected,first_warning_timestamp,lead_time_days_earliest,lead_time_hours_earliest,lead_time_days_contiguous,lead_time_hours_contiguous
flood_only,any_hazard,10.455_76.842,10.455,76.842,2020-07-22,0,,,,,
flood_only,any_hazard,10.455_76.842,10.455,76.842,2020-07-28,1,2020-07-27,1.0,24.0,1.0,24.0
flood_only,any_hazard,10.455_76.842,10.455,76.842,2020-08-06,1,2020-07-27,10.0,240.0,10.0,240.0
flood_only,any_hazard,10.455_76.842,10.455,76.842,2020-08-14,1,2020-07-31,14.0,336.0,4.0,96.0
flood_only,any_hazard,10.455_76.842,10.455,76.842,2020-09-01,1,2020-08-18,14.0,336.0,2.0,48.0
flood_only,any_hazard,10.455_76.842,10.455,76.842,2020-09-03,1,2020-08-20,14.0,336.0,4.0,96.0
flood_only,any_hazard,10.455_76.842,10.455,76.842,2020-09-05,1,2020-08-30,6.0,144.0,6.0,144.0
flood_only,any_hazard,10.455_76.842,10.455,76.842,2020-09-07,1,2020-08-30,8.0,192.0,8.0,192.0
flood_only,any_hazard,10.455_76.842,10.455,76.842,2020-10-06,0,,,,,
flood_only,any_hazard,10.455_76.842,10.455,76.842,2020-11-08,1,2020-11-07,1.0,24.0,1.0,24.0
flood_only,any_hazard,10.455_76.842,10.455,76.842,2020-11-20,1,2020-11-07,13.0,312.0,0.0,0.0
flood_only,any_hazard,10.455_76.842,10.455,76.842,2020-12-15,0,,,,,
flood_only,any_hazard,10.455_76.842,10.455,76.842,2020-12-21,0,,,,,
flood_only,any_hazard,10.712_77.208,10.712,77.208,2020-07-22,0,,,,,
flood_only,any_hazard,10.712_77.208,10.712,77.208,2020-07-27,0,,,,,
flood_only,any_hazard,10.712_77.208,10.712,77.208,2020-08-05,0,,,,,
flood_only,any_hazard,10.712_77.208,10.712,77.208,2020-08-11,0,,,,,
flood_only,any_hazard,10.712_77.208,10.712,77.208,2020-08-14,1,2020-08-14,0.0,0.0,0.0,0.0
flood_only,any_hazard,10.712_77.208,10.712,77.208,2020-10-05,0,,,,,
flood_only,any_hazard,10.712_77.208,10.712,77.208,2020-10-09,0,,,,,
flood_only,any_hazard,10.712_77.208,10.712,77.208,2020-10-26,0,,,,,
flood_only,any_hazard,10.712_77.208,10.712,77.208,2020-11-08,1,2020-11-08,0.0,0.0,0.0,0.0
flood_only,any_hazard,10.712_77.208,10.712,77.208,2020-11-10,1,2020-11-08,2.0,48.0,0.0,0.0
flood_only,any_hazard,10.712_77.208,10.712,77.208,2020-11-13,1,2020-11-08,5.0,120.0,2.0,48.0
flood_only,any_hazard,10.712_77.208,10.712,77.208,2020-11-20,1,2020-11-08,12.0,288.0,0.0,0.0
flood_only,any_hazard,10.712_77.208,10.712,77.208,2020-11-29,0,,,,,
flood_only,any_hazard,10.712_77.208,10.712,77.208,2020-12-14,0,,,,,
flood_only,any_hazard,10.978_76.955,10.978,76.955,2020-07-23,0,,,,,
flood_only,any_hazard,10.978_76.955,10.978,76.955,2020-07-27,0,,,,,
flood_only,any_hazard,10.978_76.955,10.978,76.955,2020-08-05,0,,,,,
flood_only,any_hazard,10.978_76.955,10.978,76.955,2020-08-07,0,,,,,
flood_only,any_hazard,10.978_76.955,10.978,76.955,2020-08-11,0,,,,,
flood_only,any_hazard,10.978_76.955,10.978,76.955,2020-09-01,0,,,,,
flood_only,any_hazard,10.978_76.955,10.978,76.955,2020-10-13,0,,,,,
flood_only,any_hazard,10.978_76.955,10.978,76.955,2020-10-15,0,,,,,
flood_only,any_hazard,10.978_76.955,10.978,76.955,2020-11-03,0,,,,,
flood_only,any_hazard,10.978_76.955,10.978,76.955,2020-11-07,0,,,,,
flood_only,any_hazard,10.978_76.955,10.978,76.955,2020-11-09,0,,,,,
flood_only,any_hazard,10.978_76.955,10.978,76.955,2020-11-29,0,,,,,
flood_only,any_hazard,10.978_76.955,10.978,76.955,2020-12-12,0,,,,,
flood_only,any_hazard,10.978_76.955,10.978,76.955,2020-12-17,0,,,,,
flood_only,any_hazard,11.394_76.688,11.394,76.688,2020-07-28,0,,,,,
flood_only,any_hazard,11.394_76.688,11.394,76.688,2020-08-18,1,2020-08-04,14.0,336.0,0.0,0.0
flood_only,any_hazard,11.394_76.688,11.394,76.688,2020-08-27,0,,,,,
flood_only,any_hazard,11.394_76.688,11.394,76.688,2020-09-04,0,,,,,
flood_only,any_hazard,11.394_76.688,11.394,76.688,2020-10-27,0,,,,,
flood_only,any_hazard,11.394_76.688,11.394,76.688,2020-11-03,0,,,,,
flood_only,any_hazard,11.394_76.688,11.394,76.688,2020-11-17,0,,,,,
flood_only,any_hazard,11.394_76.688,11.394,76.688,2020-11-30,0,,,,,
flood_only,any_hazard,11.394_76.688,11.394,76.688,2020-12-09,0,,,,,
flood_only,any_hazard,11.615_76.371,11.615,76.371,2020-07-24,1,2020-07-21,3.0,72.0,0.0,0.0
flood_only,any_hazard,11.615_76.371,11.615,76.371,2020-07-27,1,2020-07-21,6.0,144.0,1.0,24.0
flood_only,any_hazard,11.615_76.371,11.615,76.371,2020-08-23,1,2020-08-09,14.0,336.0,0.0,0.0
flood_only,any_hazard,11.615_76.371,11.615,76.371,2020-08-28,1,2020-08-14,14.0,336.0,0.0,0.0
flood_only,any_hazard,11.615_76.371,11.615,76.371,2020-09-05,1,2020-09-05,0.0,0.0,0.0,0.0
flood_only,any_hazard,11.615_76.371,11.615,76.371,2020-09-07,1,2020-09-05,2.0,48.0,2.0,48.0
flood_only,any_hazard,11.615_76.371,11.615,76.371,2020-09-09,1,2020-09-05,4.0,96.0,4.0,96.0
flood_only,any_hazard,11.615_76.371,11.615,76.371,2020-09-19,1,2020-09-05,14.0,336.0,0.0,0.0
flood_only,any_hazard,11.615_76.371,11.615,76.371,2020-09-29,0,,,,,
flood_only,any_hazard,11.615_76.371,11.615,76.371,2020-10-26,0,,,,,
flood_only,any_hazard,11.615_76.371,11.615,76.371,2020-12-05,0,,,,,
flood_only,any_hazard,11.842_76.104,11.842,76.104,2020-07-25,1,2020-07-21,4.0,96.0,0.0,0.0
flood_only,any_hazard,11.842_76.104,11.842,76.104,2020-07-27,1,2020-07-21,6.0,144.0,0.0,0.0
flood_only,any_hazard,11.842_76.104,11.842,76.104,2020-08-17,1,2020-08-03,14.0,336.0,21.0,504.0
flood_only,any_hazard,11.842_76.104,11.842,76.104,2020-08-24,1,2020-08-10,14.0,336.0,0.0,0.0
flood_only,any_hazard,11.842_76.104,11.842,76.104,2020-08-28,1,2020-08-14,14.0,336.0,0.0,0.0
flood_only,any_hazard,11.842_76.104,11.842,76.104,2020-09-04,1,2020-08-24,11.0,264.0,1.0,24.0
flood_only,any_hazard,11.842_76.104,11.842,76.104,2020-09-06,1,2020-08-24,13.0,312.0,3.0,72.0
flood_only,any_hazard,11.842_76.104,11.842,76.104,2020-10-03,1,2020-10-03,0.0,0.0,0.0,0.0
flood_only,any_hazard,11.842_76.104,11.842,76.104,2020-11-11,1,2020-10-31,11.0,264.0,0.0,0.0
flood_only,any_hazard,11.842_76.104,11.842,76.104,2020-11-28,0,,,,,
flood_only,any_hazard,11.842_76.104,11.842,76.104,2020-12-18,0,,,,,
flood_only,any_hazard,9.283_76.774,9.283,76.774,2020-08-15,1,2020-08-15,0.0,0.0,0.0,0.0
flood_only,any_hazard,9.283_76.774,9.283,76.774,2020-08-20,1,2020-08-15,5.0,120.0,3.0,72.0
flood_only,any_hazard,9.283_76.774,9.283,76.774,2020-09-22,1,2020-09-21,1.0,24.0,1.0,24.0
flood_only,any_hazard,9.283_76.774,9.283,76.774,2020-10-06,1,2020-09-22,14.0,336.0,15.0,360.0
flood_only,any_hazard,9.283_76.774,9.283,76.774,2020-10-08,1,2020-09-24,14.0,336.0,17.0,408.0
flood_only,any_hazard,9.283_76.774,9.283,76.774,2020-10-31,1,2020-10-28,3.0,72.0,1.0,24.0
flood_only,any_hazard,9.283_76.774,9.283,76.774,2020-11-03,1,2020-10-28,6.0,144.0,4.0,96.0
flood_only,any_hazard,9.283_76.774,9.283,76.774,2020-11-28,0,,,,,
flood_only,any_hazard,9.283_76.774,9.283,76.774,2020-12-17,1,2020-12-16,1.0,24.0,1.0,24.0
flood_only,any_hazard,9.283_76.774,9.283,76.774,2020-12-21,1,2020-12-16,5.0,120.0,5.0,120.0
flood_only,any_hazard,9.283_76.774,9.283,76.774,2020-12-23,1,2020-12-16,7.0,168.0,7.0,168.0
flood_only,any_hazard,9.641_77.119,9.641,77.119,2020-07-24,1,2020-07-21,3.0,72.0,3.0,72.0
flood_only,any_hazard,9.641_77.119,9.641,77.119,2020-09-22,1,2020-09-22,0.0,0.0,0.0,0.0
flood_only,any_hazard,9.641_77.119,9.641,77.119,2020-10-06,1,2020-09-22,14.0,336.0,0.0,0.0
flood_only,any_hazard,9.641_77.119,9.641,77.119,2020-11-07,1,2020-11-03,4.0,96.0,0.0,0.0
flood_only,any_hazard,9.641_77.119,9.641,77.119,2020-11-15,1,2020-11-03,12.0,288.0,0.0,0.0
flood_only,any_hazard,9.641_77.119,9.641,77.119,2020-11-21,0,,,,,
flood_only,any_hazard,9.641_77.119,9.641,77.119,2020-12-02,0,,,,,
flood_only,any_hazard,9.641_77.119,9.641,77.119,2020-12-17,1,2020-12-17,0.0,0.0,0.0,0.0
flood_only,any_hazard,9.641_77.119,9.641,77.119,2020-12-22,1,2020-12-17,5.0,120.0,0.0,0.0
flood_only,any_hazard,9.986_77.463,9.986,77.463,2020-08-04,1,2020-07-21,14.0,336.0,0.0,0.0
flood_only,any_hazard,9.986_77.463,9.986,77.463,2020-08-15,0,,,,,
flood_only,any_hazard,9.986_77.463,9.986,77.463,2020-09-04,0,,,,,
flood_only,any_hazard,9.986_77.463,9.986,77.463,2020-09-21,0,,,,,
flood_only,any_hazard,9.986_77.463,9.986,77.463,2020-09-26,0,,,,,
flood_only,any_hazard,9.986_77.463,9.986,77.463,2020-10-01,0,,,,,
flood_only,any_hazard,9.986_77.463,9.986,77.463,2020-10-30,0,,,,,
flood_only,any_hazard,9.986_77.463,9.986,77.463,2020-11-06,0,,,,,
flood_only,any_hazard,9.986_77.463,9.986,77.463,2020-11-15,0,,,,,
flood_only,any_hazard,9.986_77.463,9.986,77.463,2020-12-17,0,,,,,
flood_only,any_hazard,9.986_77.463,9.986,77.463,2020-12-30,0,,,,,
landslide_only,any_hazard,10.455_76.842,10.455,76.842,2020-07-22,0,,,,,
landslide_only,any_hazard,10.455_76.842,10.455,76.842,2020-07-28,0,,,,,
landslide_only,any_hazard,10.455_76.842,10.455,76.842,2020-08-06,0,,,,,
landslide_only,any_hazard,10.455_76.842,10.455,76.842,2020-08-14,0,,,,,
landslide_only,any_hazard,10.455_76.842,10.455,76.842,2020-09-01,0,,,,,
landslide_only,any_hazard,10.455_76.842,10.455,76.842,2020-09-03,0,,,,,
landslide_only,any_hazard,10.455_76.842,10.455,76.842,2020-09-05,0,,,,,
landslide_only,any_hazard,10.455_76.842,10.455,76.842,2020-09-07,0,,,,,
landslide_only,any_hazard,10.455_76.842,10.455,76.842,2020-10-06,0,,,,,
landslide_only,any_hazard,10.455_76.842,10.455,76.842,2020-11-08,0,,,,,
landslide_only,any_hazard,10.455_76.842,10.455,76.842,2020-11-20,0,,,,,
landslide_only,any_hazard,10.455_76.842,10.455,76.842,2020-12-15,0,,,,,
landslide_only,any_hazard,10.455_76.842,10.455,76.842,2020-12-21,0,,,,,
landslide_only,any_hazard,10.712_77.208,10.712,77.208,2020-07-22,0,,,,,
landslide_only,any_hazard,10.712_77.208,10.712,77.208,2020-07-27,1,2020-07-27,0.0,0.0,0.0,0.0
landslide_only,any_hazard,10.712_77.208,10.712,77.208,2020-08-05,1,2020-07-27,9.0,216.0,9.0,216.0
landslide_only,any_hazard,10.712_77.208,10.712,77.208,2020-08-11,1,2020-07-28,14.0,336.0,15.0,360.0
landslide_only,any_hazard,10.712_77.208,10.712,77.208,2020-08-14,1,2020-07-31,14.0,336.0,18.0,432.0
landslide_only,any_hazard,10.712_77.208,10.712,77.208,2020-10-05,0,,,,,
landslide_only,any_hazard,10.712_77.208,10.712,77.208,2020-10-09,0,,,,,
landslide_only,any_hazard,10.712_77.208,10.712,77.208,2020-10-26,0,,,,,
landslide_only,any_hazard,10.712_77.208,10.712,77.208,2020-11-08,1,2020-11-07,1.0,24.0,1.0,24.0
landslide_only,any_hazard,10.712_77.208,10.712,77.208,2020-11-10,1,2020-11-07,3.0,72.0,3.0,72.0
landslide_only,any_hazard,10.712_77.208,10.712,77.208,2020-11-13,1,2020-11-07,6.0,144.0,6.0,144.0
landslide_only,any_hazard,10.712_77.208,10.712,77.208,2020-11-20,1,2020-11-07,13.0,312.0,0.0,0.0
landslide_only,any_hazard,10.712_77.208,10.712,77.208,2020-11-29,1,2020-11-15,14.0,336.0,0.0,0.0
landslide_only,any_hazard,10.712_77.208,10.712,77.208,2020-12-14,0,,,,,
landslide_only,any_hazard,10.978_76.955,10.978,76.955,2020-07-23,1,2020-07-21,2.0,48.0,2.0,48.0
landslide_only,any_hazard,10.978_76.955,10.978,76.955,2020-07-27,1,2020-07-21,6.0,144.0,0.0,0.0
landslide_only,any_hazard,10.978_76.955,10.978,76.955,2020-08-05,1,2020-07-22,14.0,336.0,9.0,216.0
landslide_only,any_hazard,10.978_76.955,10.978,76.955,2020-08-07,1,2020-07-24,14.0,336.0,11.0,264.0
landslide_only,any_hazard,10.978_76.955,10.978,76.955,2020-08-11,1,2020-07-28,14.0,336.0,15.0,360.0
landslide_only,any_hazard,10.978_76.955,10.978,76.955,2020-09-01,1,2020-08-18,14.0,336.0,4.0,96.0
landslide_only,any_hazard,10.978_76.955,10.978,76.955,2020-10-13,0,,,,,
landslide_only,any_hazard,10.978_76.955,10.978,76.955,2020-10-15,0,,,,,
landslide_only,any_hazard,10.978_76.955,10.978,76.955,2020-11-03,1,2020-10-20,14.0,336.0,0.0,0.0
landslide_only,any_hazard,10.978_76.955,10.978,76.955,2020-11-07,1,2020-11-01,6.0,144.0,0.0,0.0
landslide_only,any_hazard,10.978_76.955,10.978,76.955,2020-11-09,1,2020-11-01,8.0,192.0,2.0,48.0
landslide_only,any_hazard,10.978_76.955,10.978,76.955,2020-11-29,1,2020-11-15,14.0,336.0,0.0,0.0
landslide_only,any_hazard,10.978_76.955,10.978,76.955,2020-12-12,1,2020-11-29,13.0,312.0,0.0,0.0
landslide_only,any_hazard,10.978_76.955,10.978,76.955,2020-12-17,1,2020-12-05,12.0,288.0,0.0,0.0
landslide_only,any_hazard,11.394_76.688,11.394,76.688,2020-07-28,1,2020-07-21,7.0,168.0,2.0,48.0
landslide_only,any_hazard,11.394_76.688,11.394,76.688,2020-08-18,1,2020-08-04,14.0,336.0,0.0,0.0
landslide_only,any_hazard,11.394_76.688,11.394,76.688,2020-08-27,1,2020-08-13,14.0,336.0,0.0,0.0
landslide_only,any_hazard,11.394_76.688,11.394,76.688,2020-09-04,1,2020-08-21,14.0,336.0,1.0,24.0
landslide_only,any_hazard,11.394_76.688,11.394,76.688,2020-10-27,1,2020-10-13,14.0,336.0,0.0,0.0
landslide_only,any_hazard,11.394_76.688,11.394,76.688,2020-11-03,1,2020-10-31,3.0,72.0,3.0,72.0
landslide_only,any_hazard,11.394_76.688,11.394,76.688,2020-11-17,1,2020-11-03,14.0,336.0,0.0,0.0
landslide_only,any_hazard,11.394_76.688,11.394,76.688,2020-11-30,0,,,,,
landslide_only,any_hazard,11.394_76.688,11.394,76.688,2020-12-09,0,,,,,
landslide_only,any_hazard,11.615_76.371,11.615,76.371,2020-07-24,0,,,,,
landslide_only,any_hazard,11.615_76.371,11.615,76.371,2020-07-27,0,,,,,
landslide_only,any_hazard,11.615_76.371,11.615,76.371,2020-08-23,1,2020-08-09,14.0,336.0,0.0,0.0
landslide_only,any_hazard,11.615_76.371,11.615,76.371,2020-08-28,0,,,,,
landslide_only,any_hazard,11.615_76.371,11.615,76.371,2020-09-05,0,,,,,
landslide_only,any_hazard,11.615_76.371,11.615,76.371,2020-09-07,1,2020-09-07,0.0,0.0,0.0,0.0
landslide_only,any_hazard,11.615_76.371,11.615,76.371,2020-09-09,1,2020-09-07,2.0,48.0,0.0,0.0
landslide_only,any_hazard,11.615_76.371,11.615,76.371,2020-09-19,1,2020-09-07,12.0,288.0,0.0,0.0
landslide_only,any_hazard,11.615_76.371,11.615,76.371,2020-09-29,0,,,,,
landslide_only,any_hazard,11.615_76.371,11.615,76.371,2020-10-26,0,,,,,
landslide_only,any_hazard,11.615_76.371,11.615,76.371,2020-12-05,0,,,,,
landslide_only,any_hazard,11.842_76.104,11.842,76.104,2020-07-25,0,,,,,
landslide_only,any_hazard,11.842_76.104,11.842,76.104,2020-07-27,0,,,,,
landslide_only,any_hazard,11.842_76.104,11.842,76.104,2020-08-17,1,2020-08-09,8.0,192.0,0.0,0.0
landslide_only,any_hazard,11.842_76.104,11.842,76.104,2020-08-24,0,,,,,
landslide_only,any_hazard,11.842_76.104,11.842,76.104,2020-08-28,0,,,,,
landslide_only,any_hazard,11.842_76.104,11.842,76.104,2020-09-04,0,,,,,
landslide_only,any_hazard,11.842_76.104,11.842,76.104,2020-09-06,0,,,,,
landslide_only,any_hazard,11.842_76.104,11.842,76.104,2020-10-03,0,,,,,
landslide_only,any_hazard,11.842_76.104,11.842,76.104,2020-11-11,0,,,,,
landslide_only,any_hazard,11.842_76.104,11.842,76.104,2020-11-28,0,,,,,
landslide_only,any_hazard,11.842_76.104,11.842,76.104,2020-12-18,0,,,,,
landslide_only,any_hazard,9.283_76.774,9.283,76.774,2020-08-15,0,,,,,
landslide_only,any_hazard,9.283_76.774,9.283,76.774,2020-08-20,0,,,,,
landslide_only,any_hazard,9.283_76.774,9.283,76.774,2020-09-22,0,,,,,
landslide_only,any_hazard,9.283_76.774,9.283,76.774,2020-10-06,0,,,,,
landslide_only,any_hazard,9.283_76.774,9.283,76.774,2020-10-08,0,,,,,
landslide_only,any_hazard,9.283_76.774,9.283,76.774,2020-10-31,0,,,,,
landslide_only,any_hazard,9.283_76.774,9.283,76.774,2020-11-03,0,,,,,
landslide_only,any_hazard,9.283_76.774,9.283,76.774,2020-11-28,0,,,,,
landslide_only,any_hazard,9.283_76.774,9.283,76.774,2020-12-17,0,,,,,
landslide_only,any_hazard,9.283_76.774,9.283,76.774,2020-12-21,0,,,,,
landslide_only,any_hazard,9.283_76.774,9.283,76.774,2020-12-23,0,,,,,
landslide_only,any_hazard,9.641_77.119,9.641,77.119,2020-07-24,1,2020-07-21,3.0,72.0,0.0,0.0
landslide_only,any_hazard,9.641_77.119,9.641,77.119,2020-09-22,1,2020-09-21,1.0,24.0,1.0,24.0
landslide_only,any_hazard,9.641_77.119,9.641,77.119,2020-10-06,1,2020-09-22,14.0,336.0,0.0,0.0
landslide_only,any_hazard,9.641_77.119,9.641,77.119,2020-11-07,1,2020-11-01,6.0,144.0,0.0,0.0
landslide_only,any_hazard,9.641_77.119,9.641,77.119,2020-11-15,1,2020-11-01,14.0,336.0,0.0,0.0
landslide_only,any_hazard,9.641_77.119,9.641,77.119,2020-11-21,0,,,,,
landslide_only,any_hazard,9.641_77.119,9.641,77.119,2020-12-02,0,,,,,
landslide_only,any_hazard,9.641_77.119,9.641,77.119,2020-12-17,1,2020-12-17,0.0,0.0,0.0,0.0
landslide_only,any_hazard,9.641_77.119,9.641,77.119,2020-12-22,1,2020-12-17,5.0,120.0,0.0,0.0
landslide_only,any_hazard,9.986_77.463,9.986,77.463,2020-08-04,1,2020-07-21,14.0,336.0,0.0,0.0
landslide_only,any_hazard,9.986_77.463,9.986,77.463,2020-08-15,1,2020-08-15,0.0,0.0,0.0,0.0
landslide_only,any_hazard,9.986_77.463,9.986,77.463,2020-09-04,1,2020-08-21,14.0,336.0,0.0,0.0
landslide_only,any_hazard,9.986_77.463,9.986,77.463,2020-09-21,1,2020-09-21,0.0,0.0,0.0,0.0
landslide_only,any_hazard,9.986_77.463,9.986,77.463,2020-09-26,1,2020-09-21,5.0,120.0,5.0,120.0
landslide_only,any_hazard,9.986_77.463,9.986,77.463,2020-10-01,1,2020-09-21,10.0,240.0,10.0,240.0
landslide_only,any_hazard,9.986_77.463,9.986,77.463,2020-10-30,1,2020-10-22,8.0,192.0,1.0,24.0
landslide_only,any_hazard,9.986_77.463,9.986,77.463,2020-11-06,1,2020-10-24,13.0,312.0,0.0,0.0
landslide_only,any_hazard,9.986_77.463,9.986,77.463,2020-11-15,1,2020-11-01,14.0,336.0,0.0,0.0
landslide_only,any_hazard,9.986_77.463,9.986,77.463,2020-12-17,1,2020-12-16,1.0,24.0,1.0,24.0
landslide_only,any_hazard,9.986_77.463,9.986,77.463,2020-12-30,1,2020-12-16,14.0,336.0,0.0,0.0
tcdl_coupled,any_hazard,10.455_76.842,10.455,76.842,2020-07-22,0,,,,,
tcdl_coupled,any_hazard,10.455_76.842,10.455,76.842,2020-07-28,1,2020-07-27,1.0,24.0,1.0,24.0
tcdl_coupled,any_hazard,10.455_76.842,10.455,76.842,2020-08-06,1,2020-07-27,10.0,240.0,10.0,240.0
tcdl_coupled,any_hazard,10.455_76.842,10.455,76.842,2020-08-14,1,2020-07-31,14.0,336.0,4.0,96.0
tcdl_coupled,any_hazard,10.455_76.842,10.455,76.842,2020-09-01,1,2020-08-18,14.0,336.0,2.0,48.0
tcdl_coupled,any_hazard,10.455_76.842,10.455,76.842,2020-09-03,1,2020-08-20,14.0,336.0,4.0,96.0
tcdl_coupled,any_hazard,10.455_76.842,10.455,76.842,2020-09-05,1,2020-08-30,6.0,144.0,6.0,144.0
tcdl_coupled,any_hazard,10.455_76.842,10.455,76.842,2020-09-07,1,2020-08-30,8.0,192.0,8.0,192.0
tcdl_coupled,any_hazard,10.455_76.842,10.455,76.842,2020-10-06,0,,,,,
tcdl_coupled,any_hazard,10.455_76.842,10.455,76.842,2020-11-08,1,2020-11-07,1.0,24.0,1.0,24.0
tcdl_coupled,any_hazard,10.455_76.842,10.455,76.842,2020-11-20,1,2020-11-07,13.0,312.0,0.0,0.0
tcdl_coupled,any_hazard,10.455_76.842,10.455,76.842,2020-12-15,0,,,,,
tcdl_coupled,any_hazard,10.455_76.842,10.455,76.842,2020-12-21,0,,,,,
tcdl_coupled,any_hazard,10.712_77.208,10.712,77.208,2020-07-22,1,2020-07-21,1.0,24.0,0.0,0.0
tcdl_coupled,any_hazard,10.712_77.208,10.712,77.208,2020-07-27,1,2020-07-21,6.0,144.0,0.0,0.0
tcdl_coupled,any_hazard,10.712_77.208,10.712,77.208,2020-08-05,1,2020-07-27,9.0,216.0,9.0,216.0
tcdl_coupled,any_hazard,10.712_77.208,10.712,77.208,2020-08-11,1,2020-07-28,14.0,336.0,15.0,360.0
tcdl_coupled,any_hazard,10.712_77.208,10.712,77.208,2020-08-14,1,2020-07-31,14.0,336.0,18.0,432.0
tcdl_coupled,any_hazard,10.712_77.208,10.712,77.208,2020-10-05,0,,,,,
tcdl_coupled,any_hazard,10.712_77.208,10.712,77.208,2020-10-09,1,2020-10-06,3.0,72.0,0.0,0.0
tcdl_coupled,any_hazard,10.712_77.208,10.712,77.208,2020-10-26,0,,,,,
tcdl_coupled,any_hazard,10.712_77.208,10.712,77.208,2020-11-08,1,2020-11-07,1.0,24.0,1.0,24.0
tcdl_coupled,any_hazard,10.712_77.208,10.712,77.208,2020-11-10,1,2020-11-07,3.0,72.0,3.0,72.0
tcdl_coupled,any_hazard,10.712_77.208,10.712,77.208,2020-11-13,1,2020-11-07,6.0,144.0,6.0,144.0
tcdl_coupled,any_hazard,10.712_77.208,10.712,77.208,2020-11-20,1,2020-11-07,13.0,312.0,0.0,0.0
tcdl_coupled,any_hazard,10.712_77.208,10.712,77.208,2020-11-29,1,2020-11-15,14.0,336.0,0.0,0.0
tcdl_coupled,any_hazard,10.712_77.208,10.712,77.208,2020-12-14,1,2020-11-30,14.0,336.0,0.0,0.0
tcdl_coupled,any_hazard,10.978_76.955,10.978,76.955,2020-07-23,1,2020-07-21,2.0,48.0,2.0,48.0
tcdl_coupled,any_hazard,10.978_76.955,10.978,76.955,2020-07-27,1,2020-07-21,6.0,144.0,0.0,0.0
tcdl_coupled,any_hazard,10.978_76.955,10.978,76.955,2020-08-05,1,2020-07-22,14.0,336.0,9.0,216.0
tcdl_coupled,any_hazard,10.978_76.955,10.978,76.955,2020-08-07,1,2020-07-24,14.0,336.0,11.0,264.0
tcdl_coupled,any_hazard,10.978_76.955,10.978,76.955,2020-08-11,1,2020-07-28,14.0,336.0,15.0,360.0
tcdl_coupled,any_hazard,10.978_76.955,10.978,76.955,2020-09-01,1,2020-08-18,14.0,336.0,4.0,96.0
tcdl_coupled,any_hazard,10.978_76.955,10.978,76.955,2020-10-13,0,,,,,
tcdl_coupled,any_hazard,10.978_76.955,10.978,76.955,2020-10-15,0,,,,,
tcdl_coupled,any_hazard,10.978_76.955,10.978,76.955,2020-11-03,1,2020-10-20,14.0,336.0,0.0,0.0
tcdl_coupled,any_hazard,10.978_76.955,10.978,76.955,2020-11-07,1,2020-10-29,9.0,216.0,0.0,0.0
tcdl_coupled,any_hazard,10.978_76.955,10.978,76.955,2020-11-09,1,2020-10-29,11.0,264.0,2.0,48.0
tcdl_coupled,any_hazard,10.978_76.955,10.978,76.955,2020-11-29,1,2020-11-15,14.0,336.0,0.0,0.0
tcdl_coupled,any_hazard,10.978_76.955,10.978,76.955,2020-12-12,1,2020-11-29,13.0,312.0,0.0,0.0
tcdl_coupled,any_hazard,10.978_76.955,10.978,76.955,2020-12-17,1,2020-12-05,12.0,288.0,0.0,0.0
tcdl_coupled,any_hazard,11.394_76.688,11.394,76.688,2020-07-28,1,2020-07-21,7.0,168.0,2.0,48.0
tcdl_coupled,any_hazard,11.394_76.688,11.394,76.688,2020-08-18,1,2020-08-04,14.0,336.0,0.0,0.0
tcdl_coupled,any_hazard,11.394_76.688,11.394,76.688,2020-08-27,1,2020-08-13,14.0,336.0,1.0,24.0
tcdl_coupled,any_hazard,11.394_76.688,11.394,76.688,2020-09-04,1,2020-08-21,14.0,336.0,1.0,24.0
tcdl_coupled,any_hazard,11.394_76.688,11.394,76.688,2020-10-27,1,2020-10-13,14.0,336.0,3.0,72.0
tcdl_coupled,any_hazard,11.394_76.688,11.394,76.688,2020-11-03,1,2020-10-24,10.0,240.0,3.0,72.0
tcdl_coupled,any_hazard,11.394_76.688,11.394,76.688,2020-11-17,1,2020-11-03,14.0,336.0,0.0,0.0
tcdl_coupled,any_hazard,11.394_76.688,11.394,76.688,2020-11-30,0,,,,,
tcdl_coupled,any_hazard,11.394_76.688,11.394,76.688,2020-12-09,0,,,,,
tcdl_coupled,any_hazard,11.615_76.371,11.615,76.371,2020-07-24,1,2020-07-21,3.0,72.0,0.0,0.0
tcdl_coupled,any_hazard,11.615_76.371,11.615,76.371,2020-07-27,1,2020-07-21,6.0,144.0,1.0,24.0
tcdl_coupled,any_hazard,11.615_76.371,11.615,76.371,2020-08-23,1,2020-08-09,14.0,336.0,0.0,0.0
tcdl_coupled,any_hazard,11.615_76.371,11.615,76.371,2020-08-28,1,2020-08-14,14.0,336.0,0.0,0.0
tcdl_coupled,any_hazard,11.615_76.371,11.615,76.371,2020-09-05,1,2020-09-04,1.0,24.0,1.0,24.0
tcdl_coupled,any_hazard,11.615_76.371,11.615,76.371,2020-09-07,1,2020-09-04,3.0,72.0,3.0,72.0
tcdl_coupled,any_hazard,11.615_76.371,11.615,76.371,2020-09-09,1,2020-09-04,5.0,120.0,5.0,120.0
tcdl_coupled,any_hazard,11.615_76.371,11.615,76.371,2020-09-19,1,2020-09-05,14.0,336.0,0.0,0.0
tcdl_coupled,any_hazard,11.615_76.371,11.615,76.371,2020-09-29,0,,,,,
tcdl_coupled,any_hazard,11.615_76.371,11.615,76.371,2020-10-26,0,,,,,
tcdl_coupled,any_hazard,11.615_76.371,11.615,76.371,2020-12-05,0,,,,,
tcdl_coupled,any_hazard,11.842_76.104,11.842,76.104,2020-07-25,1,2020-07-21,4.0,96.0,0.0,0.0
tcdl_coupled,any_hazard,11.842_76.104,11.842,76.104,2020-07-27,1,2020-07-21,6.0,144.0,0.0,0.0
tcdl_coupled,any_hazard,11.842_76.104,11.842,76.104,2020-08-17,1,2020-08-03,14.0,336.0,21.0,504.0
tcdl_coupled,any_hazard,11.842_76.104,11.842,76.104,2020-08-24,1,2020-08-10,14.0,336.0,0.0,0.0
tcdl_coupled,any_hazard,11.842_76.104,11.842,76.104,2020-08-28,1,2020-08-14,14.0,336.0,0.0,0.0
tcdl_coupled,any_hazard,11.842_76.104,11.842,76.104,2020-09-04,1,2020-08-24,11.0,264.0,1.0,24.0
tcdl_coupled,any_hazard,11.842_76.104,11.842,76.104,2020-09-06,1,2020-08-24,13.0,312.0,3.0,72.0
tcdl_coupled,any_hazard,11.842_76.104,11.842,76.104,2020-10-03,1,2020-10-03,0.0,0.0,0.0,0.0
tcdl_coupled,any_hazard,11.842_76.104,11.842,76.104,2020-11-11,1,2020-10-31,11.0,264.0,0.0,0.0
tcdl_coupled,any_hazard,11.842_76.104,11.842,76.104,2020-11-28,0,,,,,
tcdl_coupled,any_hazard,11.842_76.104,11.842,76.104,2020-12-18,0,,,,,
tcdl_coupled,any_hazard,9.283_76.774,9.283,76.774,2020-08-15,1,2020-08-15,0.0,0.0,0.0,0.0
tcdl_coupled,any_hazard,9.283_76.774,9.283,76.774,2020-08-20,1,2020-08-15,5.0,120.0,5.0,120.0
tcdl_coupled,any_hazard,9.283_76.774,9.283,76.774,2020-09-22,1,2020-09-21,1.0,24.0,1.0,24.0
tcdl_coupled,any_hazard,9.283_76.774,9.283,76.774,2020-10-06,1,2020-09-22,14.0,336.0,15.0,360.0
tcdl_coupled,any_hazard,9.283_76.774,9.283,76.774,2020-10-08,1,2020-09-24,14.0,336.0,17.0,408.0
tcdl_coupled,any_hazard,9.283_76.774,9.283,76.774,2020-10-31,1,2020-10-28,3.0,72.0,3.0,72.0
tcdl_coupled,any_hazard,9.283_76.774,9.283,76.774,2020-11-03,1,2020-10-28,6.0,144.0,6.0,144.0
tcdl_coupled,any_hazard,9.283_76.774,9.283,76.774,2020-11-28,0,,,,,
tcdl_coupled,any_hazard,9.283_76.774,9.283,76.774,2020-12-17,1,2020-12-16,1.0,24.0,1.0,24.0
tcdl_coupled,any_hazard,9.283_76.774,9.283,76.774,2020-12-21,1,2020-12-16,5.0,120.0,5.0,120.0
tcdl_coupled,any_hazard,9.283_76.774,9.283,76.774,2020-12-23,1,2020-12-16,7.0,168.0,7.0,168.0
tcdl_coupled,any_hazard,9.641_77.119,9.641,77.119,2020-07-24,1,2020-07-21,3.0,72.0,3.0,72.0
tcdl_coupled,any_hazard,9.641_77.119,9.641,77.119,2020-09-22,1,2020-09-21,1.0,24.0,1.0,24.0
tcdl_coupled,any_hazard,9.641_77.119,9.641,77.119,2020-10-06,1,2020-09-22,14.0,336.0,0.0,0.0
tcdl_coupled,any_hazard,9.641_77.119,9.641,77.119,2020-11-07,1,2020-10-31,7.0,168.0,0.0,0.0
tcdl_coupled,any_hazard,9.641_77.119,9.641,77.119,2020-11-15,1,2020-11-01,14.0,336.0,0.0,0.0
tcdl_coupled,any_hazard,9.641_77.119,9.641,77.119,2020-11-21,0,,,,,
tcdl_coupled,any_hazard,9.641_77.119,9.641,77.119,2020-12-02,0,,,,,
tcdl_coupled,any_hazard,9.641_77.119,9.641,77.119,2020-12-17,1,2020-12-17,0.0,0.0,0.0,0.0
tcdl_coupled,any_hazard,9.641_77.119,9.641,77.119,2020-12-22,1,2020-12-17,5.0,120.0,0.0,0.0
tcdl_coupled,any_hazard,9.986_77.463,9.986,77.463,2020-08-04,1,2020-07-21,14.0,336.0,0.0,0.0
tcdl_coupled,any_hazard,9.986_77.463,9.986,77.463,2020-08-15,1,2020-08-15,0.0,0.0,0.0,0.0
tcdl_coupled,any_hazard,9.986_77.463,9.986,77.463,2020-09-04,1,2020-08-21,14.0,336.0,0.0,0.0
tcdl_coupled,any_hazard,9.986_77.463,9.986,77.463,2020-09-21,1,2020-09-07,14.0,336.0,0.0,0.0
tcdl_coupled,any_hazard,9.986_77.463,9.986,77.463,2020-09-26,1,2020-09-21,5.0,120.0,5.0,120.0
tcdl_coupled,any_hazard,9.986_77.463,9.986,77.463,2020-10-01,1,2020-09-21,10.0,240.0,10.0,240.0
tcdl_coupled,any_hazard,9.986_77.463,9.986,77.463,2020-10-30,1,2020-10-22,8.0,192.0,1.0,24.0
tcdl_coupled,any_hazard,9.986_77.463,9.986,77.463,2020-11-06,1,2020-10-23,14.0,336.0,0.0,0.0
tcdl_coupled,any_hazard,9.986_77.463,9.986,77.463,2020-11-15,1,2020-11-01,14.0,336.0,0.0,0.0
tcdl_coupled,any_hazard,9.986_77.463,9.986,77.463,2020-12-17,1,2020-12-16,1.0,24.0,1.0,24.0
tcdl_coupled,any_hazard,9.986_77.463,9.986,77.463,2020-12-30,1,2020-12-16,14.0,336.0,0.0,0.0
tcdl_coupling_rules_only,any_hazard,10.455_76.842,10.455,76.842,2020-07-22,0,,,,,
tcdl_coupling_rules_only,any_hazard,10.455_76.842,10.455,76.842,2020-07-28,1,2020-07-28,0.0,0.0,0.0,0.0
tcdl_coupling_rules_only,any_hazard,10.455_76.842,10.455,76.842,2020-08-06,1,2020-07-28,9.0,216.0,1.0,24.0
tcdl_coupling_rules_only,any_hazard,10.455_76.842,10.455,76.842,2020-08-14,1,2020-08-05,9.0,216.0,0.0,0.0
tcdl_coupling_rules_only,any_hazard,10.455_76.842,10.455,76.842,2020-09-01,1,2020-08-31,1.0,24.0,1.0,24.0
tcdl_coupling_rules_only,any_hazard,10.455_76.842,10.455,76.842,2020-09-03,1,2020-08-31,3.0,72.0,3.0,72.0
tcdl_coupling_rules_only,any_hazard,10.455_76.842,10.455,76.842,2020-09-05,1,2020-08-31,5.0,120.0,5.0,120.0
tcdl_coupling_rules_only,any_hazard,10.455_76.842,10.455,76.842,2020-09-07,1,2020-08-31,7.0,168.0,0.0,0.0
tcdl_coupling_rules_only,any_hazard,10.455_76.842,10.455,76.842,2020-10-06,0,,,,,
tcdl_coupling_rules_only,any_hazard,10.455_76.842,10.455,76.842,2020-11-08,1,2020-11-08,0.0,0.0,0.0,0.0
tcdl_coupling_rules_only,any_hazard,10.455_76.842,10.455,76.842,2020-11-20,1,2020-11-08,12.0,288.0,0.0,0.0
tcdl_coupling_rules_only,any_hazard,10.455_76.842,10.455,76.842,2020-12-15,0,,,,,
tcdl_coupling_rules_only,any_hazard,10.455_76.842,10.455,76.842,2020-12-21,0,,,,,
tcdl_coupling_rules_only,any_hazard,10.712_77.208,10.712,77.208,2020-07-22,1,2020-07-21,1.0,24.0,0.0,0.0
tcdl_coupling_rules_only,any_hazard,10.712_77.208,10.712,77.208,2020-07-27,1,2020-07-21,6.0,144.0,0.0,0.0
tcdl_coupling_rules_only,any_hazard,10.712_77.208,10.712,77.208,2020-08-05,1,2020-07-28,8.0,192.0,8.0,192.0
tcdl_coupling_rules_only,any_hazard,10.712_77.208,10.712,77.208,2020-08-11,1,2020-07-28,14.0,336.0,14.0,336.0
tcdl_coupling_rules_only,any_hazard,10.712_77.208,10.712,77.208,2020-08-14,1,2020-07-31,14.0,336.0,17.0,408.0
tcdl_coupling_rules_only,any_hazard,10.712_77.208,10.712,77.208,2020-10-05,0,,,,,
tcdl_coupling_rules_only,any_hazard,10.712_77.208,10.712,77.208,2020-10-09,1,2020-10-06,3.0,72.0,0.0,0.0
tcdl_coupling_rules_only,any_hazard,10.712_77.208,10.712,77.208,2020-10-26,0,,,,,
tcdl_coupling_rules_only,any_hazard,10.712_77.208,10.712,77.208,2020-11-08,1,2020-11-07,1.0,24.0,1.0,24.0
tcdl_coupling_rules_only,any_hazard,10.712_77.208,10.712,77.208,2020-11-10,1,2020-11-07,3.0,72.0,3.0,72.0
tcdl_coupling_rules_only,any_hazard,10.712_77.208,10.712,77.208,2020-11-13,1,2020-11-07,6.0,144.0,6.0,144.0
tcdl_coupling_rules_only,any_hazard,10.712_77.208,10.712,77.208,2020-11-20,1,2020-11-07,13.0,312.0,0.0,0.0
tcdl_coupling_rules_only,any_hazard,10.712_77.208,10.712,77.208,2020-11-29,1,2020-11-15,14.0,336.0,0.0,0.0
tcdl_coupling_rules_only,any_hazard,10.712_77.208,10.712,77.208,2020-12-14,1,2020-11-30,14.0,336.0,0.0,0.0
tcdl_coupling_rules_only,any_hazard,10.978_76.955,10.978,76.955,2020-07-23,1,2020-07-21,2.0,48.0,0.0,0.0
tcdl_coupling_rules_only,any_hazard,10.978_76.955,10.978,76.955,2020-07-27,1,2020-07-21,6.0,144.0,0.0,0.0
tcdl_coupling_rules_only,any_hazard,10.978_76.955,10.978,76.955,2020-08-05,1,2020-07-28,8.0,192.0,0.0,0.0
tcdl_coupling_rules_only,any_hazard,10.978_76.955,10.978,76.955,2020-08-07,1,2020-07-28,10.0,240.0,2.0,48.0
tcdl_coupling_rules_only,any_hazard,10.978_76.955,10.978,76.955,2020-08-11,1,2020-07-28,14.0,336.0,6.0,144.0
tcdl_coupling_rules_only,any_hazard,10.978_76.955,10.978,76.955,2020-09-01,1,2020-08-18,14.0,336.0,2.0,48.0
tcdl_coupling_rules_only,any_hazard,10.978_76.955,10.978,76.955,2020-10-13,0,,,,,
tcdl_coupling_rules_only,any_hazard,10.978_76.955,10.978,76.955,2020-10-15,0,,,,,
tcdl_coupling_rules_only,any_hazard,10.978_76.955,10.978,76.955,2020-11-03,1,2020-10-20,14.0,336.0,0.0,0.0
tcdl_coupling_rules_only,any_hazard,10.978_76.955,10.978,76.955,2020-11-07,1,2020-10-29,9.0,216.0,0.0,0.0
tcdl_coupling_rules_only,any_hazard,10.978_76.955,10.978,76.955,2020-11-09,1,2020-10-29,11.0,264.0,1.0,24.0
tcdl_coupling_rules_only,any_hazard,10.978_76.955,10.978,76.955,2020-11-29,1,2020-11-15,14.0,336.0,0.0,0.0
tcdl_coupling_rules_only,any_hazard,10.978_76.955,10.978,76.955,2020-12-12,1,2020-11-30,12.0,288.0,0.0,0.0
tcdl_coupling_rules_only,any_hazard,10.978_76.955,10.978,76.955,2020-12-17,1,2020-12-14,3.0,72.0,0.0,0.0
tcdl_coupling_rules_only,any_hazard,11.394_76.688,11.394,76.688,2020-07-28,1,2020-07-21,7.0,168.0,1.0,24.0
tcdl_coupling_rules_only,any_hazard,11.394_76.688,11.394,76.688,2020-08-18,1,2020-08-04,14.0,336.0,0.0,0.0
tcdl_coupling_rules_only,any_hazard,11.394_76.688,11.394,76.688,2020-08-27,1,2020-08-13,14.0,336.0,0.0,0.0
tcdl_coupling_rules_only,any_hazard,11.394_76.688,11.394,76.688,2020-09-04,1,2020-08-21,14.0,336.0,1.0,24.0
tcdl_coupling_rules_only,any_hazard,11.394_76.688,11.394,76.688,2020-10-27,1,2020-10-13,14.0,336.0,3.0,72.0
tcdl_coupling_rules_only,any_hazard,11.394_76.688,11.394,76.688,2020-11-03,1,2020-10-24,10.0,240.0,2.0,48.0
tcdl_coupling_rules_only,any_hazard,11.394_76.688,11.394,76.688,2020-11-17,1,2020-11-03,14.0,336.0,0.0,0.0
tcdl_coupling_rules_only,any_hazard,11.394_76.688,11.394,76.688,2020-11-30,0,,,,,
tcdl_coupling_rules_only,any_hazard,11.394_76.688,11.394,76.688,2020-12-09,0,,,,,
tcdl_coupling_rules_only,any_hazard,11.615_76.371,11.615,76.371,2020-07-24,0,,,,,
tcdl_coupling_rules_only,any_hazard,11.615_76.371,11.615,76.371,2020-07-27,0,,,,,
tcdl_coupling_rules_only,any_hazard,11.615_76.371,11.615,76.371,2020-08-23,1,2020-08-09,14.0,336.0,0.0,0.0
tcdl_coupling_rules_only,any_hazard,11.615_76.371,11.615,76.371,2020-08-28,0,,,,,
tcdl_coupling_rules_only,any_hazard,11.615_76.371,11.615,76.371,2020-09-05,1,2020-09-04,1.0,24.0,1.0,24.0
tcdl_coupling_rules_only,any_hazard,11.615_76.371,11.615,76.371,2020-09-07,1,2020-09-04,3.0,72.0,3.0,72.0
tcdl_coupling_rules_only,any_hazard,11.615_76.371,11.615,76.371,2020-09-09,1,2020-09-04,5.0,120.0,5.0,120.0
tcdl_coupling_rules_only,any_hazard,11.615_76.371,11.615,76.371,2020-09-19,1,2020-09-05,14.0,336.0,0.0,0.0
tcdl_coupling_rules_only,any_hazard,11.615_76.371,11.615,76.371,2020-09-29,0,,,,,
tcdl_coupling_rules_only,any_hazard,11.615_76.371,11.615,76.371,2020-10-26,0,,,,,
tcdl_coupling_rules_only,any_hazard,11.615_76.371,11.615,76.371,2020-12-05,0,,,,,
tcdl_coupling_rules_only,any_hazard,11.842_76.104,11.842,76.104,2020-07-25,0,,,,,
tcdl_coupling_rules_only,any_hazard,11.842_76.104,11.842,76.104,2020-07-27,0,,,,,
tcdl_coupling_rules_only,any_hazard,11.842_76.104,11.842,76.104,2020-08-17,1,2020-08-03,14.0,336.0,0.0,0.0
tcdl_coupling_rules_only,any_hazard,11.842_76.104,11.842,76.104,2020-08-24,1,2020-08-10,14.0,336.0,0.0,0.0
tcdl_coupling_rules_only,any_hazard,11.842_76.104,11.842,76.104,2020-08-28,1,2020-08-24,4.0,96.0,0.0,0.0
tcdl_coupling_rules_only,any_hazard,11.842_76.104,11.842,76.104,2020-09-04,1,2020-08-24,11.0,264.0,1.0,24.0
tcdl_coupling_rules_only,any_hazard,11.842_76.104,11.842,76.104,2020-09-06,1,2020-08-24,13.0,312.0,3.0,72.0
tcdl_coupling_rules_only,any_hazard,11.842_76.104,11.842,76.104,2020-10-03,1,2020-10-03,0.0,0.0,0.0,0.0
tcdl_coupling_rules_only,any_hazard,11.842_76.104,11.842,76.104,2020-11-11,1,2020-11-01,10.0,240.0,0.0,0.0
tcdl_coupling_rules_only,any_hazard,11.842_76.104,11.842,76.104,2020-11-28,0,,,,,
tcdl_coupling_rules_only,any_hazard,11.842_76.104,11.842,76.104,2020-12-18,0,,,,,
tcdl_coupling_rules_only,any_hazard,9.283_76.774,9.283,76.774,2020-08-15,1,2020-08-15,0.0,0.0,0.0,0.0
tcdl_coupling_rules_only,any_hazard,9.283_76.774,9.283,76.774,2020-08-20,1,2020-08-15,5.0,120.0,0.0,0.0
tcdl_coupling_rules_only,any_hazard,9.283_76.774,9.283,76.774,2020-09-22,1,2020-09-22,0.0,0.0,0.0,0.0
tcdl_coupling_rules_only,any_hazard,9.283_76.774,9.283,76.774,2020-10-06,1,2020-09-22,14.0,336.0,0.0,0.0
tcdl_coupling_rules_only,any_hazard,9.283_76.774,9.283,76.774,2020-10-08,1,2020-09-24,14.0,336.0,1.0,24.0
tcdl_coupling_rules_only,any_hazard,9.283_76.774,9.283,76.774,2020-10-31,1,2020-10-29,2.0,48.0,2.0,48.0
tcdl_coupling_rules_only,any_hazard,9.283_76.774,9.283,76.774,2020-11-03,1,2020-10-29,5.0,120.0,5.0,120.0
tcdl_coupling_rules_only,any_hazard,9.283_76.774,9.283,76.774,2020-11-28,0,,,,,
tcdl_coupling_rules_only,any_hazard,9.283_76.774,9.283,76.774,2020-12-17,1,2020-12-16,1.0,24.0,1.0,24.0
tcdl_coupling_rules_only,any_hazard,9.283_76.774,9.283,76.774,2020-12-21,1,2020-12-16,5.0,120.0,5.0,120.0
tcdl_coupling_rules_only,any_hazard,9.283_76.774,9.283,76.774,2020-12-23,1,2020-12-16,7.0,168.0,0.0,0.0
tcdl_coupling_rules_only,any_hazard,9.641_77.119,9.641,77.119,2020-07-24,1,2020-07-21,3.0,72.0,3.0,72.0
tcdl_coupling_rules_only,any_hazard,9.641_77.119,9.641,77.119,2020-09-22,1,2020-09-22,0.0,0.0,0.0,0.0
tcdl_coupling_rules_only,any_hazard,9.641_77.119,9.641,77.119,2020-10-06,1,2020-09-22,14.0,336.0,0.0,0.0
tcdl_coupling_rules_only,any_hazard,9.641_77.119,9.641,77.119,2020-11-07,1,2020-10-31,7.0,168.0,0.0,0.0
tcdl_coupling_rules_only,any_hazard,9.641_77.119,9.641,77.119,2020-11-15,1,2020-11-01,14.0,336.0,0.0,0.0
tcdl_coupling_rules_only,any_hazard,9.641_77.119,9.641,77.119,2020-11-21,0,,,,,
tcdl_coupling_rules_only,any_hazard,9.641_77.119,9.641,77.119,2020-12-02,0,,,,,
tcdl_coupling_rules_only,any_hazard,9.641_77.119,9.641,77.119,2020-12-17,1,2020-12-17,0.0,0.0,0.0,0.0
tcdl_coupling_rules_only,any_hazard,9.641_77.119,9.641,77.119,2020-12-22,1,2020-12-17,5.0,120.0,0.0,0.0
tcdl_coupling_rules_only,any_hazard,9.986_77.463,9.986,77.463,2020-08-04,1,2020-07-21,14.0,336.0,0.0,0.0
tcdl_coupling_rules_only,any_hazard,9.986_77.463,9.986,77.463,2020-08-15,1,2020-08-15,0.0,0.0,0.0,0.0
tcdl_coupling_rules_only,any_hazard,9.986_77.463,9.986,77.463,2020-09-04,0,,,,,
tcdl_coupling_rules_only,any_hazard,9.986_77.463,9.986,77.463,2020-09-21,1,2020-09-07,14.0,336.0,0.0,0.0
tcdl_coupling_rules_only,any_hazard,9.986_77.463,9.986,77.463,2020-09-26,1,2020-09-21,5.0,120.0,5.0,120.0
tcdl_coupling_rules_only,any_hazard,9.986_77.463,9.986,77.463,2020-10-01,1,2020-09-21,10.0,240.0,0.0,0.0
tcdl_coupling_rules_only,any_hazard,9.986_77.463,9.986,77.463,2020-10-30,1,2020-10-23,7.0,168.0,0.0,0.0
tcdl_coupling_rules_only,any_hazard,9.986_77.463,9.986,77.463,2020-11-06,1,2020-10-23,14.0,336.0,0.0,0.0
tcdl_coupling_rules_only,any_hazard,9.986_77.463,9.986,77.463,2020-11-15,1,2020-11-01,14.0,336.0,0.0,0.0
tcdl_coupling_rules_only,any_hazard,9.986_77.463,9.986,77.463,2020-12-17,1,2020-12-16,1.0,24.0,1.0,24.0
tcdl_coupling_rules_only,any_hazard,9.986_77.463,9.986,77.463,2020-12-30,1,2020-12-16,14.0,336.0,0.0,0.0
always_warn_control,any_hazard,10.455_76.842,10.455,76.842,2020-07-22,1,2020-07-21,1.0,24.0,1.0,24.0
always_warn_control,any_hazard,10.455_76.842,10.455,76.842,2020-07-28,1,2020-07-21,7.0,168.0,7.0,168.0
always_warn_control,any_hazard,10.455_76.842,10.455,76.842,2020-08-06,1,2020-07-23,14.0,336.0,16.0,384.0
always_warn_control,any_hazard,10.455_76.842,10.455,76.842,2020-08-14,1,2020-07-31,14.0,336.0,24.0,576.0
always_warn_control,any_hazard,10.455_76.842,10.455,76.842,2020-09-01,1,2020-08-18,14.0,336.0,42.0,1008.0
always_warn_control,any_hazard,10.455_76.842,10.455,76.842,2020-09-03,1,2020-08-20,14.0,336.0,44.0,1056.0
always_warn_control,any_hazard,10.455_76.842,10.455,76.842,2020-09-05,1,2020-08-22,14.0,336.0,46.0,1104.0
always_warn_control,any_hazard,10.455_76.842,10.455,76.842,2020-09-07,1,2020-08-24,14.0,336.0,48.0,1152.0
always_warn_control,any_hazard,10.455_76.842,10.455,76.842,2020-10-06,1,2020-09-22,14.0,336.0,77.0,1848.0
always_warn_control,any_hazard,10.455_76.842,10.455,76.842,2020-11-08,1,2020-10-25,14.0,336.0,110.0,2640.0
always_warn_control,any_hazard,10.455_76.842,10.455,76.842,2020-11-20,1,2020-11-06,14.0,336.0,122.0,2928.0
always_warn_control,any_hazard,10.455_76.842,10.455,76.842,2020-12-15,1,2020-12-01,14.0,336.0,147.0,3528.0
always_warn_control,any_hazard,10.455_76.842,10.455,76.842,2020-12-21,1,2020-12-07,14.0,336.0,153.0,3672.0
always_warn_control,any_hazard,10.712_77.208,10.712,77.208,2020-07-22,1,2020-07-21,1.0,24.0,1.0,24.0
always_warn_control,any_hazard,10.712_77.208,10.712,77.208,2020-07-27,1,2020-07-21,6.0,144.0,6.0,144.0
always_warn_control,any_hazard,10.712_77.208,10.712,77.208,2020-08-05,1,2020-07-22,14.0,336.0,15.0,360.0
always_warn_control,any_hazard,10.712_77.208,10.712,77.208,2020-08-11,1,2020-07-28,14.0,336.0,21.0,504.0
always_warn_control,any_hazard,10.712_77.208,10.712,77.208,2020-08-14,1,2020-07-31,14.0,336.0,24.0,576.0
always_warn_control,any_hazard,10.712_77.208,10.712,77.208,2020-10-05,1,2020-09-21,14.0,336.0,76.0,1824.0
always_warn_control,any_hazard,10.712_77.208,10.712,77.208,2020-10-09,1,2020-09-25,14.0,336.0,80.0,1920.0
always_warn_control,any_hazard,10.712_77.208,10.712,77.208,2020-10-26,1,2020-10-12,14.0,336.0,97.0,2328.0
always_warn_control,any_hazard,10.712_77.208,10.712,77.208,2020-11-08,1,2020-10-25,14.0,336.0,110.0,2640.0
always_warn_control,any_hazard,10.712_77.208,10.712,77.208,2020-11-10,1,2020-10-27,14.0,336.0,112.0,2688.0
always_warn_control,any_hazard,10.712_77.208,10.712,77.208,2020-11-13,1,2020-10-30,14.0,336.0,115.0,2760.0
always_warn_control,any_hazard,10.712_77.208,10.712,77.208,2020-11-20,1,2020-11-06,14.0,336.0,122.0,2928.0
always_warn_control,any_hazard,10.712_77.208,10.712,77.208,2020-11-29,1,2020-11-15,14.0,336.0,131.0,3144.0
always_warn_control,any_hazard,10.712_77.208,10.712,77.208,2020-12-14,1,2020-11-30,14.0,336.0,146.0,3504.0
always_warn_control,any_hazard,10.978_76.955,10.978,76.955,2020-07-23,1,2020-07-21,2.0,48.0,2.0,48.0
always_warn_control,any_hazard,10.978_76.955,10.978,76.955,2020-07-27,1,2020-07-21,6.0,144.0,6.0,144.0
always_warn_control,any_hazard,10.978_76.955,10.978,76.955,2020-08-05,1,2020-07-22,14.0,336.0,15.0,360.0
always_warn_control,any_hazard,10.978_76.955,10.978,76.955,2020-08-07,1,2020-07-24,14.0,336.0,17.0,408.0
always_warn_control,any_hazard,10.978_76.955,10.978,76.955,2020-08-11,1,2020-07-28,14.0,336.0,21.0,504.0
always_warn_control,any_hazard,10.978_76.955,10.978,76.955,2020-09-01,1,2020-08-18,14.0,336.0,42.0,1008.0
always_warn_control,any_hazard,10.978_76.955,10.978,76.955,2020-10-13,1,2020-09-29,14.0,336.0,84.0,2016.0
always_warn_control,any_hazard,10.978_76.955,10.978,76.955,2020-10-15,1,2020-10-01,14.0,336.0,86.0,2064.0
always_warn_control,any_hazard,10.978_76.955,10.978,76.955,2020-11-03,1,2020-10-20,14.0,336.0,105.0,2520.0
always_warn_control,any_hazard,10.978_76.955,10.978,76.955,2020-11-07,1,2020-10-24,14.0,336.0,109.0,2616.0
always_warn_control,any_hazard,10.978_76.955,10.978,76.955,2020-11-09,1,2020-10-26,14.0,336.0,111.0,2664.0
always_warn_control,any_hazard,10.978_76.955,10.978,76.955,2020-11-29,1,2020-11-15,14.0,336.0,131.0,3144.0
always_warn_control,any_hazard,10.978_76.955,10.978,76.955,2020-12-12,1,2020-11-28,14.0,336.0,144.0,3456.0
always_warn_control,any_hazard,10.978_76.955,10.978,76.955,2020-12-17,1,2020-12-03,14.0,336.0,149.0,3576.0
always_warn_control,any_hazard,11.394_76.688,11.394,76.688,2020-07-28,1,2020-07-21,7.0,168.0,7.0,168.0
always_warn_control,any_hazard,11.394_76.688,11.394,76.688,2020-08-18,1,2020-08-04,14.0,336.0,28.0,672.0
always_warn_control,any_hazard,11.394_76.688,11.394,76.688,2020-08-27,1,2020-08-13,14.0,336.0,37.0,888.0
always_warn_control,any_hazard,11.394_76.688,11.394,76.688,2020-09-04,1,2020-08-21,14.0,336.0,45.0,1080.0
always_warn_control,any_hazard,11.394_76.688,11.394,76.688,2020-10-27,1,2020-10-13,14.0,336.0,98.0,2352.0
always_warn_control,any_hazard,11.394_76.688,11.394,76.688,2020-11-03,1,2020-10-20,14.0,336.0,105.0,2520.0
always_warn_control,any_hazard,11.394_76.688,11.394,76.688,2020-11-17,1,2020-11-03,14.0,336.0,119.0,2856.0
always_warn_control,any_hazard,11.394_76.688,11.394,76.688,2020-11-30,1,2020-11-16,14.0,336.0,132.0,3168.0
always_warn_control,any_hazard,11.394_76.688,11.394,76.688,2020-12-09,1,2020-11-25,14.0,336.0,141.0,3384.0
always_warn_control,any_hazard,11.615_76.371,11.615,76.371,2020-07-24,1,2020-07-21,3.0,72.0,3.0,72.0
always_warn_control,any_hazard,11.615_76.371,11.615,76.371,2020-07-27,1,2020-07-21,6.0,144.0,6.0,144.0
always_warn_control,any_hazard,11.615_76.371,11.615,76.371,2020-08-23,1,2020-08-09,14.0,336.0,33.0,792.0
always_warn_control,any_hazard,11.615_76.371,11.615,76.371,2020-08-28,1,2020-08-14,14.0,336.0,38.0,912.0
always_warn_control,any_hazard,11.615_76.371,11.615,76.371,2020-09-05,1,2020-08-22,14.0,336.0,46.0,1104.0
always_warn_control,any_hazard,11.615_76.371,11.615,76.371,2020-09-07,1,2020-08-24,14.0,336.0,48.0,1152.0
always_warn_control,any_hazard,11.615_76.371,11.615,76.371,2020-09-09,1,2020-08-26,14.0,336.0,50.0,1200.0
always_warn_control,any_hazard,11.615_76.371,11.615,76.371,2020-09-19,1,2020-09-05,14.0,336.0,60.0,1440.0
always_warn_control,any_hazard,11.615_76.371,11.615,76.371,2020-09-29,1,2020-09-15,14.0,336.0,70.0,1680.0
always_warn_control,any_hazard,11.615_76.371,11.615,76.371,2020-10-26,1,2020-10-12,14.0,336.0,97.0,2328.0
always_warn_control,any_hazard,11.615_76.371,11.615,76.371,2020-12-05,1,2020-11-21,14.0,336.0,137.0,3288.0
always_warn_control,any_hazard,11.842_76.104,11.842,76.104,2020-07-25,1,2020-07-21,4.0,96.0,4.0,96.0
always_warn_control,any_hazard,11.842_76.104,11.842,76.104,2020-07-27,1,2020-07-21,6.0,144.0,6.0,144.0
always_warn_control,any_hazard,11.842_76.104,11.842,76.104,2020-08-17,1,2020-08-03,14.0,336.0,27.0,648.0
always_warn_control,any_hazard,11.842_76.104,11.842,76.104,2020-08-24,1,2020-08-10,14.0,336.0,34.0,816.0
always_warn_control,any_hazard,11.842_76.104,11.842,76.104,2020-08-28,1,2020-08-14,14.0,336.0,38.0,912.0
always_warn_control,any_hazard,11.842_76.104,11.842,76.104,2020-09-04,1,2020-08-21,14.0,336.0,45.0,1080.0
always_warn_control,any_hazard,11.842_76.104,11.842,76.104,2020-09-06,1,2020-08-23,14.0,336.0,47.0,1128.0
always_warn_control,any_hazard,11.842_76.104,11.842,76.104,2020-10-03,1,2020-09-19,14.0,336.0,74.0,1776.0
always_warn_control,any_hazard,11.842_76.104,11.842,76.104,2020-11-11,1,2020-10-28,14.0,336.0,113.0,2712.0
always_warn_control,any_hazard,11.842_76.104,11.842,76.104,2020-11-28,1,2020-11-14,14.0,336.0,130.0,3120.0
always_warn_control,any_hazard,11.842_76.104,11.842,76.104,2020-12-18,1,2020-12-04,14.0,336.0,150.0,3600.0
always_warn_control,any_hazard,9.283_76.774,9.283,76.774,2020-08-15,1,2020-08-01,14.0,336.0,25.0,600.0
always_warn_control,any_hazard,9.283_76.774,9.283,76.774,2020-08-20,1,2020-08-06,14.0,336.0,30.0,720.0
always_warn_control,any_hazard,9.283_76.774,9.283,76.774,2020-09-22,1,2020-09-08,14.0,336.0,63.0,1512.0
always_warn_control,any_hazard,9.283_76.774,9.283,76.774,2020-10-06,1,2020-09-22,14.0,336.0,77.0,1848.0
always_warn_control,any_hazard,9.283_76.774,9.283,76.774,2020-10-08,1,2020-09-24,14.0,336.0,79.0,1896.0
always_warn_control,any_hazard,9.283_76.774,9.283,76.774,2020-10-31,1,2020-10-17,14.0,336.0,102.0,2448.0
always_warn_control,any_hazard,9.283_76.774,9.283,76.774,2020-11-03,1,2020-10-20,14.0,336.0,105.0,2520.0
always_warn_control,any_hazard,9.283_76.774,9.283,76.774,2020-11-28,1,2020-11-14,14.0,336.0,130.0,3120.0
always_warn_control,any_hazard,9.283_76.774,9.283,76.774,2020-12-17,1,2020-12-03,14.0,336.0,149.0,3576.0
always_warn_control,any_hazard,9.283_76.774,9.283,76.774,2020-12-21,1,2020-12-07,14.0,336.0,153.0,3672.0
always_warn_control,any_hazard,9.283_76.774,9.283,76.774,2020-12-23,1,2020-12-09,14.0,336.0,155.0,3720.0
always_warn_control,any_hazard,9.641_77.119,9.641,77.119,2020-07-24,1,2020-07-21,3.0,72.0,3.0,72.0
always_warn_control,any_hazard,9.641_77.119,9.641,77.119,2020-09-22,1,2020-09-08,14.0,336.0,63.0,1512.0
always_warn_control,any_hazard,9.641_77.119,9.641,77.119,2020-10-06,1,2020-09-22,14.0,336.0,77.0,1848.0
always_warn_control,any_hazard,9.641_77.119,9.641,77.119,2020-11-07,1,2020-10-24,14.0,336.0,109.0,2616.0
always_warn_control,any_hazard,9.641_77.119,9.641,77.119,2020-11-15,1,2020-11-01,14.0,336.0,117.0,2808.0
always_warn_control,any_hazard,9.641_77.119,9.641,77.119,2020-11-21,1,2020-11-07,14.0,336.0,123.0,2952.0
always_warn_control,any_hazard,9.641_77.119,9.641,77.119,2020-12-02,1,2020-11-18,14.0,336.0,134.0,3216.0
always_warn_control,any_hazard,9.641_77.119,9.641,77.119,2020-12-17,1,2020-12-03,14.0,336.0,149.0,3576.0
always_warn_control,any_hazard,9.641_77.119,9.641,77.119,2020-12-22,1,2020-12-08,14.0,336.0,154.0,3696.0
always_warn_control,any_hazard,9.986_77.463,9.986,77.463,2020-08-04,1,2020-07-21,14.0,336.0,14.0,336.0
always_warn_control,any_hazard,9.986_77.463,9.986,77.463,2020-08-15,1,2020-08-01,14.0,336.0,25.0,600.0
always_warn_control,any_hazard,9.986_77.463,9.986,77.463,2020-09-04,1,2020-08-21,14.0,336.0,45.0,1080.0
always_warn_control,any_hazard,9.986_77.463,9.986,77.463,2020-09-21,1,2020-09-07,14.0,336.0,62.0,1488.0
always_warn_control,any_hazard,9.986_77.463,9.986,77.463,2020-09-26,1,2020-09-12,14.0,336.0,67.0,1608.0
always_warn_control,any_hazard,9.986_77.463,9.986,77.463,2020-10-01,1,2020-09-17,14.0,336.0,72.0,1728.0
always_warn_control,any_hazard,9.986_77.463,9.986,77.463,2020-10-30,1,2020-10-16,14.0,336.0,101.0,2424.0
always_warn_control,any_hazard,9.986_77.463,9.986,77.463,2020-11-06,1,2020-10-23,14.0,336.0,108.0,2592.0
always_warn_control,any_hazard,9.986_77.463,9.986,77.463,2020-11-15,1,2020-11-01,14.0,336.0,117.0,2808.0
always_warn_control,any_hazard,9.986_77.463,9.986,77.463,2020-12-17,1,2020-12-03,14.0,336.0,149.0,3576.0
always_warn_control,any_hazard,9.986_77.463,9.986,77.463,2020-12-30,1,2020-12-16,14.0,336.0,162.0,3888.0
flood_only__vs_flood,flood,10.455_76.842,10.455,76.842,2020-07-22,0,,,,,
flood_only__vs_flood,flood,10.455_76.842,10.455,76.842,2020-07-28,1,2020-07-27,1.0,24.0,1.0,24.0
flood_only__vs_flood,flood,10.455_76.842,10.455,76.842,2020-08-06,1,2020-07-27,10.0,240.0,10.0,240.0
flood_only__vs_flood,flood,10.455_76.842,10.455,76.842,2020-08-14,1,2020-07-31,14.0,336.0,4.0,96.0
flood_only__vs_flood,flood,10.455_76.842,10.455,76.842,2020-09-01,1,2020-08-18,14.0,336.0,2.0,48.0
flood_only__vs_flood,flood,10.455_76.842,10.455,76.842,2020-09-03,1,2020-08-20,14.0,336.0,4.0,96.0
flood_only__vs_flood,flood,10.455_76.842,10.455,76.842,2020-09-05,1,2020-08-30,6.0,144.0,6.0,144.0
flood_only__vs_flood,flood,10.455_76.842,10.455,76.842,2020-10-06,0,,,,,
flood_only__vs_flood,flood,10.455_76.842,10.455,76.842,2020-11-08,1,2020-11-07,1.0,24.0,1.0,24.0
flood_only__vs_flood,flood,10.455_76.842,10.455,76.842,2020-11-20,1,2020-11-07,13.0,312.0,0.0,0.0
flood_only__vs_flood,flood,10.455_76.842,10.455,76.842,2020-12-15,0,,,,,
flood_only__vs_flood,flood,10.455_76.842,10.455,76.842,2020-12-21,0,,,,,
flood_only__vs_flood,flood,10.712_77.208,10.712,77.208,2020-07-22,0,,,,,
flood_only__vs_flood,flood,10.712_77.208,10.712,77.208,2020-08-11,0,,,,,
flood_only__vs_flood,flood,10.712_77.208,10.712,77.208,2020-08-14,1,2020-08-14,0.0,0.0,0.0,0.0
flood_only__vs_flood,flood,10.712_77.208,10.712,77.208,2020-08-16,1,2020-08-14,2.0,48.0,2.0,48.0
flood_only__vs_flood,flood,10.712_77.208,10.712,77.208,2020-10-05,0,,,,,
flood_only__vs_flood,flood,10.712_77.208,10.712,77.208,2020-11-08,1,2020-11-08,0.0,0.0,0.0,0.0
flood_only__vs_flood,flood,10.712_77.208,10.712,77.208,2020-11-11,1,2020-11-08,3.0,72.0,0.0,0.0
flood_only__vs_flood,flood,10.712_77.208,10.712,77.208,2020-11-13,1,2020-11-08,5.0,120.0,2.0,48.0
flood_only__vs_flood,flood,10.712_77.208,10.712,77.208,2020-11-20,1,2020-11-08,12.0,288.0,0.0,0.0
flood_only__vs_flood,flood,10.712_77.208,10.712,77.208,2020-11-29,0,,,,,
flood_only__vs_flood,flood,10.978_76.955,10.978,76.955,2020-09-03,0,,,,,
flood_only__vs_flood,flood,10.978_76.955,10.978,76.955,2020-09-07,0,,,,,
flood_only__vs_flood,flood,10.978_76.955,10.978,76.955,2020-11-11,0,,,,,
flood_only__vs_flood,flood,11.394_76.688,11.394,76.688,2020-07-29,1,2020-07-29,0.0,0.0,0.0,0.0
flood_only__vs_flood,flood,11.394_76.688,11.394,76.688,2020-08-13,1,2020-07-30,14.0,336.0,0.0,0.0
flood_only__vs_flood,flood,11.394_76.688,11.394,76.688,2020-08-18,1,2020-08-04,14.0,336.0,0.0,0.0
flood_only__vs_flood,flood,11.394_76.688,11.394,76.688,2020-12-09,0,,,,,
flood_only__vs_flood,flood,11.615_76.371,11.615,76.371,2020-07-27,1,2020-07-21,6.0,144.0,1.0,24.0
flood_only__vs_flood,flood,11.615_76.371,11.615,76.371,2020-08-23,1,2020-08-09,14.0,336.0,0.0,0.0
flood_only__vs_flood,flood,11.615_76.371,11.615,76.371,2020-08-28,1,2020-08-14,14.0,336.0,0.0,0.0
flood_only__vs_flood,flood,11.615_76.371,11.615,76.371,2020-09-05,1,2020-09-05,0.0,0.0,0.0,0.0
flood_only__vs_flood,flood,11.615_76.371,11.615,76.371,2020-09-07,1,2020-09-05,2.0,48.0,2.0,48.0
flood_only__vs_flood,flood,11.615_76.371,11.615,76.371,2020-09-09,1,2020-09-05,4.0,96.0,4.0,96.0
flood_only__vs_flood,flood,11.615_76.371,11.615,76.371,2020-09-19,1,2020-09-05,14.0,336.0,0.0,0.0
flood_only__vs_flood,flood,11.615_76.371,11.615,76.371,2020-09-29,0,,,,,
flood_only__vs_flood,flood,11.615_76.371,11.615,76.371,2020-12-05,0,,,,,
flood_only__vs_flood,flood,11.842_76.104,11.842,76.104,2020-07-25,1,2020-07-21,4.0,96.0,0.0,0.0
flood_only__vs_flood,flood,11.842_76.104,11.842,76.104,2020-07-27,1,2020-07-21,6.0,144.0,0.0,0.0
flood_only__vs_flood,flood,11.842_76.104,11.842,76.104,2020-08-17,1,2020-08-03,14.0,336.0,21.0,504.0
flood_only__vs_flood,flood,11.842_76.104,11.842,76.104,2020-08-24,1,2020-08-10,14.0,336.0,0.0,0.0
flood_only__vs_flood,flood,11.842_76.104,11.842,76.104,2020-08-28,1,2020-08-14,14.0,336.0,0.0,0.0
flood_only__vs_flood,flood,11.842_76.104,11.842,76.104,2020-09-04,1,2020-08-24,11.0,264.0,1.0,24.0
flood_only__vs_flood,flood,11.842_76.104,11.842,76.104,2020-09-06,1,2020-08-24,13.0,312.0,3.0,72.0
flood_only__vs_flood,flood,11.842_76.104,11.842,76.104,2020-10-03,1,2020-10-03,0.0,0.0,0.0,0.0
flood_only__vs_flood,flood,11.842_76.104,11.842,76.104,2020-11-11,1,2020-10-31,11.0,264.0,0.0,0.0
flood_only__vs_flood,flood,11.842_76.104,11.842,76.104,2020-11-28,0,,,,,
flood_only__vs_flood,flood,11.842_76.104,11.842,76.104,2020-12-18,0,,,,,
flood_only__vs_flood,flood,9.283_76.774,9.283,76.774,2020-08-15,1,2020-08-15,0.0,0.0,0.0,0.0
flood_only__vs_flood,flood,9.283_76.774,9.283,76.774,2020-08-20,1,2020-08-15,5.0,120.0,3.0,72.0
flood_only__vs_flood,flood,9.283_76.774,9.283,76.774,2020-09-22,1,2020-09-21,1.0,24.0,1.0,24.0
flood_only__vs_flood,flood,9.283_76.774,9.283,76.774,2020-10-06,1,2020-09-22,14.0,336.0,15.0,360.0
flood_only__vs_flood,flood,9.283_76.774,9.283,76.774,2020-10-08,1,2020-09-24,14.0,336.0,17.0,408.0
flood_only__vs_flood,flood,9.283_76.774,9.283,76.774,2020-10-31,1,2020-10-28,3.0,72.0,1.0,24.0
flood_only__vs_flood,flood,9.283_76.774,9.283,76.774,2020-11-03,1,2020-10-28,6.0,144.0,4.0,96.0
flood_only__vs_flood,flood,9.283_76.774,9.283,76.774,2020-11-28,0,,,,,
flood_only__vs_flood,flood,9.283_76.774,9.283,76.774,2020-12-17,1,2020-12-16,1.0,24.0,1.0,24.0
flood_only__vs_flood,flood,9.283_76.774,9.283,76.774,2020-12-21,1,2020-12-16,5.0,120.0,5.0,120.0
flood_only__vs_flood,flood,9.283_76.774,9.283,76.774,2020-12-23,1,2020-12-16,7.0,168.0,7.0,168.0
flood_only__vs_flood,flood,9.641_77.119,9.641,77.119,2020-07-21,1,2020-07-21,0.0,0.0,0.0,0.0
flood_only__vs_flood,flood,9.641_77.119,9.641,77.119,2020-07-25,1,2020-07-21,4.0,96.0,4.0,96.0
flood_only__vs_flood,flood,9.641_77.119,9.641,77.119,2020-09-22,1,2020-09-22,0.0,0.0,0.0,0.0
flood_only__vs_flood,flood,9.641_77.119,9.641,77.119,2020-11-15,1,2020-11-03,12.0,288.0,0.0,0.0
flood_only__vs_flood,flood,9.641_77.119,9.641,77.119,2020-12-02,0,,,,,
flood_only__vs_flood,flood,9.986_77.463,9.986,77.463,2020-09-04,0,,,,,
flood_only__vs_flood,flood,9.986_77.463,9.986,77.463,2020-09-23,0,,,,,
flood_only__vs_flood,flood,9.986_77.463,9.986,77.463,2020-10-01,0,,,,,
landslide_only__vs_flood,flood,10.455_76.842,10.455,76.842,2020-07-22,0,,,,,
landslide_only__vs_flood,flood,10.455_76.842,10.455,76.842,2020-07-28,0,,,,,
landslide_only__vs_flood,flood,10.455_76.842,10.455,76.842,2020-08-06,0,,,,,
landslide_only__vs_flood,flood,10.455_76.842,10.455,76.842,2020-08-14,0,,,,,
landslide_only__vs_flood,flood,10.455_76.842,10.455,76.842,2020-09-01,0,,,,,
landslide_only__vs_flood,flood,10.455_76.842,10.455,76.842,2020-09-03,0,,,,,
landslide_only__vs_flood,flood,10.455_76.842,10.455,76.842,2020-09-05,0,,,,,
landslide_only__vs_flood,flood,10.455_76.842,10.455,76.842,2020-10-06,0,,,,,
landslide_only__vs_flood,flood,10.455_76.842,10.455,76.842,2020-11-08,0,,,,,
landslide_only__vs_flood,flood,10.455_76.842,10.455,76.842,2020-11-20,0,,,,,
landslide_only__vs_flood,flood,10.455_76.842,10.455,76.842,2020-12-15,0,,,,,
landslide_only__vs_flood,flood,10.455_76.842,10.455,76.842,2020-12-21,0,,,,,
landslide_only__vs_flood,flood,10.712_77.208,10.712,77.208,2020-07-22,0,,,,,
landslide_only__vs_flood,flood,10.712_77.208,10.712,77.208,2020-08-11,1,2020-07-28,14.0,336.0,15.0,360.0
landslide_only__vs_flood,flood,10.712_77.208,10.712,77.208,2020-08-14,1,2020-07-31,14.0,336.0,18.0,432.0
landslide_only__vs_flood,flood,10.712_77.208,10.712,77.208,2020-08-16,1,2020-08-02,14.0,336.0,20.0,480.0
landslide_only__vs_flood,flood,10.712_77.208,10.712,77.208,2020-10-05,0,,,,,
landslide_only__vs_flood,flood,10.712_77.208,10.712,77.208,2020-11-08,1,2020-11-07,1.0,24.0,1.0,24.0
landslide_only__vs_flood,flood,10.712_77.208,10.712,77.208,2020-11-11,1,2020-11-07,4.0,96.0,4.0,96.0
landslide_only__vs_flood,flood,10.712_77.208,10.712,77.208,2020-11-13,1,2020-11-07,6.0,144.0,6.0,144.0
landslide_only__vs_flood,flood,10.712_77.208,10.712,77.208,2020-11-20,1,2020-11-07,13.0,312.0,0.0,0.0
landslide_only__vs_flood,flood,10.712_77.208,10.712,77.208,2020-11-29,1,2020-11-15,14.0,336.0,0.0,0.0
landslide_only__vs_flood,flood,10.978_76.955,10.978,76.955,2020-09-03,1,2020-08-23,11.0,264.0,6.0,144.0
landslide_only__vs_flood,flood,10.978_76.955,10.978,76.955,2020-09-07,1,2020-08-24,14.0,336.0,10.0,240.0
landslide_only__vs_flood,flood,10.978_76.955,10.978,76.955,2020-11-11,1,2020-11-01,10.0,240.0,4.0,96.0
landslide_only__vs_flood,flood,11.394_76.688,11.394,76.688,2020-07-29,1,2020-07-21,8.0,192.0,3.0,72.0
landslide_only__vs_flood,flood,11.394_76.688,11.394,76.688,2020-08-13,1,2020-07-30,14.0,336.0,18.0,432.0
landslide_only__vs_flood,flood,11.394_76.688,11.394,76.688,2020-08-18,1,2020-08-04,14.0,336.0,0.0,0.0
landslide_only__vs_flood,flood,11.394_76.688,11.394,76.688,2020-12-09,0,,,,,
landslide_only__vs_flood,flood,11.615_76.371,11.615,76.371,2020-07-27,0,,,,,
landslide_only__vs_flood,flood,11.615_76.371,11.615,76.371,2020-08-23,1,2020-08-09,14.0,336.0,0.0,0.0
landslide_only__vs_flood,flood,11.615_76.371,11.615,76.371,2020-08-28,0,,,,,
landslide_only__vs_flood,flood,11.615_76.371,11.615,76.371,2020-09-05,0,,,,,
landslide_only__vs_flood,flood,11.615_76.371,11.615,76.371,2020-09-07,1,2020-09-07,0.0,0.0,0.0,0.0
landslide_only__vs_flood,flood,11.615_76.371,11.615,76.371,2020-09-09,1,2020-09-07,2.0,48.0,0.0,0.0
landslide_only__vs_flood,flood,11.615_76.371,11.615,76.371,2020-09-19,1,2020-09-07,12.0,288.0,0.0,0.0
landslide_only__vs_flood,flood,11.615_76.371,11.615,76.371,2020-09-29,0,,,,,
landslide_only__vs_flood,flood,11.615_76.371,11.615,76.371,2020-12-05,0,,,,,
landslide_only__vs_flood,flood,11.842_76.104,11.842,76.104,2020-07-25,0,,,,,
landslide_only__vs_flood,flood,11.842_76.104,11.842,76.104,2020-07-27,0,,,,,
landslide_only__vs_flood,flood,11.842_76.104,11.842,76.104,2020-08-17,1,2020-08-09,8.0,192.0,0.0,0.0
landslide_only__vs_flood,flood,11.842_76.104,11.842,76.104,2020-08-24,0,,,,,
landslide_only__vs_flood,flood,11.842_76.104,11.842,76.104,2020-08-28,0,,,,,
landslide_only__vs_flood,flood,11.842_76.104,11.842,76.104,2020-09-04,0,,,,,
landslide_only__vs_flood,flood,11.842_76.104,11.842,76.104,2020-09-06,0,,,,,
landslide_only__vs_flood,flood,11.842_76.104,11.842,76.104,2020-10-03,0,,,,,
landslide_only__vs_flood,flood,11.842_76.104,11.842,76.104,2020-11-11,0,,,,,
landslide_only__vs_flood,flood,11.842_76.104,11.842,76.104,2020-11-28,0,,,,,
landslide_only__vs_flood,flood,11.842_76.104,11.842,76.104,2020-12-18,0,,,,,
landslide_only__vs_flood,flood,9.283_76.774,9.283,76.774,2020-08-15,0,,,,,
landslide_only__vs_flood,flood,9.283_76.774,9.283,76.774,2020-08-20,0,,,,,
landslide_only__vs_flood,flood,9.283_76.774,9.283,76.774,2020-09-22,0,,,,,
landslide_only__vs_flood,flood,9.283_76.774,9.283,76.774,2020-10-06,0,,,,,
landslide_only__vs_flood,flood,9.283_76.774,9.283,76.774,2020-10-08,0,,,,,
landslide_only__vs_flood,flood,9.283_76.774,9.283,76.774,2020-10-31,0,,,,,
landslide_only__vs_flood,flood,9.283_76.774,9.283,76.774,2020-11-03,0,,,,,
landslide_only__vs_flood,flood,9.283_76.774,9.283,76.774,2020-11-28,0,,,,,
landslide_only__vs_flood,flood,9.283_76.774,9.283,76.774,2020-12-17,0,,,,,
landslide_only__vs_flood,flood,9.283_76.774,9.283,76.774,2020-12-21,0,,,,,
landslide_only__vs_flood,flood,9.283_76.774,9.283,76.774,2020-12-23,0,,,,,
landslide_only__vs_flood,flood,9.641_77.119,9.641,77.119,2020-07-21,1,2020-07-21,0.0,0.0,0.0,0.0
landslide_only__vs_flood,flood,9.641_77.119,9.641,77.119,2020-07-25,1,2020-07-21,4.0,96.0,0.0,0.0
landslide_only__vs_flood,flood,9.641_77.119,9.641,77.119,2020-09-22,1,2020-09-21,1.0,24.0,1.0,24.0
landslide_only__vs_flood,flood,9.641_77.119,9.641,77.119,2020-11-15,1,2020-11-01,14.0,336.0,0.0,0.0
landslide_only__vs_flood,flood,9.641_77.119,9.641,77.119,2020-12-02,0,,,,,
landslide_only__vs_flood,flood,9.986_77.463,9.986,77.463,2020-09-04,1,2020-08-21,14.0,336.0,0.0,0.0
landslide_only__vs_flood,flood,9.986_77.463,9.986,77.463,2020-09-23,1,2020-09-21,2.0,48.0,2.0,48.0
landslide_only__vs_flood,flood,9.986_77.463,9.986,77.463,2020-10-01,1,2020-09-21,10.0,240.0,10.0,240.0
tcdl_coupled__vs_flood,flood,10.455_76.842,10.455,76.842,2020-07-22,0,,,,,
tcdl_coupled__vs_flood,flood,10.455_76.842,10.455,76.842,2020-07-28,1,2020-07-27,1.0,24.0,1.0,24.0
tcdl_coupled__vs_flood,flood,10.455_76.842,10.455,76.842,2020-08-06,1,2020-07-27,10.0,240.0,10.0,240.0
tcdl_coupled__vs_flood,flood,10.455_76.842,10.455,76.842,2020-08-14,1,2020-07-31,14.0,336.0,4.0,96.0
tcdl_coupled__vs_flood,flood,10.455_76.842,10.455,76.842,2020-09-01,1,2020-08-18,14.0,336.0,2.0,48.0
tcdl_coupled__vs_flood,flood,10.455_76.842,10.455,76.842,2020-09-03,1,2020-08-20,14.0,336.0,4.0,96.0
tcdl_coupled__vs_flood,flood,10.455_76.842,10.455,76.842,2020-09-05,1,2020-08-30,6.0,144.0,6.0,144.0
tcdl_coupled__vs_flood,flood,10.455_76.842,10.455,76.842,2020-10-06,0,,,,,
tcdl_coupled__vs_flood,flood,10.455_76.842,10.455,76.842,2020-11-08,1,2020-11-07,1.0,24.0,1.0,24.0
tcdl_coupled__vs_flood,flood,10.455_76.842,10.455,76.842,2020-11-20,1,2020-11-07,13.0,312.0,0.0,0.0
tcdl_coupled__vs_flood,flood,10.455_76.842,10.455,76.842,2020-12-15,0,,,,,
tcdl_coupled__vs_flood,flood,10.455_76.842,10.455,76.842,2020-12-21,0,,,,,
tcdl_coupled__vs_flood,flood,10.712_77.208,10.712,77.208,2020-07-22,1,2020-07-21,1.0,24.0,0.0,0.0
tcdl_coupled__vs_flood,flood,10.712_77.208,10.712,77.208,2020-08-11,1,2020-07-28,14.0,336.0,15.0,360.0
tcdl_coupled__vs_flood,flood,10.712_77.208,10.712,77.208,2020-08-14,1,2020-07-31,14.0,336.0,18.0,432.0
tcdl_coupled__vs_flood,flood,10.712_77.208,10.712,77.208,2020-08-16,1,2020-08-02,14.0,336.0,20.0,480.0
tcdl_coupled__vs_flood,flood,10.712_77.208,10.712,77.208,2020-10-05,0,,,,,
tcdl_coupled__vs_flood,flood,10.712_77.208,10.712,77.208,2020-11-08,1,2020-11-07,1.0,24.0,1.0,24.0
tcdl_coupled__vs_flood,flood,10.712_77.208,10.712,77.208,2020-11-11,1,2020-11-07,4.0,96.0,4.0,96.0
tcdl_coupled__vs_flood,flood,10.712_77.208,10.712,77.208,2020-11-13,1,2020-11-07,6.0,144.0,6.0,144.0
tcdl_coupled__vs_flood,flood,10.712_77.208,10.712,77.208,2020-11-20,1,2020-11-07,13.0,312.0,0.0,0.0
tcdl_coupled__vs_flood,flood,10.712_77.208,10.712,77.208,2020-11-29,1,2020-11-15,14.0,336.0,0.0,0.0
tcdl_coupled__vs_flood,flood,10.978_76.955,10.978,76.955,2020-09-03,1,2020-08-23,11.0,264.0,6.0,144.0
tcdl_coupled__vs_flood,flood,10.978_76.955,10.978,76.955,2020-09-07,1,2020-08-24,14.0,336.0,10.0,240.0
tcdl_coupled__vs_flood,flood,10.978_76.955,10.978,76.955,2020-11-11,1,2020-10-29,13.0,312.0,4.0,96.0
tcdl_coupled__vs_flood,flood,11.394_76.688,11.394,76.688,2020-07-29,1,2020-07-21,8.0,192.0,3.0,72.0
tcdl_coupled__vs_flood,flood,11.394_76.688,11.394,76.688,2020-08-13,1,2020-07-30,14.0,336.0,18.0,432.0
tcdl_coupled__vs_flood,flood,11.394_76.688,11.394,76.688,2020-08-18,1,2020-08-04,14.0,336.0,0.0,0.0
tcdl_coupled__vs_flood,flood,11.394_76.688,11.394,76.688,2020-12-09,0,,,,,
tcdl_coupled__vs_flood,flood,11.615_76.371,11.615,76.371,2020-07-27,1,2020-07-21,6.0,144.0,1.0,24.0
tcdl_coupled__vs_flood,flood,11.615_76.371,11.615,76.371,2020-08-23,1,2020-08-09,14.0,336.0,0.0,0.0
tcdl_coupled__vs_flood,flood,11.615_76.371,11.615,76.371,2020-08-28,1,2020-08-14,14.0,336.0,0.0,0.0
tcdl_coupled__vs_flood,flood,11.615_76.371,11.615,76.371,2020-09-05,1,2020-09-04,1.0,24.0,1.0,24.0
tcdl_coupled__vs_flood,flood,11.615_76.371,11.615,76.371,2020-09-07,1,2020-09-04,3.0,72.0,3.0,72.0
tcdl_coupled__vs_flood,flood,11.615_76.371,11.615,76.371,2020-09-09,1,2020-09-04,5.0,120.0,5.0,120.0
tcdl_coupled__vs_flood,flood,11.615_76.371,11.615,76.371,2020-09-19,1,2020-09-05,14.0,336.0,0.0,0.0
tcdl_coupled__vs_flood,flood,11.615_76.371,11.615,76.371,2020-09-29,0,,,,,
tcdl_coupled__vs_flood,flood,11.615_76.371,11.615,76.371,2020-12-05,0,,,,,
tcdl_coupled__vs_flood,flood,11.842_76.104,11.842,76.104,2020-07-25,1,2020-07-21,4.0,96.0,0.0,0.0
tcdl_coupled__vs_flood,flood,11.842_76.104,11.842,76.104,2020-07-27,1,2020-07-21,6.0,144.0,0.0,0.0
tcdl_coupled__vs_flood,flood,11.842_76.104,11.842,76.104,2020-08-17,1,2020-08-03,14.0,336.0,21.0,504.0
tcdl_coupled__vs_flood,flood,11.842_76.104,11.842,76.104,2020-08-24,1,2020-08-10,14.0,336.0,0.0,0.0
tcdl_coupled__vs_flood,flood,11.842_76.104,11.842,76.104,2020-08-28,1,2020-08-14,14.0,336.0,0.0,0.0
tcdl_coupled__vs_flood,flood,11.842_76.104,11.842,76.104,2020-09-04,1,2020-08-24,11.0,264.0,1.0,24.0
tcdl_coupled__vs_flood,flood,11.842_76.104,11.842,76.104,2020-09-06,1,2020-08-24,13.0,312.0,3.0,72.0
tcdl_coupled__vs_flood,flood,11.842_76.104,11.842,76.104,2020-10-03,1,2020-10-03,0.0,0.0,0.0,0.0
tcdl_coupled__vs_flood,flood,11.842_76.104,11.842,76.104,2020-11-11,1,2020-10-31,11.0,264.0,0.0,0.0
tcdl_coupled__vs_flood,flood,11.842_76.104,11.842,76.104,2020-11-28,0,,,,,
tcdl_coupled__vs_flood,flood,11.842_76.104,11.842,76.104,2020-12-18,0,,,,,
tcdl_coupled__vs_flood,flood,9.283_76.774,9.283,76.774,2020-08-15,1,2020-08-15,0.0,0.0,0.0,0.0
tcdl_coupled__vs_flood,flood,9.283_76.774,9.283,76.774,2020-08-20,1,2020-08-15,5.0,120.0,5.0,120.0
tcdl_coupled__vs_flood,flood,9.283_76.774,9.283,76.774,2020-09-22,1,2020-09-21,1.0,24.0,1.0,24.0
tcdl_coupled__vs_flood,flood,9.283_76.774,9.283,76.774,2020-10-06,1,2020-09-22,14.0,336.0,15.0,360.0
tcdl_coupled__vs_flood,flood,9.283_76.774,9.283,76.774,2020-10-08,1,2020-09-24,14.0,336.0,17.0,408.0
tcdl_coupled__vs_flood,flood,9.283_76.774,9.283,76.774,2020-10-31,1,2020-10-28,3.0,72.0,3.0,72.0
tcdl_coupled__vs_flood,flood,9.283_76.774,9.283,76.774,2020-11-03,1,2020-10-28,6.0,144.0,6.0,144.0
tcdl_coupled__vs_flood,flood,9.283_76.774,9.283,76.774,2020-11-28,0,,,,,
tcdl_coupled__vs_flood,flood,9.283_76.774,9.283,76.774,2020-12-17,1,2020-12-16,1.0,24.0,1.0,24.0
tcdl_coupled__vs_flood,flood,9.283_76.774,9.283,76.774,2020-12-21,1,2020-12-16,5.0,120.0,5.0,120.0
tcdl_coupled__vs_flood,flood,9.283_76.774,9.283,76.774,2020-12-23,1,2020-12-16,7.0,168.0,7.0,168.0
tcdl_coupled__vs_flood,flood,9.641_77.119,9.641,77.119,2020-07-21,1,2020-07-21,0.0,0.0,0.0,0.0
tcdl_coupled__vs_flood,flood,9.641_77.119,9.641,77.119,2020-07-25,1,2020-07-21,4.0,96.0,4.0,96.0
tcdl_coupled__vs_flood,flood,9.641_77.119,9.641,77.119,2020-09-22,1,2020-09-21,1.0,24.0,1.0,24.0
tcdl_coupled__vs_flood,flood,9.641_77.119,9.641,77.119,2020-11-15,1,2020-11-01,14.0,336.0,0.0,0.0
tcdl_coupled__vs_flood,flood,9.641_77.119,9.641,77.119,2020-12-02,0,,,,,
tcdl_coupled__vs_flood,flood,9.986_77.463,9.986,77.463,2020-09-04,1,2020-08-21,14.0,336.0,0.0,0.0
tcdl_coupled__vs_flood,flood,9.986_77.463,9.986,77.463,2020-09-23,1,2020-09-21,2.0,48.0,2.0,48.0
tcdl_coupled__vs_flood,flood,9.986_77.463,9.986,77.463,2020-10-01,1,2020-09-21,10.0,240.0,10.0,240.0
tcdl_coupling_rules_only__vs_flood,flood,10.455_76.842,10.455,76.842,2020-07-22,0,,,,,
tcdl_coupling_rules_only__vs_flood,flood,10.455_76.842,10.455,76.842,2020-07-28,1,2020-07-28,0.0,0.0,0.0,0.0
tcdl_coupling_rules_only__vs_flood,flood,10.455_76.842,10.455,76.842,2020-08-06,1,2020-07-28,9.0,216.0,1.0,24.0
tcdl_coupling_rules_only__vs_flood,flood,10.455_76.842,10.455,76.842,2020-08-14,1,2020-08-05,9.0,216.0,0.0,0.0
tcdl_coupling_rules_only__vs_flood,flood,10.455_76.842,10.455,76.842,2020-09-01,1,2020-08-31,1.0,24.0,1.0,24.0
tcdl_coupling_rules_only__vs_flood,flood,10.455_76.842,10.455,76.842,2020-09-03,1,2020-08-31,3.0,72.0,3.0,72.0
tcdl_coupling_rules_only__vs_flood,flood,10.455_76.842,10.455,76.842,2020-09-05,1,2020-08-31,5.0,120.0,5.0,120.0
tcdl_coupling_rules_only__vs_flood,flood,10.455_76.842,10.455,76.842,2020-10-06,0,,,,,
tcdl_coupling_rules_only__vs_flood,flood,10.455_76.842,10.455,76.842,2020-11-08,1,2020-11-08,0.0,0.0,0.0,0.0
tcdl_coupling_rules_only__vs_flood,flood,10.455_76.842,10.455,76.842,2020-11-20,1,2020-11-08,12.0,288.0,0.0,0.0
tcdl_coupling_rules_only__vs_flood,flood,10.455_76.842,10.455,76.842,2020-12-15,0,,,,,
tcdl_coupling_rules_only__vs_flood,flood,10.455_76.842,10.455,76.842,2020-12-21,0,,,,,
tcdl_coupling_rules_only__vs_flood,flood,10.712_77.208,10.712,77.208,2020-07-22,1,2020-07-21,1.0,24.0,0.0,0.0
tcdl_coupling_rules_only__vs_flood,flood,10.712_77.208,10.712,77.208,2020-08-11,1,2020-07-28,14.0,336.0,14.0,336.0
tcdl_coupling_rules_only__vs_flood,flood,10.712_77.208,10.712,77.208,2020-08-14,1,2020-07-31,14.0,336.0,17.0,408.0
tcdl_coupling_rules_only__vs_flood,flood,10.712_77.208,10.712,77.208,2020-08-16,1,2020-08-02,14.0,336.0,19.0,456.0
tcdl_coupling_rules_only__vs_flood,flood,10.712_77.208,10.712,77.208,2020-10-05,0,,,,,
tcdl_coupling_rules_only__vs_flood,flood,10.712_77.208,10.712,77.208,2020-11-08,1,2020-11-07,1.0,24.0,1.0,24.0
tcdl_coupling_rules_only__vs_flood,flood,10.712_77.208,10.712,77.208,2020-11-11,1,2020-11-07,4.0,96.0,4.0,96.0
tcdl_coupling_rules_only__vs_flood,flood,10.712_77.208,10.712,77.208,2020-11-13,1,2020-11-07,6.0,144.0,6.0,144.0
tcdl_coupling_rules_only__vs_flood,flood,10.712_77.208,10.712,77.208,2020-11-20,1,2020-11-07,13.0,312.0,0.0,0.0
tcdl_coupling_rules_only__vs_flood,flood,10.712_77.208,10.712,77.208,2020-11-29,1,2020-11-15,14.0,336.0,0.0,0.0
tcdl_coupling_rules_only__vs_flood,flood,10.978_76.955,10.978,76.955,2020-09-03,1,2020-08-30,4.0,96.0,4.0,96.0
tcdl_coupling_rules_only__vs_flood,flood,10.978_76.955,10.978,76.955,2020-09-07,1,2020-08-30,8.0,192.0,8.0,192.0
tcdl_coupling_rules_only__vs_flood,flood,10.978_76.955,10.978,76.955,2020-11-11,1,2020-10-29,13.0,312.0,3.0,72.0
tcdl_coupling_rules_only__vs_flood,flood,11.394_76.688,11.394,76.688,2020-07-29,1,2020-07-21,8.0,192.0,2.0,48.0
tcdl_coupling_rules_only__vs_flood,flood,11.394_76.688,11.394,76.688,2020-08-13,1,2020-07-30,14.0,336.0,17.0,408.0
tcdl_coupling_rules_only__vs_flood,flood,11.394_76.688,11.394,76.688,2020-08-18,1,2020-08-04,14.0,336.0,0.0,0.0
tcdl_coupling_rules_only__vs_flood,flood,11.394_76.688,11.394,76.688,2020-12-09,0,,,,,
tcdl_coupling_rules_only__vs_flood,flood,11.615_76.371,11.615,76.371,2020-07-27,0,,,,,
tcdl_coupling_rules_only__vs_flood,flood,11.615_76.371,11.615,76.371,2020-08-23,1,2020-08-09,14.0,336.0,0.0,0.0
tcdl_coupling_rules_only__vs_flood,flood,11.615_76.371,11.615,76.371,2020-08-28,0,,,,,
tcdl_coupling_rules_only__vs_flood,flood,11.615_76.371,11.615,76.371,2020-09-05,1,2020-09-04,1.0,24.0,1.0,24.0
tcdl_coupling_rules_only__vs_flood,flood,11.615_76.371,11.615,76.371,2020-09-07,1,2020-09-04,3.0,72.0,3.0,72.0
tcdl_coupling_rules_only__vs_flood,flood,11.615_76.371,11.615,76.371,2020-09-09,1,2020-09-04,5.0,120.0,5.0,120.0
tcdl_coupling_rules_only__vs_flood,flood,11.615_76.371,11.615,76.371,2020-09-19,1,2020-09-05,14.0,336.0,0.0,0.0
tcdl_coupling_rules_only__vs_flood,flood,11.615_76.371,11.615,76.371,2020-09-29,0,,,,,
tcdl_coupling_rules_only__vs_flood,flood,11.615_76.371,11.615,76.371,2020-12-05,0,,,,,
tcdl_coupling_rules_only__vs_flood,flood,11.842_76.104,11.842,76.104,2020-07-25,0,,,,,
tcdl_coupling_rules_only__vs_flood,flood,11.842_76.104,11.842,76.104,2020-07-27,0,,,,,
tcdl_coupling_rules_only__vs_flood,flood,11.842_76.104,11.842,76.104,2020-08-17,1,2020-08-03,14.0,336.0,0.0,0.0
tcdl_coupling_rules_only__vs_flood,flood,11.842_76.104,11.842,76.104,2020-08-24,1,2020-08-10,14.0,336.0,0.0,0.0
tcdl_coupling_rules_only__vs_flood,flood,11.842_76.104,11.842,76.104,2020-08-28,1,2020-08-24,4.0,96.0,0.0,0.0
tcdl_coupling_rules_only__vs_flood,flood,11.842_76.104,11.842,76.104,2020-09-04,1,2020-08-24,11.0,264.0,1.0,24.0
tcdl_coupling_rules_only__vs_flood,flood,11.842_76.104,11.842,76.104,2020-09-06,1,2020-08-24,13.0,312.0,3.0,72.0
tcdl_coupling_rules_only__vs_flood,flood,11.842_76.104,11.842,76.104,2020-10-03,1,2020-10-03,0.0,0.0,0.0,0.0
tcdl_coupling_rules_only__vs_flood,flood,11.842_76.104,11.842,76.104,2020-11-11,1,2020-11-01,10.0,240.0,0.0,0.0
tcdl_coupling_rules_only__vs_flood,flood,11.842_76.104,11.842,76.104,2020-11-28,0,,,,,
tcdl_coupling_rules_only__vs_flood,flood,11.842_76.104,11.842,76.104,2020-12-18,0,,,,,
tcdl_coupling_rules_only__vs_flood,flood,9.283_76.774,9.283,76.774,2020-08-15,1,2020-08-15,0.0,0.0,0.0,0.0
tcdl_coupling_rules_only__vs_flood,flood,9.283_76.774,9.283,76.774,2020-08-20,1,2020-08-15,5.0,120.0,0.0,0.0
tcdl_coupling_rules_only__vs_flood,flood,9.283_76.774,9.283,76.774,2020-09-22,1,2020-09-22,0.0,0.0,0.0,0.0
tcdl_coupling_rules_only__vs_flood,flood,9.283_76.774,9.283,76.774,2020-10-06,1,2020-09-22,14.0,336.0,0.0,0.0
tcdl_coupling_rules_only__vs_flood,flood,9.283_76.774,9.283,76.774,2020-10-08,1,2020-09-24,14.0,336.0,1.0,24.0
tcdl_coupling_rules_only__vs_flood,flood,9.283_76.774,9.283,76.774,2020-10-31,1,2020-10-29,2.0,48.0,2.0,48.0
tcdl_coupling_rules_only__vs_flood,flood,9.283_76.774,9.283,76.774,2020-11-03,1,2020-10-29,5.0,120.0,5.0,120.0
tcdl_coupling_rules_only__vs_flood,flood,9.283_76.774,9.283,76.774,2020-11-28,0,,,,,
tcdl_coupling_rules_only__vs_flood,flood,9.283_76.774,9.283,76.774,2020-12-17,1,2020-12-16,1.0,24.0,1.0,24.0
tcdl_coupling_rules_only__vs_flood,flood,9.283_76.774,9.283,76.774,2020-12-21,1,2020-12-16,5.0,120.0,5.0,120.0
tcdl_coupling_rules_only__vs_flood,flood,9.283_76.774,9.283,76.774,2020-12-23,1,2020-12-16,7.0,168.0,0.0,0.0
tcdl_coupling_rules_only__vs_flood,flood,9.641_77.119,9.641,77.119,2020-07-21,1,2020-07-21,0.0,0.0,0.0,0.0
tcdl_coupling_rules_only__vs_flood,flood,9.641_77.119,9.641,77.119,2020-07-25,1,2020-07-21,4.0,96.0,4.0,96.0
tcdl_coupling_rules_only__vs_flood,flood,9.641_77.119,9.641,77.119,2020-09-22,1,2020-09-22,0.0,0.0,0.0,0.0
tcdl_coupling_rules_only__vs_flood,flood,9.641_77.119,9.641,77.119,2020-11-15,1,2020-11-01,14.0,336.0,0.0,0.0
tcdl_coupling_rules_only__vs_flood,flood,9.641_77.119,9.641,77.119,2020-12-02,0,,,,,
tcdl_coupling_rules_only__vs_flood,flood,9.986_77.463,9.986,77.463,2020-09-04,0,,,,,
tcdl_coupling_rules_only__vs_flood,flood,9.986_77.463,9.986,77.463,2020-09-23,1,2020-09-21,2.0,48.0,2.0,48.0
tcdl_coupling_rules_only__vs_flood,flood,9.986_77.463,9.986,77.463,2020-10-01,1,2020-09-21,10.0,240.0,0.0,0.0
always_warn_control__vs_flood,flood,10.455_76.842,10.455,76.842,2020-07-22,1,2020-07-21,1.0,24.0,1.0,24.0
always_warn_control__vs_flood,flood,10.455_76.842,10.455,76.842,2020-07-28,1,2020-07-21,7.0,168.0,7.0,168.0
always_warn_control__vs_flood,flood,10.455_76.842,10.455,76.842,2020-08-06,1,2020-07-23,14.0,336.0,16.0,384.0
always_warn_control__vs_flood,flood,10.455_76.842,10.455,76.842,2020-08-14,1,2020-07-31,14.0,336.0,24.0,576.0
always_warn_control__vs_flood,flood,10.455_76.842,10.455,76.842,2020-09-01,1,2020-08-18,14.0,336.0,42.0,1008.0
always_warn_control__vs_flood,flood,10.455_76.842,10.455,76.842,2020-09-03,1,2020-08-20,14.0,336.0,44.0,1056.0
always_warn_control__vs_flood,flood,10.455_76.842,10.455,76.842,2020-09-05,1,2020-08-22,14.0,336.0,46.0,1104.0
always_warn_control__vs_flood,flood,10.455_76.842,10.455,76.842,2020-10-06,1,2020-09-22,14.0,336.0,77.0,1848.0
always_warn_control__vs_flood,flood,10.455_76.842,10.455,76.842,2020-11-08,1,2020-10-25,14.0,336.0,110.0,2640.0
always_warn_control__vs_flood,flood,10.455_76.842,10.455,76.842,2020-11-20,1,2020-11-06,14.0,336.0,122.0,2928.0
always_warn_control__vs_flood,flood,10.455_76.842,10.455,76.842,2020-12-15,1,2020-12-01,14.0,336.0,147.0,3528.0
always_warn_control__vs_flood,flood,10.455_76.842,10.455,76.842,2020-12-21,1,2020-12-07,14.0,336.0,153.0,3672.0
always_warn_control__vs_flood,flood,10.712_77.208,10.712,77.208,2020-07-22,1,2020-07-21,1.0,24.0,1.0,24.0
always_warn_control__vs_flood,flood,10.712_77.208,10.712,77.208,2020-08-11,1,2020-07-28,14.0,336.0,21.0,504.0
always_warn_control__vs_flood,flood,10.712_77.208,10.712,77.208,2020-08-14,1,2020-07-31,14.0,336.0,24.0,576.0
always_warn_control__vs_flood,flood,10.712_77.208,10.712,77.208,2020-08-16,1,2020-08-02,14.0,336.0,26.0,624.0
always_warn_control__vs_flood,flood,10.712_77.208,10.712,77.208,2020-10-05,1,2020-09-21,14.0,336.0,76.0,1824.0
always_warn_control__vs_flood,flood,10.712_77.208,10.712,77.208,2020-11-08,1,2020-10-25,14.0,336.0,110.0,2640.0
always_warn_control__vs_flood,flood,10.712_77.208,10.712,77.208,2020-11-11,1,2020-10-28,14.0,336.0,113.0,2712.0
always_warn_control__vs_flood,flood,10.712_77.208,10.712,77.208,2020-11-13,1,2020-10-30,14.0,336.0,115.0,2760.0
always_warn_control__vs_flood,flood,10.712_77.208,10.712,77.208,2020-11-20,1,2020-11-06,14.0,336.0,122.0,2928.0
always_warn_control__vs_flood,flood,10.712_77.208,10.712,77.208,2020-11-29,1,2020-11-15,14.0,336.0,131.0,3144.0
always_warn_control__vs_flood,flood,10.978_76.955,10.978,76.955,2020-09-03,1,2020-08-20,14.0,336.0,44.0,1056.0
always_warn_control__vs_flood,flood,10.978_76.955,10.978,76.955,2020-09-07,1,2020-08-24,14.0,336.0,48.0,1152.0
always_warn_control__vs_flood,flood,10.978_76.955,10.978,76.955,2020-11-11,1,2020-10-28,14.0,336.0,113.0,2712.0
always_warn_control__vs_flood,flood,11.394_76.688,11.394,76.688,2020-07-29,1,2020-07-21,8.0,192.0,8.0,192.0
always_warn_control__vs_flood,flood,11.394_76.688,11.394,76.688,2020-08-13,1,2020-07-30,14.0,336.0,23.0,552.0
always_warn_control__vs_flood,flood,11.394_76.688,11.394,76.688,2020-08-18,1,2020-08-04,14.0,336.0,28.0,672.0
always_warn_control__vs_flood,flood,11.394_76.688,11.394,76.688,2020-12-09,1,2020-11-25,14.0,336.0,141.0,3384.0
always_warn_control__vs_flood,flood,11.615_76.371,11.615,76.371,2020-07-27,1,2020-07-21,6.0,144.0,6.0,144.0
always_warn_control__vs_flood,flood,11.615_76.371,11.615,76.371,2020-08-23,1,2020-08-09,14.0,336.0,33.0,792.0
always_warn_control__vs_flood,flood,11.615_76.371,11.615,76.371,2020-08-28,1,2020-08-14,14.0,336.0,38.0,912.0
always_warn_control__vs_flood,flood,11.615_76.371,11.615,76.371,2020-09-05,1,2020-08-22,14.0,336.0,46.0,1104.0
always_warn_control__vs_flood,flood,11.615_76.371,11.615,76.371,2020-09-07,1,2020-08-24,14.0,336.0,48.0,1152.0
always_warn_control__vs_flood,flood,11.615_76.371,11.615,76.371,2020-09-09,1,2020-08-26,14.0,336.0,50.0,1200.0
always_warn_control__vs_flood,flood,11.615_76.371,11.615,76.371,2020-09-19,1,2020-09-05,14.0,336.0,60.0,1440.0
always_warn_control__vs_flood,flood,11.615_76.371,11.615,76.371,2020-09-29,1,2020-09-15,14.0,336.0,70.0,1680.0
always_warn_control__vs_flood,flood,11.615_76.371,11.615,76.371,2020-12-05,1,2020-11-21,14.0,336.0,137.0,3288.0
always_warn_control__vs_flood,flood,11.842_76.104,11.842,76.104,2020-07-25,1,2020-07-21,4.0,96.0,4.0,96.0
always_warn_control__vs_flood,flood,11.842_76.104,11.842,76.104,2020-07-27,1,2020-07-21,6.0,144.0,6.0,144.0
always_warn_control__vs_flood,flood,11.842_76.104,11.842,76.104,2020-08-17,1,2020-08-03,14.0,336.0,27.0,648.0
always_warn_control__vs_flood,flood,11.842_76.104,11.842,76.104,2020-08-24,1,2020-08-10,14.0,336.0,34.0,816.0
always_warn_control__vs_flood,flood,11.842_76.104,11.842,76.104,2020-08-28,1,2020-08-14,14.0,336.0,38.0,912.0
always_warn_control__vs_flood,flood,11.842_76.104,11.842,76.104,2020-09-04,1,2020-08-21,14.0,336.0,45.0,1080.0
always_warn_control__vs_flood,flood,11.842_76.104,11.842,76.104,2020-09-06,1,2020-08-23,14.0,336.0,47.0,1128.0
always_warn_control__vs_flood,flood,11.842_76.104,11.842,76.104,2020-10-03,1,2020-09-19,14.0,336.0,74.0,1776.0
always_warn_control__vs_flood,flood,11.842_76.104,11.842,76.104,2020-11-11,1,2020-10-28,14.0,336.0,113.0,2712.0
always_warn_control__vs_flood,flood,11.842_76.104,11.842,76.104,2020-11-28,1,2020-11-14,14.0,336.0,130.0,3120.0
always_warn_control__vs_flood,flood,11.842_76.104,11.842,76.104,2020-12-18,1,2020-12-04,14.0,336.0,150.0,3600.0
always_warn_control__vs_flood,flood,9.283_76.774,9.283,76.774,2020-08-15,1,2020-08-01,14.0,336.0,25.0,600.0
always_warn_control__vs_flood,flood,9.283_76.774,9.283,76.774,2020-08-20,1,2020-08-06,14.0,336.0,30.0,720.0
always_warn_control__vs_flood,flood,9.283_76.774,9.283,76.774,2020-09-22,1,2020-09-08,14.0,336.0,63.0,1512.0
always_warn_control__vs_flood,flood,9.283_76.774,9.283,76.774,2020-10-06,1,2020-09-22,14.0,336.0,77.0,1848.0
always_warn_control__vs_flood,flood,9.283_76.774,9.283,76.774,2020-10-08,1,2020-09-24,14.0,336.0,79.0,1896.0
always_warn_control__vs_flood,flood,9.283_76.774,9.283,76.774,2020-10-31,1,2020-10-17,14.0,336.0,102.0,2448.0
always_warn_control__vs_flood,flood,9.283_76.774,9.283,76.774,2020-11-03,1,2020-10-20,14.0,336.0,105.0,2520.0
always_warn_control__vs_flood,flood,9.283_76.774,9.283,76.774,2020-11-28,1,2020-11-14,14.0,336.0,130.0,3120.0
always_warn_control__vs_flood,flood,9.283_76.774,9.283,76.774,2020-12-17,1,2020-12-03,14.0,336.0,149.0,3576.0
always_warn_control__vs_flood,flood,9.283_76.774,9.283,76.774,2020-12-21,1,2020-12-07,14.0,336.0,153.0,3672.0
always_warn_control__vs_flood,flood,9.283_76.774,9.283,76.774,2020-12-23,1,2020-12-09,14.0,336.0,155.0,3720.0
always_warn_control__vs_flood,flood,9.641_77.119,9.641,77.119,2020-07-21,1,2020-07-21,0.0,0.0,0.0,0.0
always_warn_control__vs_flood,flood,9.641_77.119,9.641,77.119,2020-07-25,1,2020-07-21,4.0,96.0,4.0,96.0
always_warn_control__vs_flood,flood,9.641_77.119,9.641,77.119,2020-09-22,1,2020-09-08,14.0,336.0,63.0,1512.0
always_warn_control__vs_flood,flood,9.641_77.119,9.641,77.119,2020-11-15,1,2020-11-01,14.0,336.0,117.0,2808.0
always_warn_control__vs_flood,flood,9.641_77.119,9.641,77.119,2020-12-02,1,2020-11-18,14.0,336.0,134.0,3216.0
always_warn_control__vs_flood,flood,9.986_77.463,9.986,77.463,2020-09-04,1,2020-08-21,14.0,336.0,45.0,1080.0
always_warn_control__vs_flood,flood,9.986_77.463,9.986,77.463,2020-09-23,1,2020-09-09,14.0,336.0,64.0,1536.0
always_warn_control__vs_flood,flood,9.986_77.463,9.986,77.463,2020-10-01,1,2020-09-17,14.0,336.0,72.0,1728.0
flood_only__vs_landslide,landslide,10.455_76.842,10.455,76.842,2020-09-07,1,2020-08-30,8.0,192.0,8.0,192.0
flood_only__vs_landslide,landslide,10.712_77.208,10.712,77.208,2020-07-22,0,,,,,
flood_only__vs_landslide,landslide,10.712_77.208,10.712,77.208,2020-07-27,0,,,,,
flood_only__vs_landslide,landslide,10.712_77.208,10.712,77.208,2020-08-05,0,,,,,
flood_only__vs_landslide,landslide,10.712_77.208,10.712,77.208,2020-08-12,0,,,,,
flood_only__vs_landslide,landslide,10.712_77.208,10.712,77.208,2020-08-14,1,2020-08-14,0.0,0.0,0.0,0.0
flood_only__vs_landslide,landslide,10.712_77.208,10.712,77.208,2020-10-09,0,,,,,
flood_only__vs_landslide,landslide,10.712_77.208,10.712,77.208,2020-10-26,0,,,,,
flood_only__vs_landslide,landslide,10.712_77.208,10.712,77.208,2020-11-10,1,2020-11-08,2.0,48.0,0.0,0.0
flood_only__vs_landslide,landslide,10.712_77.208,10.712,77.208,2020-12-14,0,,,,,
flood_only__vs_landslide,landslide,10.978_76.955,10.978,76.955,2020-07-23,0,,,,,
flood_only__vs_landslide,landslide,10.978_76.955,10.978,76.955,2020-07-27,0,,,,,
flood_only__vs_landslide,landslide,10.978_76.955,10.978,76.955,2020-08-05,0,,,,,
flood_only__vs_landslide,landslide,10.978_76.955,10.978,76.955,2020-08-07,0,,,,,
flood_only__vs_landslide,landslide,10.978_76.955,10.978,76.955,2020-08-11,0,,,,,
flood_only__vs_landslide,landslide,10.978_76.955,10.978,76.955,2020-09-01,0,,,,,
flood_only__vs_landslide,landslide,10.978_76.955,10.978,76.955,2020-10-13,0,,,,,
flood_only__vs_landslide,landslide,10.978_76.955,10.978,76.955,2020-10-15,0,,,,,
flood_only__vs_landslide,landslide,10.978_76.955,10.978,76.955,2020-11-03,0,,,,,
flood_only__vs_landslide,landslide,10.978_76.955,10.978,76.955,2020-11-07,0,,,,,
flood_only__vs_landslide,landslide,10.978_76.955,10.978,76.955,2020-11-09,0,,,,,
flood_only__vs_landslide,landslide,10.978_76.955,10.978,76.955,2020-11-29,0,,,,,
flood_only__vs_landslide,landslide,10.978_76.955,10.978,76.955,2020-12-12,0,,,,,
flood_only__vs_landslide,landslide,10.978_76.955,10.978,76.955,2020-12-17,0,,,,,
flood_only__vs_landslide,landslide,11.394_76.688,11.394,76.688,2020-07-28,0,,,,,
flood_only__vs_landslide,landslide,11.394_76.688,11.394,76.688,2020-07-30,1,2020-07-29,1.0,24.0,1.0,24.0
flood_only__vs_landslide,landslide,11.394_76.688,11.394,76.688,2020-08-27,0,,,,,
flood_only__vs_landslide,landslide,11.394_76.688,11.394,76.688,2020-09-04,0,,,,,
flood_only__vs_landslide,landslide,11.394_76.688,11.394,76.688,2020-10-27,0,,,,,
flood_only__vs_landslide,landslide,11.394_76.688,11.394,76.688,2020-11-03,0,,,,,
flood_only__vs_landslide,landslide,11.394_76.688,11.394,76.688,2020-11-17,0,,,,,
flood_only__vs_landslide,landslide,11.394_76.688,11.394,76.688,2020-11-30,0,,,,,
flood_only__vs_landslide,landslide,11.615_76.371,11.615,76.371,2020-07-24,1,2020-07-21,3.0,72.0,0.0,0.0
flood_only__vs_landslide,landslide,11.615_76.371,11.615,76.371,2020-07-30,1,2020-07-21,9.0,216.0,4.0,96.0
flood_only__vs_landslide,landslide,11.615_76.371,11.615,76.371,2020-08-01,1,2020-07-21,11.0,264.0,6.0,144.0
flood_only__vs_landslide,landslide,11.615_76.371,11.615,76.371,2020-09-09,1,2020-09-05,4.0,96.0,4.0,96.0
flood_only__vs_landslide,landslide,11.615_76.371,11.615,76.371,2020-10-26,0,,,,,
flood_only__vs_landslide,landslide,9.641_77.119,9.641,77.119,2020-07-24,1,2020-07-21,3.0,72.0,3.0,72.0
flood_only__vs_landslide,landslide,9.641_77.119,9.641,77.119,2020-10-06,1,2020-09-22,14.0,336.0,0.0,0.0
flood_only__vs_landslide,landslide,9.641_77.119,9.641,77.119,2020-11-07,1,2020-11-03,4.0,96.0,0.0,0.0
flood_only__vs_landslide,landslide,9.641_77.119,9.641,77.119,2020-11-21,0,,,,,
flood_only__vs_landslide,landslide,9.641_77.119,9.641,77.119,2020-12-17,1,2020-12-17,0.0,0.0,0.0,0.0
flood_only__vs_landslide,landslide,9.641_77.119,9.641,77.119,2020-12-22,1,2020-12-17,5.0,120.0,0.0,0.0
flood_only__vs_landslide,landslide,9.986_77.463,9.986,77.463,2020-08-04,1,2020-07-21,14.0,336.0,0.0,0.0
flood_only__vs_landslide,landslide,9.986_77.463,9.986,77.463,2020-08-15,0,,,,,
flood_only__vs_landslide,landslide,9.986_77.463,9.986,77.463,2020-09-21,0,,,,,
flood_only__vs_landslide,landslide,9.986_77.463,9.986,77.463,2020-09-26,0,,,,,
flood_only__vs_landslide,landslide,9.986_77.463,9.986,77.463,2020-10-30,0,,,,,
flood_only__vs_landslide,landslide,9.986_77.463,9.986,77.463,2020-11-06,0,,,,,
flood_only__vs_landslide,landslide,9.986_77.463,9.986,77.463,2020-11-15,0,,,,,
flood_only__vs_landslide,landslide,9.986_77.463,9.986,77.463,2020-12-17,0,,,,,
flood_only__vs_landslide,landslide,9.986_77.463,9.986,77.463,2020-12-30,0,,,,,
landslide_only__vs_landslide,landslide,10.455_76.842,10.455,76.842,2020-09-07,0,,,,,
landslide_only__vs_landslide,landslide,10.712_77.208,10.712,77.208,2020-07-22,0,,,,,
landslide_only__vs_landslide,landslide,10.712_77.208,10.712,77.208,2020-07-27,1,2020-07-27,0.0,0.0,0.0,0.0
landslide_only__vs_landslide,landslide,10.712_77.208,10.712,77.208,2020-08-05,1,2020-07-27,9.0,216.0,9.0,216.0
landslide_only__vs_landslide,landslide,10.712_77.208,10.712,77.208,2020-08-12,1,2020-07-29,14.0,336.0,16.0,384.0
landslide_only__vs_landslide,landslide,10.712_77.208,10.712,77.208,2020-08-14,1,2020-07-31,14.0,336.0,18.0,432.0
landslide_only__vs_landslide,landslide,10.712_77.208,10.712,77.208,2020-10-09,0,,,,,
landslide_only__vs_landslide,landslide,10.712_77.208,10.712,77.208,2020-10-26,0,,,,,
landslide_only__vs_landslide,landslide,10.712_77.208,10.712,77.208,2020-11-10,1,2020-11-07,3.0,72.0,3.0,72.0
landslide_only__vs_landslide,landslide,10.712_77.208,10.712,77.208,2020-12-14,0,,,,,
landslide_only__vs_landslide,landslide,10.978_76.955,10.978,76.955,2020-07-23,1,2020-07-21,2.0,48.0,2.0,48.0
landslide_only__vs_landslide,landslide,10.978_76.955,10.978,76.955,2020-07-27,1,2020-07-21,6.0,144.0,0.0,0.0
landslide_only__vs_landslide,landslide,10.978_76.955,10.978,76.955,2020-08-05,1,2020-07-22,14.0,336.0,9.0,216.0
landslide_only__vs_landslide,landslide,10.978_76.955,10.978,76.955,2020-08-07,1,2020-07-24,14.0,336.0,11.0,264.0
landslide_only__vs_landslide,landslide,10.978_76.955,10.978,76.955,2020-08-11,1,2020-07-28,14.0,336.0,15.0,360.0
landslide_only__vs_landslide,landslide,10.978_76.955,10.978,76.955,2020-09-01,1,2020-08-18,14.0,336.0,4.0,96.0
landslide_only__vs_landslide,landslide,10.978_76.955,10.978,76.955,2020-10-13,0,,,,,
landslide_only__vs_landslide,landslide,10.978_76.955,10.978,76.955,2020-10-15,0,,,,,
landslide_only__vs_landslide,landslide,10.978_76.955,10.978,76.955,2020-11-03,1,2020-10-20,14.0,336.0,0.0,0.0
landslide_only__vs_landslide,landslide,10.978_76.955,10.978,76.955,2020-11-07,1,2020-11-01,6.0,144.0,0.0,0.0
landslide_only__vs_landslide,landslide,10.978_76.955,10.978,76.955,2020-11-09,1,2020-11-01,8.0,192.0,2.0,48.0
landslide_only__vs_landslide,landslide,10.978_76.955,10.978,76.955,2020-11-29,1,2020-11-15,14.0,336.0,0.0,0.0
landslide_only__vs_landslide,landslide,10.978_76.955,10.978,76.955,2020-12-12,1,2020-11-29,13.0,312.0,0.0,0.0
landslide_only__vs_landslide,landslide,10.978_76.955,10.978,76.955,2020-12-17,1,2020-12-05,12.0,288.0,0.0,0.0
landslide_only__vs_landslide,landslide,11.394_76.688,11.394,76.688,2020-07-28,1,2020-07-21,7.0,168.0,2.0,48.0
landslide_only__vs_landslide,landslide,11.394_76.688,11.394,76.688,2020-07-30,1,2020-07-21,9.0,216.0,4.0,96.0
landslide_only__vs_landslide,landslide,11.394_76.688,11.394,76.688,2020-08-27,1,2020-08-13,14.0,336.0,0.0,0.0
landslide_only__vs_landslide,landslide,11.394_76.688,11.394,76.688,2020-09-04,1,2020-08-21,14.0,336.0,1.0,24.0
landslide_only__vs_landslide,landslide,11.394_76.688,11.394,76.688,2020-10-27,1,2020-10-13,14.0,336.0,0.0,0.0
landslide_only__vs_landslide,landslide,11.394_76.688,11.394,76.688,2020-11-03,1,2020-10-31,3.0,72.0,3.0,72.0
landslide_only__vs_landslide,landslide,11.394_76.688,11.394,76.688,2020-11-17,1,2020-11-03,14.0,336.0,0.0,0.0
landslide_only__vs_landslide,landslide,11.394_76.688,11.394,76.688,2020-11-30,0,,,,,
landslide_only__vs_landslide,landslide,11.615_76.371,11.615,76.371,2020-07-24,0,,,,,
landslide_only__vs_landslide,landslide,11.615_76.371,11.615,76.371,2020-07-30,1,2020-07-29,1.0,24.0,1.0,24.0
landslide_only__vs_landslide,landslide,11.615_76.371,11.615,76.371,2020-08-01,1,2020-07-29,3.0,72.0,3.0,72.0
landslide_only__vs_landslide,landslide,11.615_76.371,11.615,76.371,2020-09-09,1,2020-09-07,2.0,48.0,0.0,0.0
landslide_only__vs_landslide,landslide,11.615_76.371,11.615,76.371,2020-10-26,0,,,,,
landslide_only__vs_landslide,landslide,9.641_77.119,9.641,77.119,2020-07-24,1,2020-07-21,3.0,72.0,0.0,0.0
landslide_only__vs_landslide,landslide,9.641_77.119,9.641,77.119,2020-10-06,1,2020-09-22,14.0,336.0,0.0,0.0
landslide_only__vs_landslide,landslide,9.641_77.119,9.641,77.119,2020-11-07,1,2020-11-01,6.0,144.0,0.0,0.0
landslide_only__vs_landslide,landslide,9.641_77.119,9.641,77.119,2020-11-21,0,,,,,
landslide_only__vs_landslide,landslide,9.641_77.119,9.641,77.119,2020-12-17,1,2020-12-17,0.0,0.0,0.0,0.0
landslide_only__vs_landslide,landslide,9.641_77.119,9.641,77.119,2020-12-22,1,2020-12-17,5.0,120.0,0.0,0.0
landslide_only__vs_landslide,landslide,9.986_77.463,9.986,77.463,2020-08-04,1,2020-07-21,14.0,336.0,0.0,0.0
landslide_only__vs_landslide,landslide,9.986_77.463,9.986,77.463,2020-08-15,1,2020-08-15,0.0,0.0,0.0,0.0
landslide_only__vs_landslide,landslide,9.986_77.463,9.986,77.463,2020-09-21,1,2020-09-21,0.0,0.0,0.0,0.0
landslide_only__vs_landslide,landslide,9.986_77.463,9.986,77.463,2020-09-26,1,2020-09-21,5.0,120.0,5.0,120.0
landslide_only__vs_landslide,landslide,9.986_77.463,9.986,77.463,2020-10-30,1,2020-10-22,8.0,192.0,1.0,24.0
landslide_only__vs_landslide,landslide,9.986_77.463,9.986,77.463,2020-11-06,1,2020-10-24,13.0,312.0,0.0,0.0
landslide_only__vs_landslide,landslide,9.986_77.463,9.986,77.463,2020-11-15,1,2020-11-01,14.0,336.0,0.0,0.0
landslide_only__vs_landslide,landslide,9.986_77.463,9.986,77.463,2020-12-17,1,2020-12-16,1.0,24.0,1.0,24.0
landslide_only__vs_landslide,landslide,9.986_77.463,9.986,77.463,2020-12-30,1,2020-12-16,14.0,336.0,0.0,0.0
tcdl_coupled__vs_landslide,landslide,10.455_76.842,10.455,76.842,2020-09-07,1,2020-08-30,8.0,192.0,8.0,192.0
tcdl_coupled__vs_landslide,landslide,10.712_77.208,10.712,77.208,2020-07-22,1,2020-07-21,1.0,24.0,0.0,0.0
tcdl_coupled__vs_landslide,landslide,10.712_77.208,10.712,77.208,2020-07-27,1,2020-07-21,6.0,144.0,0.0,0.0
tcdl_coupled__vs_landslide,landslide,10.712_77.208,10.712,77.208,2020-08-05,1,2020-07-27,9.0,216.0,9.0,216.0
tcdl_coupled__vs_landslide,landslide,10.712_77.208,10.712,77.208,2020-08-12,1,2020-07-29,14.0,336.0,16.0,384.0
tcdl_coupled__vs_landslide,landslide,10.712_77.208,10.712,77.208,2020-08-14,1,2020-07-31,14.0,336.0,18.0,432.0
tcdl_coupled__vs_landslide,landslide,10.712_77.208,10.712,77.208,2020-10-09,1,2020-10-06,3.0,72.0,0.0,0.0
tcdl_coupled__vs_landslide,landslide,10.712_77.208,10.712,77.208,2020-10-26,0,,,,,
tcdl_coupled__vs_landslide,landslide,10.712_77.208,10.712,77.208,2020-11-10,1,2020-11-07,3.0,72.0,3.0,72.0
tcdl_coupled__vs_landslide,landslide,10.712_77.208,10.712,77.208,2020-12-14,1,2020-11-30,14.0,336.0,0.0,0.0
tcdl_coupled__vs_landslide,landslide,10.978_76.955,10.978,76.955,2020-07-23,1,2020-07-21,2.0,48.0,2.0,48.0
tcdl_coupled__vs_landslide,landslide,10.978_76.955,10.978,76.955,2020-07-27,1,2020-07-21,6.0,144.0,0.0,0.0
tcdl_coupled__vs_landslide,landslide,10.978_76.955,10.978,76.955,2020-08-05,1,2020-07-22,14.0,336.0,9.0,216.0
tcdl_coupled__vs_landslide,landslide,10.978_76.955,10.978,76.955,2020-08-07,1,2020-07-24,14.0,336.0,11.0,264.0
tcdl_coupled__vs_landslide,landslide,10.978_76.955,10.978,76.955,2020-08-11,1,2020-07-28,14.0,336.0,15.0,360.0
tcdl_coupled__vs_landslide,landslide,10.978_76.955,10.978,76.955,2020-09-01,1,2020-08-18,14.0,336.0,4.0,96.0
tcdl_coupled__vs_landslide,landslide,10.978_76.955,10.978,76.955,2020-10-13,0,,,,,
tcdl_coupled__vs_landslide,landslide,10.978_76.955,10.978,76.955,2020-10-15,0,,,,,
tcdl_coupled__vs_landslide,landslide,10.978_76.955,10.978,76.955,2020-11-03,1,2020-10-20,14.0,336.0,0.0,0.0
tcdl_coupled__vs_landslide,landslide,10.978_76.955,10.978,76.955,2020-11-07,1,2020-10-29,9.0,216.0,0.0,0.0
tcdl_coupled__vs_landslide,landslide,10.978_76.955,10.978,76.955,2020-11-09,1,2020-10-29,11.0,264.0,2.0,48.0
tcdl_coupled__vs_landslide,landslide,10.978_76.955,10.978,76.955,2020-11-29,1,2020-11-15,14.0,336.0,0.0,0.0
tcdl_coupled__vs_landslide,landslide,10.978_76.955,10.978,76.955,2020-12-12,1,2020-11-29,13.0,312.0,0.0,0.0
tcdl_coupled__vs_landslide,landslide,10.978_76.955,10.978,76.955,2020-12-17,1,2020-12-05,12.0,288.0,0.0,0.0
tcdl_coupled__vs_landslide,landslide,11.394_76.688,11.394,76.688,2020-07-28,1,2020-07-21,7.0,168.0,2.0,48.0
tcdl_coupled__vs_landslide,landslide,11.394_76.688,11.394,76.688,2020-07-30,1,2020-07-21,9.0,216.0,4.0,96.0
tcdl_coupled__vs_landslide,landslide,11.394_76.688,11.394,76.688,2020-08-27,1,2020-08-13,14.0,336.0,1.0,24.0
tcdl_coupled__vs_landslide,landslide,11.394_76.688,11.394,76.688,2020-09-04,1,2020-08-21,14.0,336.0,1.0,24.0
tcdl_coupled__vs_landslide,landslide,11.394_76.688,11.394,76.688,2020-10-27,1,2020-10-13,14.0,336.0,3.0,72.0
tcdl_coupled__vs_landslide,landslide,11.394_76.688,11.394,76.688,2020-11-03,1,2020-10-24,10.0,240.0,3.0,72.0
tcdl_coupled__vs_landslide,landslide,11.394_76.688,11.394,76.688,2020-11-17,1,2020-11-03,14.0,336.0,0.0,0.0
tcdl_coupled__vs_landslide,landslide,11.394_76.688,11.394,76.688,2020-11-30,0,,,,,
tcdl_coupled__vs_landslide,landslide,11.615_76.371,11.615,76.371,2020-07-24,1,2020-07-21,3.0,72.0,0.0,0.0
tcdl_coupled__vs_landslide,landslide,11.615_76.371,11.615,76.371,2020-07-30,1,2020-07-21,9.0,216.0,4.0,96.0
tcdl_coupled__vs_landslide,landslide,11.615_76.371,11.615,76.371,2020-08-01,1,2020-07-21,11.0,264.0,6.0,144.0
tcdl_coupled__vs_landslide,landslide,11.615_76.371,11.615,76.371,2020-09-09,1,2020-09-04,5.0,120.0,5.0,120.0
tcdl_coupled__vs_landslide,landslide,11.615_76.371,11.615,76.371,2020-10-26,0,,,,,
tcdl_coupled__vs_landslide,landslide,9.641_77.119,9.641,77.119,2020-07-24,1,2020-07-21,3.0,72.0,3.0,72.0
tcdl_coupled__vs_landslide,landslide,9.641_77.119,9.641,77.119,2020-10-06,1,2020-09-22,14.0,336.0,0.0,0.0
tcdl_coupled__vs_landslide,landslide,9.641_77.119,9.641,77.119,2020-11-07,1,2020-10-31,7.0,168.0,0.0,0.0
tcdl_coupled__vs_landslide,landslide,9.641_77.119,9.641,77.119,2020-11-21,0,,,,,
tcdl_coupled__vs_landslide,landslide,9.641_77.119,9.641,77.119,2020-12-17,1,2020-12-17,0.0,0.0,0.0,0.0
tcdl_coupled__vs_landslide,landslide,9.641_77.119,9.641,77.119,2020-12-22,1,2020-12-17,5.0,120.0,0.0,0.0
tcdl_coupled__vs_landslide,landslide,9.986_77.463,9.986,77.463,2020-08-04,1,2020-07-21,14.0,336.0,0.0,0.0
tcdl_coupled__vs_landslide,landslide,9.986_77.463,9.986,77.463,2020-08-15,1,2020-08-15,0.0,0.0,0.0,0.0
tcdl_coupled__vs_landslide,landslide,9.986_77.463,9.986,77.463,2020-09-21,1,2020-09-07,14.0,336.0,0.0,0.0
tcdl_coupled__vs_landslide,landslide,9.986_77.463,9.986,77.463,2020-09-26,1,2020-09-21,5.0,120.0,5.0,120.0
tcdl_coupled__vs_landslide,landslide,9.986_77.463,9.986,77.463,2020-10-30,1,2020-10-22,8.0,192.0,1.0,24.0
tcdl_coupled__vs_landslide,landslide,9.986_77.463,9.986,77.463,2020-11-06,1,2020-10-23,14.0,336.0,0.0,0.0
tcdl_coupled__vs_landslide,landslide,9.986_77.463,9.986,77.463,2020-11-15,1,2020-11-01,14.0,336.0,0.0,0.0
tcdl_coupled__vs_landslide,landslide,9.986_77.463,9.986,77.463,2020-12-17,1,2020-12-16,1.0,24.0,1.0,24.0
tcdl_coupled__vs_landslide,landslide,9.986_77.463,9.986,77.463,2020-12-30,1,2020-12-16,14.0,336.0,0.0,0.0
tcdl_coupling_rules_only__vs_landslide,landslide,10.455_76.842,10.455,76.842,2020-09-07,1,2020-08-31,7.0,168.0,0.0,0.0
tcdl_coupling_rules_only__vs_landslide,landslide,10.712_77.208,10.712,77.208,2020-07-22,1,2020-07-21,1.0,24.0,0.0,0.0
tcdl_coupling_rules_only__vs_landslide,landslide,10.712_77.208,10.712,77.208,2020-07-27,1,2020-07-21,6.0,144.0,0.0,0.0
tcdl_coupling_rules_only__vs_landslide,landslide,10.712_77.208,10.712,77.208,2020-08-05,1,2020-07-28,8.0,192.0,8.0,192.0
tcdl_coupling_rules_only__vs_landslide,landslide,10.712_77.208,10.712,77.208,2020-08-12,1,2020-07-29,14.0,336.0,15.0,360.0
tcdl_coupling_rules_only__vs_landslide,landslide,10.712_77.208,10.712,77.208,2020-08-14,1,2020-07-31,14.0,336.0,17.0,408.0
tcdl_coupling_rules_only__vs_landslide,landslide,10.712_77.208,10.712,77.208,2020-10-09,1,2020-10-06,3.0,72.0,0.0,0.0
tcdl_coupling_rules_only__vs_landslide,landslide,10.712_77.208,10.712,77.208,2020-10-26,0,,,,,
tcdl_coupling_rules_only__vs_landslide,landslide,10.712_77.208,10.712,77.208,2020-11-10,1,2020-11-07,3.0,72.0,3.0,72.0
tcdl_coupling_rules_only__vs_landslide,landslide,10.712_77.208,10.712,77.208,2020-12-14,1,2020-11-30,14.0,336.0,0.0,0.0
tcdl_coupling_rules_only__vs_landslide,landslide,10.978_76.955,10.978,76.955,2020-07-23,1,2020-07-21,2.0,48.0,0.0,0.0
tcdl_coupling_rules_only__vs_landslide,landslide,10.978_76.955,10.978,76.955,2020-07-27,1,2020-07-21,6.0,144.0,0.0,0.0
tcdl_coupling_rules_only__vs_landslide,landslide,10.978_76.955,10.978,76.955,2020-08-05,1,2020-07-28,8.0,192.0,0.0,0.0
tcdl_coupling_rules_only__vs_landslide,landslide,10.978_76.955,10.978,76.955,2020-08-07,1,2020-07-28,10.0,240.0,2.0,48.0
tcdl_coupling_rules_only__vs_landslide,landslide,10.978_76.955,10.978,76.955,2020-08-11,1,2020-07-28,14.0,336.0,6.0,144.0
tcdl_coupling_rules_only__vs_landslide,landslide,10.978_76.955,10.978,76.955,2020-09-01,1,2020-08-18,14.0,336.0,2.0,48.0
tcdl_coupling_rules_only__vs_landslide,landslide,10.978_76.955,10.978,76.955,2020-10-13,0,,,,,
tcdl_coupling_rules_only__vs_landslide,landslide,10.978_76.955,10.978,76.955,2020-10-15,0,,,,,
tcdl_coupling_rules_only__vs_landslide,landslide,10.978_76.955,10.978,76.955,2020-11-03,1,2020-10-20,14.0,336.0,0.0,0.0
tcdl_coupling_rules_only__vs_landslide,landslide,10.978_76.955,10.978,76.955,2020-11-07,1,2020-10-29,9.0,216.0,0.0,0.0
tcdl_coupling_rules_only__vs_landslide,landslide,10.978_76.955,10.978,76.955,2020-11-09,1,2020-10-29,11.0,264.0,1.0,24.0
tcdl_coupling_rules_only__vs_landslide,landslide,10.978_76.955,10.978,76.955,2020-11-29,1,2020-11-15,14.0,336.0,0.0,0.0
tcdl_coupling_rules_only__vs_landslide,landslide,10.978_76.955,10.978,76.955,2020-12-12,1,2020-11-30,12.0,288.0,0.0,0.0
tcdl_coupling_rules_only__vs_landslide,landslide,10.978_76.955,10.978,76.955,2020-12-17,1,2020-12-14,3.0,72.0,0.0,0.0
tcdl_coupling_rules_only__vs_landslide,landslide,11.394_76.688,11.394,76.688,2020-07-28,1,2020-07-21,7.0,168.0,1.0,24.0
tcdl_coupling_rules_only__vs_landslide,landslide,11.394_76.688,11.394,76.688,2020-07-30,1,2020-07-21,9.0,216.0,3.0,72.0
tcdl_coupling_rules_only__vs_landslide,landslide,11.394_76.688,11.394,76.688,2020-08-27,1,2020-08-13,14.0,336.0,0.0,0.0
tcdl_coupling_rules_only__vs_landslide,landslide,11.394_76.688,11.394,76.688,2020-09-04,1,2020-08-21,14.0,336.0,1.0,24.0
tcdl_coupling_rules_only__vs_landslide,landslide,11.394_76.688,11.394,76.688,2020-10-27,1,2020-10-13,14.0,336.0,3.0,72.0
tcdl_coupling_rules_only__vs_landslide,landslide,11.394_76.688,11.394,76.688,2020-11-03,1,2020-10-24,10.0,240.0,2.0,48.0
tcdl_coupling_rules_only__vs_landslide,landslide,11.394_76.688,11.394,76.688,2020-11-17,1,2020-11-03,14.0,336.0,0.0,0.0
tcdl_coupling_rules_only__vs_landslide,landslide,11.394_76.688,11.394,76.688,2020-11-30,0,,,,,
tcdl_coupling_rules_only__vs_landslide,landslide,11.615_76.371,11.615,76.371,2020-07-24,0,,,,,
tcdl_coupling_rules_only__vs_landslide,landslide,11.615_76.371,11.615,76.371,2020-07-30,1,2020-07-28,2.0,48.0,2.0,48.0
tcdl_coupling_rules_only__vs_landslide,landslide,11.615_76.371,11.615,76.371,2020-08-01,1,2020-07-28,4.0,96.0,4.0,96.0
tcdl_coupling_rules_only__vs_landslide,landslide,11.615_76.371,11.615,76.371,2020-09-09,1,2020-09-04,5.0,120.0,5.0,120.0
tcdl_coupling_rules_only__vs_landslide,landslide,11.615_76.371,11.615,76.371,2020-10-26,0,,,,,
tcdl_coupling_rules_only__vs_landslide,landslide,9.641_77.119,9.641,77.119,2020-07-24,1,2020-07-21,3.0,72.0,3.0,72.0
tcdl_coupling_rules_only__vs_landslide,landslide,9.641_77.119,9.641,77.119,2020-10-06,1,2020-09-22,14.0,336.0,0.0,0.0
tcdl_coupling_rules_only__vs_landslide,landslide,9.641_77.119,9.641,77.119,2020-11-07,1,2020-10-31,7.0,168.0,0.0,0.0
tcdl_coupling_rules_only__vs_landslide,landslide,9.641_77.119,9.641,77.119,2020-11-21,0,,,,,
tcdl_coupling_rules_only__vs_landslide,landslide,9.641_77.119,9.641,77.119,2020-12-17,1,2020-12-17,0.0,0.0,0.0,0.0
tcdl_coupling_rules_only__vs_landslide,landslide,9.641_77.119,9.641,77.119,2020-12-22,1,2020-12-17,5.0,120.0,0.0,0.0
tcdl_coupling_rules_only__vs_landslide,landslide,9.986_77.463,9.986,77.463,2020-08-04,1,2020-07-21,14.0,336.0,0.0,0.0
tcdl_coupling_rules_only__vs_landslide,landslide,9.986_77.463,9.986,77.463,2020-08-15,1,2020-08-15,0.0,0.0,0.0,0.0
tcdl_coupling_rules_only__vs_landslide,landslide,9.986_77.463,9.986,77.463,2020-09-21,1,2020-09-07,14.0,336.0,0.0,0.0
tcdl_coupling_rules_only__vs_landslide,landslide,9.986_77.463,9.986,77.463,2020-09-26,1,2020-09-21,5.0,120.0,5.0,120.0
tcdl_coupling_rules_only__vs_landslide,landslide,9.986_77.463,9.986,77.463,2020-10-30,1,2020-10-23,7.0,168.0,0.0,0.0
tcdl_coupling_rules_only__vs_landslide,landslide,9.986_77.463,9.986,77.463,2020-11-06,1,2020-10-23,14.0,336.0,0.0,0.0
tcdl_coupling_rules_only__vs_landslide,landslide,9.986_77.463,9.986,77.463,2020-11-15,1,2020-11-01,14.0,336.0,0.0,0.0
tcdl_coupling_rules_only__vs_landslide,landslide,9.986_77.463,9.986,77.463,2020-12-17,1,2020-12-16,1.0,24.0,1.0,24.0
tcdl_coupling_rules_only__vs_landslide,landslide,9.986_77.463,9.986,77.463,2020-12-30,1,2020-12-16,14.0,336.0,0.0,0.0
always_warn_control__vs_landslide,landslide,10.455_76.842,10.455,76.842,2020-09-07,1,2020-08-24,14.0,336.0,48.0,1152.0
always_warn_control__vs_landslide,landslide,10.712_77.208,10.712,77.208,2020-07-22,1,2020-07-21,1.0,24.0,1.0,24.0
always_warn_control__vs_landslide,landslide,10.712_77.208,10.712,77.208,2020-07-27,1,2020-07-21,6.0,144.0,6.0,144.0
always_warn_control__vs_landslide,landslide,10.712_77.208,10.712,77.208,2020-08-05,1,2020-07-22,14.0,336.0,15.0,360.0
always_warn_control__vs_landslide,landslide,10.712_77.208,10.712,77.208,2020-08-12,1,2020-07-29,14.0,336.0,22.0,528.0
always_warn_control__vs_landslide,landslide,10.712_77.208,10.712,77.208,2020-08-14,1,2020-07-31,14.0,336.0,24.0,576.0
always_warn_control__vs_landslide,landslide,10.712_77.208,10.712,77.208,2020-10-09,1,2020-09-25,14.0,336.0,80.0,1920.0
always_warn_control__vs_landslide,landslide,10.712_77.208,10.712,77.208,2020-10-26,1,2020-10-12,14.0,336.0,97.0,2328.0
always_warn_control__vs_landslide,landslide,10.712_77.208,10.712,77.208,2020-11-10,1,2020-10-27,14.0,336.0,112.0,2688.0
always_warn_control__vs_landslide,landslide,10.712_77.208,10.712,77.208,2020-12-14,1,2020-11-30,14.0,336.0,146.0,3504.0
always_warn_control__vs_landslide,landslide,10.978_76.955,10.978,76.955,2020-07-23,1,2020-07-21,2.0,48.0,2.0,48.0
always_warn_control__vs_landslide,landslide,10.978_76.955,10.978,76.955,2020-07-27,1,2020-07-21,6.0,144.0,6.0,144.0
always_warn_control__vs_landslide,landslide,10.978_76.955,10.978,76.955,2020-08-05,1,2020-07-22,14.0,336.0,15.0,360.0
always_warn_control__vs_landslide,landslide,10.978_76.955,10.978,76.955,2020-08-07,1,2020-07-24,14.0,336.0,17.0,408.0
always_warn_control__vs_landslide,landslide,10.978_76.955,10.978,76.955,2020-08-11,1,2020-07-28,14.0,336.0,21.0,504.0
always_warn_control__vs_landslide,landslide,10.978_76.955,10.978,76.955,2020-09-01,1,2020-08-18,14.0,336.0,42.0,1008.0
always_warn_control__vs_landslide,landslide,10.978_76.955,10.978,76.955,2020-10-13,1,2020-09-29,14.0,336.0,84.0,2016.0
always_warn_control__vs_landslide,landslide,10.978_76.955,10.978,76.955,2020-10-15,1,2020-10-01,14.0,336.0,86.0,2064.0
always_warn_control__vs_landslide,landslide,10.978_76.955,10.978,76.955,2020-11-03,1,2020-10-20,14.0,336.0,105.0,2520.0
always_warn_control__vs_landslide,landslide,10.978_76.955,10.978,76.955,2020-11-07,1,2020-10-24,14.0,336.0,109.0,2616.0
always_warn_control__vs_landslide,landslide,10.978_76.955,10.978,76.955,2020-11-09,1,2020-10-26,14.0,336.0,111.0,2664.0
always_warn_control__vs_landslide,landslide,10.978_76.955,10.978,76.955,2020-11-29,1,2020-11-15,14.0,336.0,131.0,3144.0
always_warn_control__vs_landslide,landslide,10.978_76.955,10.978,76.955,2020-12-12,1,2020-11-28,14.0,336.0,144.0,3456.0
always_warn_control__vs_landslide,landslide,10.978_76.955,10.978,76.955,2020-12-17,1,2020-12-03,14.0,336.0,149.0,3576.0
always_warn_control__vs_landslide,landslide,11.394_76.688,11.394,76.688,2020-07-28,1,2020-07-21,7.0,168.0,7.0,168.0
always_warn_control__vs_landslide,landslide,11.394_76.688,11.394,76.688,2020-07-30,1,2020-07-21,9.0,216.0,9.0,216.0
always_warn_control__vs_landslide,landslide,11.394_76.688,11.394,76.688,2020-08-27,1,2020-08-13,14.0,336.0,37.0,888.0
always_warn_control__vs_landslide,landslide,11.394_76.688,11.394,76.688,2020-09-04,1,2020-08-21,14.0,336.0,45.0,1080.0
always_warn_control__vs_landslide,landslide,11.394_76.688,11.394,76.688,2020-10-27,1,2020-10-13,14.0,336.0,98.0,2352.0
always_warn_control__vs_landslide,landslide,11.394_76.688,11.394,76.688,2020-11-03,1,2020-10-20,14.0,336.0,105.0,2520.0
always_warn_control__vs_landslide,landslide,11.394_76.688,11.394,76.688,2020-11-17,1,2020-11-03,14.0,336.0,119.0,2856.0
always_warn_control__vs_landslide,landslide,11.394_76.688,11.394,76.688,2020-11-30,1,2020-11-16,14.0,336.0,132.0,3168.0
always_warn_control__vs_landslide,landslide,11.615_76.371,11.615,76.371,2020-07-24,1,2020-07-21,3.0,72.0,3.0,72.0
always_warn_control__vs_landslide,landslide,11.615_76.371,11.615,76.371,2020-07-30,1,2020-07-21,9.0,216.0,9.0,216.0
always_warn_control__vs_landslide,landslide,11.615_76.371,11.615,76.371,2020-08-01,1,2020-07-21,11.0,264.0,11.0,264.0
always_warn_control__vs_landslide,landslide,11.615_76.371,11.615,76.371,2020-09-09,1,2020-08-26,14.0,336.0,50.0,1200.0
always_warn_control__vs_landslide,landslide,11.615_76.371,11.615,76.371,2020-10-26,1,2020-10-12,14.0,336.0,97.0,2328.0
always_warn_control__vs_landslide,landslide,9.641_77.119,9.641,77.119,2020-07-24,1,2020-07-21,3.0,72.0,3.0,72.0
always_warn_control__vs_landslide,landslide,9.641_77.119,9.641,77.119,2020-10-06,1,2020-09-22,14.0,336.0,77.0,1848.0
always_warn_control__vs_landslide,landslide,9.641_77.119,9.641,77.119,2020-11-07,1,2020-10-24,14.0,336.0,109.0,2616.0
always_warn_control__vs_landslide,landslide,9.641_77.119,9.641,77.119,2020-11-21,1,2020-11-07,14.0,336.0,123.0,2952.0
always_warn_control__vs_landslide,landslide,9.641_77.119,9.641,77.119,2020-12-17,1,2020-12-03,14.0,336.0,149.0,3576.0
always_warn_control__vs_landslide,landslide,9.641_77.119,9.641,77.119,2020-12-22,1,2020-12-08,14.0,336.0,154.0,3696.0
always_warn_control__vs_landslide,landslide,9.986_77.463,9.986,77.463,2020-08-04,1,2020-07-21,14.0,336.0,14.0,336.0
always_warn_control__vs_landslide,landslide,9.986_77.463,9.986,77.463,2020-08-15,1,2020-08-01,14.0,336.0,25.0,600.0
always_warn_control__vs_landslide,landslide,9.986_77.463,9.986,77.463,2020-09-21,1,2020-09-07,14.0,336.0,62.0,1488.0
always_warn_control__vs_landslide,landslide,9.986_77.463,9.986,77.463,2020-09-26,1,2020-09-12,14.0,336.0,67.0,1608.0
always_warn_control__vs_landslide,landslide,9.986_77.463,9.986,77.463,2020-10-30,1,2020-10-16,14.0,336.0,101.0,2424.0
always_warn_control__vs_landslide,landslide,9.986_77.463,9.986,77.463,2020-11-06,1,2020-10-23,14.0,336.0,108.0,2592.0
always_warn_control__vs_landslide,landslide,9.986_77.463,9.986,77.463,2020-11-15,1,2020-11-01,14.0,336.0,117.0,2808.0
always_warn_control__vs_landslide,landslide,9.986_77.463,9.986,77.463,2020-12-17,1,2020-12-03,14.0,336.0,149.0,3576.0
always_warn_control__vs_landslide,landslide,9.986_77.463,9.986,77.463,2020-12-30,1,2020-12-16,14.0,336.0,162.0,3888.0
