{"type":"FeatureCollection","name":"Kerala district boundaries","source":"OpenStreetMap via github.com/opendatakerala/kl_district","license":"ODbL 1.0 (c) OpenStreetMap contributors","note":"Filtered to admin_level=5 administrative polygons; coordinates rounded to 5dp.","features":[{"type":"Feature","properties":{"district":"Alappuzha","name_ml":"ആലപ്പുഴ ജില്ല","wikidata":"Q928959","admin_level":5},"geometry":{"type":"Polygon","coordinates":[[[76.45957,9.13721],[76.45879,9.13649],[76.45816,9.13593],[76.45804,9.13591],[76.45799,9.13584],[76.45801,9.13576],[76.46029,9.13486],[76.4611,9.13474],[76.46159,9.13466],[76.46222,9.13454],[76.46232,9.13446],[76.46262,9.13409],[76.46303,9.13357],[76.46357,9.13286],[76.46454,9.13134],[76.46482,9.13084],[76.46518,9.1302],[76.46573,9.12916],[76.46592,9.1288],[76.46657,9.12748],[76.46731,9.1275],[76.46873,9.12746],[76.47055,9.12733],[76.47263,9.12716],[76.47495,9.12767],[76.47725,9.12792],[76.4791,9.12791],[76.48286,9.12674],[76.48538,9.12623],[76.48688,9.12676],[76.48871,9.12621],[76.48993,9.12616],[76.49141,9.12534],[76.49169,9.12428],[76.49379,9.12445],[76.49636,9.1247],[76.49797,9.12496],[76.50075,9.12532],[76.50173,9.12528],[76.50244,9.1253],[76.50408,9.12518],[76.50698,9.1252],[76.50642,9.12615],[76.50602,9.12703],[76.5054,9.12923],[76.50465,9.1311],[76.504,9.13299],[76.50338,9.13463],[76.50492,9.13499],[76.50618,9.13586],[76.50787,9.13631],[76.50932,9.13699],[76.51157,9.13688],[76.51229,9.13703],[76.51293,9.13708],[76.51435,9.13733],[76.51679,9.13741],[76.51907,9.13703],[76.52192,9.13657],[76.52469,9.13561],[76.5272,9.13555],[76.52894,9.13502],[76.52986,9.13411],[76.53267,9.13458],[76.53553,9.13502],[76.53707,9.13472],[76.53868,9.13455],[76.53904,9.13415],[76.5396,9.13362],[76.54025,9.1343],[76.54368,9.13492],[76.54404,9.13294],[76.54308,9.1307],[76.5428,9.12864],[76.54404,9.12767],[76.54437,9.12642],[76.54426,9.12519],[76.54593,9.12519],[76.54752,9.12553],[76.54831,9.12347],[76.54881,9.12165],[76.54909,9.12057],[76.54945,9.11962],[76.54967,9.11845],[76.55,9.11758],[76.5494,9.11521],[76.55164,9.11014],[76.56252,9.11086],[76.5684,9.1121],[76.57195,9.11653],[76.57707,9.11629],[76.58329,9.11667],[76.58359,9.11771],[76.58466,9.1215],[76.58863,9.12233],[76.5884,9.12629],[76.59071,9.13222],[76.59284,9.13224],[76.59852,9.13222],[76.60057,9.13166],[76.60268,9.13108],[76.6035,9.13085],[76.60614,9.13013],[76.61281,9.13139],[76.61551,9.1319],[76.6176,9.13504],[76.62232,9.13878],[76.62689,9.13828],[76.63138,9.13993],[76.6346,9.14234],[76.63642,9.14477],[76.6359,9.14769],[76.63749,9.14941],[76.6391,9.15116],[76.64775,9.15095],[76.6516,9.15114],[76.65313,9.15277],[76.65852,9.15095],[76.66145,9.15059],[76.66852,9.15197],[76.67281,9.1546],[76.67167,9.16165],[76.67117,9.16532],[76.67268,9.17057],[76.67869,9.17375],[76.68714,9.16979],[76.69113,9.17865],[76.68759,9.18044],[76.68367,9.18124],[76.68097,9.1826],[76.67796,9.18429],[76.67595,9.18934],[76.67594,9.19026],[76.67617,9.19072],[76.67659,9.19112],[76.67694,9.19196],[76.67708,9.19305],[76.67698,9.1939],[76.6752,9.19484],[76.67484,9.19492],[76.6738,9.19489],[76.67264,9.19473],[76.67165,9.19514],[76.67135,9.19534],[76.67119,9.1957],[76.67081,9.19614],[76.66935,9.19807],[76.66893,9.19892],[76.66831,9.20004],[76.66815,9.20008],[76.66801,9.20011],[76.66722,9.19991],[76.66597,9.20016],[76.66405,9.20047],[76.66346,9.20048],[76.66188,9.2009],[76.66069,9.20136],[76.66032,9.20174],[76.66016,9.20218],[76.65899,9.20351],[76.65868,9.20351],[76.65782,9.20346],[76.65763,9.20373],[76.6574,9.2046],[76.65647,9.20441],[76.65259,9.20399],[76.65143,9.20434],[76.65066,9.20482],[76.64883,9.20621],[76.64763,9.20768],[76.6473,9.20849],[76.64664,9.20966],[76.64625,9.21035],[76.64533,9.22305],[76.64218,9.22786],[76.63934,9.23079],[76.63918,9.23406],[76.64225,9.2343],[76.64545,9.23663],[76.64642,9.23734],[76.64749,9.2376],[76.64855,9.23646],[76.64971,9.23616],[76.65104,9.23665],[76.65384,9.23742],[76.65396,9.23894],[76.65388,9.24055],[76.65559,9.24186],[76.65657,9.24336],[76.65669,9.24355],[76.65671,9.24356],[76.65717,9.24902],[76.65633,9.25674],[76.65292,9.25852],[76.65316,9.25916],[76.65382,9.2609],[76.65473,9.26177],[76.66183,9.26387],[76.66188,9.26724],[76.66495,9.26659],[76.66796,9.26918],[76.66762,9.27374],[76.67487,9.27905],[76.67511,9.27922],[76.67564,9.28206],[76.67509,9.28375],[76.67423,9.28725],[76.67369,9.28787],[76.67231,9.28839],[76.67047,9.2895],[76.66434,9.28996],[76.65981,9.28864],[76.65163,9.28947],[76.65224,9.29259],[76.65237,9.29325],[76.65233,9.29465],[76.65025,9.30169],[76.64886,9.30573],[76.6502,9.30874],[76.64865,9.31103],[76.64789,9.31114],[76.64361,9.31178],[76.64333,9.31274],[76.64295,9.31403],[76.64249,9.31557],[76.64168,9.31834],[76.64069,9.32168],[76.64009,9.32281],[76.63877,9.32531],[76.63568,9.32622],[76.63535,9.32731],[76.63639,9.32828],[76.63847,9.3293],[76.63983,9.33118],[76.64125,9.33241],[76.64039,9.33532],[76.6413,9.33852],[76.64207,9.34133],[76.63577,9.34241],[76.62798,9.34258],[76.62785,9.3415],[76.62699,9.33893],[76.62475,9.33927],[76.62037,9.34],[76.61913,9.3407],[76.61903,9.34075],[76.61888,9.34084],[76.61887,9.34084],[76.6168,9.34195],[76.61553,9.34233],[76.61414,9.34274],[76.61146,9.34419],[76.60836,9.34388],[76.60681,9.34531],[76.6035,9.346],[76.6009,9.34762],[76.59849,9.34752],[76.59642,9.34792],[76.59494,9.35105],[76.59418,9.35233],[76.59169,9.35099],[76.59039,9.35063],[76.58887,9.35107],[76.58831,9.35159],[76.58766,9.3516],[76.58696,9.35028],[76.58555,9.3483],[76.5836,9.34842],[76.58194,9.3472],[76.5812,9.34785],[76.57939,9.34999],[76.57786,9.35353],[76.57403,9.3545],[76.57236,9.35645],[76.56683,9.35638],[76.56439,9.35506],[76.56303,9.35476],[76.56172,9.35348],[76.56171,9.35177],[76.56101,9.35113],[76.55933,9.34959],[76.55624,9.34914],[76.55377,9.35132],[76.5528,9.35156],[76.55141,9.35085],[76.55091,9.35],[76.5516,9.3483],[76.55275,9.34694],[76.55734,9.3451],[76.55939,9.34446],[76.56052,9.34353],[76.56017,9.34229],[76.55643,9.34066],[76.55555,9.33852],[76.55256,9.33496],[76.55336,9.33135],[76.55266,9.32729],[76.55199,9.32574],[76.55118,9.32471],[76.55008,9.32444],[76.54801,9.32479],[76.54588,9.32495],[76.54241,9.32211],[76.54081,9.32219],[76.53747,9.32205],[76.536,9.32235],[76.53539,9.32269],[76.53363,9.3242],[76.53338,9.32484],[76.53332,9.32497],[76.53329,9.32504],[76.53247,9.32712],[76.53235,9.32898],[76.53216,9.32957],[76.53131,9.32978],[76.52964,9.3286],[76.52818,9.32699],[76.52611,9.3264],[76.51926,9.32737],[76.51185,9.32623],[76.50541,9.32463],[76.50009,9.32351],[76.49729,9.32414],[76.49551,9.32514],[76.49421,9.32638],[76.49384,9.3267],[76.49145,9.32814],[76.49015,9.32867],[76.48845,9.32905],[76.48689,9.32915],[76.4848,9.32923],[76.48117,9.32835],[76.475,9.32827],[76.47428,9.32916],[76.47442,9.33106],[76.47336,9.33166],[76.47372,9.33325],[76.47624,9.33599],[76.47674,9.33653],[76.4778,9.33665],[76.47936,9.33743],[76.48172,9.33939],[76.48243,9.34065],[76.48382,9.3431],[76.48395,9.34332],[76.48334,9.34508],[76.48391,9.3455],[76.48624,9.34595],[76.48759,9.3468],[76.4888,9.34712],[76.49073,9.34685],[76.49376,9.34697],[76.49627,9.347],[76.49727,9.34807],[76.49796,9.34835],[76.50053,9.35027],[76.50292,9.35044],[76.50563,9.35141],[76.50813,9.3538],[76.50898,9.35471],[76.51156,9.35467],[76.51282,9.35379],[76.51357,9.35409],[76.51335,9.35615],[76.51379,9.3583],[76.51375,9.36065],[76.51371,9.36269],[76.51525,9.36317],[76.51657,9.36538],[76.51761,9.36597],[76.51972,9.36543],[76.52233,9.36488],[76.52403,9.36527],[76.52424,9.3668],[76.52381,9.36862],[76.51944,9.36924],[76.51501,9.37],[76.51474,9.37268],[76.51315,9.37332],[76.51096,9.37512],[76.51008,9.37815],[76.51131,9.38185],[76.51146,9.38199],[76.51202,9.38254],[76.51192,9.38402],[76.5117,9.38485],[76.5113,9.3864],[76.51263,9.38776],[76.51379,9.38939],[76.51372,9.39059],[76.51156,9.39079],[76.51078,9.39229],[76.51111,9.39525],[76.51477,9.40026],[76.51231,9.40036],[76.51104,9.40134],[76.50963,9.40217],[76.5084,9.40263],[76.50722,9.40293],[76.50646,9.40335],[76.50591,9.40355],[76.50547,9.40485],[76.50584,9.40595],[76.50665,9.40647],[76.50677,9.40747],[76.50645,9.40822],[76.50574,9.40937],[76.50557,9.40979],[76.50537,9.41135],[76.50551,9.41227],[76.50563,9.41302],[76.50634,9.41479],[76.50687,9.4161],[76.50854,9.41872],[76.50853,9.42224],[76.50618,9.42427],[76.50792,9.42907],[76.50479,9.4294],[76.50472,9.42941],[76.50385,9.4295],[76.51119,9.43628],[76.50951,9.43736],[76.50877,9.43784],[76.5084,9.43802],[76.50677,9.43884],[76.50386,9.43896],[76.49957,9.44003],[76.49647,9.43998],[76.49437,9.44415],[76.4972,9.4469],[76.49737,9.44935],[76.49772,9.4544],[76.50016,9.46185],[76.50108,9.46281],[76.50527,9.46722],[76.50561,9.47717],[76.50849,9.47797],[76.50641,9.4867],[76.50955,9.48846],[76.51488,9.48752],[76.51578,9.48832],[76.51324,9.49185],[76.51273,9.49413],[76.51224,9.49544],[76.51134,9.49785],[76.50997,9.4995],[76.50672,9.50411],[76.50621,9.5041],[76.49839,9.50389],[76.49524,9.50722],[76.49289,9.50736],[76.48977,9.50902],[76.4849,9.50834],[76.48302,9.50808],[76.48259,9.52841],[76.47871,9.53748],[76.46528,9.54205],[76.4655,9.56129],[76.45117,9.55694],[76.43499,9.55216],[76.42608,9.54949],[76.42253,9.55645],[76.41543,9.5583],[76.41511,9.56309],[76.40492,9.55919],[76.40444,9.55349],[76.39185,9.5481],[76.39207,9.55188],[76.39351,9.57676],[76.39498,9.58979],[76.39617,9.60217],[76.39822,9.62489],[76.39844,9.62887],[76.39865,9.63242],[76.39915,9.63665],[76.39953,9.63976],[76.39935,9.64058],[76.39786,9.64742],[76.39648,9.65383],[76.39725,9.66097],[76.39852,9.66921],[76.40004,9.67353],[76.40149,9.67765],[76.40228,9.68603],[76.40089,9.6866],[76.39853,9.68759],[76.37624,9.69686],[76.37622,9.69914],[76.37618,9.70567],[76.37803,9.71701],[76.37998,9.72573],[76.38043,9.72773],[76.38046,9.73424],[76.38,9.73856],[76.38131,9.74383],[76.38086,9.74869],[76.37888,9.75709],[76.37359,9.76825],[76.37229,9.77223],[76.37137,9.77576],[76.37047,9.77916],[76.36813,9.78504],[76.3674,9.78705],[76.36565,9.79189],[76.36601,9.79468],[76.36633,9.79819],[76.36813,9.80166],[76.3735,9.80767],[76.3755,9.80987],[76.37916,9.81388],[76.38097,9.81653],[76.38159,9.8198],[76.38034,9.82318],[76.37827,9.82979],[76.37775,9.83147],[76.37262,9.83673],[76.37009,9.84182],[76.37002,9.84482],[76.37058,9.85108],[76.36941,9.86],[76.36224,9.87222],[76.35644,9.88032],[76.35307,9.88345],[76.34337,9.87961],[76.33869,9.87834],[76.33532,9.87761],[76.32957,9.87903],[76.32208,9.88123],[76.31606,9.88234],[76.30942,9.88478],[76.30421,9.88937],[76.30172,9.89029],[76.2992,9.89101],[76.29508,9.89098],[76.29284,9.89056],[76.29289,9.88554],[76.29362,9.87771],[76.29793,9.8509],[76.29423,9.85065],[76.2861,9.8501],[76.28526,9.84752],[76.28537,9.8446],[76.28271,9.83452],[76.28073,9.82923],[76.28154,9.823],[76.28243,9.81961],[76.2872,9.81754],[76.28795,9.81482],[76.28868,9.81219],[76.2902,9.80906],[76.28348,9.80432],[76.28297,9.80397],[76.28451,9.79026],[76.27946,9.78789],[76.27994,9.78496],[76.2812,9.7774],[76.28181,9.77369],[76.27952,9.77513],[76.27969,9.77418],[76.27992,9.77285],[76.27989,9.77272],[76.27988,9.77261],[76.27996,9.7721],[76.27996,9.77173],[76.28019,9.77048],[76.28044,9.7688],[76.28055,9.76799],[76.28064,9.76734],[76.28068,9.76728],[76.28072,9.76725],[76.28079,9.76703],[76.28116,9.76512],[76.2813,9.76445],[76.28135,9.7641],[76.28135,9.76395],[76.2815,9.76295],[76.28165,9.76222],[76.28186,9.76065],[76.28218,9.75839],[76.28271,9.75499],[76.28295,9.75331],[76.28313,9.75204],[76.28322,9.75165],[76.28335,9.75107],[76.2835,9.75072],[76.28377,9.75002],[76.28383,9.74923],[76.28383,9.7492],[76.28379,9.74842],[76.28374,9.74801],[76.28379,9.74714],[76.28394,9.7457],[76.28413,9.7439],[76.28438,9.74183],[76.28467,9.73857],[76.28481,9.73704],[76.28484,9.73646],[76.28485,9.73638],[76.28489,9.73633],[76.28493,9.73609],[76.28504,9.73515],[76.28528,9.7323],[76.28541,9.73111],[76.28569,9.72865],[76.28585,9.72711],[76.28591,9.72624],[76.286,9.7252],[76.28614,9.72386],[76.28629,9.72245],[76.28651,9.72053],[76.28663,9.71945],[76.28666,9.719],[76.28672,9.71833],[76.28688,9.7166],[76.28696,9.71516],[76.28713,9.71286],[76.28728,9.71062],[76.28735,9.70938],[76.28742,9.70851],[76.28753,9.70761],[76.28763,9.70691],[76.28774,9.70574],[76.28813,9.7024],[76.2882,9.70081],[76.28826,9.69946],[76.28836,9.69724],[76.28847,9.69455],[76.28874,9.69151],[76.2889,9.69009],[76.28923,9.68805],[76.28946,9.68655],[76.2896,9.6858],[76.28986,9.68429],[76.28988,9.68419],[76.29008,9.68308],[76.29037,9.68174],[76.29058,9.68053],[76.29077,9.67942],[76.29079,9.67777],[76.29083,9.67774],[76.29098,9.67677],[76.29104,9.67608],[76.29104,9.67579],[76.29093,9.67535],[76.29072,9.67498],[76.29039,9.67494],[76.28991,9.67487],[76.28978,9.67486],[76.28976,9.67475],[76.28993,9.67459],[76.29039,9.673],[76.29085,9.67159],[76.29104,9.67088],[76.2911,9.67059],[76.29109,9.67013],[76.29091,9.66972],[76.29082,9.66954],[76.29067,9.66948],[76.29019,9.66942],[76.29017,9.66937],[76.2902,9.6693],[76.29033,9.66908],[76.29081,9.66784],[76.29113,9.66648],[76.29126,9.66586],[76.29138,9.66512],[76.29146,9.66464],[76.29159,9.66383],[76.2917,9.66283],[76.29192,9.66037],[76.29203,9.65868],[76.29216,9.65732],[76.29258,9.65462],[76.29263,9.65406],[76.29271,9.65325],[76.2929,9.65174],[76.29302,9.65082],[76.29355,9.6459],[76.2938,9.64359],[76.29423,9.64024],[76.29458,9.63769],[76.29487,9.63557],[76.29509,9.63399],[76.29528,9.63292],[76.29529,9.63221],[76.29529,9.63201],[76.29537,9.63188],[76.29561,9.63066],[76.29562,9.63035],[76.29556,9.63005],[76.29543,9.62948],[76.29536,9.62929],[76.2953,9.62887],[76.29531,9.628],[76.29571,9.62572],[76.29575,9.62538],[76.29575,9.62516],[76.29571,9.62489],[76.29568,9.62457],[76.29558,9.6242],[76.29542,9.62356],[76.29479,9.62345],[76.29466,9.62343],[76.29409,9.62333],[76.29378,9.62323],[76.29382,9.62317],[76.29398,9.62319],[76.29456,9.62332],[76.29469,9.6229],[76.29476,9.62258],[76.29397,9.62243],[76.29399,9.6223],[76.29422,9.62232],[76.29443,9.622],[76.29486,9.62102],[76.2953,9.61975],[76.29566,9.61807],[76.29725,9.60637],[76.29727,9.60625],[76.29799,9.60235],[76.29824,9.60077],[76.29847,9.59936],[76.29922,9.5944],[76.29974,9.59101],[76.30019,9.58847],[76.30018,9.58839],[76.30091,9.58296],[76.3009,9.58277],[76.30124,9.58092],[76.30157,9.57859],[76.30193,9.57691],[76.30215,9.57542],[76.30273,9.57214],[76.30279,9.57169],[76.30294,9.57038],[76.30314,9.56896],[76.30346,9.56732],[76.30352,9.56661],[76.30374,9.5651],[76.30402,9.56396],[76.30425,9.56277],[76.3046,9.56097],[76.30496,9.55923],[76.3053,9.55714],[76.30551,9.55589],[76.30578,9.55449],[76.30613,9.55289],[76.30636,9.5521],[76.30643,9.55182],[76.30647,9.55159],[76.30644,9.55123],[76.3064,9.55115],[76.30629,9.55108],[76.30624,9.551],[76.30628,9.55034],[76.30631,9.5497],[76.30659,9.54795],[76.30677,9.54708],[76.30692,9.54611],[76.30698,9.5457],[76.30718,9.54523],[76.30731,9.54495],[76.3075,9.54434],[76.30755,9.54414],[76.30749,9.54393],[76.30748,9.5439],[76.30746,9.54379],[76.30746,9.54367],[76.30751,9.54341],[76.3077,9.54232],[76.30794,9.54096],[76.30817,9.53986],[76.3084,9.53924],[76.30892,9.53681],[76.30921,9.53492],[76.30924,9.53431],[76.30939,9.53344],[76.30945,9.53259],[76.30951,9.53186],[76.30974,9.5307],[76.30983,9.52988],[76.30992,9.52967],[76.31002,9.52954],[76.31005,9.52944],[76.31006,9.52928],[76.31001,9.52896],[76.31025,9.52742],[76.31066,9.52518],[76.31073,9.52501],[76.31081,9.52483],[76.31083,9.52454],[76.31098,9.52372],[76.31104,9.52328],[76.31112,9.52277],[76.3113,9.52177],[76.31136,9.52166],[76.31149,9.52147],[76.3116,9.52117],[76.31176,9.52067],[76.31189,9.52026],[76.31208,9.51958],[76.31218,9.5193],[76.31224,9.51906],[76.31225,9.51887],[76.31214,9.51862],[76.31204,9.51856],[76.31202,9.51848],[76.31202,9.5184],[76.31207,9.51813],[76.3121,9.51794],[76.31216,9.51757],[76.31235,9.51652],[76.31261,9.51532],[76.31271,9.51509],[76.31281,9.51494],[76.31291,9.5145],[76.31312,9.51365],[76.3131,9.51335],[76.31304,9.51321],[76.31299,9.51286],[76.31307,9.51245],[76.31317,9.5121],[76.31318,9.51186],[76.31332,9.51096],[76.31359,9.50972],[76.31397,9.5083],[76.31414,9.50772],[76.31428,9.507],[76.31443,9.50644],[76.31526,9.50276],[76.31532,9.50241],[76.31546,9.50183],[76.31595,9.49922],[76.31599,9.49887],[76.31727,9.49324],[76.31866,9.48736],[76.31902,9.48554],[76.31992,9.48172],[76.3204,9.4798],[76.32081,9.47825],[76.32166,9.47466],[76.32204,9.47322],[76.32245,9.47131],[76.32323,9.46802],[76.32364,9.4658],[76.32389,9.46486],[76.324,9.46445],[76.32484,9.46071],[76.32577,9.45702],[76.327,9.4521],[76.32825,9.44781],[76.32896,9.44529],[76.32946,9.44296],[76.33013,9.43956],[76.33023,9.43906],[76.33041,9.43815],[76.33067,9.43728],[76.33108,9.43658],[76.33126,9.43637],[76.33137,9.43606],[76.3328,9.43205],[76.33417,9.42828],[76.3343,9.42781],[76.33444,9.42722],[76.33518,9.42536],[76.33534,9.42478],[76.33623,9.42252],[76.33667,9.42156],[76.33715,9.42037],[76.33733,9.4199],[76.33748,9.41942],[76.33766,9.41861],[76.33793,9.41779],[76.33833,9.41658],[76.33847,9.41626],[76.33862,9.41606],[76.33879,9.41559],[76.33901,9.41491],[76.33943,9.4136],[76.33963,9.41319],[76.33974,9.41305],[76.3398,9.41284],[76.33979,9.41263],[76.33996,9.41192],[76.34008,9.4114],[76.34026,9.41108],[76.34034,9.41064],[76.34046,9.41029],[76.34055,9.40992],[76.34069,9.40944],[76.34083,9.40901],[76.34115,9.4081],[76.34175,9.40645],[76.34216,9.40564],[76.34232,9.40534],[76.34255,9.40475],[76.34266,9.40446],[76.34288,9.40391],[76.34314,9.40336],[76.3435,9.40251],[76.34391,9.40161],[76.34398,9.40158],[76.3441,9.40135],[76.3442,9.40112],[76.34425,9.40095],[76.34443,9.40049],[76.34449,9.40026],[76.34443,9.4],[76.34443,9.39989],[76.3445,9.39957],[76.34455,9.39932],[76.34477,9.39875],[76.3452,9.39754],[76.34544,9.39682],[76.34637,9.3942],[76.34761,9.39065],[76.3482,9.38902],[76.34837,9.38853],[76.349,9.38694],[76.34988,9.3847],[76.35077,9.38263],[76.35173,9.38039],[76.35185,9.38022],[76.35196,9.38],[76.35204,9.37977],[76.35208,9.37948],[76.35227,9.3788],[76.35269,9.37782],[76.35291,9.37745],[76.35344,9.37666],[76.35437,9.37524],[76.35487,9.37426],[76.35523,9.37331],[76.35569,9.37226],[76.35622,9.37102],[76.35687,9.36946],[76.35731,9.36831],[76.35869,9.36524],[76.35904,9.3645],[76.35995,9.36264],[76.36133,9.3596],[76.36167,9.35884],[76.36212,9.35793],[76.36286,9.35649],[76.36312,9.3559],[76.36333,9.35532],[76.36396,9.35388],[76.36437,9.35295],[76.36597,9.34955],[76.36811,9.34497],[76.36912,9.34287],[76.3703,9.34025],[76.37109,9.33837],[76.37334,9.3329],[76.37429,9.33067],[76.37492,9.32929],[76.376,9.32697],[76.37644,9.32601],[76.37684,9.3251],[76.37697,9.32472],[76.37847,9.32127],[76.37855,9.32104],[76.3786,9.3208],[76.37862,9.32053],[76.3786,9.32026],[76.37854,9.31997],[76.37846,9.31965],[76.37827,9.31952],[76.3778,9.31932],[76.37776,9.31926],[76.37775,9.31919],[76.37776,9.31915],[76.37782,9.3191],[76.37789,9.31909],[76.37799,9.31913],[76.37804,9.31905],[76.37816,9.31899],[76.37831,9.31893],[76.37883,9.31917],[76.37878,9.31929],[76.37909,9.31943],[76.37917,9.31944],[76.37922,9.3194],[76.37965,9.31846],[76.37968,9.31838],[76.37965,9.31833],[76.3786,9.31782],[76.37818,9.31765],[76.37781,9.31763],[76.37746,9.31786],[76.37716,9.31839],[76.37686,9.31906],[76.3767,9.31945],[76.37655,9.31941],[76.37675,9.31901],[76.37705,9.31837],[76.37733,9.31785],[76.37757,9.31758],[76.37809,9.31743],[76.37826,9.31736],[76.37885,9.31661],[76.37973,9.31536],[76.38071,9.31402],[76.38179,9.3124],[76.3824,9.31158],[76.38259,9.31118],[76.38293,9.31034],[76.38302,9.31017],[76.38312,9.30965],[76.38303,9.30944],[76.38309,9.30925],[76.38319,9.309],[76.38334,9.30864],[76.38337,9.30837],[76.38361,9.30792],[76.38588,9.30359],[76.3865,9.30238],[76.38739,9.30065],[76.39086,9.2935],[76.39149,9.29206],[76.39241,9.29029],[76.39287,9.28937],[76.39329,9.28822],[76.39405,9.28654],[76.39439,9.28586],[76.3946,9.28559],[76.39469,9.28555],[76.39479,9.28542],[76.39499,9.28506],[76.39531,9.28462],[76.39551,9.28417],[76.39603,9.28329],[76.39631,9.28274],[76.39676,9.28168],[76.39684,9.28121],[76.39694,9.28077],[76.39709,9.28045],[76.39784,9.27898],[76.39802,9.27845],[76.39819,9.27816],[76.39825,9.27803],[76.39832,9.2778],[76.39837,9.27755],[76.39844,9.27729],[76.39871,9.27656],[76.4004,9.27264],[76.40147,9.2704],[76.40254,9.26814],[76.40353,9.26606],[76.40419,9.26473],[76.40448,9.26405],[76.40514,9.26267],[76.40593,9.26088],[76.4061,9.26049],[76.40675,9.25901],[76.40683,9.25889],[76.40693,9.25879],[76.40706,9.25868],[76.40719,9.25851],[76.40728,9.25838],[76.40732,9.25819],[76.40731,9.258],[76.4073,9.25785],[76.40731,9.25773],[76.40744,9.25742],[76.40774,9.25675],[76.40842,9.25519],[76.40941,9.25327],[76.41094,9.24997],[76.41146,9.24892],[76.41205,9.24757],[76.41271,9.24615],[76.41316,9.24504],[76.4134,9.24455],[76.41356,9.24424],[76.41376,9.24382],[76.41381,9.24362],[76.41395,9.24332],[76.41441,9.24243],[76.41506,9.24101],[76.41549,9.24011],[76.41598,9.23892],[76.41641,9.23803],[76.41693,9.23687],[76.4173,9.23611],[76.41753,9.23581],[76.41763,9.23566],[76.4179,9.23521],[76.41822,9.23462],[76.41835,9.23433],[76.41851,9.23393],[76.41861,9.23354],[76.41866,9.23336],[76.41876,9.23316],[76.41884,9.2331],[76.41894,9.23303],[76.41899,9.23294],[76.41901,9.23283],[76.41907,9.23259],[76.41922,9.2322],[76.41931,9.23205],[76.41946,9.23185],[76.41967,9.23166],[76.41974,9.23152],[76.4198,9.23118],[76.41998,9.23077],[76.4201,9.23055],[76.42036,9.23],[76.4205,9.22968],[76.42059,9.22945],[76.42087,9.22886],[76.42111,9.22835],[76.42172,9.22722],[76.42221,9.22613],[76.42257,9.22532],[76.4227,9.22511],[76.42289,9.22472],[76.42314,9.2241],[76.42342,9.22367],[76.42364,9.22323],[76.42386,9.22273],[76.42413,9.22205],[76.42441,9.22156],[76.42465,9.22118],[76.42474,9.22095],[76.42481,9.22074],[76.42484,9.22047],[76.4249,9.22027],[76.42499,9.22006],[76.42515,9.21977],[76.42543,9.21918],[76.4256,9.21877],[76.42576,9.21846],[76.42594,9.21818],[76.4262,9.21768],[76.42623,9.21751],[76.42632,9.21721],[76.42648,9.21694],[76.42713,9.21558],[76.42749,9.2148],[76.42837,9.21285],[76.42955,9.21038],[76.42997,9.20954],[76.43091,9.20749],[76.4311,9.20709],[76.43139,9.2064],[76.43159,9.20598],[76.43182,9.2056],[76.43204,9.20527],[76.43246,9.2046],[76.43265,9.2043],[76.43285,9.2039],[76.4331,9.20337],[76.4332,9.20308],[76.43323,9.2029],[76.43324,9.20265],[76.43322,9.20248],[76.43317,9.20237],[76.43311,9.20233],[76.4331,9.2023],[76.43312,9.20224],[76.43314,9.20211],[76.43325,9.20174],[76.43419,9.19953],[76.43459,9.19862],[76.43484,9.19806],[76.43508,9.19754],[76.43546,9.19666],[76.43573,9.19587],[76.43642,9.19447],[76.43678,9.19364],[76.43715,9.19296],[76.43747,9.19181],[76.43779,9.19114],[76.43879,9.18903],[76.43978,9.18718],[76.44037,9.18599],[76.4409,9.18494],[76.44113,9.18461],[76.44152,9.18397],[76.44169,9.18363],[76.44178,9.18326],[76.44177,9.18272],[76.44192,9.18216],[76.44225,9.18124],[76.44251,9.1807],[76.44296,9.17979],[76.44311,9.17954],[76.44325,9.17925],[76.44331,9.179],[76.44461,9.17607],[76.44477,9.17564],[76.44489,9.17514],[76.44493,9.17489],[76.44521,9.17454],[76.44544,9.17416],[76.44565,9.1739],[76.44567,9.17372],[76.44577,9.17353],[76.44606,9.17315],[76.44626,9.17271],[76.44631,9.17246],[76.44659,9.17198],[76.4469,9.1712],[76.44714,9.17074],[76.44734,9.17012],[76.44804,9.16877],[76.44846,9.16799],[76.4486,9.16785],[76.44873,9.16771],[76.449,9.16737],[76.44918,9.16708],[76.44929,9.16672],[76.4496,9.16632],[76.44987,9.16593],[76.45001,9.16564],[76.45015,9.16526],[76.45048,9.16452],[76.45101,9.16363],[76.45141,9.16277],[76.45168,9.16193],[76.45188,9.16148],[76.45221,9.161],[76.4524,9.16062],[76.45248,9.16041],[76.45263,9.16022],[76.4529,9.1597],[76.45349,9.15859],[76.45353,9.15844],[76.45355,9.15824],[76.45417,9.1567],[76.45446,9.1561],[76.45468,9.15577],[76.45486,9.15543],[76.45516,9.15476],[76.45524,9.15448],[76.45523,9.15417],[76.45549,9.15365],[76.45703,9.15031],[76.45738,9.14983],[76.45753,9.14939],[76.45773,9.14891],[76.45792,9.1485],[76.45835,9.14745],[76.45862,9.14672],[76.459,9.14564],[76.45942,9.14465],[76.46002,9.14318],[76.46038,9.14221],[76.46103,9.14093],[76.46142,9.14],[76.46159,9.13963],[76.46166,9.13927],[76.4617,9.13888],[76.46168,9.1387],[76.46163,9.13858],[76.46161,9.13856],[76.46125,9.1383],[76.45992,9.13742],[76.45957,9.13721]]]}},{"type":"Feature","properties":{"district":"Ernakulam","name_ml":"എറണാകുളം ജില്ല","wikidata":"Q1356097","admin_level":5},"geometry":{"type":"Polygon","coordinates":[[[76.17461,10.18643],[76.16997,10.18621],[76.16755,10.1839],[76.16652,10.18292],[76.16284,10.1769],[76.1635,10.17652],[76.16343,10.17639],[76.16346,10.17624],[76.16352,10.17617],[76.16366,10.17615],[76.16375,10.17622],[76.16388,10.17644],[76.1642,10.17673],[76.16444,10.17691],[76.16477,10.17708],[76.16484,10.17711],[76.16493,10.17706],[76.16521,10.17683],[76.16561,10.17644],[76.1658,10.17619],[76.16604,10.17582],[76.16628,10.17531],[76.16634,10.17492],[76.16648,10.17414],[76.16651,10.17391],[76.16667,10.17322],[76.1668,10.17247],[76.16694,10.17192],[76.16709,10.17138],[76.1674,10.17028],[76.16757,10.16994],[76.16793,10.16943],[76.16824,10.16905],[76.16844,10.16878],[76.16867,10.1684],[76.16893,10.16777],[76.16918,10.16711],[76.16956,10.1659],[76.17005,10.1647],[76.1703,10.164],[76.17105,10.16191],[76.17154,10.16063],[76.17206,10.15927],[76.17269,10.15755],[76.17335,10.15573],[76.17347,10.15541],[76.17391,10.15422],[76.17422,10.15335],[76.17476,10.15171],[76.17544,10.14997],[76.17661,10.1466],[76.177,10.14542],[76.17726,10.1447],[76.17784,10.14302],[76.17838,10.1414],[76.17913,10.13899],[76.1799,10.13658],[76.18038,10.13503],[76.18092,10.13325],[76.18134,10.13183],[76.18207,10.12924],[76.18249,10.12778],[76.18361,10.1238],[76.18526,10.11713],[76.18637,10.11263],[76.1869,10.11045],[76.18698,10.11013],[76.18718,10.10931],[76.18731,10.1081],[76.18775,10.10624],[76.18814,10.10452],[76.1885,10.10305],[76.18878,10.10168],[76.18889,10.10113],[76.18931,10.09907],[76.18953,10.09775],[76.18956,10.0973],[76.18959,10.09714],[76.18966,10.09712],[76.18977,10.09652],[76.18981,10.09632],[76.18978,10.09624],[76.18983,10.09611],[76.19011,10.09607],[76.19021,10.09592],[76.1906,10.09421],[76.19108,10.09258],[76.19128,10.09209],[76.1914,10.09175],[76.19148,10.09144],[76.1919,10.08974],[76.19232,10.08808],[76.19236,10.08781],[76.19236,10.08753],[76.19242,10.08737],[76.1926,10.08711],[76.19272,10.08669],[76.19279,10.08625],[76.19314,10.08556],[76.19315,10.08504],[76.19317,10.08494],[76.19322,10.0849],[76.19333,10.08493],[76.1934,10.08489],[76.19348,10.08479],[76.19352,10.08468],[76.19358,10.0844],[76.1936,10.08408],[76.19361,10.08394],[76.19366,10.08383],[76.19381,10.08369],[76.19391,10.08361],[76.19399,10.08348],[76.19419,10.08282],[76.19437,10.08207],[76.19466,10.08077],[76.19499,10.07928],[76.19515,10.07877],[76.19531,10.07805],[76.19545,10.07767],[76.19557,10.07719],[76.19571,10.07665],[76.19578,10.07637],[76.19585,10.07614],[76.19594,10.0758],[76.19611,10.07513],[76.19626,10.07474],[76.19636,10.07442],[76.19681,10.07235],[76.19706,10.0714],[76.19713,10.07099],[76.19733,10.06984],[76.19751,10.06903],[76.19767,10.06835],[76.19814,10.06686],[76.19818,10.06672],[76.19828,10.06653],[76.19838,10.06635],[76.19856,10.06604],[76.19867,10.06587],[76.19882,10.06511],[76.19883,10.06494],[76.19883,10.06486],[76.19873,10.06482],[76.19873,10.06475],[76.19893,10.06402],[76.19924,10.06288],[76.19937,10.06236],[76.1997,10.06106],[76.19974,10.0609],[76.20036,10.05851],[76.20044,10.0582],[76.20071,10.05731],[76.20112,10.05594],[76.20132,10.05525],[76.20184,10.0536],[76.20197,10.05319],[76.20235,10.05212],[76.20243,10.05196],[76.2025,10.05183],[76.2027,10.05155],[76.20347,10.05108],[76.20357,10.05101],[76.2039,10.05075],[76.20405,10.05061],[76.20415,10.05052],[76.20424,10.05038],[76.20428,10.0503],[76.2044,10.04991],[76.20442,10.04982],[76.20524,10.04715],[76.20559,10.04591],[76.20588,10.04486],[76.20607,10.04417],[76.2062,10.04411],[76.20633,10.04408],[76.2064,10.0439],[76.20641,10.04378],[76.20623,10.0436],[76.20642,10.04282],[76.20654,10.04236],[76.20688,10.04114],[76.20717,10.04011],[76.20826,10.03616],[76.20879,10.03425],[76.20931,10.03216],[76.20979,10.03042],[76.21051,10.02772],[76.21076,10.02692],[76.21115,10.02615],[76.2113,10.02604],[76.21139,10.02601],[76.2116,10.02603],[76.2118,10.02563],[76.21217,10.02456],[76.21293,10.02225],[76.21331,10.02076],[76.21372,10.01898],[76.21392,10.01803],[76.21419,10.01686],[76.21563,10.0106],[76.21602,10.00855],[76.2165,10.00636],[76.21689,10.00454],[76.21718,10.00335],[76.21762,10.00169],[76.21768,10.00137],[76.21804,9.9996],[76.21811,9.99948],[76.21821,9.99895],[76.21842,9.998],[76.21842,9.99777],[76.21834,9.99769],[76.21845,9.99719],[76.21891,9.99494],[76.21903,9.99429],[76.21941,9.99232],[76.21968,9.99103],[76.2199,9.99008],[76.22026,9.98867],[76.22073,9.98755],[76.22107,9.9865],[76.22155,9.98479],[76.22168,9.98427],[76.22184,9.98354],[76.22196,9.98182],[76.22211,9.98117],[76.22282,9.97896],[76.22299,9.97841],[76.2232,9.97773],[76.22363,9.97659],[76.22391,9.97577],[76.2242,9.97488],[76.2244,9.97435],[76.22457,9.97385],[76.22474,9.97382],[76.22522,9.97402],[76.22539,9.97407],[76.2256,9.97403],[76.22608,9.974],[76.22674,9.97384],[76.227,9.97378],[76.22729,9.97381],[76.22755,9.97391],[76.22815,9.97429],[76.22872,9.9745],[76.22917,9.97462],[76.22939,9.97465],[76.22965,9.97472],[76.23012,9.97492],[76.23038,9.97491],[76.23074,9.97492],[76.23148,9.97504],[76.23174,9.97505],[76.23176,9.97517],[76.23179,9.97526],[76.23199,9.97528],[76.23237,9.97512],[76.23255,9.97512],[76.23272,9.97502],[76.23276,9.9747],[76.23285,9.97436],[76.23305,9.97411],[76.23377,9.9739],[76.2341,9.97381],[76.23542,9.97358],[76.23672,9.9733],[76.23752,9.97312],[76.23774,9.9731],[76.23803,9.97303],[76.23863,9.97293],[76.23907,9.97305],[76.2393,9.97311],[76.23957,9.97303],[76.23962,9.97302],[76.23994,9.97293],[76.24022,9.97283],[76.24084,9.97257],[76.24152,9.97244],[76.24184,9.97236],[76.24225,9.97241],[76.24274,9.97235],[76.24327,9.97246],[76.24391,9.97262],[76.24413,9.9713],[76.24454,9.96897],[76.24454,9.96893],[76.24424,9.9689],[76.24412,9.96883],[76.24336,9.96854],[76.24284,9.96834],[76.24222,9.9683],[76.24155,9.96818],[76.24124,9.96813],[76.24106,9.96815],[76.24082,9.96821],[76.24066,9.96817],[76.24052,9.96806],[76.23998,9.96736],[76.23938,9.96673],[76.2392,9.96657],[76.23902,9.96651],[76.23894,9.96652],[76.23886,9.96661],[76.23881,9.96663],[76.23878,9.96662],[76.23878,9.96658],[76.23886,9.96648],[76.23882,9.96638],[76.23869,9.96613],[76.23828,9.96564],[76.23823,9.96563],[76.23817,9.96565],[76.23803,9.96575],[76.23799,9.96577],[76.23795,9.96575],[76.23793,9.96569],[76.23796,9.96563],[76.23806,9.96556],[76.23801,9.96549],[76.23743,9.9644],[76.23741,9.96434],[76.23743,9.96427],[76.23745,9.96423],[76.23751,9.9642],[76.23751,9.96393],[76.2374,9.96332],[76.23736,9.96327],[76.23724,9.96327],[76.23718,9.9633],[76.23713,9.9633],[76.23711,9.96327],[76.23711,9.96317],[76.23705,9.96275],[76.23703,9.96268],[76.23698,9.96264],[76.23698,9.96258],[76.23708,9.96151],[76.23696,9.96148],[76.23694,9.96144],[76.23696,9.96141],[76.23709,9.96141],[76.23711,9.96137],[76.23719,9.96075],[76.23717,9.96069],[76.23699,9.96065],[76.23697,9.96062],[76.23697,9.96056],[76.237,9.96053],[76.23713,9.96053],[76.23718,9.9605],[76.23722,9.96015],[76.23727,9.95933],[76.23725,9.9593],[76.2371,9.95926],[76.23707,9.95924],[76.23707,9.9592],[76.23711,9.95918],[76.2373,9.95916],[76.23749,9.95802],[76.23735,9.95797],[76.23727,9.95793],[76.23726,9.9579],[76.23731,9.95786],[76.23752,9.95785],[76.23766,9.95718],[76.23767,9.95672],[76.23749,9.95666],[76.23748,9.95662],[76.23751,9.9566],[76.23774,9.9566],[76.2378,9.95638],[76.23788,9.95581],[76.23786,9.95539],[76.23779,9.95538],[76.23777,9.95535],[76.23777,9.95532],[76.23781,9.95531],[76.23796,9.95529],[76.23801,9.95528],[76.23807,9.95513],[76.23822,9.95418],[76.23818,9.95415],[76.23816,9.95411],[76.23817,9.95408],[76.23821,9.95407],[76.23828,9.95407],[76.23841,9.95409],[76.23862,9.95313],[76.23859,9.95311],[76.23856,9.95307],[76.23856,9.95303],[76.23859,9.95301],[76.23866,9.95302],[76.23874,9.95302],[76.23904,9.95175],[76.23899,9.95172],[76.23892,9.95169],[76.2389,9.95166],[76.23891,9.95164],[76.23912,9.95164],[76.23923,9.95128],[76.23925,9.95081],[76.23925,9.95075],[76.23927,9.95072],[76.23937,9.95074],[76.23941,9.95066],[76.23959,9.95008],[76.23961,9.94996],[76.23955,9.94992],[76.23956,9.94988],[76.23961,9.94988],[76.24015,9.94783],[76.24049,9.9466],[76.24077,9.94582],[76.24124,9.94475],[76.24177,9.94358],[76.24234,9.94233],[76.24298,9.94077],[76.24332,9.94018],[76.2436,9.93956],[76.24359,9.93953],[76.24361,9.93949],[76.24365,9.93949],[76.24389,9.93862],[76.24404,9.93845],[76.2441,9.9383],[76.24413,9.93817],[76.24414,9.93801],[76.24417,9.93793],[76.24418,9.93783],[76.24421,9.93774],[76.24426,9.93766],[76.24426,9.93759],[76.24432,9.93751],[76.24435,9.93741],[76.24438,9.93734],[76.24442,9.93728],[76.2444,9.93725],[76.24437,9.93722],[76.24435,9.93717],[76.2444,9.93714],[76.24448,9.93715],[76.24449,9.93707],[76.24451,9.93695],[76.24454,9.93684],[76.24456,9.93672],[76.24461,9.93659],[76.24468,9.93643],[76.24473,9.93631],[76.24477,9.93619],[76.24476,9.93614],[76.24473,9.93608],[76.24485,9.93601],[76.24487,9.93593],[76.2449,9.93583],[76.24492,9.9357],[76.24495,9.93558],[76.24497,9.93551],[76.24499,9.93542],[76.24505,9.93526],[76.24514,9.93512],[76.24519,9.93503],[76.24523,9.93486],[76.24536,9.93451],[76.24539,9.93433],[76.24554,9.934],[76.24563,9.93376],[76.24569,9.93362],[76.24577,9.93353],[76.24585,9.93328],[76.24586,9.93318],[76.246,9.93284],[76.24606,9.93267],[76.2461,9.93258],[76.2462,9.93227],[76.24626,9.93207],[76.24626,9.93194],[76.24637,9.93163],[76.24642,9.9315],[76.24652,9.93127],[76.24653,9.93121],[76.24654,9.93117],[76.24654,9.93115],[76.24655,9.93112],[76.24656,9.93109],[76.24657,9.93107],[76.2466,9.93102],[76.24661,9.93099],[76.24663,9.93096],[76.24665,9.93093],[76.24666,9.93088],[76.24668,9.93084],[76.24668,9.9308],[76.2467,9.93077],[76.24671,9.93071],[76.24669,9.93069],[76.24668,9.93065],[76.24669,9.93062],[76.24664,9.93058],[76.24666,9.93054],[76.24674,9.9305],[76.24678,9.93047],[76.24681,9.93041],[76.24685,9.93035],[76.24689,9.93028],[76.24694,9.93022],[76.24698,9.93015],[76.247,9.93008],[76.24701,9.93],[76.24701,9.92993],[76.24701,9.92988],[76.24701,9.92982],[76.24702,9.92977],[76.24705,9.92969],[76.24708,9.92964],[76.2471,9.92957],[76.24712,9.92949],[76.24715,9.92939],[76.24716,9.92933],[76.24718,9.92924],[76.24723,9.92917],[76.24724,9.92911],[76.24725,9.92906],[76.24726,9.929],[76.2473,9.92892],[76.24733,9.92886],[76.24736,9.92879],[76.24739,9.9287],[76.24742,9.92863],[76.24746,9.92855],[76.24748,9.92848],[76.24751,9.92841],[76.24753,9.92835],[76.24754,9.92829],[76.24757,9.92826],[76.24758,9.92821],[76.24759,9.92817],[76.24761,9.92812],[76.24766,9.92809],[76.2477,9.92805],[76.24772,9.92801],[76.24772,9.92797],[76.24777,9.92791],[76.24781,9.92785],[76.24784,9.92778],[76.24786,9.92772],[76.2479,9.92768],[76.24794,9.92764],[76.24796,9.92758],[76.24798,9.92752],[76.24801,9.92745],[76.24807,9.92733],[76.24808,9.92729],[76.2481,9.92724],[76.24813,9.92717],[76.24817,9.92706],[76.24825,9.92684],[76.24827,9.92677],[76.24829,9.9267],[76.24832,9.92664],[76.24828,9.92657],[76.24825,9.9265],[76.24823,9.92644],[76.24824,9.92634],[76.24826,9.92627],[76.24829,9.92623],[76.24831,9.92618],[76.24833,9.92612],[76.24835,9.92607],[76.24838,9.926],[76.2484,9.92595],[76.2484,9.9259],[76.24844,9.92584],[76.24846,9.92578],[76.24851,9.92567],[76.24857,9.9255],[76.24858,9.92536],[76.24869,9.92514],[76.24874,9.92497],[76.24882,9.92479],[76.24892,9.92451],[76.24899,9.92427],[76.24911,9.92405],[76.24931,9.92351],[76.24942,9.92324],[76.24954,9.923],[76.24957,9.92288],[76.24963,9.92275],[76.24971,9.92247],[76.24976,9.92232],[76.24982,9.92213],[76.24993,9.92184],[76.24998,9.9217],[76.25001,9.92158],[76.25009,9.92134],[76.25017,9.92104],[76.25025,9.9209],[76.25031,9.92073],[76.25036,9.92061],[76.2504,9.92048],[76.25041,9.92043],[76.25052,9.92017],[76.25057,9.92006],[76.2506,9.91993],[76.25067,9.91975],[76.25072,9.91966],[76.25078,9.91958],[76.25079,9.91952],[76.25082,9.91945],[76.25089,9.91929],[76.25093,9.91916],[76.25098,9.91906],[76.25103,9.91886],[76.25106,9.91869],[76.25112,9.91848],[76.25121,9.91824],[76.25126,9.91809],[76.25132,9.91795],[76.25133,9.91785],[76.25135,9.91774],[76.25142,9.9175],[76.25147,9.91737],[76.25149,9.91726],[76.25153,9.91705],[76.25156,9.91692],[76.25158,9.91679],[76.25159,9.9166],[76.25165,9.91649],[76.25168,9.91638],[76.25171,9.91623],[76.25171,9.91613],[76.25169,9.91606],[76.25166,9.91599],[76.25173,9.91591],[76.25177,9.91581],[76.25179,9.91566],[76.2518,9.91547],[76.25186,9.91531],[76.25187,9.91516],[76.25195,9.91481],[76.25195,9.91472],[76.25196,9.91461],[76.25198,9.91448],[76.25202,9.91435],[76.25206,9.91424],[76.25208,9.91412],[76.2521,9.91403],[76.25212,9.91396],[76.25214,9.91386],[76.25217,9.91375],[76.2522,9.91352],[76.25227,9.91332],[76.25235,9.91316],[76.25242,9.91296],[76.25249,9.91279],[76.25252,9.91253],[76.25254,9.91224],[76.25257,9.91208],[76.25264,9.91198],[76.25272,9.91187],[76.25274,9.91176],[76.25276,9.91164],[76.2528,9.91153],[76.25287,9.91142],[76.25293,9.91123],[76.253,9.91091],[76.25303,9.91076],[76.25307,9.91061],[76.2531,9.91034],[76.25316,9.91026],[76.2532,9.9101],[76.25327,9.90994],[76.2533,9.90982],[76.25335,9.90971],[76.2534,9.90955],[76.25343,9.9094],[76.25348,9.90929],[76.25349,9.90917],[76.25353,9.90901],[76.25355,9.90877],[76.25365,9.90841],[76.2538,9.90807],[76.25388,9.90782],[76.25402,9.90747],[76.25409,9.90718],[76.25418,9.90687],[76.25419,9.90671],[76.25424,9.90659],[76.25432,9.90632],[76.25439,9.90604],[76.25452,9.90563],[76.25462,9.90519],[76.25469,9.90497],[76.25475,9.90474],[76.2549,9.90429],[76.255,9.90398],[76.25507,9.90356],[76.25512,9.90335],[76.2552,9.90309],[76.25534,9.90262],[76.25541,9.90239],[76.25549,9.90212],[76.25557,9.90179],[76.25564,9.90145],[76.25569,9.90122],[76.25579,9.9009],[76.25588,9.90063],[76.25597,9.90034],[76.25603,9.90009],[76.25614,9.9],[76.25617,9.89981],[76.2562,9.89957],[76.25621,9.89931],[76.25627,9.89878],[76.25631,9.89863],[76.25637,9.89839],[76.25642,9.89814],[76.25648,9.89783],[76.25651,9.8975],[76.25653,9.89721],[76.25659,9.89704],[76.25666,9.89679],[76.25676,9.89633],[76.25688,9.89571],[76.25696,9.89542],[76.25711,9.89489],[76.25721,9.89438],[76.25743,9.89367],[76.25763,9.89297],[76.25776,9.89247],[76.25786,9.89196],[76.25794,9.8915],[76.25806,9.89102],[76.25827,9.89007],[76.25842,9.88942],[76.25853,9.88871],[76.25888,9.88733],[76.25896,9.88696],[76.25907,9.88654],[76.25925,9.88573],[76.25937,9.88523],[76.25944,9.88472],[76.25965,9.88379],[76.25991,9.88283],[76.26001,9.88258],[76.26017,9.88245],[76.26035,9.88238],[76.26043,9.88231],[76.26052,9.88232],[76.26067,9.88235],[76.26078,9.88228],[76.26081,9.88216],[76.26086,9.88197],[76.26089,9.88187],[76.26081,9.88178],[76.26071,9.88172],[76.26069,9.88166],[76.26065,9.8817],[76.26057,9.88176],[76.26049,9.88174],[76.26043,9.88163],[76.26039,9.88149],[76.26039,9.88141],[76.26036,9.88134],[76.26034,9.88127],[76.2604,9.88088],[76.26039,9.8806],[76.26049,9.88021],[76.26052,9.87984],[76.26077,9.8783],[76.26082,9.87793],[76.26085,9.87758],[76.26093,9.8769],[76.26117,9.87551],[76.26118,9.87511],[76.26128,9.87467],[76.2614,9.87379],[76.26167,9.87204],[76.26206,9.87016],[76.26222,9.87012],[76.26238,9.87001],[76.26244,9.86994],[76.26249,9.86987],[76.26267,9.86967],[76.26276,9.86944],[76.26288,9.86908],[76.26292,9.86885],[76.26286,9.86878],[76.26278,9.8687],[76.26279,9.86859],[76.26277,9.86847],[76.26278,9.86833],[76.26276,9.86819],[76.26274,9.86801],[76.26277,9.86777],[76.26275,9.86761],[76.26263,9.8675],[76.26272,9.86725],[76.26272,9.86715],[76.26274,9.86698],[76.26306,9.86525],[76.26317,9.86471],[76.26318,9.8642],[76.26323,9.86393],[76.26325,9.86362],[76.2634,9.86256],[76.26395,9.85986],[76.2644,9.85776],[76.26496,9.85475],[76.26542,9.85224],[76.26563,9.85135],[76.26579,9.85049],[76.26662,9.84622],[76.2667,9.84565],[76.26699,9.844],[76.26705,9.8438],[76.2671,9.84374],[76.26716,9.84369],[76.26729,9.84361],[76.2674,9.84356],[76.26747,9.84351],[76.26751,9.84345],[76.26759,9.84316],[76.26768,9.84276],[76.26772,9.84247],[76.26774,9.84233],[76.26773,9.84223],[76.26768,9.84212],[76.26757,9.84204],[76.26755,9.84195],[76.26755,9.84182],[76.26782,9.84062],[76.26807,9.83971],[76.26841,9.83839],[76.26851,9.83809],[76.26862,9.83748],[76.26883,9.83617],[76.26901,9.83495],[76.26926,9.83359],[76.26943,9.83233],[76.26947,9.83219],[76.26954,9.83214],[76.2696,9.83211],[76.26968,9.83205],[76.26974,9.83196],[76.26978,9.83187],[76.26978,9.83179],[76.26979,9.83166],[76.26974,9.83151],[76.26967,9.83133],[76.2696,9.83116],[76.26956,9.83098],[76.2696,9.83033],[76.26972,9.82911],[76.26987,9.82822],[76.27008,9.82712],[76.27036,9.8256],[76.27065,9.82364],[76.27068,9.82341],[76.271,9.82184],[76.27123,9.82066],[76.27147,9.81947],[76.27153,9.81921],[76.27164,9.81888],[76.27167,9.81872],[76.27169,9.81845],[76.27169,9.81811],[76.27174,9.81768],[76.27185,9.81722],[76.27198,9.81641],[76.27206,9.81604],[76.27212,9.81583],[76.2723,9.81522],[76.27234,9.81475],[76.2724,9.81438],[76.27246,9.81434],[76.27252,9.81417],[76.27258,9.81407],[76.27268,9.81363],[76.2728,9.81314],[76.27282,9.81298],[76.27279,9.8129],[76.27289,9.81205],[76.27295,9.81101],[76.27298,9.81034],[76.27308,9.80933],[76.2732,9.80881],[76.27334,9.80839],[76.27352,9.80742],[76.27379,9.80614],[76.27389,9.80579],[76.27396,9.80576],[76.27401,9.80568],[76.27412,9.80522],[76.2742,9.80497],[76.27452,9.80315],[76.27464,9.80265],[76.27462,9.8024],[76.27459,9.8022],[76.27452,9.80208],[76.27441,9.80159],[76.27438,9.80147],[76.27442,9.80137],[76.27466,9.80139],[76.27474,9.80098],[76.27487,9.80089],[76.27493,9.80086],[76.27514,9.79979],[76.27525,9.79976],[76.27537,9.7997],[76.27545,9.79963],[76.27551,9.79949],[76.27544,9.79922],[76.27529,9.79901],[76.27498,9.79868],[76.2747,9.7984],[76.2746,9.79832],[76.27455,9.79825],[76.27459,9.79817],[76.27476,9.79818],[76.27491,9.79818],[76.27503,9.79815],[76.27514,9.79808],[76.27529,9.79772],[76.27559,9.79666],[76.27572,9.79615],[76.27586,9.79543],[76.27595,9.79502],[76.2761,9.79419],[76.27631,9.79285],[76.27662,9.79082],[76.27673,9.79024],[76.27678,9.79017],[76.27688,9.79013],[76.27691,9.79009],[76.27733,9.78774],[76.27738,9.78759],[76.27744,9.78754],[76.2775,9.78747],[76.27756,9.78729],[76.27759,9.78692],[76.27756,9.78685],[76.27755,9.78668],[76.27772,9.78573],[76.27799,9.78437],[76.27822,9.78323],[76.27833,9.78261],[76.27849,9.78162],[76.2788,9.77997],[76.27891,9.77919],[76.27895,9.7791],[76.27899,9.77903],[76.27902,9.77889],[76.27904,9.7787],[76.27903,9.77856],[76.2793,9.77687],[76.27937,9.77675],[76.2794,9.77652],[76.27936,9.77638],[76.27952,9.77513],[76.28181,9.77369],[76.2812,9.7774],[76.27994,9.78496],[76.27946,9.78789],[76.28451,9.79026],[76.28297,9.80397],[76.28348,9.80432],[76.2902,9.80906],[76.28868,9.81219],[76.28795,9.81482],[76.2872,9.81754],[76.28243,9.81961],[76.28154,9.823],[76.28073,9.82923],[76.28271,9.83452],[76.28537,9.8446],[76.28526,9.84752],[76.2861,9.8501],[76.29423,9.85065],[76.29793,9.8509],[76.29362,9.87771],[76.29289,9.88554],[76.29284,9.89056],[76.29508,9.89098],[76.2992,9.89101],[76.30172,9.89029],[76.30421,9.88937],[76.30942,9.88478],[76.31606,9.88234],[76.32208,9.88123],[76.32957,9.87903],[76.33532,9.87761],[76.33869,9.87834],[76.34337,9.87961],[76.35307,9.88345],[76.35644,9.88032],[76.36224,9.87222],[76.36941,9.86],[76.37058,9.85108],[76.37002,9.84482],[76.37009,9.84182],[76.37262,9.83673],[76.37488,9.83722],[76.37767,9.84005],[76.37981,9.84212],[76.38438,9.84415],[76.38852,9.84434],[76.3888,9.84354],[76.38924,9.8423],[76.38939,9.84188],[76.38967,9.84109],[76.39022,9.83993],[76.39099,9.83737],[76.39315,9.83348],[76.3945,9.8305],[76.39476,9.83045],[76.3952,9.83036],[76.39535,9.83036],[76.39607,9.8296],[76.39823,9.8298],[76.40015,9.83004],[76.40528,9.83032],[76.40783,9.82731],[76.41173,9.82757],[76.41468,9.82312],[76.4192,9.8234],[76.42101,9.8231],[76.42789,9.82452],[76.43454,9.82825],[76.43654,9.82938],[76.43819,9.8304],[76.4427,9.83245],[76.44521,9.83359],[76.44675,9.83511],[76.44988,9.84086],[76.44995,9.84103],[76.45156,9.84094],[76.4516,9.84094],[76.45444,9.84071],[76.45744,9.84737],[76.46446,9.84545],[76.46983,9.84383],[76.47448,9.84255],[76.47905,9.84545],[76.47996,9.84669],[76.48065,9.84715],[76.48174,9.84692],[76.48236,9.84458],[76.48357,9.84414],[76.4858,9.8447],[76.4872,9.84512],[76.48884,9.84664],[76.48945,9.84707],[76.49032,9.8477],[76.4922,9.84995],[76.49409,9.85021],[76.49642,9.85091],[76.49855,9.85129],[76.5016,9.84993],[76.5039,9.84995],[76.50452,9.84994],[76.50498,9.84994],[76.50529,9.84994],[76.50645,9.85088],[76.50939,9.85052],[76.51166,9.84948],[76.51454,9.84706],[76.51398,9.84346],[76.51926,9.83306],[76.52006,9.8261],[76.52046,9.82257],[76.52402,9.82507],[76.52903,9.82424],[76.53196,9.82376],[76.53839,9.82105],[76.53969,9.81386],[76.54458,9.81183],[76.54326,9.80997],[76.54239,9.80874],[76.54205,9.80591],[76.54499,9.80254],[76.54651,9.8024],[76.54713,9.79931],[76.54796,9.80033],[76.54874,9.80155],[76.55109,9.80143],[76.55117,9.80144],[76.55171,9.80152],[76.55338,9.80175],[76.55548,9.80213],[76.55609,9.80221],[76.55692,9.80256],[76.55779,9.80339],[76.55701,9.80551],[76.55673,9.80627],[76.55694,9.80777],[76.559,9.80938],[76.55861,9.81132],[76.55832,9.81343],[76.55959,9.81547],[76.56039,9.81642],[76.56102,9.81896],[76.56353,9.8194],[76.56473,9.82179],[76.56764,9.82288],[76.57213,9.82073],[76.57477,9.81807],[76.57645,9.81803],[76.57795,9.82052],[76.58007,9.82088],[76.58153,9.82416],[76.58161,9.82798],[76.5799,9.83056],[76.57981,9.83621],[76.58067,9.83758],[76.58114,9.84052],[76.57964,9.84305],[76.58541,9.84304],[76.58968,9.84328],[76.59102,9.84372],[76.59198,9.84437],[76.5929,9.8449],[76.59507,9.84553],[76.59655,9.84384],[76.5984,9.84479],[76.60181,9.84409],[76.60419,9.84111],[76.60594,9.83892],[76.60778,9.83906],[76.60854,9.83912],[76.60882,9.84156],[76.61098,9.84073],[76.61175,9.83757],[76.61511,9.8364],[76.61645,9.83611],[76.61735,9.8373],[76.61731,9.83739],[76.6173,9.83741],[76.61729,9.83743],[76.61632,9.83937],[76.61393,9.84273],[76.60949,9.84738],[76.60924,9.85001],[76.61056,9.85067],[76.61074,9.85113],[76.61151,9.85312],[76.61292,9.85174],[76.61612,9.85182],[76.61822,9.8561],[76.6232,9.85729],[76.62525,9.85681],[76.62878,9.85599],[76.6325,9.85643],[76.63227,9.85977],[76.63269,9.86196],[76.63421,9.86234],[76.63496,9.86387],[76.63479,9.86496],[76.63345,9.86488],[76.63281,9.86522],[76.63288,9.86786],[76.63243,9.87327],[76.63616,9.87348],[76.63608,9.88143],[76.6361,9.88293],[76.63592,9.88314],[76.63468,9.88464],[76.6311,9.88354],[76.63024,9.88864],[76.63043,9.89105],[76.6303,9.8919],[76.63062,9.89429],[76.62969,9.89753],[76.62909,9.89962],[76.62928,9.90107],[76.62936,9.90167],[76.6308,9.90384],[76.63154,9.90575],[76.63133,9.90738],[76.63042,9.91021],[76.62874,9.91147],[76.62935,9.91386],[76.63155,9.91595],[76.63468,9.9178],[76.63947,9.9184],[76.64029,9.91795],[76.64187,9.9181],[76.64364,9.91931],[76.64404,9.91957],[76.64461,9.91995],[76.64626,9.92038],[76.64726,9.92063],[76.64786,9.92151],[76.64852,9.92187],[76.64932,9.92183],[76.65036,9.92122],[76.6513,9.92054],[76.65241,9.91944],[76.65346,9.91896],[76.65432,9.91857],[76.65508,9.9186],[76.6559,9.91926],[76.6573,9.92089],[76.65786,9.92084],[76.6585,9.92017],[76.65948,9.91838],[76.6606,9.91702],[76.66156,9.91682],[76.66334,9.91684],[76.66472,9.9171],[76.66746,9.91771],[76.66995,9.91853],[76.67212,9.91944],[76.6744,9.91949],[76.67558,9.91838],[76.67591,9.91782],[76.67821,9.9172],[76.6794,9.91756],[76.68068,9.91823],[76.68147,9.9182],[76.68215,9.91767],[76.68189,9.91636],[76.68167,9.91509],[76.68194,9.91355],[76.68245,9.91237],[76.68309,9.91119],[76.68385,9.91088],[76.68526,9.91046],[76.68715,9.90999],[76.69052,9.90795],[76.69324,9.90759],[76.69546,9.90833],[76.69655,9.9094],[76.69741,9.91024],[76.69748,9.91059],[76.69779,9.91216],[76.69771,9.91277],[76.69706,9.91455],[76.69796,9.91563],[76.70036,9.91572],[76.69991,9.91658],[76.6985,9.91709],[76.69817,9.91829],[76.69832,9.91963],[76.69727,9.92005],[76.69575,9.91827],[76.69519,9.91616],[76.69427,9.91589],[76.69358,9.91673],[76.69227,9.91819],[76.69363,9.92024],[76.69143,9.92179],[76.68865,9.92335],[76.68472,9.9228],[76.68368,9.92357],[76.68385,9.92464],[76.68597,9.9267],[76.68706,9.9274],[76.68932,9.92714],[76.69093,9.93051],[76.69169,9.93235],[76.69573,9.93151],[76.69757,9.9304],[76.69795,9.92858],[76.69967,9.92946],[76.70047,9.93121],[76.70091,9.93228],[76.70137,9.93426],[76.70311,9.93622],[76.70421,9.93921],[76.70612,9.94129],[76.71021,9.94178],[76.70978,9.94412],[76.71122,9.9448],[76.71304,9.94307],[76.71468,9.94273],[76.71528,9.94613],[76.71302,9.94721],[76.7112,9.94917],[76.7117,9.95149],[76.71272,9.95317],[76.71439,9.95373],[76.71583,9.9539],[76.71727,9.95308],[76.71998,9.9508],[76.72221,9.95215],[76.72332,9.95334],[76.725,9.95604],[76.72204,9.95816],[76.71959,9.96048],[76.71628,9.96488],[76.71659,9.9686],[76.71568,9.97075],[76.71255,9.97253],[76.71184,9.97966],[76.71581,9.98174],[76.71751,9.98645],[76.72122,9.98284],[76.72309,9.98131],[76.72398,9.98092],[76.72708,9.98188],[76.72898,9.98298],[76.73139,9.98462],[76.73365,9.98439],[76.73678,9.98458],[76.73768,9.98542],[76.74287,9.98981],[76.74415,9.99047],[76.74624,9.98972],[76.74751,9.98874],[76.75064,9.98813],[76.75291,9.98747],[76.75605,9.98741],[76.75742,9.98596],[76.75899,9.98547],[76.76154,9.98255],[76.76221,9.98198],[76.76564,9.98079],[76.76602,9.98104],[76.76645,9.98132],[76.76602,9.98286],[76.76409,9.98567],[76.7607,9.99],[76.76084,9.99088],[76.76467,9.98863],[76.76478,9.98927],[76.76341,9.99132],[76.76525,9.9925],[76.76624,9.99256],[76.76946,9.99218],[76.76978,9.99476],[76.76924,9.99504],[76.76913,9.9951],[76.76641,9.99653],[76.7674,9.99831],[76.76759,10.00448],[76.7646,10.01042],[76.76974,10.01705],[76.77652,10.02643],[76.77768,10.02757],[76.7788,10.02911],[76.78022,10.03146],[76.78151,10.03343],[76.78298,10.03503],[76.78356,10.0361],[76.78554,10.03473],[76.78769,10.03442],[76.78975,10.03374],[76.79188,10.03282],[76.79323,10.03261],[76.79545,10.03076],[76.79827,10.02951],[76.79989,10.02889],[76.80163,10.02787],[76.80362,10.02644],[76.80577,10.02603],[76.80719,10.02535],[76.80874,10.0235],[76.8102,10.022],[76.81191,10.02048],[76.81404,10.0195],[76.81604,10.0182],[76.81814,10.01716],[76.82048,10.01561],[76.82247,10.01449],[76.82472,10.01336],[76.82769,10.01296],[76.82941,10.01287],[76.83101,10.01211],[76.83155,10.01275],[76.83238,10.01506],[76.8348,10.01859],[76.83562,10.01944],[76.83606,10.02013],[76.83675,10.0212],[76.83925,10.02497],[76.83663,10.02587],[76.83323,10.02571],[76.83239,10.02581],[76.83019,10.02694],[76.82885,10.02772],[76.82776,10.0285],[76.8254,10.02971],[76.82369,10.03083],[76.82285,10.03138],[76.82192,10.0319],[76.82114,10.0324],[76.82054,10.03294],[76.82005,10.03322],[76.81897,10.0342],[76.81819,10.03475],[76.8175,10.03516],[76.81672,10.03531],[76.81573,10.0358],[76.8148,10.03604],[76.81407,10.03616],[76.81322,10.03618],[76.81249,10.03597],[76.81206,10.03583],[76.81137,10.03582],[76.81041,10.03591],[76.80966,10.03636],[76.80905,10.03699],[76.80841,10.03742],[76.80756,10.03813],[76.80681,10.03866],[76.80633,10.03943],[76.80576,10.04007],[76.80518,10.04049],[76.80488,10.04061],[76.80365,10.04066],[76.80283,10.0408],[76.80197,10.04084],[76.80117,10.04077],[76.80055,10.04068],[76.79966,10.04087],[76.79867,10.04126],[76.79792,10.04155],[76.79727,10.04185],[76.79698,10.04197],[76.79572,10.04321],[76.7949,10.04395],[76.79426,10.04426],[76.79319,10.04489],[76.79237,10.0452],[76.7913,10.04574],[76.79043,10.04607],[76.78997,10.04636],[76.78958,10.04657],[76.78857,10.04727],[76.78761,10.0483],[76.78676,10.04922],[76.78614,10.04982],[76.78569,10.05026],[76.78595,10.05135],[76.78531,10.05233],[76.7843,10.05442],[76.78336,10.05613],[76.78224,10.05791],[76.78096,10.05922],[76.77905,10.05989],[76.77776,10.06011],[76.77744,10.06002],[76.77674,10.05984],[76.77654,10.05979],[76.77597,10.05971],[76.77579,10.05981],[76.77577,10.05992],[76.77564,10.06035],[76.77557,10.06073],[76.77554,10.06157],[76.77541,10.06193],[76.77516,10.06238],[76.775,10.06278],[76.77491,10.06307],[76.77487,10.06337],[76.77487,10.06377],[76.77475,10.06402],[76.77427,10.06456],[76.77398,10.06476],[76.77339,10.06511],[76.77319,10.0652],[76.77303,10.06523],[76.77248,10.06524],[76.77175,10.06541],[76.77148,10.06556],[76.77103,10.06584],[76.77079,10.06593],[76.77058,10.06597],[76.77011,10.06597],[76.76978,10.06592],[76.76971,10.06596],[76.76971,10.06606],[76.76975,10.06612],[76.76987,10.06614],[76.77022,10.06613],[76.77064,10.0661],[76.77131,10.06602],[76.77166,10.06602],[76.77189,10.06613],[76.77218,10.06617],[76.77264,10.06611],[76.77299,10.06613],[76.77328,10.06612],[76.77359,10.06613],[76.77399,10.06603],[76.77422,10.06602],[76.77478,10.06608],[76.77497,10.0661],[76.77536,10.06618],[76.77567,10.06622],[76.7759,10.06629],[76.77611,10.06642],[76.77631,10.06643],[76.77649,10.06641],[76.77676,10.06641],[76.777,10.06646],[76.77722,10.06655],[76.77752,10.06662],[76.77786,10.06661],[76.77809,10.06657],[76.77834,10.06653],[76.77866,10.0665],[76.77882,10.06647],[76.77899,10.06633],[76.77917,10.06618],[76.77938,10.06617],[76.77957,10.06617],[76.77973,10.06625],[76.77987,10.06642],[76.78,10.06654],[76.78014,10.0666],[76.78048,10.06663],[76.78078,10.06668],[76.78102,10.06671],[76.7813,10.06681],[76.78157,10.06696],[76.78172,10.06704],[76.78187,10.06703],[76.78199,10.06696],[76.78209,10.06683],[76.78213,10.06666],[76.78207,10.06595],[76.78207,10.06559],[76.7821,10.06546],[76.78219,10.06536],[76.78231,10.06533],[76.78245,10.06531],[76.78284,10.06532],[76.78328,10.06536],[76.78371,10.06545],[76.78412,10.06555],[76.78442,10.06562],[76.78468,10.0657],[76.78511,10.06552],[76.7855,10.06562],[76.78565,10.06559],[76.78583,10.06545],[76.786,10.06525],[76.78756,10.06485],[76.78786,10.06488],[76.78833,10.06473],[76.78864,10.06471],[76.78916,10.06451],[76.78993,10.06389],[76.79043,10.06361],[76.79078,10.06347],[76.79123,10.06338],[76.79148,10.06339],[76.7922,10.06362],[76.79263,10.06365],[76.79289,10.06363],[76.7932,10.06381],[76.79341,10.06399],[76.7936,10.06411],[76.79386,10.0642],[76.79417,10.06449],[76.79458,10.06462],[76.79492,10.06476],[76.79511,10.06491],[76.79516,10.06525],[76.79532,10.06539],[76.79563,10.06547],[76.7959,10.06546],[76.79608,10.06538],[76.7962,10.06526],[76.79654,10.06492],[76.79663,10.06481],[76.79727,10.06465],[76.79785,10.0645],[76.7982,10.0644],[76.79834,10.06433],[76.79907,10.06381],[76.79969,10.06312],[76.79992,10.06305],[76.80029,10.06321],[76.80118,10.06427],[76.80146,10.06435],[76.80189,10.06468],[76.80267,10.06499],[76.80309,10.06513],[76.8036,10.06523],[76.80426,10.06523],[76.8048,10.0654],[76.8057,10.06562],[76.8061,10.06573],[76.8063,10.06574],[76.80648,10.06568],[76.80659,10.06561],[76.80663,10.0655],[76.80658,10.06532],[76.80653,10.06517],[76.80599,10.06503],[76.80516,10.0649],[76.80473,10.0647],[76.80427,10.06429],[76.80417,10.06411],[76.80361,10.06379],[76.80297,10.06313],[76.80248,10.06266],[76.80223,10.06212],[76.80196,10.06181],[76.80144,10.0616],[76.80095,10.06128],[76.80072,10.06102],[76.80057,10.06074],[76.80049,10.06045],[76.80047,10.06013],[76.80058,10.05984],[76.80072,10.05959],[76.8009,10.05943],[76.8011,10.05929],[76.80131,10.0592],[76.80152,10.05907],[76.80162,10.0588],[76.80155,10.05846],[76.80159,10.05835],[76.80168,10.05826],[76.80188,10.05815],[76.80231,10.05785],[76.80252,10.05767],[76.80271,10.05754],[76.8029,10.05737],[76.80313,10.05725],[76.80331,10.05721],[76.80352,10.05724],[76.80368,10.05728],[76.804,10.05735],[76.80425,10.05743],[76.80456,10.05744],[76.80516,10.05756],[76.80546,10.05756],[76.80572,10.05754],[76.80608,10.0576],[76.80626,10.05768],[76.80649,10.05782],[76.80682,10.05789],[76.80702,10.05793],[76.80716,10.05794],[76.80734,10.05799],[76.80751,10.05802],[76.80763,10.05807],[76.80771,10.05804],[76.80786,10.05805],[76.80806,10.05805],[76.80835,10.05803],[76.80866,10.05805],[76.80894,10.05812],[76.80925,10.0582],[76.80955,10.05827],[76.80992,10.05832],[76.81053,10.05828],[76.81124,10.05839],[76.81169,10.0585],[76.81175,10.05859],[76.81175,10.05863],[76.8117,10.05873],[76.81161,10.05878],[76.81149,10.05883],[76.81132,10.05887],[76.81115,10.05893],[76.81111,10.059],[76.81072,10.05916],[76.81035,10.05907],[76.80969,10.05923],[76.80973,10.0594],[76.81006,10.05944],[76.81144,10.05967],[76.81141,10.05983],[76.81123,10.05984],[76.81094,10.05975],[76.80994,10.06024],[76.80942,10.0608],[76.80846,10.06158],[76.80851,10.0618],[76.8091,10.06146],[76.81015,10.06125],[76.8102,10.06139],[76.80975,10.06183],[76.80967,10.06204],[76.80991,10.06213],[76.81145,10.06208],[76.81308,10.06195],[76.81668,10.06173],[76.8172,10.06158],[76.81762,10.06147],[76.81803,10.06132],[76.81811,10.06139],[76.81808,10.06152],[76.81787,10.06159],[76.81758,10.06179],[76.81731,10.06203],[76.81719,10.06224],[76.81738,10.06237],[76.81761,10.06216],[76.8178,10.06208],[76.81804,10.06212],[76.81811,10.06229],[76.81827,10.06252],[76.81845,10.06259],[76.81872,10.06262],[76.81893,10.06263],[76.81921,10.06278],[76.8195,10.06265],[76.81969,10.06255],[76.8199,10.06241],[76.82032,10.06229],[76.82065,10.06225],[76.82088,10.06215],[76.8211,10.06198],[76.82134,10.06211],[76.82157,10.06212],[76.82182,10.06217],[76.82213,10.06226],[76.82267,10.06235],[76.82281,10.06225],[76.82303,10.06204],[76.82312,10.06197],[76.82326,10.062],[76.82339,10.06213],[76.82354,10.06228],[76.82365,10.06234],[76.82385,10.06215],[76.82393,10.06202],[76.82401,10.06204],[76.82416,10.06221],[76.82433,10.06237],[76.8245,10.06248],[76.82473,10.06235],[76.82484,10.06223],[76.82493,10.06223],[76.82512,10.06227],[76.82523,10.06229],[76.82534,10.06243],[76.82531,10.06253],[76.82523,10.06261],[76.825,10.06281],[76.82475,10.063],[76.82437,10.06315],[76.82424,10.06325],[76.82411,10.06338],[76.82401,10.06352],[76.82395,10.06357],[76.82387,10.06358],[76.8237,10.06352],[76.82359,10.06356],[76.82351,10.06365],[76.8235,10.06375],[76.82343,10.06386],[76.82324,10.06391],[76.82302,10.06396],[76.82274,10.06422],[76.82249,10.06434],[76.82213,10.06451],[76.82184,10.06472],[76.8213,10.06494],[76.82111,10.06509],[76.82072,10.06521],[76.82025,10.06547],[76.81962,10.06587],[76.81905,10.06658],[76.8189,10.06682],[76.81886,10.06719],[76.81872,10.06739],[76.81835,10.06748],[76.81807,10.06773],[76.81719,10.06865],[76.81645,10.06923],[76.81634,10.06972],[76.8167,10.0701],[76.81711,10.07049],[76.81726,10.07093],[76.8174,10.0714],[76.8171,10.07188],[76.81626,10.07252],[76.81626,10.07294],[76.8161,10.07312],[76.81619,10.07386],[76.81619,10.0746],[76.81588,10.07511],[76.81596,10.07588],[76.81521,10.07715],[76.81474,10.07788],[76.81452,10.07868],[76.81455,10.07926],[76.8145,10.07964],[76.81429,10.08005],[76.814,10.08041],[76.81429,10.08106],[76.81482,10.0815],[76.81569,10.08174],[76.81609,10.08167],[76.81639,10.08183],[76.81643,10.08224],[76.81639,10.08299],[76.81633,10.08333],[76.81631,10.08356],[76.8167,10.08402],[76.81701,10.08417],[76.81741,10.08435],[76.81776,10.0843],[76.81815,10.08437],[76.81855,10.08461],[76.81897,10.0851],[76.81915,10.08552],[76.81931,10.08588],[76.81958,10.08614],[76.81983,10.08617],[76.82018,10.08616],[76.82028,10.08626],[76.8205,10.0864],[76.82063,10.08649],[76.82062,10.08661],[76.82046,10.08676],[76.82034,10.08709],[76.82045,10.08749],[76.82046,10.08806],[76.82037,10.08856],[76.82016,10.08883],[76.82069,10.08918],[76.82125,10.08951],[76.82184,10.08959],[76.82248,10.08959],[76.82283,10.08968],[76.82343,10.0904],[76.82378,10.09029],[76.82435,10.09033],[76.82453,10.09014],[76.82471,10.08997],[76.82504,10.08975],[76.82545,10.08971],[76.82569,10.08964],[76.82598,10.08943],[76.8262,10.08942],[76.82632,10.08938],[76.82638,10.08926],[76.82654,10.08923],[76.82667,10.08912],[76.82676,10.089],[76.82691,10.08898],[76.82717,10.08903],[76.82739,10.089],[76.82756,10.08889],[76.82772,10.08881],[76.82795,10.0887],[76.82821,10.08858],[76.82844,10.08843],[76.82868,10.08828],[76.82889,10.0881],[76.82903,10.08784],[76.82917,10.08771],[76.8295,10.08781],[76.82997,10.08806],[76.83028,10.08798],[76.83047,10.08793],[76.83076,10.08786],[76.83104,10.08758],[76.83118,10.08741],[76.83119,10.08717],[76.8314,10.08707],[76.83158,10.08709],[76.83181,10.08714],[76.8321,10.08714],[76.83216,10.08699],[76.83214,10.08677],[76.83228,10.08658],[76.83247,10.0864],[76.83268,10.08646],[76.83283,10.08678],[76.83304,10.08687],[76.83325,10.08682],[76.83345,10.08672],[76.83363,10.0866],[76.83379,10.08658],[76.83398,10.08653],[76.83424,10.08653],[76.83436,10.08657],[76.83441,10.08654],[76.8344,10.08616],[76.83522,10.08498],[76.83563,10.08471],[76.83624,10.0844],[76.8367,10.08423],[76.83711,10.08382],[76.8375,10.08407],[76.83772,10.08395],[76.838,10.08401],[76.83829,10.08386],[76.83847,10.08348],[76.839,10.08305],[76.83914,10.0827],[76.83959,10.08238],[76.84008,10.08199],[76.84035,10.08169],[76.84126,10.08137],[76.8416,10.08151],[76.84182,10.08149],[76.84205,10.08121],[76.84234,10.08109],[76.84285,10.08092],[76.84301,10.08075],[76.84304,10.08042],[76.84323,10.08023],[76.84357,10.08003],[76.84377,10.07976],[76.8444,10.07956],[76.84466,10.07933],[76.8454,10.07912],[76.84589,10.07892],[76.84616,10.07897],[76.84634,10.07891],[76.84659,10.07875],[76.84674,10.07858],[76.84693,10.07851],[76.8471,10.07851],[76.84726,10.07858],[76.8474,10.07868],[76.8475,10.07864],[76.84768,10.07848],[76.84811,10.07851],[76.84839,10.07841],[76.84869,10.07827],[76.84894,10.07817],[76.84907,10.078],[76.84929,10.07795],[76.84956,10.07799],[76.85003,10.07789],[76.8506,10.07784],[76.85211,10.0773],[76.85282,10.07721],[76.85305,10.07709],[76.8534,10.07692],[76.85374,10.07676],[76.85406,10.07656],[76.85449,10.0765],[76.85513,10.07638],[76.85548,10.07641],[76.85546,10.07668],[76.85555,10.07687],[76.85576,10.07691],[76.85629,10.07695],[76.85652,10.07683],[76.85668,10.07666],[76.85668,10.07646],[76.85667,10.07595],[76.85751,10.07579],[76.85909,10.07533],[76.85973,10.07513],[76.86016,10.07481],[76.86083,10.0746],[76.86198,10.07422],[76.86299,10.07393],[76.86381,10.07364],[76.86477,10.07345],[76.86506,10.07393],[76.8653,10.07472],[76.86513,10.07591],[76.865,10.07764],[76.86459,10.07923],[76.86387,10.08041],[76.86386,10.08173],[76.864,10.0834],[76.86433,10.08524],[76.86449,10.08635],[76.8645,10.08676],[76.86407,10.08754],[76.86405,10.08838],[76.8643,10.0892],[76.86461,10.08989],[76.8671,10.094],[76.86955,10.09702],[76.87541,10.10422],[76.88073,10.1126],[76.88407,10.11832],[76.88414,10.11876],[76.88426,10.11922],[76.88452,10.11958],[76.88495,10.11995],[76.88516,10.12021],[76.88538,10.12046],[76.88557,10.12068],[76.8856,10.12105],[76.88579,10.12144],[76.88584,10.12191],[76.88601,10.12246],[76.88624,10.12302],[76.88651,10.12332],[76.8868,10.12384],[76.88716,10.12435],[76.8876,10.12475],[76.88814,10.12549],[76.88865,10.12616],[76.88873,10.12645],[76.88891,10.12688],[76.88924,10.12728],[76.88953,10.12762],[76.88954,10.12795],[76.88973,10.12842],[76.89007,10.12888],[76.88996,10.12912],[76.89038,10.12978],[76.89056,10.12984],[76.89162,10.12941],[76.89178,10.12949],[76.89202,10.13008],[76.89246,10.13083],[76.89296,10.13129],[76.89301,10.13155],[76.89302,10.13162],[76.89303,10.13165],[76.89308,10.1319],[76.89358,10.13213],[76.89408,10.13243],[76.89454,10.13272],[76.89489,10.13268],[76.89522,10.13276],[76.89543,10.13293],[76.89531,10.13363],[76.89526,10.13431],[76.89593,10.13457],[76.89731,10.13539],[76.8984,10.13607],[76.89894,10.13675],[76.89947,10.13696],[76.89982,10.13759],[76.9003,10.13795],[76.90116,10.13832],[76.90166,10.1389],[76.9017,10.13957],[76.90191,10.14012],[76.90238,10.14032],[76.90286,10.14029],[76.90345,10.14035],[76.90436,10.14081],[76.90464,10.14119],[76.90524,10.1418],[76.9056,10.14242],[76.90514,10.14346],[76.90403,10.14635],[76.90375,10.14709],[76.90349,10.14779],[76.9033,10.14819],[76.90309,10.1483],[76.90315,10.14858],[76.90338,10.14878],[76.90387,10.149],[76.9044,10.14914],[76.90482,10.14916],[76.9052,10.14968],[76.90545,10.15033],[76.90598,10.1507],[76.90634,10.15097],[76.9065,10.15123],[76.90661,10.15192],[76.90658,10.15263],[76.90656,10.15318],[76.90631,10.1538],[76.90633,10.15411],[76.90617,10.15448],[76.90664,10.15493],[76.90718,10.15523],[76.90812,10.15558],[76.90859,10.15605],[76.90885,10.15627],[76.90918,10.15673],[76.90928,10.15726],[76.90933,10.1576],[76.90964,10.15788],[76.91001,10.15836],[76.91037,10.15882],[76.91082,10.15928],[76.91107,10.15976],[76.91127,10.15993],[76.9114,10.16031],[76.91144,10.16068],[76.91163,10.16099],[76.91221,10.16154],[76.91265,10.1622],[76.91294,10.1625],[76.91295,10.16302],[76.91302,10.16364],[76.91305,10.16381],[76.91311,10.16463],[76.91267,10.16527],[76.91267,10.16553],[76.91461,10.1661],[76.91591,10.16633],[76.91682,10.16642],[76.91689,10.1666],[76.91706,10.16708],[76.91722,10.16752],[76.91734,10.16759],[76.91758,10.16772],[76.91845,10.16821],[76.91852,10.16878],[76.91894,10.16968],[76.91919,10.1711],[76.91957,10.17246],[76.9207,10.1739],[76.92098,10.17547],[76.92214,10.17636],[76.92363,10.17672],[76.92445,10.17693],[76.92522,10.17712],[76.92549,10.17719],[76.92679,10.17791],[76.92894,10.17812],[76.92931,10.17817],[76.93101,10.17808],[76.93256,10.17748],[76.93396,10.17607],[76.93472,10.17509],[76.9366,10.17338],[76.93854,10.17238],[76.94109,10.17173],[76.94357,10.17121],[76.94577,10.17086],[76.94841,10.17044],[76.94949,10.17026],[76.95105,10.16999],[76.95182,10.16976],[76.95316,10.1686],[76.95479,10.16685],[76.95612,10.16536],[76.95665,10.16499],[76.9572,10.16476],[76.95865,10.16466],[76.96031,10.16447],[76.96196,10.16421],[76.96305,10.16347],[76.96398,10.16266],[76.96473,10.16158],[76.96541,10.16082],[76.96623,10.16029],[76.96695,10.15994],[76.96746,10.1598],[76.96783,10.15986],[76.96802,10.16024],[76.96864,10.16049],[76.96937,10.16052],[76.97017,10.16035],[76.97128,10.1601],[76.97226,10.15995],[76.97366,10.16016],[76.97518,10.16085],[76.97768,10.16193],[76.98036,10.16297],[76.98295,10.16406],[76.98454,10.16464],[76.98537,10.16458],[76.98618,10.164],[76.98767,10.16225],[76.98815,10.16101],[76.98878,10.15943],[76.98883,10.15929],[76.98893,10.159],[76.98921,10.15891],[76.98958,10.15918],[76.99007,10.15952],[76.99059,10.1596],[76.9923,10.16064],[76.99743,10.16035],[76.99974,10.1653],[77.00032,10.17047],[77.00359,10.17023],[77.00767,10.17163],[77.01001,10.17218],[77.0144,10.17261],[77.01538,10.176],[77.0218,10.17914],[77.02685,10.17369],[77.0308,10.1729],[77.03883,10.17516],[77.04203,10.17606],[77.04766,10.17669],[77.05038,10.177],[77.05505,10.17752],[77.05716,10.17744],[77.05949,10.17272],[77.06119,10.16964],[77.06614,10.17388],[77.06687,10.1745],[77.06956,10.17432],[77.07194,10.17451],[77.07426,10.1736],[77.07458,10.17381],[77.07532,10.1743],[77.07668,10.17521],[77.08,10.17098],[77.08087,10.17147],[77.08179,10.17198],[77.08521,10.17503],[77.08798,10.18046],[77.08893,10.18432],[77.08646,10.18432],[77.08335,10.18767],[77.083,10.18805],[77.08121,10.18997],[77.08121,10.19179],[77.07901,10.19291],[77.07882,10.193],[77.07653,10.19416],[77.07628,10.1958],[77.07165,10.19574],[77.06857,10.1941],[77.06548,10.19738],[77.06801,10.20661],[77.06499,10.21032],[77.06264,10.21013],[77.05808,10.21089],[77.05758,10.21098],[77.0573,10.21102],[77.05691,10.21109],[77.05626,10.2112],[77.05581,10.21127],[77.05571,10.21129],[77.05536,10.21135],[77.05412,10.21091],[77.05393,10.21065],[77.05331,10.2102],[77.05286,10.20975],[77.05204,10.2094],[77.05176,10.2092],[77.05135,10.20813],[77.04678,10.2054],[77.04283,10.20655],[77.04055,10.20321],[77.03413,10.20746],[77.02901,10.20728],[77.02482,10.21165],[77.02433,10.2118],[77.01902,10.21347],[77.01957,10.21523],[77.02087,10.21693],[77.01821,10.21809],[77.01328,10.22289],[77.01352,10.2258],[77.02099,10.2295],[77.03469,10.23048],[77.04296,10.23376],[77.04777,10.23114],[77.0577,10.23491],[77.06115,10.23728],[77.06165,10.2405],[77.06061,10.24863],[77.05603,10.25455],[77.0499,10.26167],[77.04948,10.26129],[77.04908,10.26091],[77.04863,10.26055],[77.04832,10.26027],[77.04774,10.25985],[77.04676,10.25928],[77.0464,10.25713],[77.04534,10.25599],[77.04386,10.25539],[77.04257,10.25458],[77.04149,10.25337],[77.04075,10.25298],[77.03928,10.25294],[77.03883,10.25289],[77.0388,10.25305],[77.03825,10.25338],[77.03796,10.25325],[77.03738,10.25296],[77.0369,10.25233],[77.03557,10.25176],[77.03299,10.25167],[77.03068,10.25115],[77.03028,10.25104],[77.02887,10.25066],[77.02781,10.25042],[77.02691,10.24972],[77.02654,10.24975],[77.02598,10.25001],[77.02469,10.24989],[77.02399,10.24895],[77.02019,10.24754],[77.01908,10.24698],[77.01755,10.24577],[77.01659,10.24552],[77.01474,10.24593],[77.01466,10.24594],[77.0142,10.246],[77.01328,10.24421],[77.01276,10.24293],[77.01206,10.24264],[77.01175,10.24205],[77.01121,10.24029],[77.01039,10.24009],[77.00888,10.24023],[77.00775,10.23935],[77.00621,10.23906],[77.00465,10.23774],[77.00418,10.23515],[77.00336,10.2343],[77.00247,10.23432],[77.0017,10.23527],[77.00123,10.23527],[77.00085,10.23483],[77.00048,10.23398],[76.99937,10.23292],[76.99949,10.2319],[76.99943,10.23111],[76.99862,10.23049],[76.99792,10.23026],[76.99672,10.2311],[76.99581,10.23131],[76.9949,10.23082],[76.99362,10.23056],[76.99302,10.23032],[76.99234,10.22933],[76.99166,10.22888],[76.99078,10.22876],[76.99044,10.228],[76.99093,10.22645],[76.99086,10.22596],[76.99007,10.22577],[76.98888,10.22522],[76.98744,10.22395],[76.98643,10.22336],[76.98416,10.22309],[76.98357,10.22241],[76.98416,10.22126],[76.98391,10.22064],[76.98246,10.22042],[76.98194,10.22077],[76.98055,10.22367],[76.97964,10.22423],[76.9779,10.22431],[76.97679,10.22539],[76.97554,10.22542],[76.97313,10.22584],[76.97253,10.22719],[76.97245,10.22833],[76.97125,10.22973],[76.97024,10.23027],[76.96756,10.23139],[76.96615,10.23094],[76.96523,10.23122],[76.96322,10.23257],[76.96091,10.2334],[76.95884,10.23426],[76.95623,10.23432],[76.95496,10.23393],[76.95369,10.23256],[76.95318,10.23238],[76.95075,10.23244],[76.9505,10.23259],[76.9489,10.2335],[76.94784,10.23528],[76.94728,10.23711],[76.94379,10.23702],[76.93976,10.23927],[76.93854,10.23947],[76.93772,10.23908],[76.93642,10.23761],[76.93411,10.23608],[76.933,10.23599],[76.93253,10.23688],[76.92901,10.23467],[76.92686,10.23365],[76.92566,10.23318],[76.92318,10.23267],[76.92057,10.2325],[76.91769,10.23308],[76.91432,10.23419],[76.91197,10.2351],[76.91057,10.23586],[76.9095,10.23688],[76.90978,10.23878],[76.90895,10.24021],[76.90765,10.24098],[76.90625,10.24084],[76.9036,10.24083],[76.90344,10.24113],[76.90475,10.24562],[76.90543,10.24826],[76.90447,10.25112],[76.90279,10.25177],[76.90063,10.25328],[76.89608,10.25397],[76.89655,10.25739],[76.8943,10.25836],[76.88823,10.25791],[76.87835,10.26104],[76.8769,10.26258],[76.8799,10.26702],[76.87703,10.26937],[76.87187,10.27174],[76.87124,10.27146],[76.8669,10.2693],[76.8652,10.27335],[76.86093,10.27295],[76.85698,10.27552],[76.84855,10.28017],[76.84494,10.28118],[76.84254,10.27958],[76.841,10.28367],[76.83576,10.28397],[76.8331,10.27595],[76.82861,10.27636],[76.82625,10.28128],[76.81795,10.28367],[76.80997,10.28612],[76.80353,10.28494],[76.79842,10.27852],[76.79427,10.27755],[76.79418,10.27994],[76.79295,10.28054],[76.78684,10.2778],[76.78317,10.27759],[76.7774,10.27694],[76.77408,10.2758],[76.77368,10.2712],[76.76483,10.26913],[76.76298,10.26923],[76.7586,10.26978],[76.75178,10.27793],[76.75131,10.27799],[76.74712,10.27848],[76.74384,10.27656],[76.73711,10.27318],[76.72993,10.27037],[76.70796,10.27037],[76.69594,10.26479],[76.6873,10.26753],[76.68672,10.26771],[76.67483,10.27105],[76.66496,10.27468],[76.66084,10.2813],[76.65843,10.28131],[76.64608,10.28139],[76.64157,10.27548],[76.62985,10.27291],[76.62167,10.27432],[76.61865,10.28127],[76.60423,10.28156],[76.59127,10.29279],[76.58689,10.29938],[76.5813,10.30176],[76.57784,10.30322],[76.57436,10.30141],[76.57203,10.29915],[76.56619,10.2935],[76.56906,10.29045],[76.5734,10.28773],[76.5728,10.28538],[76.55889,10.28526],[76.55486,10.28377],[76.55294,10.28467],[76.54951,10.2863],[76.54441,10.29001],[76.53531,10.28764],[76.52484,10.28536],[76.51471,10.28891],[76.4966,10.28756],[76.49523,10.29313],[76.48793,10.29465],[76.48295,10.29203],[76.47609,10.29347],[76.47317,10.29153],[76.4673,10.29448],[76.46321,10.29541],[76.45759,10.29693],[76.44895,10.29543],[76.4471,10.29524],[76.44389,10.29411],[76.44158,10.2944],[76.43609,10.29419],[76.43522,10.29323],[76.43328,10.29109],[76.43083,10.28885],[76.42737,10.28898],[76.42599,10.29041],[76.42528,10.29115],[76.41961,10.29296],[76.41625,10.29393],[76.41637,10.28902],[76.41222,10.28927],[76.41292,10.28076],[76.40621,10.27826],[76.40193,10.27666],[76.4009,10.27367],[76.39973,10.27084],[76.39853,10.26716],[76.39431,10.26708],[76.39252,10.26705],[76.38897,10.26366],[76.39172,10.2553],[76.38828,10.25516],[76.37867,10.25479],[76.37914,10.2452],[76.37424,10.2417],[76.37348,10.24115],[76.36652,10.23995],[76.36229,10.23862],[76.35947,10.23774],[76.35679,10.23673],[76.35032,10.23428],[76.34556,10.23245],[76.34305,10.23148],[76.33992,10.22782],[76.33955,10.22696],[76.33712,10.2213],[76.3358,10.21412],[76.33321,10.21204],[76.33175,10.21087],[76.32954,10.20909],[76.32794,10.20886],[76.3197,10.20766],[76.31146,10.20623],[76.31165,10.20236],[76.31179,10.1993],[76.31219,10.19102],[76.31191,10.18591],[76.3119,10.18578],[76.3119,10.18573],[76.31189,10.18562],[76.31172,10.18253],[76.30267,10.18561],[76.30103,10.18506],[76.30052,10.18489],[76.29954,10.1803],[76.29825,10.17676],[76.2958,10.1761],[76.29194,10.17687],[76.28854,10.17786],[76.28711,10.17828],[76.28565,10.17698],[76.28496,10.17634],[76.28386,10.17591],[76.2809,10.17477],[76.27656,10.17515],[76.27404,10.17526],[76.2737,10.17961],[76.27292,10.18398],[76.26924,10.18536],[76.26334,10.18936],[76.26031,10.19717],[76.26166,10.199],[76.26306,10.20048],[76.26152,10.20246],[76.26057,10.20243],[76.25681,10.20234],[76.25208,10.20222],[76.24246,10.20358],[76.2397,10.20397],[76.2321,10.20475],[76.23006,10.20497],[76.22113,10.20726],[76.22047,10.20703],[76.22176,10.20546],[76.21838,10.20301],[76.21495,10.20032],[76.21419,10.19972],[76.21336,10.19466],[76.20314,10.19494],[76.20172,10.19498],[76.19182,10.19276],[76.18175,10.18992],[76.17461,10.18643]]]}},{"type":"Feature","properties":{"district":"Idukki","name_ml":"ഇടുക്കി ജില്ല","wikidata":"Q301821","admin_level":5},"geometry":{"type":"Polygon","coordinates":[[[77.06061,10.24863],[77.06165,10.2405],[77.06115,10.23728],[77.0577,10.23491],[77.04777,10.23114],[77.04296,10.23376],[77.03469,10.23048],[77.02099,10.2295],[77.01352,10.2258],[77.01328,10.22289],[77.01821,10.21809],[77.02087,10.21693],[77.01957,10.21523],[77.01902,10.21347],[77.02433,10.2118],[77.02482,10.21165],[77.02901,10.20728],[77.03413,10.20746],[77.04055,10.20321],[77.04283,10.20655],[77.04678,10.2054],[77.05135,10.20813],[77.05176,10.2092],[77.05204,10.2094],[77.05286,10.20975],[77.05331,10.2102],[77.05393,10.21065],[77.05412,10.21091],[77.05536,10.21135],[77.05571,10.21129],[77.05581,10.21127],[77.05626,10.2112],[77.05691,10.21109],[77.0573,10.21102],[77.05758,10.21098],[77.05808,10.21089],[77.06264,10.21013],[77.06499,10.21032],[77.06801,10.20661],[77.06548,10.19738],[77.06857,10.1941],[77.07165,10.19574],[77.07628,10.1958],[77.07653,10.19416],[77.07882,10.193],[77.07901,10.19291],[77.08121,10.19179],[77.08121,10.18997],[77.083,10.18805],[77.08335,10.18767],[77.08646,10.18432],[77.08893,10.18432],[77.08798,10.18046],[77.08521,10.17503],[77.08179,10.17198],[77.08087,10.17147],[77.08,10.17098],[77.07668,10.17521],[77.07532,10.1743],[77.07458,10.17381],[77.07426,10.1736],[77.07194,10.17451],[77.06956,10.17432],[77.06687,10.1745],[77.06614,10.17388],[77.06119,10.16964],[77.05949,10.17272],[77.05716,10.17744],[77.05505,10.17752],[77.05038,10.177],[77.04766,10.17669],[77.04203,10.17606],[77.03883,10.17516],[77.0308,10.1729],[77.02685,10.17369],[77.0218,10.17914],[77.01538,10.176],[77.0144,10.17261],[77.01001,10.17218],[77.00767,10.17163],[77.00359,10.17023],[77.00032,10.17047],[76.99974,10.1653],[76.99743,10.16035],[76.9923,10.16064],[76.99059,10.1596],[76.99007,10.15952],[76.98958,10.15918],[76.98921,10.15891],[76.98893,10.159],[76.98883,10.15929],[76.98878,10.15943],[76.98815,10.16101],[76.98767,10.16225],[76.98618,10.164],[76.98537,10.16458],[76.98454,10.16464],[76.98295,10.16406],[76.98036,10.16297],[76.97768,10.16193],[76.97518,10.16085],[76.97366,10.16016],[76.97226,10.15995],[76.97128,10.1601],[76.97017,10.16035],[76.96937,10.16052],[76.96864,10.16049],[76.96802,10.16024],[76.96783,10.15986],[76.96746,10.1598],[76.96695,10.15994],[76.96623,10.16029],[76.96541,10.16082],[76.96473,10.16158],[76.96398,10.16266],[76.96305,10.16347],[76.96196,10.16421],[76.96031,10.16447],[76.95865,10.16466],[76.9572,10.16476],[76.95665,10.16499],[76.95612,10.16536],[76.95479,10.16685],[76.95316,10.1686],[76.95182,10.16976],[76.95105,10.16999],[76.94949,10.17026],[76.94841,10.17044],[76.94577,10.17086],[76.94357,10.17121],[76.94109,10.17173],[76.93854,10.17238],[76.9366,10.17338],[76.93472,10.17509],[76.93396,10.17607],[76.93256,10.17748],[76.93101,10.17808],[76.92931,10.17817],[76.92894,10.17812],[76.92679,10.17791],[76.92549,10.17719],[76.92522,10.17712],[76.92445,10.17693],[76.92363,10.17672],[76.92214,10.17636],[76.92098,10.17547],[76.9207,10.1739],[76.91957,10.17246],[76.91919,10.1711],[76.91894,10.16968],[76.91852,10.16878],[76.91845,10.16821],[76.91758,10.16772],[76.91734,10.16759],[76.91722,10.16752],[76.91706,10.16708],[76.91689,10.1666],[76.91682,10.16642],[76.91591,10.16633],[76.91461,10.1661],[76.91267,10.16553],[76.91267,10.16527],[76.91311,10.16463],[76.91305,10.16381],[76.91302,10.16364],[76.91295,10.16302],[76.91294,10.1625],[76.91265,10.1622],[76.91221,10.16154],[76.91163,10.16099],[76.91144,10.16068],[76.9114,10.16031],[76.91127,10.15993],[76.91107,10.15976],[76.91082,10.15928],[76.91037,10.15882],[76.91001,10.15836],[76.90964,10.15788],[76.90933,10.1576],[76.90928,10.15726],[76.90918,10.15673],[76.90885,10.15627],[76.90859,10.15605],[76.90812,10.15558],[76.90718,10.15523],[76.90664,10.15493],[76.90617,10.15448],[76.90633,10.15411],[76.90631,10.1538],[76.90656,10.15318],[76.90658,10.15263],[76.90661,10.15192],[76.9065,10.15123],[76.90634,10.15097],[76.90598,10.1507],[76.90545,10.15033],[76.9052,10.14968],[76.90482,10.14916],[76.9044,10.14914],[76.90387,10.149],[76.90338,10.14878],[76.90315,10.14858],[76.90309,10.1483],[76.9033,10.14819],[76.90349,10.14779],[76.90375,10.14709],[76.90403,10.14635],[76.90514,10.14346],[76.9056,10.14242],[76.90524,10.1418],[76.90464,10.14119],[76.90436,10.14081],[76.90345,10.14035],[76.90286,10.14029],[76.90238,10.14032],[76.90191,10.14012],[76.9017,10.13957],[76.90166,10.1389],[76.90116,10.13832],[76.9003,10.13795],[76.89982,10.13759],[76.89947,10.13696],[76.89894,10.13675],[76.8984,10.13607],[76.89731,10.13539],[76.89593,10.13457],[76.89526,10.13431],[76.89531,10.13363],[76.89543,10.13293],[76.89522,10.13276],[76.89489,10.13268],[76.89454,10.13272],[76.89408,10.13243],[76.89358,10.13213],[76.89308,10.1319],[76.89303,10.13165],[76.89302,10.13162],[76.89301,10.13155],[76.89296,10.13129],[76.89246,10.13083],[76.89202,10.13008],[76.89178,10.12949],[76.89162,10.12941],[76.89056,10.12984],[76.89038,10.12978],[76.88996,10.12912],[76.89007,10.12888],[76.88973,10.12842],[76.88954,10.12795],[76.88953,10.12762],[76.88924,10.12728],[76.88891,10.12688],[76.88873,10.12645],[76.88865,10.12616],[76.88814,10.12549],[76.8876,10.12475],[76.88716,10.12435],[76.8868,10.12384],[76.88651,10.12332],[76.88624,10.12302],[76.88601,10.12246],[76.88584,10.12191],[76.88579,10.12144],[76.8856,10.12105],[76.88557,10.12068],[76.88538,10.12046],[76.88516,10.12021],[76.88495,10.11995],[76.88452,10.11958],[76.88426,10.11922],[76.88414,10.11876],[76.88407,10.11832],[76.88073,10.1126],[76.87541,10.10422],[76.86955,10.09702],[76.8671,10.094],[76.86461,10.08989],[76.8643,10.0892],[76.86405,10.08838],[76.86407,10.08754],[76.8645,10.08676],[76.86449,10.08635],[76.86433,10.08524],[76.864,10.0834],[76.86386,10.08173],[76.86387,10.08041],[76.86459,10.07923],[76.865,10.07764],[76.86513,10.07591],[76.8653,10.07472],[76.86506,10.07393],[76.86477,10.07345],[76.86381,10.07364],[76.86299,10.07393],[76.86198,10.07422],[76.86083,10.0746],[76.86016,10.07481],[76.85973,10.07513],[76.85909,10.07533],[76.85751,10.07579],[76.85667,10.07595],[76.85668,10.07646],[76.85668,10.07666],[76.85652,10.07683],[76.85629,10.07695],[76.85576,10.07691],[76.85555,10.07687],[76.85546,10.07668],[76.85548,10.07641],[76.85513,10.07638],[76.85449,10.0765],[76.85406,10.07656],[76.85374,10.07676],[76.8534,10.07692],[76.85305,10.07709],[76.85282,10.07721],[76.85211,10.0773],[76.8506,10.07784],[76.85003,10.07789],[76.84956,10.07799],[76.84929,10.07795],[76.84907,10.078],[76.84894,10.07817],[76.84869,10.07827],[76.84839,10.07841],[76.84811,10.07851],[76.84768,10.07848],[76.8475,10.07864],[76.8474,10.07868],[76.84726,10.07858],[76.8471,10.07851],[76.84693,10.07851],[76.84674,10.07858],[76.84659,10.07875],[76.84634,10.07891],[76.84616,10.07897],[76.84589,10.07892],[76.8454,10.07912],[76.84466,10.07933],[76.8444,10.07956],[76.84377,10.07976],[76.84357,10.08003],[76.84323,10.08023],[76.84304,10.08042],[76.84301,10.08075],[76.84285,10.08092],[76.84234,10.08109],[76.84205,10.08121],[76.84182,10.08149],[76.8416,10.08151],[76.84126,10.08137],[76.84035,10.08169],[76.84008,10.08199],[76.83959,10.08238],[76.83914,10.0827],[76.839,10.08305],[76.83847,10.08348],[76.83829,10.08386],[76.838,10.08401],[76.83772,10.08395],[76.8375,10.08407],[76.83711,10.08382],[76.8367,10.08423],[76.83624,10.0844],[76.83563,10.08471],[76.83522,10.08498],[76.8344,10.08616],[76.83441,10.08654],[76.83436,10.08657],[76.83424,10.08653],[76.83398,10.08653],[76.83379,10.08658],[76.83363,10.0866],[76.83345,10.08672],[76.83325,10.08682],[76.83304,10.08687],[76.83283,10.08678],[76.83268,10.08646],[76.83247,10.0864],[76.83228,10.08658],[76.83214,10.08677],[76.83216,10.08699],[76.8321,10.08714],[76.83181,10.08714],[76.83158,10.08709],[76.8314,10.08707],[76.83119,10.08717],[76.83118,10.08741],[76.83104,10.08758],[76.83076,10.08786],[76.83047,10.08793],[76.83028,10.08798],[76.82997,10.08806],[76.8295,10.08781],[76.82917,10.08771],[76.82903,10.08784],[76.82889,10.0881],[76.82868,10.08828],[76.82844,10.08843],[76.82821,10.08858],[76.82795,10.0887],[76.82772,10.08881],[76.82756,10.08889],[76.82739,10.089],[76.82717,10.08903],[76.82691,10.08898],[76.82676,10.089],[76.82667,10.08912],[76.82654,10.08923],[76.82638,10.08926],[76.82632,10.08938],[76.8262,10.08942],[76.82598,10.08943],[76.82569,10.08964],[76.82545,10.08971],[76.82504,10.08975],[76.82471,10.08997],[76.82453,10.09014],[76.82435,10.09033],[76.82378,10.09029],[76.82343,10.0904],[76.82283,10.08968],[76.82248,10.08959],[76.82184,10.08959],[76.82125,10.08951],[76.82069,10.08918],[76.82016,10.08883],[76.82037,10.08856],[76.82046,10.08806],[76.82045,10.08749],[76.82034,10.08709],[76.82046,10.08676],[76.82062,10.08661],[76.82063,10.08649],[76.8205,10.0864],[76.82028,10.08626],[76.82018,10.08616],[76.81983,10.08617],[76.81958,10.08614],[76.81931,10.08588],[76.81915,10.08552],[76.81897,10.0851],[76.81855,10.08461],[76.81815,10.08437],[76.81776,10.0843],[76.81741,10.08435],[76.81701,10.08417],[76.8167,10.08402],[76.81631,10.08356],[76.81633,10.08333],[76.81639,10.08299],[76.81643,10.08224],[76.81639,10.08183],[76.81609,10.08167],[76.81569,10.08174],[76.81482,10.0815],[76.81429,10.08106],[76.814,10.08041],[76.81429,10.08005],[76.8145,10.07964],[76.81455,10.07926],[76.81452,10.07868],[76.81474,10.07788],[76.81521,10.07715],[76.81596,10.07588],[76.81588,10.07511],[76.81619,10.0746],[76.81619,10.07386],[76.8161,10.07312],[76.81626,10.07294],[76.81626,10.07252],[76.8171,10.07188],[76.8174,10.0714],[76.81726,10.07093],[76.81711,10.07049],[76.8167,10.0701],[76.81634,10.06972],[76.81645,10.06923],[76.81719,10.06865],[76.81807,10.06773],[76.81835,10.06748],[76.81872,10.06739],[76.81886,10.06719],[76.8189,10.06682],[76.81905,10.06658],[76.81962,10.06587],[76.82025,10.06547],[76.82072,10.06521],[76.82111,10.06509],[76.8213,10.06494],[76.82184,10.06472],[76.82213,10.06451],[76.82249,10.06434],[76.82274,10.06422],[76.82302,10.06396],[76.82324,10.06391],[76.82343,10.06386],[76.8235,10.06375],[76.82351,10.06365],[76.82359,10.06356],[76.8237,10.06352],[76.82387,10.06358],[76.82395,10.06357],[76.82401,10.06352],[76.82411,10.06338],[76.82424,10.06325],[76.82437,10.06315],[76.82475,10.063],[76.825,10.06281],[76.82523,10.06261],[76.82531,10.06253],[76.82534,10.06243],[76.82523,10.06229],[76.82512,10.06227],[76.82493,10.06223],[76.82484,10.06223],[76.82473,10.06235],[76.8245,10.06248],[76.82433,10.06237],[76.82416,10.06221],[76.82401,10.06204],[76.82393,10.06202],[76.82385,10.06215],[76.82365,10.06234],[76.82354,10.06228],[76.82339,10.06213],[76.82326,10.062],[76.82312,10.06197],[76.82303,10.06204],[76.82281,10.06225],[76.82267,10.06235],[76.82213,10.06226],[76.82182,10.06217],[76.82157,10.06212],[76.82134,10.06211],[76.8211,10.06198],[76.82088,10.06215],[76.82065,10.06225],[76.82032,10.06229],[76.8199,10.06241],[76.81969,10.06255],[76.8195,10.06265],[76.81921,10.06278],[76.81893,10.06263],[76.81872,10.06262],[76.81845,10.06259],[76.81827,10.06252],[76.81811,10.06229],[76.81804,10.06212],[76.8178,10.06208],[76.81761,10.06216],[76.81738,10.06237],[76.81719,10.06224],[76.81731,10.06203],[76.81758,10.06179],[76.81787,10.06159],[76.81808,10.06152],[76.81811,10.06139],[76.81803,10.06132],[76.81762,10.06147],[76.8172,10.06158],[76.81668,10.06173],[76.81308,10.06195],[76.81145,10.06208],[76.80991,10.06213],[76.80967,10.06204],[76.80975,10.06183],[76.8102,10.06139],[76.81015,10.06125],[76.8091,10.06146],[76.80851,10.0618],[76.80846,10.06158],[76.80942,10.0608],[76.80994,10.06024],[76.81094,10.05975],[76.81123,10.05984],[76.81141,10.05983],[76.81144,10.05967],[76.81006,10.05944],[76.80973,10.0594],[76.80969,10.05923],[76.81035,10.05907],[76.81072,10.05916],[76.81111,10.059],[76.81115,10.05893],[76.81132,10.05887],[76.81149,10.05883],[76.81161,10.05878],[76.8117,10.05873],[76.81175,10.05863],[76.81175,10.05859],[76.81169,10.0585],[76.81124,10.05839],[76.81053,10.05828],[76.80992,10.05832],[76.80955,10.05827],[76.80925,10.0582],[76.80894,10.05812],[76.80866,10.05805],[76.80835,10.05803],[76.80806,10.05805],[76.80786,10.05805],[76.80771,10.05804],[76.80763,10.05807],[76.80751,10.05802],[76.80734,10.05799],[76.80716,10.05794],[76.80702,10.05793],[76.80682,10.05789],[76.80649,10.05782],[76.80626,10.05768],[76.80608,10.0576],[76.80572,10.05754],[76.80546,10.05756],[76.80516,10.05756],[76.80456,10.05744],[76.80425,10.05743],[76.804,10.05735],[76.80368,10.05728],[76.80352,10.05724],[76.80331,10.05721],[76.80313,10.05725],[76.8029,10.05737],[76.80271,10.05754],[76.80252,10.05767],[76.80231,10.05785],[76.80188,10.05815],[76.80168,10.05826],[76.80159,10.05835],[76.80155,10.05846],[76.80162,10.0588],[76.80152,10.05907],[76.80131,10.0592],[76.8011,10.05929],[76.8009,10.05943],[76.80072,10.05959],[76.80058,10.05984],[76.80047,10.06013],[76.80049,10.06045],[76.80057,10.06074],[76.80072,10.06102],[76.80095,10.06128],[76.80144,10.0616],[76.80196,10.06181],[76.80223,10.06212],[76.80248,10.06266],[76.80297,10.06313],[76.80361,10.06379],[76.80417,10.06411],[76.80427,10.06429],[76.80473,10.0647],[76.80516,10.0649],[76.80599,10.06503],[76.80653,10.06517],[76.80658,10.06532],[76.80663,10.0655],[76.80659,10.06561],[76.80648,10.06568],[76.8063,10.06574],[76.8061,10.06573],[76.8057,10.06562],[76.8048,10.0654],[76.80426,10.06523],[76.8036,10.06523],[76.80309,10.06513],[76.80267,10.06499],[76.80189,10.06468],[76.80146,10.06435],[76.80118,10.06427],[76.80029,10.06321],[76.79992,10.06305],[76.79969,10.06312],[76.79907,10.06381],[76.79834,10.06433],[76.7982,10.0644],[76.79785,10.0645],[76.79727,10.06465],[76.79663,10.06481],[76.79654,10.06492],[76.7962,10.06526],[76.79608,10.06538],[76.7959,10.06546],[76.79563,10.06547],[76.79532,10.06539],[76.79516,10.06525],[76.79511,10.06491],[76.79492,10.06476],[76.79458,10.06462],[76.79417,10.06449],[76.79386,10.0642],[76.7936,10.06411],[76.79341,10.06399],[76.7932,10.06381],[76.79289,10.06363],[76.79263,10.06365],[76.7922,10.06362],[76.79148,10.06339],[76.79123,10.06338],[76.79078,10.06347],[76.79043,10.06361],[76.78993,10.06389],[76.78916,10.06451],[76.78864,10.06471],[76.78833,10.06473],[76.78786,10.06488],[76.78756,10.06485],[76.786,10.06525],[76.78583,10.06545],[76.78565,10.06559],[76.7855,10.06562],[76.78511,10.06552],[76.78468,10.0657],[76.78442,10.06562],[76.78412,10.06555],[76.78371,10.06545],[76.78328,10.06536],[76.78284,10.06532],[76.78245,10.06531],[76.78231,10.06533],[76.78219,10.06536],[76.7821,10.06546],[76.78207,10.06559],[76.78207,10.06595],[76.78213,10.06666],[76.78209,10.06683],[76.78199,10.06696],[76.78187,10.06703],[76.78172,10.06704],[76.78157,10.06696],[76.7813,10.06681],[76.78102,10.06671],[76.78078,10.06668],[76.78048,10.06663],[76.78014,10.0666],[76.78,10.06654],[76.77987,10.06642],[76.77973,10.06625],[76.77957,10.06617],[76.77938,10.06617],[76.77917,10.06618],[76.77899,10.06633],[76.77882,10.06647],[76.77866,10.0665],[76.77834,10.06653],[76.77809,10.06657],[76.77786,10.06661],[76.77752,10.06662],[76.77722,10.06655],[76.777,10.06646],[76.77676,10.06641],[76.77649,10.06641],[76.77631,10.06643],[76.77611,10.06642],[76.7759,10.06629],[76.77567,10.06622],[76.77536,10.06618],[76.77497,10.0661],[76.77478,10.06608],[76.77422,10.06602],[76.77399,10.06603],[76.77359,10.06613],[76.77328,10.06612],[76.77299,10.06613],[76.77264,10.06611],[76.77218,10.06617],[76.77189,10.06613],[76.77166,10.06602],[76.77131,10.06602],[76.77064,10.0661],[76.77022,10.06613],[76.76987,10.06614],[76.76975,10.06612],[76.76971,10.06606],[76.76971,10.06596],[76.76978,10.06592],[76.77011,10.06597],[76.77058,10.06597],[76.77079,10.06593],[76.77103,10.06584],[76.77148,10.06556],[76.77175,10.06541],[76.77248,10.06524],[76.77303,10.06523],[76.77319,10.0652],[76.77339,10.06511],[76.77398,10.06476],[76.77427,10.06456],[76.77475,10.06402],[76.77487,10.06377],[76.77487,10.06337],[76.77491,10.06307],[76.775,10.06278],[76.77516,10.06238],[76.77541,10.06193],[76.77554,10.06157],[76.77557,10.06073],[76.77564,10.06035],[76.77577,10.05992],[76.77579,10.05981],[76.77597,10.05971],[76.77654,10.05979],[76.77674,10.05984],[76.77744,10.06002],[76.77776,10.06011],[76.77905,10.05989],[76.78096,10.05922],[76.78224,10.05791],[76.78336,10.05613],[76.7843,10.05442],[76.78531,10.05233],[76.78595,10.05135],[76.78569,10.05026],[76.78614,10.04982],[76.78676,10.04922],[76.78761,10.0483],[76.78857,10.04727],[76.78958,10.04657],[76.78997,10.04636],[76.79043,10.04607],[76.7913,10.04574],[76.79237,10.0452],[76.79319,10.04489],[76.79426,10.04426],[76.7949,10.04395],[76.79572,10.04321],[76.79698,10.04197],[76.79727,10.04185],[76.79792,10.04155],[76.79867,10.04126],[76.79966,10.04087],[76.80055,10.04068],[76.80117,10.04077],[76.80197,10.04084],[76.80283,10.0408],[76.80365,10.04066],[76.80488,10.04061],[76.80518,10.04049],[76.80576,10.04007],[76.80633,10.03943],[76.80681,10.03866],[76.80756,10.03813],[76.80841,10.03742],[76.80905,10.03699],[76.80966,10.03636],[76.81041,10.03591],[76.81137,10.03582],[76.81206,10.03583],[76.81249,10.03597],[76.81322,10.03618],[76.81407,10.03616],[76.8148,10.03604],[76.81573,10.0358],[76.81672,10.03531],[76.8175,10.03516],[76.81819,10.03475],[76.81897,10.0342],[76.82005,10.03322],[76.82054,10.03294],[76.82114,10.0324],[76.82192,10.0319],[76.82285,10.03138],[76.82369,10.03083],[76.8254,10.02971],[76.82776,10.0285],[76.82885,10.02772],[76.83019,10.02694],[76.83239,10.02581],[76.83323,10.02571],[76.83663,10.02587],[76.83925,10.02497],[76.83675,10.0212],[76.83606,10.02013],[76.83562,10.01944],[76.8348,10.01859],[76.83238,10.01506],[76.83155,10.01275],[76.83101,10.01211],[76.82941,10.01287],[76.82769,10.01296],[76.82472,10.01336],[76.82247,10.01449],[76.82048,10.01561],[76.81814,10.01716],[76.81604,10.0182],[76.81404,10.0195],[76.81191,10.02048],[76.8102,10.022],[76.80874,10.0235],[76.80719,10.02535],[76.80577,10.02603],[76.80362,10.02644],[76.80163,10.02787],[76.79989,10.02889],[76.79827,10.02951],[76.79545,10.03076],[76.79323,10.03261],[76.79188,10.03282],[76.78975,10.03374],[76.78769,10.03442],[76.78554,10.03473],[76.78356,10.0361],[76.78298,10.03503],[76.78151,10.03343],[76.78022,10.03146],[76.7788,10.02911],[76.77768,10.02757],[76.77652,10.02643],[76.76974,10.01705],[76.7646,10.01042],[76.76759,10.00448],[76.7674,9.99831],[76.76641,9.99653],[76.76913,9.9951],[76.76924,9.99504],[76.76978,9.99476],[76.76946,9.99218],[76.76624,9.99256],[76.76525,9.9925],[76.76341,9.99132],[76.76478,9.98927],[76.76467,9.98863],[76.76084,9.99088],[76.7607,9.99],[76.76409,9.98567],[76.76602,9.98286],[76.76645,9.98132],[76.76602,9.98104],[76.76564,9.98079],[76.76221,9.98198],[76.76154,9.98255],[76.75899,9.98547],[76.75742,9.98596],[76.75605,9.98741],[76.75291,9.98747],[76.75064,9.98813],[76.74751,9.98874],[76.74624,9.98972],[76.74415,9.99047],[76.74287,9.98981],[76.73768,9.98542],[76.73678,9.98458],[76.73365,9.98439],[76.73139,9.98462],[76.72898,9.98298],[76.72708,9.98188],[76.72398,9.98092],[76.72309,9.98131],[76.72122,9.98284],[76.71751,9.98645],[76.71581,9.98174],[76.71184,9.97966],[76.71255,9.97253],[76.71568,9.97075],[76.71659,9.9686],[76.71628,9.96488],[76.71959,9.96048],[76.72204,9.95816],[76.725,9.95604],[76.72332,9.95334],[76.72221,9.95215],[76.71998,9.9508],[76.71727,9.95308],[76.71583,9.9539],[76.71439,9.95373],[76.71272,9.95317],[76.7117,9.95149],[76.7112,9.94917],[76.71302,9.94721],[76.71528,9.94613],[76.71468,9.94273],[76.71304,9.94307],[76.71122,9.9448],[76.70978,9.94412],[76.71021,9.94178],[76.70612,9.94129],[76.70421,9.93921],[76.70311,9.93622],[76.70137,9.93426],[76.70091,9.93228],[76.70047,9.93121],[76.69967,9.92946],[76.69795,9.92858],[76.69757,9.9304],[76.69573,9.93151],[76.69169,9.93235],[76.69093,9.93051],[76.68932,9.92714],[76.68706,9.9274],[76.68597,9.9267],[76.68385,9.92464],[76.68368,9.92357],[76.68472,9.9228],[76.68865,9.92335],[76.69143,9.92179],[76.69363,9.92024],[76.69227,9.91819],[76.69358,9.91673],[76.69427,9.91589],[76.69519,9.91616],[76.69575,9.91827],[76.69727,9.92005],[76.69832,9.91963],[76.69817,9.91829],[76.6985,9.91709],[76.69991,9.91658],[76.70036,9.91572],[76.69796,9.91563],[76.69706,9.91455],[76.69771,9.91277],[76.69779,9.91216],[76.69748,9.91059],[76.69741,9.91024],[76.69655,9.9094],[76.69546,9.90833],[76.69324,9.90759],[76.69052,9.90795],[76.68715,9.90999],[76.68526,9.91046],[76.68385,9.91088],[76.68309,9.91119],[76.68245,9.91237],[76.68194,9.91355],[76.68167,9.91509],[76.68189,9.91636],[76.68215,9.91767],[76.68147,9.9182],[76.68068,9.91823],[76.6794,9.91756],[76.67821,9.9172],[76.67591,9.91782],[76.67558,9.91838],[76.6744,9.91949],[76.67212,9.91944],[76.66995,9.91853],[76.66746,9.91771],[76.66472,9.9171],[76.66334,9.91684],[76.66156,9.91682],[76.6606,9.91702],[76.65948,9.91838],[76.6585,9.92017],[76.65786,9.92084],[76.6573,9.92089],[76.6559,9.91926],[76.65508,9.9186],[76.65432,9.91857],[76.65346,9.91896],[76.65241,9.91944],[76.6513,9.92054],[76.65036,9.92122],[76.64932,9.92183],[76.64852,9.92187],[76.64786,9.92151],[76.64726,9.92063],[76.64626,9.92038],[76.64461,9.91995],[76.64404,9.91957],[76.64364,9.91931],[76.64187,9.9181],[76.64029,9.91795],[76.63947,9.9184],[76.63468,9.9178],[76.63155,9.91595],[76.62935,9.91386],[76.62874,9.91147],[76.63042,9.91021],[76.63133,9.90738],[76.63154,9.90575],[76.6308,9.90384],[76.62936,9.90167],[76.62928,9.90107],[76.62909,9.89962],[76.62969,9.89753],[76.63062,9.89429],[76.6303,9.8919],[76.63043,9.89105],[76.63024,9.88864],[76.6311,9.88354],[76.63468,9.88464],[76.63592,9.88314],[76.6361,9.88293],[76.63608,9.88143],[76.63616,9.87348],[76.63243,9.87327],[76.63288,9.86786],[76.63281,9.86522],[76.63345,9.86488],[76.63479,9.86496],[76.63496,9.86387],[76.63421,9.86234],[76.63269,9.86196],[76.63227,9.85977],[76.6325,9.85643],[76.62878,9.85599],[76.62792,9.85114],[76.62917,9.84913],[76.63447,9.84662],[76.63556,9.84585],[76.64043,9.84412],[76.64417,9.84218],[76.64608,9.84032],[76.64974,9.84017],[76.65091,9.8409],[76.65271,9.84076],[76.65428,9.84063],[76.65987,9.84018],[76.66354,9.83966],[76.66762,9.84454],[76.67416,9.84283],[76.67579,9.84046],[76.67923,9.83822],[76.68054,9.8383],[76.68313,9.83957],[76.68303,9.83795],[76.68292,9.83608],[76.68512,9.8335],[76.68652,9.83342],[76.68981,9.83388],[76.69096,9.83397],[76.69129,9.83272],[76.6965,9.83331],[76.69985,9.82511],[76.70293,9.82411],[76.71,9.82183],[76.71051,9.81952],[76.71712,9.81784],[76.71963,9.81504],[76.72182,9.81259],[76.72543,9.81199],[76.73002,9.81242],[76.73137,9.81065],[76.73399,9.80968],[76.73613,9.8069],[76.7392,9.80654],[76.74259,9.80388],[76.74631,9.80469],[76.75075,9.80566],[76.7498,9.81369],[76.75056,9.81435],[76.75405,9.81737],[76.75748,9.81521],[76.76218,9.81291],[76.76508,9.8115],[76.76726,9.8109],[76.77874,9.80774],[76.78841,9.80225],[76.79428,9.79893],[76.79563,9.79804],[76.79946,9.79554],[76.79956,9.79549],[76.80396,9.79267],[76.80849,9.78897],[76.81015,9.78713],[76.81478,9.78092],[76.81625,9.77964],[76.81835,9.77783],[76.82612,9.77086],[76.82805,9.76913],[76.8282,9.76636],[76.82763,9.76527],[76.82749,9.76431],[76.82793,9.76339],[76.83059,9.76172],[76.83522,9.75816],[76.83675,9.75752],[76.83912,9.75653],[76.83913,9.75558],[76.83993,9.75479],[76.84263,9.7521],[76.84352,9.74941],[76.84726,9.74182],[76.84745,9.74143],[76.85395,9.73591],[76.86039,9.73004],[76.86208,9.73152],[76.86429,9.73345],[76.86645,9.73534],[76.86662,9.73537],[76.86668,9.73196],[76.8681,9.72923],[76.874,9.72483],[76.8783,9.72253],[76.88239,9.72088],[76.88529,9.72036],[76.88807,9.71751],[76.88975,9.71574],[76.89065,9.71054],[76.89606,9.70263],[76.89859,9.69539],[76.89894,9.69458],[76.902,9.68742],[76.90322,9.68387],[76.90292,9.68172],[76.90241,9.67815],[76.9049,9.67536],[76.91158,9.6712],[76.91203,9.67092],[76.91206,9.67033],[76.91208,9.66996],[76.91217,9.66821],[76.91307,9.66644],[76.91452,9.66463],[76.91465,9.66447],[76.91651,9.66205],[76.92264,9.65842],[76.92685,9.65491],[76.92673,9.65221],[76.92565,9.65057],[76.92236,9.65059],[76.92218,9.64726],[76.91985,9.6474],[76.91837,9.64401],[76.91851,9.64374],[76.91912,9.64247],[76.91975,9.64118],[76.91999,9.64073],[76.92183,9.63733],[76.92656,9.63271],[76.92994,9.62941],[76.93055,9.62861],[76.93112,9.62787],[76.93132,9.62737],[76.93179,9.62619],[76.9322,9.62517],[76.93266,9.62402],[76.93292,9.6224],[76.93494,9.62165],[76.9349,9.62026],[76.93365,9.62007],[76.93202,9.62045],[76.93189,9.61935],[76.93204,9.61748],[76.93043,9.61848],[76.93,9.61755],[76.93135,9.61681],[76.92968,9.61486],[76.92779,9.61642],[76.92399,9.61963],[76.92387,9.61973],[76.91766,9.62205],[76.91649,9.62339],[76.91425,9.62593],[76.91125,9.62749],[76.90893,9.62751],[76.90709,9.63066],[76.90419,9.63358],[76.90269,9.63435],[76.90059,9.63417],[76.8988,9.6343],[76.8971,9.63409],[76.89477,9.63363],[76.89294,9.63163],[76.89285,9.63093],[76.89265,9.62927],[76.89252,9.62538],[76.89365,9.62121],[76.88979,9.62129],[76.88855,9.621],[76.88793,9.62079],[76.88746,9.62045],[76.88731,9.62006],[76.88731,9.61973],[76.88759,9.61905],[76.88795,9.61864],[76.88851,9.61849],[76.88979,9.61812],[76.89031,9.61799],[76.89052,9.61777],[76.89065,9.61721],[76.89089,9.61653],[76.89114,9.61633],[76.89138,9.616],[76.89159,9.6157],[76.8915,9.61521],[76.89116,9.61486],[76.89072,9.6146],[76.88949,9.61329],[76.88885,9.61229],[76.88851,9.61161],[76.88812,9.61066],[76.88814,9.61014],[76.88829,9.60981],[76.88854,9.60952],[76.88889,9.60932],[76.88926,9.60924],[76.88972,9.60926],[76.89013,9.60939],[76.89056,9.60958],[76.89092,9.60994],[76.89134,9.61046],[76.89169,9.61052],[76.89182,9.61045],[76.89196,9.61012],[76.89187,9.60972],[76.89152,9.60928],[76.89083,9.60892],[76.89047,9.60856],[76.89009,9.6079],[76.89001,9.60749],[76.88991,9.60681],[76.88998,9.60662],[76.89002,9.60652],[76.89038,9.6062],[76.89069,9.60594],[76.89113,9.60556],[76.89138,9.60548],[76.89178,9.60537],[76.89201,9.6053],[76.89243,9.60513],[76.89254,9.60485],[76.89253,9.60443],[76.89246,9.60405],[76.89219,9.60327],[76.89229,9.60294],[76.89251,9.60268],[76.89277,9.60231],[76.89261,9.6017],[76.8926,9.60087],[76.89241,9.60024],[76.89216,9.59988],[76.89207,9.5996],[76.8921,9.59934],[76.89222,9.59897],[76.89269,9.59821],[76.89313,9.5976],[76.89333,9.59725],[76.8934,9.59689],[76.89335,9.59626],[76.89343,9.59585],[76.89354,9.59554],[76.89368,9.5954],[76.89429,9.59506],[76.89469,9.59475],[76.89476,9.5943],[76.89469,9.59338],[76.89457,9.59271],[76.89465,9.59214],[76.89473,9.59166],[76.89501,9.59085],[76.89521,9.58975],[76.89541,9.58936],[76.89562,9.58876],[76.89577,9.58831],[76.8958,9.58779],[76.89579,9.58734],[76.89579,9.58692],[76.89572,9.5867],[76.89531,9.58589],[76.8951,9.58548],[76.89479,9.58528],[76.89451,9.58514],[76.8941,9.58514],[76.89371,9.58527],[76.89331,9.58545],[76.89278,9.58561],[76.89223,9.58569],[76.89048,9.58576],[76.88948,9.58552],[76.88901,9.58509],[76.88846,9.58474],[76.88813,9.58452],[76.88686,9.5839],[76.88524,9.58352],[76.88363,9.58287],[76.88304,9.58254],[76.88291,9.58225],[76.88271,9.58177],[76.88274,9.58151],[76.88277,9.5813],[76.88305,9.58079],[76.88316,9.58048],[76.88333,9.57989],[76.88358,9.57902],[76.88415,9.57797],[76.8852,9.57559],[76.88511,9.57413],[76.88485,9.57249],[76.88471,9.57135],[76.88482,9.57065],[76.88541,9.56749],[76.88511,9.56571],[76.8843,9.56355],[76.88477,9.56144],[76.88546,9.55919],[76.88614,9.55627],[76.88666,9.55217],[76.88726,9.54794],[76.88716,9.5445],[76.88713,9.54349],[76.88614,9.5415],[76.8861,9.53964],[76.8879,9.53871],[76.89005,9.53884],[76.89168,9.53901],[76.8923,9.53908],[76.89255,9.53911],[76.89494,9.53939],[76.89743,9.53926],[76.8991,9.53892],[76.90072,9.53819],[76.90108,9.53803],[76.90172,9.53685],[76.90228,9.53497],[76.90235,9.53474],[76.90243,9.53447],[76.90245,9.53439],[76.90266,9.53378],[76.90297,9.53287],[76.90314,9.53075],[76.90292,9.52813],[76.90348,9.52703],[76.90443,9.52568],[76.90498,9.52466],[76.90485,9.52331],[76.90455,9.52242],[76.90438,9.52197],[76.90588,9.521],[76.90732,9.51988],[76.90817,9.51908],[76.90872,9.51857],[76.90954,9.5179],[76.91033,9.51725],[76.91232,9.51548],[76.91638,9.51268],[76.91727,9.512],[76.92018,9.50978],[76.92172,9.50838],[76.92359,9.50667],[76.92589,9.50517],[76.92734,9.50458],[76.92904,9.50449],[76.92972,9.50443],[76.93176,9.50509],[76.93246,9.50516],[76.93314,9.50523],[76.93578,9.5054],[76.93743,9.5043],[76.93824,9.50336],[76.9412,9.49992],[76.94468,9.49615],[76.94698,9.49266],[76.94886,9.49099],[76.94994,9.49059],[76.95067,9.49107],[76.9511,9.49186],[76.95202,9.49205],[76.95232,9.49154],[76.95301,9.4912],[76.9538,9.49156],[76.95444,9.49249],[76.95475,9.49337],[76.95507,9.49425],[76.95543,9.49575],[76.95625,9.49725],[76.95713,9.49897],[76.95869,9.4995],[76.95899,9.50034],[76.95878,9.5017],[76.95805,9.50242],[76.95753,9.50329],[76.95738,9.50405],[76.95766,9.50515],[76.95901,9.50665],[76.96015,9.50862],[76.96133,9.50908],[76.96333,9.50904],[76.96459,9.5086],[76.96549,9.50782],[76.96616,9.50536],[76.96717,9.5047],[76.96798,9.50464],[76.9688,9.50375],[76.96897,9.50274],[76.96929,9.50147],[76.96976,9.50113],[76.97099,9.50119],[76.97208,9.50145],[76.97457,9.50172],[76.97502,9.50085],[76.97588,9.49998],[76.9782,9.49764],[76.98047,9.49402],[76.98255,9.49069],[76.98348,9.48805],[76.9839,9.48655],[76.98373,9.48591],[76.9826,9.48464],[76.98219,9.48373],[76.9829,9.48206],[76.98354,9.48018],[76.98373,9.47768],[76.98438,9.4733],[76.98412,9.47014],[76.98375,9.46849],[76.98298,9.46781],[76.98187,9.46767],[76.97653,9.46733],[76.97459,9.46705],[76.97355,9.46737],[76.97265,9.46736],[76.97165,9.46734],[76.97061,9.46652],[76.96979,9.46559],[76.96855,9.46536],[76.96717,9.46522],[76.96438,9.46523],[76.96363,9.46513],[76.96291,9.46478],[76.96159,9.46409],[76.95998,9.46277],[76.95874,9.46199],[76.95834,9.46118],[76.95823,9.46046],[76.95824,9.45948],[76.95855,9.4589],[76.95834,9.45859],[76.95753,9.45847],[76.95645,9.45843],[76.95475,9.45665],[76.95268,9.45198],[76.95174,9.45027],[76.94929,9.44872],[76.94736,9.44758],[76.94509,9.44722],[76.94215,9.44618],[76.94103,9.44572],[76.94047,9.44521],[76.94028,9.44438],[76.94054,9.44375],[76.94123,9.44299],[76.94183,9.44208],[76.94303,9.43865],[76.94423,9.43704],[76.94477,9.43583],[76.94457,9.4346],[76.94241,9.43408],[76.942,9.43319],[76.942,9.43209],[76.94241,9.43124],[76.94281,9.43071],[76.94389,9.43067],[76.94509,9.43101],[76.9471,9.43219],[76.94743,9.4331],[76.94683,9.43405],[76.94708,9.43528],[76.94839,9.43602],[76.94974,9.43611],[76.9524,9.43634],[76.95361,9.43587],[76.95359,9.43484],[76.95341,9.43384],[76.95301,9.4323],[76.95384,9.43107],[76.95489,9.43054],[76.95573,9.43018],[76.95773,9.4295],[76.95953,9.42836],[76.9611,9.42766],[76.96176,9.42701],[76.96283,9.4276],[76.96386,9.42893],[76.96444,9.43056],[76.96395,9.43147],[76.96341,9.43245],[76.96399,9.43363],[76.96519,9.43353],[76.96732,9.43319],[76.96852,9.43253],[76.97039,9.43238],[76.97255,9.43306],[76.97335,9.43268],[76.97363,9.43173],[76.97326,9.4306],[76.97273,9.43003],[76.9733,9.42919],[76.97491,9.42897],[76.97573,9.42927],[76.9768,9.42887],[76.97888,9.4288],[76.98015,9.42864],[76.98178,9.42777],[76.98352,9.42745],[76.98431,9.42688],[76.98451,9.42582],[76.98433,9.42512],[76.98378,9.42436],[76.98345,9.42392],[76.99838,9.4245],[77.00378,9.4202],[77.00899,9.42051],[77.01359,9.42078],[77.01047,9.41057],[77.01741,9.40858],[77.02035,9.40774],[77.03401,9.40998],[77.03918,9.41372],[77.04671,9.41462],[77.04927,9.41723],[77.05625,9.41874],[77.06062,9.41711],[77.0659,9.41722],[77.06596,9.42057],[77.06127,9.42623],[77.05978,9.43369],[77.05934,9.43766],[77.05892,9.44246],[77.06056,9.44795],[77.06494,9.4514],[77.06878,9.45456],[77.07797,9.45644],[77.08487,9.46003],[77.0929,9.46552],[77.09761,9.46424],[77.10204,9.46703],[77.11021,9.46795],[77.11396,9.46654],[77.11719,9.46364],[77.12504,9.46232],[77.13322,9.45987],[77.1389,9.46028],[77.14117,9.4613],[77.14502,9.46302],[77.15162,9.46872],[77.15351,9.47],[77.15603,9.47079],[77.15927,9.46909],[77.16245,9.46911],[77.16462,9.46926],[77.16639,9.46939],[77.16571,9.46596],[77.16675,9.46539],[77.16837,9.46647],[77.16864,9.46179],[77.17202,9.46403],[77.1752,9.46843],[77.17868,9.4705],[77.17886,9.46594],[77.18111,9.46408],[77.18012,9.46085],[77.18147,9.45895],[77.18787,9.46071],[77.19073,9.4519],[77.19228,9.45249],[77.19586,9.45386],[77.20055,9.45121],[77.20208,9.4526],[77.20948,9.44918],[77.20859,9.44551],[77.21073,9.44348],[77.21258,9.44411],[77.21537,9.44001],[77.21588,9.43894],[77.2175,9.43899],[77.21747,9.43781],[77.22023,9.43609],[77.22312,9.43531],[77.22429,9.43379],[77.22296,9.4297],[77.22053,9.42576],[77.22106,9.42365],[77.22027,9.42141],[77.22941,9.41925],[77.22981,9.41414],[77.22837,9.41],[77.23028,9.4084],[77.23129,9.40681],[77.23111,9.405],[77.23194,9.40326],[77.23682,9.40149],[77.23949,9.39811],[77.24076,9.39521],[77.24251,9.39185],[77.24484,9.38985],[77.24624,9.38339],[77.24651,9.37851],[77.24813,9.37735],[77.24671,9.37634],[77.24429,9.37271],[77.24128,9.36886],[77.24081,9.36389],[77.24175,9.35986],[77.23994,9.35504],[77.23783,9.35293],[77.23716,9.35099],[77.23666,9.34998],[77.23666,9.34805],[77.23691,9.34707],[77.23691,9.34394],[77.23819,9.34063],[77.23704,9.33712],[77.23288,9.33432],[77.23079,9.33004],[77.23474,9.32668],[77.23522,9.32366],[77.23037,9.31899],[77.2278,9.3154],[77.22507,9.3101],[77.22601,9.30774],[77.22631,9.30546],[77.22524,9.30096],[77.22459,9.29708],[77.22668,9.29613],[77.23012,9.29564],[77.23454,9.29418],[77.23693,9.29111],[77.23659,9.28797],[77.23701,9.28616],[77.23975,9.28369],[77.24111,9.28473],[77.2421,9.28417],[77.24326,9.28307],[77.24416,9.28413],[77.24514,9.28647],[77.24553,9.28747],[77.24729,9.28892],[77.24926,9.28947],[77.2519,9.28751],[77.25371,9.28655],[77.25577,9.28689],[77.26253,9.28147],[77.27292,9.27934],[77.27482,9.27786],[77.27596,9.27576],[77.28136,9.27325],[77.28242,9.27253],[77.28271,9.27306],[77.28352,9.27344],[77.28483,9.27412],[77.28586,9.27418],[77.28734,9.27427],[77.28844,9.27469],[77.28818,9.28072],[77.28511,9.28591],[77.28386,9.28995],[77.28304,9.29098],[77.28328,9.29316],[77.28327,9.29316],[77.28237,9.29827],[77.28329,9.30039],[77.2852,9.30116],[77.28908,9.30215],[77.2912,9.30399],[77.29447,9.30535],[77.29624,9.30859],[77.29878,9.31041],[77.29974,9.31273],[77.30093,9.31632],[77.30289,9.3189],[77.30225,9.32357],[77.29889,9.32798],[77.30343,9.32774],[77.30063,9.33235],[77.30075,9.33516],[77.30169,9.3374],[77.30328,9.3388],[77.30608,9.33839],[77.3101,9.33718],[77.31449,9.33592],[77.31764,9.33632],[77.32004,9.33831],[77.32288,9.33761],[77.32506,9.33664],[77.32479,9.34088],[77.32495,9.34392],[77.32525,9.34624],[77.3288,9.34989],[77.33071,9.35261],[77.33283,9.35661],[77.33713,9.36507],[77.33729,9.36837],[77.33564,9.37228],[77.33567,9.37462],[77.3338,9.37781],[77.33409,9.38072],[77.33533,9.38449],[77.33764,9.38517],[77.33784,9.38821],[77.34069,9.39018],[77.3393,9.394],[77.33996,9.3957],[77.3408,9.39801],[77.34269,9.40326],[77.33879,9.40736],[77.33693,9.40901],[77.33598,9.41095],[77.33661,9.41469],[77.33931,9.42043],[77.34354,9.42365],[77.34526,9.42722],[77.34801,9.43428],[77.34905,9.43948],[77.35194,9.44461],[77.35739,9.44794],[77.35796,9.45343],[77.36661,9.46037],[77.37552,9.45753],[77.37825,9.45481],[77.38648,9.45566],[77.39331,9.45986],[77.39234,9.46549],[77.39152,9.46807],[77.39774,9.47105],[77.39875,9.47448],[77.40126,9.47725],[77.40026,9.47846],[77.39899,9.48001],[77.39903,9.48442],[77.39772,9.48704],[77.39833,9.49222],[77.3997,9.49683],[77.40505,9.50355],[77.40797,9.50591],[77.41135,9.50704],[77.41194,9.51055],[77.40959,9.51205],[77.40541,9.51459],[77.40262,9.51669],[77.40001,9.51786],[77.40076,9.51916],[77.40206,9.52168],[77.40207,9.5218],[77.40272,9.52411],[77.40216,9.52504],[77.40045,9.52791],[77.3927,9.52233],[77.38565,9.51913],[77.37977,9.5263],[77.37643,9.52515],[77.37315,9.5266],[77.37271,9.53066],[77.36543,9.53521],[77.36488,9.54172],[77.36426,9.54462],[77.3642,9.5449],[77.36511,9.54996],[77.36434,9.55141],[77.3614,9.55694],[77.35259,9.56104],[77.3514,9.56749],[77.35301,9.5728],[77.35527,9.57359],[77.35798,9.57461],[77.35943,9.57629],[77.35996,9.57837],[77.35866,9.58118],[77.35873,9.58085],[77.3574,9.58458],[77.35509,9.58652],[77.35591,9.58985],[77.35772,9.59397],[77.3602,9.59784],[77.36238,9.59625],[77.36483,9.59558],[77.36618,9.59868],[77.3551,9.60405],[77.34926,9.59428],[77.34765,9.59068],[77.34503,9.58663],[77.3425,9.58179],[77.34114,9.57665],[77.339,9.57355],[77.33594,9.57746],[77.33189,9.57953],[77.3265,9.57956],[77.32426,9.58165],[77.32587,9.58382],[77.32589,9.59041],[77.32474,9.59385],[77.32685,9.59699],[77.32904,9.59817],[77.3306,9.59907],[77.32937,9.59952],[77.32699,9.59865],[77.32498,9.59804],[77.32297,9.59829],[77.32123,9.59882],[77.31783,9.60256],[77.31511,9.60083],[77.31106,9.60085],[77.30639,9.59907],[77.3042,9.59951],[77.30126,9.59635],[77.30004,9.59454],[77.29601,9.59085],[77.2932,9.58894],[77.28966,9.58921],[77.2893,9.58507],[77.28694,9.58224],[77.28112,9.57936],[77.27684,9.57498],[77.27264,9.57557],[77.26987,9.57334],[77.26573,9.57355],[77.26423,9.57405],[77.26201,9.5768],[77.25619,9.58035],[77.25359,9.58396],[77.25083,9.58294],[77.24772,9.58399],[77.24296,9.58453],[77.23711,9.58089],[77.23049,9.58462],[77.22506,9.5908],[77.22184,9.59861],[77.21913,9.59962],[77.21614,9.60074],[77.21264,9.60207],[77.21089,9.60401],[77.20977,9.60608],[77.21033,9.61028],[77.20914,9.61357],[77.20703,9.61326],[77.20497,9.61348],[77.20299,9.61456],[77.20262,9.61464],[77.20079,9.61459],[77.19815,9.61418],[77.19726,9.61118],[77.19337,9.6103],[77.19315,9.61006],[77.18914,9.60801],[77.1863,9.60777],[77.18223,9.60973],[77.17789,9.61018],[77.17316,9.61154],[77.16796,9.61171],[77.16816,9.61495],[77.16937,9.61946],[77.16887,9.62268],[77.16996,9.62516],[77.1733,9.62668],[77.17516,9.62649],[77.17531,9.62893],[77.17406,9.63306],[77.17448,9.63564],[77.17463,9.63729],[77.17689,9.64025],[77.17729,9.64812],[77.17963,9.65641],[77.18106,9.65835],[77.18193,9.66028],[77.18748,9.66734],[77.18776,9.66759],[77.18805,9.66786],[77.19388,9.67309],[77.19958,9.68434],[77.20553,9.69439],[77.20574,9.69743],[77.20581,9.69848],[77.20332,9.70516],[77.20622,9.71179],[77.20817,9.7215],[77.20892,9.72249],[77.21085,9.72503],[77.21836,9.72762],[77.22428,9.73035],[77.22202,9.73891],[77.21984,9.74416],[77.22198,9.74997],[77.22601,9.75456],[77.22828,9.76512],[77.23306,9.76943],[77.2253,9.77657],[77.22518,9.78847],[77.23404,9.7884],[77.24021,9.79765],[77.24659,9.79886],[77.24656,9.80841],[77.24387,9.81251],[77.24122,9.81654],[77.2355,9.81673],[77.23299,9.82187],[77.22567,9.82115],[77.22501,9.82161],[77.22277,9.82317],[77.22475,9.8292],[77.2271,9.83829],[77.22264,9.84486],[77.22706,9.84784],[77.23051,9.84993],[77.23529,9.84963],[77.23612,9.84958],[77.23673,9.8546],[77.23646,9.85946],[77.23305,9.86136],[77.23001,9.8609],[77.22194,9.86295],[77.21609,9.87118],[77.21475,9.87307],[77.21305,9.87549],[77.21379,9.87869],[77.21802,9.88472],[77.22104,9.88533],[77.2174,9.89829],[77.22101,9.90504],[77.22238,9.90759],[77.22519,9.90939],[77.22924,9.91198],[77.23697,9.93616],[77.24621,9.94575],[77.24834,9.95177],[77.25583,9.95243],[77.26096,9.95373],[77.26797,9.96115],[77.27231,9.96404],[77.27128,9.97255],[77.27015,9.97562],[77.26568,9.98286],[77.26407,9.98682],[77.26459,9.99007],[77.25924,9.99171],[77.25908,9.9945],[77.26177,9.99781],[77.26515,10.00206],[77.25812,10.00824],[77.25453,10.01239],[77.25793,10.01474],[77.26186,10.01951],[77.2619,10.02178],[77.26249,10.02362],[77.26184,10.03015],[77.2562,10.03568],[77.25218,10.03989],[77.24904,10.04524],[77.24472,10.05189],[77.23752,10.05765],[77.23406,10.06097],[77.23189,10.06419],[77.22921,10.06674],[77.22405,10.06889],[77.22133,10.07403],[77.21976,10.07801],[77.2146,10.07998],[77.21136,10.08192],[77.20989,10.08301],[77.2066,10.08545],[77.20464,10.08742],[77.20252,10.08944],[77.20316,10.09329],[77.20307,10.09764],[77.20301,10.10381],[77.20198,10.10582],[77.20355,10.1088],[77.20426,10.11207],[77.20884,10.11766],[77.21185,10.11781],[77.21203,10.11772],[77.21599,10.11598],[77.21869,10.1182],[77.22335,10.11868],[77.22615,10.1207],[77.23028,10.1224],[77.23352,10.12555],[77.23605,10.12833],[77.23864,10.12938],[77.24324,10.13045],[77.24715,10.12982],[77.24966,10.1267],[77.25186,10.1251],[77.2564,10.12431],[77.26169,10.12306],[77.2665,10.12183],[77.26813,10.1262],[77.27247,10.12874],[77.27474,10.13072],[77.27453,10.13599],[77.27459,10.13869],[77.27281,10.14045],[77.27252,10.14544],[77.27399,10.14876],[77.27393,10.15593],[77.27349,10.16331],[77.27372,10.16488],[77.27539,10.17559],[77.27557,10.18407],[77.27574,10.1887],[77.27899,10.19416],[77.28315,10.19655],[77.28444,10.20179],[77.28462,10.2047],[77.2851,10.20714],[77.28882,10.21368],[77.28965,10.21435],[77.29062,10.21515],[77.29423,10.21625],[77.29534,10.22003],[77.29287,10.22364],[77.29069,10.22757],[77.2883,10.2319],[77.28762,10.23219],[77.28651,10.23241],[77.2847,10.23317],[77.28274,10.2351],[77.28102,10.23662],[77.28009,10.23546],[77.27741,10.23591],[77.27688,10.23497],[77.27367,10.23519],[77.27134,10.23527],[77.26942,10.2368],[77.26825,10.23465],[77.26512,10.235],[77.26501,10.23296],[77.26332,10.23209],[77.25901,10.23034],[77.25919,10.23194],[77.25678,10.24415],[77.25747,10.24862],[77.25717,10.25746],[77.25763,10.25918],[77.25978,10.26054],[77.26219,10.26428],[77.25028,10.27451],[77.25062,10.27692],[77.25041,10.27979],[77.24856,10.28245],[77.24706,10.28587],[77.24444,10.28866],[77.2423,10.29136],[77.24011,10.29309],[77.23985,10.29706],[77.23861,10.2982],[77.23638,10.30348],[77.23487,10.30601],[77.23303,10.30761],[77.23208,10.30861],[77.23204,10.30951],[77.23183,10.31154],[77.23108,10.313],[77.23036,10.31395],[77.22908,10.31424],[77.22863,10.31948],[77.22977,10.32091],[77.23026,10.32241],[77.22987,10.32357],[77.23037,10.32488],[77.23007,10.32611],[77.22906,10.32676],[77.2303,10.32906],[77.23026,10.33029],[77.23058,10.33267],[77.23356,10.33391],[77.23337,10.33734],[77.23644,10.33835],[77.23547,10.3473],[77.23646,10.35201],[77.23655,10.35244],[77.22983,10.35274],[77.22186,10.35394],[77.21399,10.35342],[77.20639,10.35371],[77.20428,10.35473],[77.20385,10.35656],[77.20146,10.35786],[77.19735,10.3565],[77.19722,10.35482],[77.19401,10.35494],[77.19089,10.35564],[77.18845,10.35535],[77.17682,10.3578],[77.17296,10.35529],[77.16927,10.35289],[77.16373,10.34768],[77.15847,10.34417],[77.14943,10.33579],[77.14448,10.33433],[77.13828,10.33144],[77.11964,10.31784],[77.11038,10.31435],[77.1054,10.31483],[77.10297,10.31429],[77.09984,10.31365],[77.09818,10.31118],[77.09747,10.31014],[77.09501,10.30906],[77.09394,10.31032],[77.08874,10.31196],[77.08517,10.30838],[77.08162,10.30588],[77.07468,10.30058],[77.07181,10.29929],[77.0649,10.29761],[77.06395,10.29485],[77.06367,10.29383],[77.06317,10.29317],[77.06266,10.2924],[77.06241,10.29167],[77.06141,10.29129],[77.06068,10.29081],[77.05976,10.29007],[77.05892,10.28975],[77.05854,10.28933],[77.05836,10.28886],[77.05807,10.28804],[77.05754,10.28743],[77.05716,10.28705],[77.05708,10.28698],[77.05705,10.28695],[77.05661,10.28686],[77.05613,10.28737],[77.05578,10.28743],[77.05516,10.2871],[77.05432,10.28703],[77.05383,10.28644],[77.0527,10.28572],[77.05225,10.28541],[77.05178,10.28541],[77.05103,10.28515],[77.05033,10.28533],[77.04952,10.28521],[77.04816,10.28488],[77.04703,10.28497],[77.04612,10.2843],[77.04496,10.28414],[77.04433,10.2838],[77.04391,10.28387],[77.04365,10.28384],[77.04347,10.28355],[77.04343,10.28332],[77.04335,10.28307],[77.04326,10.28293],[77.04319,10.28271],[77.04328,10.28244],[77.04365,10.28239],[77.04405,10.28233],[77.04451,10.28223],[77.04493,10.28204],[77.04546,10.28175],[77.04603,10.28139],[77.04606,10.28129],[77.04613,10.281],[77.04618,10.2808],[77.04669,10.28019],[77.04762,10.27983],[77.04837,10.27983],[77.0486,10.27938],[77.04881,10.2791],[77.04957,10.27837],[77.04985,10.27792],[77.05019,10.27726],[77.05047,10.27646],[77.05065,10.27589],[77.05101,10.27512],[77.05131,10.27446],[77.05158,10.2741],[77.05202,10.27384],[77.05225,10.27375],[77.05228,10.27348],[77.05178,10.27292],[77.0516,10.27281],[77.05143,10.2725],[77.05191,10.27182],[77.05287,10.27188],[77.05355,10.27038],[77.05419,10.26943],[77.05556,10.26876],[77.05543,10.26835],[77.05516,10.26777],[77.0549,10.26754],[77.0544,10.26734],[77.05398,10.26696],[77.05382,10.26647],[77.05346,10.26592],[77.05322,10.26476],[77.05223,10.26382],[77.0499,10.26167],[77.05603,10.25455],[77.06061,10.24863]]]}},{"type":"Feature","properties":{"district":"Kannur","name_ml":"കണ്ണൂര്‍ ജില്ല","wikidata":"Q2980652","admin_level":5},"geometry":{"type":"Polygon","coordinates":[[[75.59204,11.71257],[75.5936,11.71225],[75.5946,11.71276],[75.59609,11.71362],[75.59705,11.71513],[75.59755,11.71598],[75.59827,11.71754],[75.59873,11.71816],[75.59941,11.71865],[75.60147,11.71816],[75.60215,11.7182],[75.60264,11.71852],[75.60376,11.72008],[75.60416,11.72063],[75.60505,11.72162],[75.606,11.72208],[75.60687,11.72219],[75.60732,11.72149],[75.60702,11.72055],[75.60607,11.71852],[75.60613,11.71804],[75.6064,11.7178],[75.60729,11.71923],[75.6078,11.71991],[75.60907,11.72163],[75.61021,11.7243],[75.61136,11.72493],[75.61442,11.72378],[75.6156,11.72382],[75.61616,11.72489],[75.61647,11.726],[75.61684,11.72673],[75.61739,11.72713],[75.61809,11.72705],[75.61898,11.72701],[75.6194,11.72724],[75.62013,11.72857],[75.6214,11.72985],[75.62174,11.73014],[75.62208,11.73056],[75.62274,11.731],[75.62395,11.73131],[75.62406,11.73204],[75.62347,11.73245],[75.6216,11.73268],[75.62214,11.73341],[75.62305,11.7338],[75.62427,11.73416],[75.625,11.73455],[75.62541,11.73589],[75.62645,11.73633],[75.62646,11.73739],[75.62698,11.73787],[75.62775,11.73734],[75.62875,11.73696],[75.62922,11.73696],[75.6296,11.73736],[75.6297,11.73856],[75.63057,11.73868],[75.63156,11.73817],[75.63305,11.73698],[75.63332,11.73717],[75.63383,11.73734],[75.6345,11.73725],[75.63506,11.73748],[75.63546,11.73704],[75.6359,11.73723],[75.63597,11.73797],[75.63621,11.7385],[75.63665,11.73833],[75.637,11.73767],[75.63748,11.73764],[75.63799,11.73883],[75.63835,11.73965],[75.63865,11.73998],[75.63925,11.74039],[75.63958,11.74088],[75.63986,11.74168],[75.64029,11.74234],[75.64062,11.74287],[75.64101,11.7437],[75.64159,11.74398],[75.642,11.74442],[75.64284,11.74447],[75.64306,11.7438],[75.64349,11.74334],[75.64398,11.74331],[75.64455,11.74336],[75.64516,11.74355],[75.64536,11.74375],[75.64554,11.74419],[75.64577,11.7444],[75.64587,11.74467],[75.64592,11.74491],[75.64597,11.74524],[75.64591,11.74554],[75.64572,11.74636],[75.64595,11.74688],[75.64628,11.74718],[75.64649,11.74724],[75.64653,11.74719],[75.64674,11.74693],[75.64704,11.746],[75.6474,11.74569],[75.64747,11.74562],[75.64785,11.74563],[75.64816,11.74601],[75.64816,11.74636],[75.64838,11.74716],[75.64837,11.74747],[75.64828,11.74801],[75.64825,11.74812],[75.64807,11.74864],[75.64803,11.74878],[75.64797,11.74939],[75.64853,11.75005],[75.64881,11.75017],[75.64936,11.75],[75.64943,11.74998],[75.64995,11.75003],[75.6503,11.75026],[75.65051,11.75047],[75.65066,11.75062],[75.65072,11.75089],[75.65065,11.75111],[75.65046,11.75175],[75.65088,11.75223],[75.65115,11.75289],[75.65135,11.75341],[75.65169,11.75382],[75.65212,11.75406],[75.65239,11.75415],[75.65285,11.75444],[75.65345,11.75432],[75.65345,11.754],[75.65381,11.75358],[75.65395,11.75347],[75.65408,11.75337],[75.65457,11.75351],[75.65484,11.75391],[75.65473,11.75428],[75.65476,11.75475],[75.65478,11.75505],[75.65499,11.75553],[75.65533,11.75591],[75.6554,11.75592],[75.65569,11.75598],[75.6559,11.75586],[75.6561,11.75574],[75.65633,11.75555],[75.6566,11.75534],[75.65694,11.75522],[75.6572,11.75519],[75.65733,11.75537],[75.65763,11.75605],[75.65785,11.75658],[75.65792,11.75668],[75.65807,11.75693],[75.65817,11.75719],[75.65864,11.75802],[75.65903,11.7587],[75.65923,11.75937],[75.66036,11.75989],[75.66224,11.76001],[75.66359,11.76013],[75.66454,11.76029],[75.66496,11.76061],[75.6652,11.76079],[75.66589,11.76429],[75.6664,11.76689],[75.6672,11.76889],[75.66793,11.77023],[75.66891,11.7711],[75.67052,11.77158],[75.67147,11.77197],[75.67181,11.7721],[75.67374,11.77271],[75.67726,11.7746],[75.67941,11.77479],[75.68112,11.77494],[75.68213,11.77509],[75.68288,11.77589],[75.68314,11.77618],[75.68391,11.77801],[75.68462,11.78019],[75.68552,11.78313],[75.68612,11.78441],[75.68622,11.78524],[75.68638,11.78656],[75.68675,11.78813],[75.68715,11.78992],[75.68793,11.79204],[75.69022,11.79338],[75.69099,11.79452],[75.69099,11.79485],[75.69097,11.79689],[75.69084,11.79832],[75.69123,11.79977],[75.69192,11.80019],[75.69373,11.80039],[75.69845,11.80033],[75.70031,11.80031],[75.70252,11.80006],[75.70365,11.79931],[75.70492,11.79893],[75.7061,11.79893],[75.7075,11.79851],[75.70816,11.79779],[75.71037,11.79807],[75.71337,11.79786],[75.7181,11.79685],[75.72114,11.7951],[75.72397,11.79168],[75.72567,11.78952],[75.72749,11.78595],[75.72807,11.78401],[75.72824,11.78212],[75.73076,11.78183],[75.73236,11.7821],[75.73333,11.78212],[75.73485,11.78265],[75.73584,11.78359],[75.7364,11.78496],[75.73653,11.78674],[75.73777,11.78771],[75.73912,11.78761],[75.74127,11.78782],[75.74552,11.78794],[75.74644,11.78601],[75.74723,11.78496],[75.74805,11.7842],[75.74904,11.78403],[75.75013,11.78427],[75.75178,11.78467],[75.75309,11.78538],[75.75399,11.78593],[75.75496,11.78677],[75.75565,11.78777],[75.75616,11.78853],[75.75588,11.78964],[75.75528,11.79067],[75.75417,11.79193],[75.75356,11.79271],[75.75299,11.79382],[75.75202,11.79601],[75.7514,11.79641],[75.74899,11.79767],[75.74751,11.79838],[75.74653,11.7991],[75.74674,11.80029],[75.74747,11.80082],[75.74805,11.80151],[75.74953,11.80418],[75.75123,11.80565],[75.75262,11.80577],[75.75412,11.8059],[75.75584,11.80596],[75.75783,11.80596],[75.75897,11.80582],[75.75992,11.8055],[75.76178,11.80502],[75.76369,11.80437],[75.76565,11.80416],[75.77088,11.80391],[75.77316,11.80399],[75.77502,11.80437],[75.7765,11.80487],[75.77805,11.80552],[75.77891,11.80609],[75.7797,11.80664],[75.78037,11.8075],[75.78075,11.80806],[75.78144,11.81046],[75.78391,11.81191],[75.78852,11.81321],[75.7924,11.81539],[75.79657,11.81854],[75.7983,11.82025],[75.79848,11.82184],[75.79854,11.82396],[75.7983,11.82564],[75.79826,11.8272],[75.79779,11.82814],[75.7968,11.82942],[75.79558,11.83033],[75.7944,11.83056],[75.79311,11.83144],[75.79219,11.83245],[75.79099,11.83365],[75.79028,11.83518],[75.79,11.83606],[75.79011,11.84108],[75.79146,11.84364],[75.7924,11.84503],[75.79463,11.84564],[75.80062,11.84524],[75.80302,11.84591],[75.80554,11.84791],[75.80588,11.8508],[75.80565,11.85124],[75.80511,11.85227],[75.80545,11.85379],[75.80601,11.85477],[75.80691,11.85563],[75.80843,11.85656],[75.80856,11.85658],[75.80983,11.85702],[75.81137,11.8571],[75.81322,11.85712],[75.81481,11.85662],[75.81656,11.85624],[75.81742,11.85635],[75.81792,11.85725],[75.8185,11.85803],[75.8192,11.8587],[75.82036,11.85832],[75.82096,11.85719],[75.82182,11.85561],[75.82289,11.85358],[75.82392,11.85307],[75.82525,11.85278],[75.82631,11.8525],[75.82839,11.85232],[75.82897,11.85227],[75.83156,11.8525],[75.83287,11.8524],[75.83433,11.85253],[75.83515,11.85248],[75.85384,11.84994],[75.85937,11.85009],[75.86079,11.85055],[75.86208,11.85007],[75.86356,11.84984],[75.86463,11.84984],[75.86513,11.84979],[75.87278,11.84906],[75.87613,11.84818],[75.87737,11.84787],[75.87765,11.8478],[75.87946,11.84738],[75.8804,11.84667],[75.88122,11.84606],[75.88248,11.84557],[75.88461,11.84606],[75.88641,11.84755],[75.88772,11.84688],[75.88905,11.84581],[75.88991,11.84481],[75.8901,11.84459],[75.89132,11.84356],[75.8925,11.84331],[75.89375,11.8432],[75.89538,11.84312],[75.9004,11.84328],[75.90422,11.84385],[75.90626,11.84444],[75.90778,11.84503],[75.90967,11.84564],[75.91158,11.84595],[75.91317,11.84616],[75.91587,11.8457],[75.91774,11.84631],[75.91954,11.8469],[75.9207,11.84709],[75.9219,11.84707],[75.92379,11.8473],[75.92541,11.84696],[75.92548,11.84579],[75.92563,11.84497],[75.92566,11.84431],[75.92594,11.8431],[75.92685,11.84291],[75.92728,11.84327],[75.92753,11.84478],[75.92717,11.84627],[75.92691,11.84713],[75.92646,11.84783],[75.92625,11.84867],[75.92612,11.85033],[75.92647,11.852],[75.92719,11.85311],[75.92757,11.85412],[75.9288,11.85679],[75.92931,11.85786],[75.93011,11.85807],[75.93042,11.85863],[75.93039,11.85933],[75.92987,11.86052],[75.92886,11.86201],[75.92852,11.86234],[75.92788,11.86294],[75.92714,11.86321],[75.92637,11.86373],[75.9256,11.86462],[75.9243,11.86589],[75.92318,11.86704],[75.92194,11.86882],[75.9214,11.86943],[75.92053,11.87015],[75.92025,11.87041],[75.91874,11.87098],[75.91748,11.87127],[75.91625,11.87196],[75.91483,11.87271],[75.91376,11.8732],[75.91293,11.87338],[75.91234,11.87372],[75.91189,11.87431],[75.91173,11.87551],[75.91227,11.87614],[75.91378,11.87693],[75.91515,11.87752],[75.91668,11.87826],[75.91728,11.87867],[75.91854,11.87987],[75.91946,11.88048],[75.92146,11.8808],[75.92335,11.88064],[75.92528,11.88097],[75.92644,11.88192],[75.92915,11.88261],[75.93103,11.88397],[75.93201,11.8847],[75.93302,11.88586],[75.93442,11.8883],[75.93528,11.88984],[75.93571,11.89208],[75.93552,11.89415],[75.93541,11.89791],[75.93599,11.90022],[75.93697,11.90163],[75.93778,11.90261],[75.93803,11.90304],[75.93824,11.90383],[75.93763,11.9045],[75.93742,11.90482],[75.93706,11.9062],[75.93674,11.90783],[75.93657,11.90897],[75.93611,11.91039],[75.93552,11.91168],[75.93484,11.91232],[75.93406,11.91265],[75.93302,11.91307],[75.93229,11.91323],[75.93181,11.91395],[75.93156,11.91451],[75.9312,11.9158],[75.93074,11.91651],[75.92976,11.91748],[75.92901,11.91811],[75.92805,11.91876],[75.92745,11.91906],[75.92661,11.91943],[75.92528,11.92001],[75.92495,11.92087],[75.92503,11.92184],[75.92523,11.92258],[75.92597,11.9244],[75.92611,11.92541],[75.92606,11.92629],[75.92579,11.92734],[75.92517,11.92929],[75.92501,11.9308],[75.92531,11.93205],[75.92571,11.93265],[75.92796,11.9348],[75.93011,11.93555],[75.93246,11.93531],[75.93502,11.93473],[75.9366,11.93418],[75.93678,11.9354],[75.93719,11.93701],[75.93836,11.93931],[75.93849,11.94028],[75.9383,11.94166],[75.93647,11.94277],[75.93635,11.94143],[75.93539,11.94117],[75.93406,11.94096],[75.93068,11.94089],[75.92932,11.94188],[75.9279,11.94277],[75.92628,11.94333],[75.92401,11.94371],[75.92223,11.94421],[75.91918,11.94476],[75.91674,11.945],[75.914,11.94376],[75.91109,11.94465],[75.90983,11.94428],[75.90349,11.94486],[75.90165,11.94552],[75.89974,11.94508],[75.89574,11.9475],[75.892,11.95013],[75.89046,11.95132],[75.887,11.95133],[75.88558,11.95145],[75.88416,11.95146],[75.8821,11.95087],[75.88042,11.95062],[75.87952,11.95068],[75.87802,11.95081],[75.8771,11.95136],[75.87598,11.95201],[75.87463,11.95261],[75.87278,11.95318],[75.87068,11.95335],[75.86918,11.95341],[75.86806,11.95425],[75.86776,11.95606],[75.86761,11.95704],[75.8662,11.95818],[75.86454,11.95883],[75.86253,11.95937],[75.86141,11.95963],[75.86019,11.95967],[75.8589,11.95982],[75.85785,11.96055],[75.85626,11.96326],[75.85557,11.9646],[75.85442,11.96578],[75.85326,11.96683],[75.85306,11.96806],[75.85294,11.97149],[75.85236,11.97251],[75.85083,11.97331],[75.84991,11.97426],[75.84942,11.9752],[75.84862,11.9761],[75.84817,11.97671],[75.84847,11.97778],[75.84852,11.97833],[75.84867,11.9799],[75.84815,11.98106],[75.84676,11.98207],[75.84549,11.98267],[75.84379,11.9828],[75.84186,11.98263],[75.84038,11.98288],[75.83925,11.98318],[75.83744,11.98314],[75.83626,11.98303],[75.83467,11.98332],[75.83298,11.98374],[75.83135,11.98461],[75.83053,11.98523],[75.82942,11.98616],[75.8288,11.98708],[75.82783,11.98868],[75.82601,11.99229],[75.82487,11.99506],[75.82444,11.99682],[75.82553,12.00041],[75.82571,12.00173],[75.82549,12.00295],[75.82474,12.00377],[75.82377,12.0041],[75.82277,12.00392],[75.82169,12.00371],[75.82083,12.00368],[75.82017,12.00471],[75.8206,12.00583],[75.82126,12.0069],[75.8224,12.00824],[75.823,12.01074],[75.82311,12.01168],[75.82298,12.01296],[75.82257,12.01405],[75.82139,12.01588],[75.81884,12.0184],[75.81228,12.02201],[75.81075,12.02356],[75.81034,12.02501],[75.81038,12.02975],[75.80996,12.03061],[75.80882,12.03172],[75.80661,12.03313],[75.8021,12.0363],[75.8015,12.03705],[75.80129,12.03746],[75.80105,12.03791],[75.80099,12.0393],[75.80094,12.04408],[75.80086,12.04534],[75.80057,12.04612],[75.7997,12.04849],[75.79813,12.05218],[75.79603,12.05435],[75.79515,12.05529],[75.7944,12.05598],[75.79451,12.05672],[75.79534,12.0572],[75.79609,12.05728],[75.79742,12.05714],[75.79796,12.0573],[75.79845,12.05951],[75.79873,12.06404],[75.79974,12.06582],[75.80103,12.06893],[75.80146,12.07126],[75.80354,12.07462],[75.80418,12.07598],[75.8039,12.07705],[75.80311,12.07833],[75.80122,12.07869],[75.80051,12.0789],[75.79867,12.07919],[75.79811,12.07961],[75.79751,12.08016],[75.79654,12.08068],[75.79605,12.08141],[75.79549,12.08192],[75.79483,12.08232],[75.79388,12.0824],[75.79283,12.08207],[75.79187,12.0816],[75.79073,12.08177],[75.78976,12.082],[75.78824,12.08259],[75.78758,12.08324],[75.78648,12.08376],[75.78509,12.0841],[75.78373,12.08376],[75.78305,12.08332],[75.78219,12.0829],[75.78135,12.08274],[75.78041,12.08295],[75.77985,12.08322],[75.77908,12.0833],[75.77824,12.0832],[75.77715,12.08288],[75.77597,12.0824],[75.77509,12.08221],[75.77438,12.08251],[75.77335,12.08326],[75.77288,12.08349],[75.77228,12.08349],[75.77148,12.08351],[75.77103,12.08383],[75.77041,12.08408],[75.7697,12.08437],[75.76889,12.08437],[75.76706,12.08395],[75.76496,12.08301],[75.76361,12.08322],[75.76281,12.08339],[75.76161,12.08347],[75.76054,12.08351],[75.7591,12.08368],[75.7576,12.08393],[75.75627,12.08395],[75.75466,12.0837],[75.75247,12.08326],[75.75123,12.08278],[75.75039,12.08162],[75.75037,12.08075],[75.75009,12.08025],[75.74956,12.07976],[75.74862,12.07901],[75.74721,12.07819],[75.74666,12.078],[75.74617,12.07791],[75.7456,12.07795],[75.74502,12.07829],[75.74472,12.07887],[75.74436,12.07934],[75.74402,12.07982],[75.74348,12.08026],[75.7431,12.08048],[75.7426,12.08032],[75.74213,12.07989],[75.74133,12.07928],[75.74049,12.07883],[75.73966,12.07873],[75.73858,12.07897],[75.73776,12.07919],[75.73703,12.07919],[75.73607,12.0791],[75.73566,12.07893],[75.73498,12.07828],[75.73373,12.07732],[75.73196,12.07602],[75.73049,12.07465],[75.72971,12.07417],[75.72861,12.07337],[75.7282,12.07293],[75.7272,12.07236],[75.72641,12.072],[75.72583,12.0719],[75.7255,12.07192],[75.72509,12.07216],[75.72475,12.07257],[75.72361,12.07286],[75.72306,12.07274],[75.72247,12.07254],[75.72163,12.07212],[75.72104,12.07183],[75.72062,12.0713],[75.7202,12.07086],[75.71978,12.07051],[75.71937,12.07015],[75.71856,12.06994],[75.71745,12.07044],[75.71556,12.07031],[75.71527,12.07046],[75.71449,12.07086],[75.71415,12.07191],[75.71474,12.0744],[75.7149,12.07508],[75.7147,12.07619],[75.71498,12.07699],[75.71537,12.07757],[75.71614,12.07885],[75.71631,12.07997],[75.71582,12.08099],[75.71539,12.08204],[75.71717,12.08316],[75.7176,12.08383],[75.71799,12.08475],[75.71805,12.08563],[75.71784,12.08651],[75.71681,12.08731],[75.71597,12.08788],[75.71528,12.08857],[75.71428,12.08968],[75.71346,12.09058],[75.71237,12.09092],[75.71116,12.09115],[75.70971,12.09153],[75.7081,12.09214],[75.70685,12.0923],[75.70533,12.09228],[75.70348,12.09214],[75.70217,12.09256],[75.70204,12.09377],[75.70245,12.09598],[75.70277,12.0969],[75.70252,12.09898],[75.70232,12.09975],[75.70245,12.10145],[75.70286,12.10265],[75.70329,12.10382],[75.70338,12.10527],[75.70327,12.1067],[75.70314,12.10777],[75.70254,12.10861],[75.70149,12.10936],[75.69983,12.1097],[75.69823,12.10984],[75.69638,12.10968],[75.69488,12.10997],[75.69363,12.11052],[75.69211,12.11087],[75.6908,12.11091],[75.68923,12.11068],[75.68733,12.10995],[75.68625,12.1093],[75.68578,12.10814],[75.68535,12.10649],[75.68462,12.10517],[75.68363,12.10435],[75.68166,12.10319],[75.68071,12.10256],[75.67951,12.10155],[75.67874,12.10048],[75.67732,12.0987],[75.67705,12.09836],[75.67585,12.09743],[75.67444,12.09774],[75.67374,12.09781],[75.67117,12.09774],[75.67013,12.09763],[75.6693,12.09758],[75.66848,12.09753],[75.66755,12.09751],[75.66656,12.09777],[75.66551,12.09842],[75.664,12.09893],[75.66237,12.09907],[75.66194,12.09914],[75.6615,12.0993],[75.66092,12.09954],[75.66052,12.0998],[75.66023,12.10002],[75.65998,12.10086],[75.65953,12.10145],[75.65927,12.10197],[75.659,12.1025],[75.65821,12.10317],[75.6578,12.10378],[75.65728,12.10426],[75.65548,12.10519],[75.65498,12.10673],[75.65424,12.10757],[75.65338,12.10841],[75.65325,12.10956],[75.6527,12.11056],[75.65172,12.11189],[75.6504,12.11218],[75.65003,12.11211],[75.649,12.11188],[75.64887,12.11261],[75.64851,12.11402],[75.64748,12.11576],[75.64771,12.11973],[75.64741,12.12229],[75.64653,12.12319],[75.64613,12.12359],[75.64546,12.12438],[75.64525,12.12518],[75.64514,12.12558],[75.64485,12.12793],[75.64475,12.13293],[75.64441,12.13464],[75.64368,12.13522],[75.64327,12.13555],[75.64303,12.1362],[75.64294,12.13728],[75.6427,12.13835],[75.64237,12.13888],[75.6415,12.13896],[75.64102,12.13893],[75.64027,12.13871],[75.63967,12.13853],[75.63888,12.13858],[75.63835,12.13869],[75.63774,12.13957],[75.63769,12.14011],[75.63789,12.14096],[75.63832,12.14157],[75.63906,12.14312],[75.63929,12.14401],[75.63913,12.14493],[75.63887,12.14597],[75.6381,12.14714],[75.63627,12.14824],[75.63599,12.1485],[75.63525,12.14877],[75.63437,12.14863],[75.63404,12.14862],[75.63378,12.1486],[75.63291,12.14849],[75.63173,12.14851],[75.63061,12.14875],[75.62974,12.14922],[75.62804,12.15046],[75.62711,12.15105],[75.62587,12.15184],[75.62421,12.15272],[75.6232,12.15354],[75.62165,12.15486],[75.6213,12.15518],[75.6205,12.15567],[75.61985,12.1561],[75.61827,12.15644],[75.61703,12.15612],[75.61583,12.15559],[75.61392,12.15408],[75.61315,12.15329],[75.61238,12.15264],[75.61168,12.15233],[75.61103,12.15214],[75.6101,12.15221],[75.60934,12.1525],[75.60806,12.15379],[75.60738,12.15425],[75.60687,12.15464],[75.60595,12.15502],[75.60523,12.15498],[75.60446,12.15472],[75.60369,12.15438],[75.60296,12.15419],[75.60243,12.15406],[75.60113,12.15364],[75.60036,12.15347],[75.5996,12.15346],[75.59802,12.15355],[75.59664,12.15355],[75.59614,12.15364],[75.59555,12.15348],[75.59481,12.15268],[75.59425,12.1518],[75.59399,12.15094],[75.59391,12.15015],[75.59383,12.14932],[75.59377,12.1486],[75.59347,12.14772],[75.59335,12.14756],[75.59162,12.14791],[75.59122,12.14839],[75.59097,12.14902],[75.59079,12.14994],[75.58995,12.15172],[75.58921,12.15283],[75.58849,12.1538],[75.58798,12.15465],[75.5865,12.15495],[75.58547,12.1553],[75.58476,12.1557],[75.58376,12.15622],[75.58288,12.15684],[75.58252,12.15755],[75.58213,12.1584],[75.58161,12.15853],[75.58064,12.15853],[75.58006,12.15837],[75.57838,12.15791],[75.57771,12.15788],[75.57711,12.15814],[75.5766,12.15875],[75.57629,12.15959],[75.5759,12.16167],[75.57543,12.16287],[75.57499,12.16377],[75.57449,12.16451],[75.5738,12.16519],[75.57297,12.16609],[75.57207,12.16723],[75.57187,12.16795],[75.5714,12.16938],[75.57035,12.17108],[75.56937,12.17233],[75.56781,12.17272],[75.56669,12.17318],[75.56589,12.17338],[75.56482,12.1735],[75.56347,12.17381],[75.56194,12.17465],[75.56061,12.17539],[75.55993,12.17624],[75.55946,12.1771],[75.55916,12.17793],[75.55864,12.18042],[75.55828,12.18109],[75.55767,12.18161],[75.5571,12.18178],[75.55648,12.18183],[75.55578,12.18193],[75.5552,12.18221],[75.55501,12.18279],[75.55475,12.18403],[75.55458,12.18483],[75.55424,12.1868],[75.55349,12.18952],[75.55279,12.19148],[75.55245,12.19213],[75.55205,12.1927],[75.5514,12.19299],[75.55046,12.19313],[75.55017,12.19303],[75.54961,12.19294],[75.54915,12.19301],[75.54865,12.19307],[75.54829,12.19323],[75.5479,12.19354],[75.54758,12.19405],[75.54709,12.19482],[75.54665,12.19556],[75.54653,12.19595],[75.54661,12.19633],[75.54684,12.19667],[75.54705,12.19692],[75.54723,12.19735],[75.54702,12.19769],[75.54652,12.19793],[75.54617,12.19805],[75.54565,12.19825],[75.54511,12.19845],[75.54485,12.19847],[75.54456,12.19837],[75.5443,12.19811],[75.54404,12.19789],[75.5436,12.19775],[75.54308,12.19752],[75.54258,12.1974],[75.54217,12.19726],[75.54172,12.19717],[75.54136,12.19736],[75.5411,12.19765],[75.54093,12.19802],[75.54061,12.19845],[75.5404,12.1988],[75.54029,12.199],[75.54039,12.19989],[75.54057,12.20035],[75.54074,12.20087],[75.54087,12.20141],[75.54098,12.20183],[75.54084,12.20233],[75.5405,12.20273],[75.53993,12.20305],[75.53948,12.20324],[75.53902,12.20319],[75.53858,12.203],[75.53829,12.20283],[75.53781,12.20257],[75.5376,12.20252],[75.53719,12.20238],[75.53656,12.20226],[75.53592,12.20225],[75.53534,12.20241],[75.53503,12.20281],[75.53458,12.20325],[75.53407,12.20345],[75.53371,12.20354],[75.53347,12.20313],[75.53356,12.20233],[75.53341,12.2016],[75.53266,12.20111],[75.53225,12.20147],[75.53186,12.20206],[75.53197,12.20294],[75.53197,12.20413],[75.53189,12.20524],[75.53197,12.20594],[75.53334,12.20619],[75.53405,12.20629],[75.53483,12.20655],[75.53553,12.20686],[75.53652,12.2077],[75.53787,12.2107],[75.53925,12.21303],[75.53967,12.2143],[75.53974,12.2155],[75.53931,12.21651],[75.53768,12.21795],[75.53714,12.21826],[75.53613,12.21883],[75.53332,12.22041],[75.53206,12.22112],[75.53002,12.22211],[75.52802,12.2233],[75.5268,12.22454],[75.52635,12.22592],[75.5265,12.22678],[75.52716,12.22783],[75.52753,12.22886],[75.5277,12.22984],[75.52764,12.23096],[75.52721,12.23169],[75.52641,12.23234],[75.52534,12.23349],[75.52431,12.23461],[75.5235,12.23498],[75.5221,12.23555],[75.52099,12.23595],[75.52066,12.23691],[75.52041,12.23802],[75.52027,12.23977],[75.52015,12.24144],[75.51942,12.24245],[75.5188,12.24341],[75.51867,12.24452],[75.51899,12.24553],[75.5188,12.24662],[75.51805,12.24761],[75.51721,12.24857],[75.51581,12.25138],[75.51476,12.25235],[75.51382,12.25276],[75.513,12.25312],[75.51172,12.25398],[75.51165,12.2549],[75.51154,12.2561],[75.51169,12.25763],[75.5118,12.25974],[75.51178,12.26041],[75.51131,12.26074],[75.50617,12.26435],[75.50591,12.26637],[75.50692,12.26816],[75.5045,12.2713],[75.49962,12.27008],[75.4985,12.26994],[75.49763,12.27045],[75.4971,12.27228],[75.49663,12.27223],[75.49558,12.27235],[75.4939,12.27287],[75.49324,12.27364],[75.49255,12.27538],[75.49136,12.27824],[75.49049,12.2789],[75.48975,12.27974],[75.48862,12.28257],[75.48797,12.28339],[75.4869,12.28438],[75.48675,12.28517],[75.48668,12.28604],[75.48683,12.28718],[75.4864,12.28725],[75.48598,12.28754],[75.48554,12.28856],[75.48486,12.29],[75.48299,12.29116],[75.48207,12.29107],[75.48116,12.29108],[75.47909,12.2923],[75.47829,12.29278],[75.47649,12.29407],[75.47606,12.29486],[75.47599,12.2956],[75.47488,12.29567],[75.47403,12.29577],[75.47312,12.29601],[75.47258,12.29611],[75.47035,12.29624],[75.4691,12.29683],[75.46699,12.29708],[75.46458,12.29598],[75.46182,12.29412],[75.45936,12.29269],[75.45588,12.29148],[75.45052,12.29318],[75.44833,12.29391],[75.44609,12.29395],[75.44121,12.29403],[75.43811,12.29285],[75.43658,12.29431],[75.43581,12.29457],[75.43418,12.29435],[75.4328,12.2935],[75.43193,12.29356],[75.43153,12.29362],[75.43066,12.29354],[75.42932,12.29387],[75.42794,12.29387],[75.42678,12.29296],[75.42545,12.29201],[75.42343,12.29125],[75.42174,12.2908],[75.42011,12.28898],[75.41824,12.28826],[75.41786,12.28812],[75.41551,12.28825],[75.41415,12.28963],[75.41403,12.29076],[75.41394,12.29077],[75.41312,12.29133],[75.41317,12.29307],[75.41152,12.29384],[75.4105,12.29444],[75.40954,12.29459],[75.40872,12.29422],[75.40793,12.29373],[75.40698,12.29315],[75.40604,12.29322],[75.40567,12.29324],[75.40478,12.29333],[75.40298,12.29347],[75.40106,12.29366],[75.39878,12.294],[75.39822,12.29451],[75.39716,12.29473],[75.39633,12.29459],[75.3957,12.29402],[75.39515,12.29257],[75.39445,12.29095],[75.39366,12.29024],[75.39283,12.29001],[75.39205,12.29013],[75.39101,12.29058],[75.39039,12.29188],[75.3902,12.29318],[75.3905,12.29435],[75.39133,12.2959],[75.39136,12.29648],[75.39106,12.29716],[75.39077,12.29725],[75.39036,12.29739],[75.38932,12.29705],[75.38829,12.29646],[75.38704,12.29522],[75.38621,12.29338],[75.38571,12.29154],[75.38595,12.29013],[75.38732,12.28876],[75.38736,12.28807],[75.38719,12.2873],[75.38667,12.28682],[75.38602,12.28683],[75.38495,12.28707],[75.38477,12.28703],[75.38381,12.28679],[75.38272,12.28607],[75.3818,12.28473],[75.38088,12.28447],[75.37925,12.28478],[75.37771,12.28451],[75.37602,12.28403],[75.37531,12.28311],[75.3744,12.28261],[75.37384,12.2827],[75.37291,12.2834],[75.3717,12.28426],[75.37093,12.28466],[75.37015,12.28468],[75.36954,12.28469],[75.36903,12.28457],[75.36849,12.28411],[75.36786,12.28278],[75.36725,12.28135],[75.36598,12.28028],[75.36534,12.27926],[75.36531,12.27785],[75.36502,12.2767],[75.36428,12.27578],[75.36293,12.27529],[75.36233,12.27529],[75.36181,12.27528],[75.36074,12.27513],[75.35962,12.27471],[75.35916,12.27426],[75.35875,12.27385],[75.3574,12.2726],[75.35651,12.2718],[75.35569,12.27155],[75.35388,12.27046],[75.35237,12.26977],[75.35108,12.26951],[75.34925,12.26912],[75.34849,12.26852],[75.34747,12.26704],[75.34624,12.26636],[75.34454,12.26619],[75.34341,12.26657],[75.34238,12.2674],[75.34123,12.26856],[75.34057,12.26893],[75.33937,12.26907],[75.33775,12.26866],[75.3369,12.2682],[75.33525,12.26731],[75.33432,12.26655],[75.33128,12.26562],[75.3287,12.2655],[75.32718,12.266],[75.32664,12.26659],[75.32695,12.26855],[75.32674,12.27029],[75.32521,12.27103],[75.32365,12.27223],[75.32181,12.27281],[75.31979,12.27337],[75.31864,12.27335],[75.318,12.27296],[75.31758,12.2726],[75.31639,12.27157],[75.31586,12.27109],[75.31512,12.27094],[75.31392,12.27108],[75.31288,12.27072],[75.3119,12.26995],[75.31144,12.27019],[75.30974,12.27057],[75.30774,12.27075],[75.30703,12.27094],[75.30617,12.2704],[75.30459,12.26991],[75.30289,12.26942],[75.3018,12.26906],[75.30027,12.2692],[75.29788,12.269],[75.29687,12.2682],[75.29519,12.2662],[75.29342,12.26383],[75.29037,12.25979],[75.28902,12.25917],[75.28805,12.25984],[75.28656,12.26158],[75.28667,12.25907],[75.28755,12.25596],[75.28858,12.25406],[75.28903,12.25127],[75.28842,12.24947],[75.29002,12.24399],[75.2898,12.24288],[75.28963,12.24201],[75.28932,12.24046],[75.29047,12.23949],[75.28994,12.23778],[75.28957,12.23685],[75.28815,12.23553],[75.28692,12.23407],[75.28627,12.23372],[75.28534,12.23328],[75.28411,12.23299],[75.28115,12.23391],[75.27982,12.23381],[75.2768,12.23236],[75.27648,12.23212],[75.27323,12.2297],[75.27251,12.22808],[75.27186,12.22748],[75.27063,12.22706],[75.26766,12.22663],[75.26553,12.22527],[75.26386,12.2243],[75.26297,12.22397],[75.2623,12.22372],[75.26053,12.22392],[75.25894,12.22364],[75.25798,12.22284],[75.25696,12.22164],[75.25416,12.22132],[75.25249,12.2191],[75.25122,12.21902],[75.25031,12.22001],[75.2497,12.22167],[75.24751,12.22022],[75.24635,12.21912],[75.24462,12.21868],[75.24265,12.21924],[75.24118,12.21796],[75.23994,12.21846],[75.23902,12.21867],[75.23674,12.21776],[75.23583,12.21835],[75.23276,12.22069],[75.23071,12.22113],[75.22874,12.21886],[75.22622,12.21639],[75.22528,12.21546],[75.22397,12.21355],[75.22197,12.21206],[75.22086,12.20821],[75.22075,12.20701],[75.21665,12.20322],[75.21334,12.20172],[75.21245,12.20132],[75.20817,12.19832],[75.2089,12.19736],[75.20794,12.19618],[75.20603,12.19405],[75.20603,12.19306],[75.20475,12.19194],[75.20435,12.1916],[75.20249,12.1914],[75.19908,12.19128],[75.19677,12.19165],[75.19581,12.1924],[75.19479,12.19321],[75.19256,12.19298],[75.18958,12.19267],[75.1888,12.19259],[75.18479,12.19122],[75.18381,12.19105],[75.18258,12.19109],[75.18084,12.1918],[75.17885,12.19134],[75.17645,12.1898],[75.17517,12.18845],[75.17517,12.18722],[75.17702,12.18269],[75.17803,12.18183],[75.1787,12.18073],[75.17945,12.1795],[75.18124,12.17694],[75.18176,12.17586],[75.18223,12.175],[75.18322,12.17372],[75.18449,12.17142],[75.18714,12.16599],[75.1879,12.16443],[75.18816,12.16166],[75.18856,12.16028],[75.18931,12.15865],[75.19022,12.15707],[75.19045,12.15642],[75.19065,12.15364],[75.19103,12.15106],[75.19164,12.14891],[75.19148,12.14819],[75.19123,12.14791],[75.19114,12.14763],[75.1913,12.14747],[75.19163,12.14748],[75.19175,12.14728],[75.19167,12.14685],[75.19219,12.14658],[75.19255,12.14676],[75.193,12.14721],[75.19344,12.14739],[75.1938,12.14666],[75.19407,12.14646],[75.19401,12.14583],[75.19391,12.14451],[75.19433,12.1427],[75.19462,12.14225],[75.19519,12.14135],[75.19631,12.13996],[75.19638,12.13946],[75.19614,12.13864],[75.1951,12.1379],[75.19487,12.13669],[75.19508,12.13537],[75.19392,12.13449],[75.19216,12.13452],[75.19094,12.13424],[75.18994,12.13295],[75.18887,12.13097],[75.18868,12.13062],[75.18808,12.1296],[75.18818,12.12892],[75.18916,12.12702],[75.18978,12.12581],[75.19189,12.12117],[75.19351,12.1178],[75.19273,12.11684],[75.19179,12.11605],[75.19107,12.11405],[75.19124,12.11226],[75.19139,12.11061],[75.19141,12.10789],[75.19188,12.10627],[75.19255,12.10518],[75.19278,12.10329],[75.19091,12.10048],[75.19056,12.09996],[75.18961,12.09668],[75.18806,12.09556],[75.18712,12.09522],[75.18678,12.0951],[75.18364,12.09484],[75.18168,12.09483],[75.18004,12.09747],[75.17954,12.09827],[75.17745,12.10013],[75.17574,12.10011],[75.17435,12.09911],[75.17193,12.09585],[75.16711,12.09076],[75.16847,12.0871],[75.1717,12.08297],[75.17265,12.08133],[75.1736,12.07939],[75.17438,12.07857],[75.1757,12.07599],[75.17704,12.07021],[75.18041,12.06371],[75.18432,12.05034],[75.18235,12.04876],[75.18174,12.04834],[75.18183,12.04814],[75.18195,12.04789],[75.18303,12.04561],[75.18356,12.0444],[75.18404,12.04334],[75.18422,12.04296],[75.18455,12.04219],[75.18499,12.04124],[75.18537,12.04029],[75.18582,12.03941],[75.18633,12.03824],[75.18655,12.03783],[75.18703,12.0369],[75.18768,12.03558],[75.18803,12.03483],[75.1884,12.03417],[75.18865,12.03368],[75.18886,12.03321],[75.18893,12.03306],[75.18917,12.03261],[75.18961,12.03176],[75.18974,12.03143],[75.18986,12.03118],[75.19019,12.03048],[75.19033,12.03018],[75.19048,12.02989],[75.19066,12.02959],[75.19089,12.02918],[75.19133,12.02833],[75.19218,12.02675],[75.19246,12.02618],[75.193,12.02526],[75.19326,12.02477],[75.19362,12.02404],[75.19405,12.02316],[75.19432,12.02255],[75.19469,12.02191],[75.19502,12.02126],[75.19541,12.02038],[75.1958,12.01962],[75.19611,12.01892],[75.19634,12.0185],[75.19646,12.01827],[75.19663,12.01798],[75.19691,12.01729],[75.19702,12.01702],[75.19712,12.01681],[75.19729,12.01647],[75.19754,12.016],[75.19773,12.01556],[75.198,12.01494],[75.19812,12.01466],[75.19839,12.01421],[75.19869,12.01364],[75.19876,12.01344],[75.19906,12.01287],[75.19939,12.0122],[75.19957,12.01193],[75.19981,12.01153],[75.19997,12.0113],[75.20026,12.01081],[75.2004,12.01053],[75.20062,12.01024],[75.20089,12.00976],[75.201,12.0095],[75.20104,12.00929],[75.20106,12.00913],[75.20098,12.00861],[75.20074,12.00851],[75.20059,12.00845],[75.20043,12.00848],[75.20037,12.00845],[75.20031,12.00838],[75.20029,12.00829],[75.20025,12.00822],[75.2002,12.00813],[75.2002,12.00803],[75.20024,12.00796],[75.20029,12.00788],[75.20028,12.0078],[75.20029,12.0077],[75.20031,12.00764],[75.20036,12.00757],[75.20043,12.00754],[75.2005,12.00748],[75.20051,12.0074],[75.20049,12.00724],[75.20053,12.00718],[75.20064,12.00708],[75.20077,12.00702],[75.20086,12.00697],[75.20092,12.00689],[75.20099,12.00679],[75.20103,12.00672],[75.20109,12.00665],[75.20111,12.00656],[75.20117,12.00648],[75.20126,12.0064],[75.20139,12.00624],[75.20147,12.00615],[75.20148,12.00613],[75.20146,12.00612],[75.20137,12.00611],[75.20127,12.0061],[75.20123,12.00606],[75.20122,12.00603],[75.20126,12.00593],[75.20149,12.00574],[75.20158,12.00573],[75.20166,12.00569],[75.20173,12.00564],[75.20182,12.00562],[75.20195,12.0055],[75.20207,12.00541],[75.20215,12.00536],[75.20221,12.0053],[75.20227,12.00523],[75.20234,12.00519],[75.20261,12.00512],[75.20295,12.00512],[75.20367,12.00513],[75.20392,12.00519],[75.20415,12.00534],[75.20447,12.00577],[75.20469,12.00594],[75.20617,12.00676],[75.20668,12.00704],[75.20686,12.00725],[75.20687,12.00735],[75.20688,12.00743],[75.20692,12.00751],[75.20692,12.0076],[75.20695,12.00769],[75.20699,12.00777],[75.20705,12.00784],[75.20713,12.0079],[75.20716,12.00801],[75.20717,12.00809],[75.20716,12.00818],[75.20716,12.00827],[75.20718,12.00835],[75.20718,12.00843],[75.20721,12.00852],[75.20721,12.0086],[75.20719,12.00869],[75.20716,12.00877],[75.20711,12.00888],[75.2071,12.00896],[75.20707,12.00905],[75.20703,12.00913],[75.20698,12.00921],[75.20694,12.00934],[75.20695,12.00945],[75.20698,12.00952],[75.20706,12.00964],[75.20726,12.00983],[75.20747,12.00995],[75.20771,12.01005],[75.20783,12.01008],[75.20801,12.01018],[75.20831,12.0103],[75.20856,12.0104],[75.20901,12.01053],[75.20933,12.01063],[75.20983,12.01079],[75.21005,12.01083],[75.21039,12.01089],[75.21059,12.01088],[75.21165,12.01083],[75.21234,12.01073],[75.21271,12.01063],[75.21359,12.01035],[75.21431,12.01012],[75.21455,12.01004],[75.21472,12.01],[75.21488,12.00994],[75.21509,12.00982],[75.21521,12.00982],[75.21525,12.00987],[75.2152,12.00996],[75.21502,12.01009],[75.21504,12.01021],[75.21513,12.01031],[75.21535,12.01045],[75.21563,12.01052],[75.21602,12.01057],[75.21614,12.01052],[75.21627,12.01035],[75.21644,12.01028],[75.21662,12.01027],[75.21669,12.01032],[75.21672,12.01042],[75.21674,12.01054],[75.21685,12.01076],[75.21693,12.0108],[75.21707,12.01082],[75.21715,12.01085],[75.21729,12.01091],[75.21733,12.01101],[75.21736,12.01106],[75.21734,12.01121],[75.21735,12.01134],[75.21736,12.01147],[75.21731,12.0116],[75.21735,12.01175],[75.21753,12.01187],[75.21766,12.01192],[75.21779,12.01197],[75.21792,12.01202],[75.21806,12.01207],[75.21821,12.01208],[75.21839,12.01204],[75.21852,12.01199],[75.21858,12.01198],[75.21873,12.01197],[75.21885,12.01196],[75.21897,12.01202],[75.219,12.01212],[75.21903,12.01225],[75.21912,12.01232],[75.21924,12.01238],[75.21937,12.01245],[75.21946,12.01254],[75.21953,12.01262],[75.21975,12.01273],[75.21988,12.0128],[75.22015,12.01278],[75.22028,12.01273],[75.22036,12.01269],[75.22041,12.01271],[75.22047,12.01273],[75.22048,12.01289],[75.22059,12.01299],[75.22069,12.01314],[75.22072,12.01327],[75.22075,12.01339],[75.22078,12.01348],[75.22077,12.01356],[75.22075,12.01369],[75.2207,12.01378],[75.22067,12.01391],[75.22069,12.01405],[75.22082,12.01421],[75.22093,12.01429],[75.22106,12.01437],[75.22116,12.01439],[75.22127,12.01447],[75.22134,12.01458],[75.22139,12.01471],[75.22139,12.01484],[75.2214,12.01491],[75.22145,12.01503],[75.22153,12.01512],[75.22159,12.01519],[75.2218,12.01523],[75.22184,12.01534],[75.22182,12.01546],[75.22181,12.01558],[75.22181,12.0157],[75.22186,12.01582],[75.22192,12.01598],[75.22196,12.01611],[75.22201,12.01623],[75.22202,12.01635],[75.22205,12.01647],[75.22211,12.01659],[75.22217,12.01671],[75.22222,12.01683],[75.22228,12.01694],[75.22241,12.01714],[75.2227,12.01785],[75.22317,12.01844],[75.22347,12.019],[75.22369,12.01933],[75.22385,12.01948],[75.22464,12.01992],[75.2254,12.02035],[75.22562,12.02054],[75.22597,12.0207],[75.22647,12.02082],[75.22716,12.02085],[75.22796,12.02081],[75.22823,12.02082],[75.22853,12.02088],[75.22884,12.02103],[75.22928,12.02138],[75.23029,12.02152],[75.23098,12.02111],[75.23145,12.02085],[75.23175,12.02077],[75.2325,12.0206],[75.23333,12.02027],[75.23422,12.01977],[75.23486,12.01934],[75.2353,12.01909],[75.23581,12.01874],[75.2364,12.01835],[75.23689,12.01803],[75.2373,12.01777],[75.23757,12.0176],[75.23816,12.01721],[75.23874,12.01681],[75.23934,12.01644],[75.2397,12.01619],[75.24027,12.01579],[75.24058,12.01556],[75.24093,12.0152],[75.24126,12.01497],[75.24249,12.0141],[75.24341,12.01345],[75.24433,12.01271],[75.24448,12.01258],[75.24506,12.01208],[75.24568,12.01147],[75.246,12.0112],[75.24663,12.01052],[75.24729,12.00986],[75.24768,12.00943],[75.24819,12.00892],[75.24854,12.00853],[75.2493,12.00785],[75.24978,12.00744],[75.24992,12.00732],[75.25044,12.00669],[75.25114,12.00587],[75.2515,12.00547],[75.25178,12.00512],[75.25204,12.00477],[75.25293,12.00367],[75.25337,12.00312],[75.25375,12.00267],[75.25424,12.00209],[75.25475,12.00154],[75.25497,12.00118],[75.25578,12.00011],[75.2561,11.99969],[75.25657,11.99904],[75.25678,11.99874],[75.25728,11.99821],[75.25761,11.99776],[75.25793,11.99735],[75.25833,11.99686],[75.25844,11.99668],[75.25864,11.99639],[75.25927,11.99561],[75.25947,11.99539],[75.26027,11.99436],[75.26097,11.99347],[75.26145,11.99282],[75.26214,11.99198],[75.26297,11.99095],[75.26343,11.99034],[75.26403,11.98955],[75.26432,11.98918],[75.26484,11.98848],[75.26514,11.98815],[75.2655,11.98776],[75.26571,11.98749],[75.26583,11.9873],[75.26619,11.98684],[75.2665,11.98651],[75.26696,11.98594],[75.26735,11.98539],[75.2678,11.98483],[75.26816,11.98441],[75.26867,11.98375],[75.26906,11.98319],[75.2692,11.98289],[75.26933,11.98257],[75.26942,11.98244],[75.26961,11.98219],[75.26994,11.98188],[75.27014,11.98166],[75.2706,11.98102],[75.27104,11.98035],[75.27134,11.97995],[75.27177,11.97926],[75.27201,11.97885],[75.27221,11.97863],[75.2725,11.9783],[75.27309,11.97748],[75.27358,11.97687],[75.2741,11.97616],[75.2744,11.97567],[75.27505,11.9746],[75.27547,11.97397],[75.27629,11.97271],[75.27684,11.97193],[75.27703,11.97162],[75.27753,11.9708],[75.27763,11.97063],[75.27815,11.96991],[75.27835,11.96963],[75.2786,11.96919],[75.27927,11.96814],[75.27958,11.96771],[75.27993,11.9673],[75.28022,11.96692],[75.28051,11.9665],[75.28133,11.96545],[75.28182,11.96477],[75.28203,11.96441],[75.28216,11.96422],[75.28258,11.96372],[75.28311,11.96297],[75.28327,11.96277],[75.28358,11.96216],[75.28377,11.96181],[75.28401,11.9615],[75.28432,11.96104],[75.28471,11.96054],[75.28514,11.95999],[75.28529,11.95966],[75.28565,11.95911],[75.28606,11.95845],[75.28662,11.95765],[75.28715,11.95678],[75.28835,11.9549],[75.28904,11.95366],[75.2901,11.95197],[75.29067,11.95104],[75.29106,11.95054],[75.29168,11.94975],[75.29206,11.94933],[75.29235,11.94894],[75.29273,11.9485],[75.29302,11.9482],[75.29325,11.94796],[75.29358,11.94752],[75.29406,11.94691],[75.29434,11.94647],[75.29461,11.94593],[75.29475,11.94558],[75.29482,11.94519],[75.29484,11.94505],[75.29481,11.94482],[75.29482,11.94477],[75.29567,11.9437],[75.29648,11.9419],[75.29655,11.94184],[75.29665,11.94184],[75.29689,11.94176],[75.29721,11.94153],[75.29756,11.94125],[75.29768,11.94117],[75.29891,11.94012],[75.29978,11.93932],[75.30072,11.93832],[75.3014,11.93758],[75.30145,11.93754],[75.3022,11.93657],[75.30276,11.93587],[75.30384,11.93448],[75.30418,11.93406],[75.30528,11.9326],[75.30539,11.93246],[75.30659,11.93081],[75.3072,11.92998],[75.30794,11.92901],[75.30923,11.92722],[75.31065,11.92527],[75.31076,11.92513],[75.31174,11.92383],[75.31325,11.92167],[75.31422,11.92032],[75.31511,11.91886],[75.31557,11.91814],[75.31571,11.91785],[75.31611,11.91725],[75.31657,11.91657],[75.31681,11.91621],[75.3176,11.91506],[75.31817,11.91408],[75.31852,11.91347],[75.31874,11.91308],[75.31914,11.91215],[75.31927,11.9118],[75.31939,11.91147],[75.3195,11.91115],[75.31951,11.91106],[75.3195,11.91096],[75.31951,11.91086],[75.31941,11.91071],[75.31934,11.91064],[75.31928,11.91054],[75.3192,11.9105],[75.31915,11.91043],[75.31913,11.91034],[75.31912,11.91025],[75.31908,11.91017],[75.31903,11.91012],[75.31899,11.91004],[75.31887,11.90989],[75.31881,11.90981],[75.31876,11.90975],[75.3187,11.90967],[75.31859,11.90944],[75.31856,11.90936],[75.31851,11.90928],[75.31848,11.90924],[75.31843,11.90916],[75.31838,11.90909],[75.31836,11.90901],[75.31834,11.90896],[75.31832,11.90888],[75.31829,11.9088],[75.31827,11.90872],[75.31826,11.90864],[75.31827,11.90858],[75.31825,11.9085],[75.31826,11.90842],[75.31825,11.90835],[75.31826,11.90827],[75.31825,11.9082],[75.31826,11.90812],[75.31827,11.90805],[75.3183,11.90798],[75.31834,11.90791],[75.3184,11.9078],[75.31843,11.90773],[75.31846,11.90765],[75.3185,11.90761],[75.31855,11.90757],[75.31859,11.90747],[75.31861,11.9074],[75.31865,11.90735],[75.3187,11.90734],[75.31874,11.90729],[75.31875,11.90725],[75.31873,11.90721],[75.31871,11.90711],[75.31875,11.907],[75.31899,11.9066],[75.31911,11.90637],[75.31914,11.90623],[75.31907,11.90608],[75.31893,11.90597],[75.31887,11.90592],[75.31881,11.90585],[75.31876,11.90578],[75.31874,11.90569],[75.31872,11.90561],[75.31871,11.90553],[75.31871,11.90526],[75.31875,11.90508],[75.31887,11.90502],[75.31902,11.905],[75.31918,11.90503],[75.31928,11.90507],[75.31935,11.90512],[75.31942,11.90521],[75.31951,11.90527],[75.31959,11.9053],[75.31969,11.90531],[75.3198,11.90529],[75.31986,11.90526],[75.31992,11.90527],[75.32,11.90525],[75.32008,11.90524],[75.32016,11.90522],[75.32024,11.90521],[75.32036,11.9052],[75.32048,11.90519],[75.32123,11.90505],[75.32185,11.90498],[75.32216,11.90495],[75.32225,11.90493],[75.32232,11.90487],[75.32251,11.90447],[75.32269,11.90435],[75.32311,11.90421],[75.32339,11.90413],[75.32372,11.90405],[75.32405,11.90399],[75.32448,11.90367],[75.32478,11.90331],[75.32523,11.90292],[75.32538,11.90276],[75.32571,11.90241],[75.32636,11.90182],[75.32668,11.90151],[75.32725,11.90092],[75.32765,11.90056],[75.3282,11.90005],[75.3287,11.89954],[75.329,11.89923],[75.32913,11.89909],[75.32969,11.89853],[75.3302,11.89805],[75.33069,11.89752],[75.33113,11.89703],[75.33164,11.8964],[75.33203,11.89596],[75.3324,11.89554],[75.3345,11.89308],[75.33455,11.89303],[75.3346,11.89295],[75.33466,11.8929],[75.33493,11.89258],[75.33501,11.89248],[75.33522,11.89222],[75.3353,11.8921],[75.33589,11.8914],[75.33644,11.89072],[75.33683,11.89026],[75.33717,11.88984],[75.33746,11.88949],[75.33783,11.88906],[75.33813,11.88863],[75.33856,11.88809],[75.3391,11.88738],[75.33952,11.88682],[75.33969,11.88658],[75.33994,11.88628],[75.34028,11.88581],[75.3406,11.88541],[75.34086,11.88509],[75.34113,11.88471],[75.34123,11.88458],[75.34143,11.88435],[75.34156,11.88417],[75.34165,11.884],[75.3419,11.88371],[75.342,11.8836],[75.34226,11.88328],[75.3426,11.88284],[75.34298,11.88234],[75.34329,11.88195],[75.34363,11.8815],[75.34397,11.88108],[75.34429,11.88069],[75.34445,11.88049],[75.34482,11.87996],[75.34502,11.87969],[75.3453,11.87935],[75.34554,11.87903],[75.3458,11.8787],[75.34606,11.8784],[75.34639,11.87801],[75.3467,11.87764],[75.34693,11.87736],[75.34718,11.87709],[75.34736,11.8769],[75.34754,11.87668],[75.34779,11.87635],[75.34804,11.87601],[75.34836,11.87557],[75.34864,11.87523],[75.34882,11.87496],[75.34896,11.87475],[75.34922,11.87441],[75.34952,11.87394],[75.34983,11.87346],[75.35024,11.87272],[75.35066,11.87192],[75.35117,11.87111],[75.35161,11.87031],[75.35214,11.86937],[75.3524,11.86886],[75.35249,11.86861],[75.35261,11.86842],[75.35268,11.86825],[75.35274,11.86806],[75.35274,11.8679],[75.35268,11.86775],[75.35264,11.86772],[75.35262,11.86766],[75.3526,11.86761],[75.35256,11.86757],[75.35253,11.86752],[75.35247,11.86748],[75.35243,11.86744],[75.35238,11.86742],[75.35236,11.86736],[75.35237,11.86734],[75.35241,11.86726],[75.35245,11.86723],[75.3525,11.8672],[75.35253,11.86715],[75.35256,11.86711],[75.35259,11.86706],[75.35262,11.86702],[75.35265,11.86697],[75.3527,11.86696],[75.35273,11.86692],[75.35277,11.86688],[75.35281,11.86684],[75.35284,11.86681],[75.35292,11.86672],[75.35297,11.86669],[75.353,11.86665],[75.35303,11.86661],[75.35308,11.8666],[75.35325,11.86656],[75.3533,11.86654],[75.35337,11.8665],[75.35341,11.86645],[75.35345,11.8664],[75.35349,11.86635],[75.35352,11.8663],[75.35355,11.86624],[75.35356,11.86619],[75.35357,11.86613],[75.35358,11.86599],[75.35356,11.86594],[75.35358,11.86585],[75.35358,11.8658],[75.35358,11.86569],[75.35359,11.86564],[75.35358,11.8656],[75.35357,11.86554],[75.35357,11.86548],[75.35358,11.86543],[75.35363,11.86535],[75.35367,11.86531],[75.35372,11.86529],[75.35376,11.86525],[75.35388,11.86519],[75.35394,11.86518],[75.35399,11.86515],[75.35402,11.86511],[75.35401,11.86506],[75.35404,11.86502],[75.3541,11.86504],[75.35415,11.86503],[75.35418,11.86499],[75.35419,11.86495],[75.3542,11.8649],[75.3542,11.86485],[75.3542,11.86481],[75.35421,11.86476],[75.3542,11.86471],[75.35423,11.86468],[75.35427,11.86464],[75.35432,11.86463],[75.35435,11.86461],[75.35438,11.8646],[75.35441,11.86456],[75.35446,11.86455],[75.35451,11.86455],[75.35456,11.86453],[75.35459,11.86449],[75.35463,11.86446],[75.35468,11.86444],[75.35472,11.86441],[75.35474,11.86437],[75.35473,11.86432],[75.35477,11.86429],[75.35481,11.86425],[75.35485,11.86422],[75.35489,11.8642],[75.35492,11.86415],[75.35493,11.86411],[75.35496,11.86401],[75.355,11.86396],[75.35507,11.86388],[75.35507,11.86383],[75.35509,11.86377],[75.35511,11.86371],[75.35512,11.86366],[75.3551,11.86361],[75.35498,11.8634],[75.35496,11.86327],[75.35498,11.86317],[75.35499,11.86304],[75.35496,11.86294],[75.35495,11.86288],[75.35499,11.86273],[75.35516,11.86257],[75.35521,11.86256],[75.35526,11.86253],[75.35529,11.86249],[75.35531,11.86245],[75.35534,11.8624],[75.35534,11.86236],[75.35532,11.86231],[75.3553,11.86227],[75.35533,11.86222],[75.35534,11.86218],[75.35533,11.86213],[75.35533,11.86208],[75.35536,11.86204],[75.35536,11.86199],[75.35536,11.86195],[75.35539,11.86192],[75.35541,11.86177],[75.35543,11.86171],[75.35543,11.86141],[75.35542,11.86135],[75.35543,11.86129],[75.35544,11.86123],[75.35542,11.86117],[75.35541,11.86112],[75.35538,11.86107],[75.35537,11.86101],[75.35538,11.86096],[75.3554,11.8609],[75.35541,11.86084],[75.35541,11.86079],[75.3554,11.86073],[75.35542,11.86068],[75.35539,11.8606],[75.35535,11.86056],[75.35533,11.8605],[75.35531,11.86045],[75.3553,11.8604],[75.35526,11.86035],[75.35524,11.8603],[75.3552,11.86027],[75.35515,11.86023],[75.3551,11.86015],[75.35506,11.86012],[75.35503,11.86007],[75.35503,11.86002],[75.35505,11.85997],[75.35508,11.85993],[75.3551,11.85988],[75.35514,11.85985],[75.35517,11.85982],[75.35522,11.85979],[75.35532,11.85977],[75.35537,11.85976],[75.35542,11.85975],[75.35547,11.85974],[75.35552,11.85974],[75.35557,11.85972],[75.35562,11.85973],[75.35567,11.85974],[75.35572,11.85975],[75.35577,11.85973],[75.35582,11.85972],[75.35587,11.85972],[75.35591,11.85971],[75.35597,11.85973],[75.35601,11.85975],[75.35606,11.85977],[75.35611,11.85978],[75.35616,11.85979],[75.35621,11.85979],[75.35626,11.85979],[75.35631,11.85979],[75.35636,11.8598],[75.35642,11.8598],[75.35647,11.85983],[75.35652,11.85981],[75.35657,11.85981],[75.35662,11.85982],[75.35666,11.85984],[75.35671,11.85987],[75.35684,11.85993],[75.35689,11.85995],[75.35694,11.85995],[75.35699,11.85995],[75.35704,11.85997],[75.35709,11.85997],[75.3572,11.85997],[75.35724,11.85995],[75.35728,11.85993],[75.35733,11.85991],[75.35739,11.8599],[75.35751,11.85988],[75.35756,11.85987],[75.35757,11.85987],[75.35772,11.85984],[75.35778,11.85982],[75.35788,11.85979],[75.35792,11.85976],[75.35797,11.85973],[75.35802,11.8597],[75.35807,11.85968],[75.35815,11.85968],[75.35823,11.8597],[75.35828,11.85969],[75.35832,11.85968],[75.35839,11.85967],[75.35844,11.85966],[75.35848,11.85963],[75.35854,11.8596],[75.3586,11.85959],[75.35865,11.85958],[75.3587,11.85954],[75.35874,11.85953],[75.35906,11.85951],[75.35911,11.85948],[75.35916,11.85948],[75.35922,11.85947],[75.35926,11.85944],[75.35931,11.85941],[75.35936,11.85938],[75.3594,11.85936],[75.35944,11.85933],[75.35949,11.85929],[75.35958,11.85924],[75.35962,11.8592],[75.35965,11.85916],[75.35969,11.85911],[75.35973,11.85908],[75.35977,11.85904],[75.35986,11.859],[75.35991,11.85897],[75.35996,11.85893],[75.36,11.8589],[75.36005,11.85886],[75.36009,11.85882],[75.36015,11.85873],[75.36021,11.85863],[75.36023,11.85853],[75.36027,11.85848],[75.36031,11.85844],[75.3604,11.85835],[75.36044,11.85828],[75.36047,11.85823],[75.3605,11.85818],[75.36053,11.85813],[75.36054,11.85808],[75.36063,11.85799],[75.36067,11.85796],[75.36068,11.8579],[75.36067,11.85784],[75.36069,11.85778],[75.3607,11.85773],[75.36078,11.85764],[75.36082,11.8576],[75.36086,11.85756],[75.3609,11.85753],[75.36092,11.85748],[75.36095,11.85744],[75.36097,11.85739],[75.36106,11.85721],[75.3611,11.85717],[75.36113,11.85712],[75.36116,11.85708],[75.36118,11.85703],[75.36125,11.85694],[75.36126,11.85689],[75.36126,11.85684],[75.36128,11.85679],[75.3613,11.85675],[75.36133,11.85672],[75.36138,11.85673],[75.36144,11.85673],[75.36148,11.8567],[75.36152,11.85668],[75.36155,11.85664],[75.3616,11.85663],[75.36164,11.85661],[75.3617,11.85661],[75.36175,11.85662],[75.36179,11.85664],[75.36184,11.85668],[75.36186,11.85672],[75.36188,11.85674],[75.36188,11.85679],[75.36189,11.85684],[75.36193,11.85688],[75.36197,11.85692],[75.36206,11.85695],[75.36219,11.85691],[75.36244,11.85682],[75.36263,11.85671],[75.36283,11.85654],[75.36297,11.8564],[75.3631,11.85629],[75.36319,11.85622],[75.36337,11.85607],[75.36349,11.8559],[75.36354,11.85573],[75.36361,11.85554],[75.36357,11.85549],[75.36352,11.85546],[75.36352,11.85539],[75.36353,11.85533],[75.36355,11.85527],[75.36357,11.8552],[75.36362,11.85508],[75.36364,11.85502],[75.36364,11.85496],[75.36365,11.85484],[75.36365,11.85473],[75.36363,11.85464],[75.36357,11.85463],[75.36348,11.85457],[75.36344,11.85454],[75.36339,11.8545],[75.36338,11.85446],[75.36342,11.85441],[75.36346,11.85437],[75.36342,11.85433],[75.36339,11.85429],[75.36335,11.85425],[75.36335,11.85421],[75.36336,11.85415],[75.36336,11.85409],[75.36338,11.85404],[75.36341,11.85401],[75.36342,11.85396],[75.36347,11.85395],[75.36346,11.85391],[75.36346,11.85385],[75.36347,11.8538],[75.36353,11.85378],[75.36358,11.85374],[75.36361,11.85372],[75.36365,11.85369],[75.36371,11.85369],[75.36373,11.85364],[75.36379,11.85364],[75.36382,11.85368],[75.36383,11.85373],[75.36382,11.85375],[75.36386,11.85379],[75.36389,11.85383],[75.36392,11.85387],[75.36392,11.85392],[75.36393,11.85398],[75.36397,11.85402],[75.36404,11.85407],[75.36416,11.85409],[75.3643,11.85405],[75.36439,11.85398],[75.36449,11.85386],[75.36454,11.8538],[75.36458,11.85376],[75.36459,11.8537],[75.36455,11.85365],[75.36451,11.85362],[75.36447,11.85359],[75.36443,11.85356],[75.36435,11.85354],[75.36431,11.8535],[75.3643,11.85345],[75.3643,11.85339],[75.3643,11.85334],[75.3643,11.8533],[75.3643,11.85325],[75.36434,11.85324],[75.36438,11.85326],[75.36442,11.8533],[75.36446,11.85333],[75.36454,11.85336],[75.36456,11.85334],[75.36456,11.8533],[75.36456,11.85325],[75.36455,11.8532],[75.36456,11.85316],[75.36457,11.85311],[75.3646,11.85308],[75.36457,11.85298],[75.36456,11.85293],[75.36462,11.85287],[75.36468,11.85285],[75.36482,11.85288],[75.36489,11.85285],[75.36489,11.85281],[75.36478,11.85274],[75.36466,11.85262],[75.36464,11.85251],[75.36467,11.85241],[75.36477,11.8523],[75.36492,11.85221],[75.36512,11.85217],[75.36527,11.85218],[75.36542,11.85222],[75.36547,11.85223],[75.36553,11.85222],[75.36557,11.85225],[75.36558,11.8523],[75.3656,11.85235],[75.36562,11.8524],[75.36565,11.85245],[75.36565,11.85256],[75.36568,11.8526],[75.36571,11.85265],[75.36575,11.85269],[75.36579,11.85273],[75.36588,11.8528],[75.36592,11.85283],[75.36598,11.85284],[75.36604,11.85284],[75.36609,11.85284],[75.36617,11.85279],[75.36622,11.85277],[75.36628,11.85275],[75.36632,11.85268],[75.36634,11.85263],[75.36637,11.85259],[75.36639,11.85253],[75.36641,11.85248],[75.36643,11.85243],[75.36645,11.85237],[75.36643,11.85228],[75.36645,11.85223],[75.36648,11.85219],[75.36652,11.85214],[75.36655,11.8521],[75.3666,11.85207],[75.36663,11.85204],[75.36668,11.85202],[75.36672,11.85198],[75.3667,11.85193],[75.36668,11.85188],[75.36666,11.85186],[75.36666,11.85181],[75.36664,11.85176],[75.36658,11.85175],[75.36654,11.85177],[75.36651,11.85176],[75.3665,11.85173],[75.36652,11.85168],[75.36654,11.85165],[75.36656,11.8516],[75.36657,11.85153],[75.36655,11.85147],[75.36656,11.85142],[75.3665,11.85133],[75.36643,11.85124],[75.36645,11.85115],[75.36649,11.8511],[75.36656,11.85106],[75.36661,11.85103],[75.36667,11.85101],[75.36674,11.851],[75.36685,11.85106],[75.36696,11.85107],[75.36702,11.85111],[75.36704,11.85117],[75.36705,11.8513],[75.36709,11.85139],[75.36714,11.85143],[75.36719,11.85146],[75.36722,11.85151],[75.36725,11.85155],[75.36728,11.8516],[75.36732,11.85163],[75.36741,11.8517],[75.36746,11.85171],[75.36751,11.85169],[75.36756,11.85169],[75.36761,11.85172],[75.36766,11.85175],[75.36771,11.85178],[75.36776,11.85181],[75.3678,11.85186],[75.36785,11.85189],[75.3679,11.85192],[75.36795,11.85195],[75.36798,11.852],[75.36799,11.85206],[75.36803,11.8521],[75.36808,11.85212],[75.36812,11.85218],[75.36817,11.85222],[75.36822,11.85226],[75.36827,11.85229],[75.36831,11.85235],[75.36833,11.8524],[75.36838,11.85245],[75.36843,11.85245],[75.36847,11.85245],[75.36855,11.85246],[75.36861,11.85248],[75.36865,11.85252],[75.3687,11.85254],[75.36877,11.85254],[75.36883,11.85258],[75.36886,11.85263],[75.3689,11.85268],[75.36894,11.85274],[75.36895,11.85278],[75.36897,11.8529],[75.36898,11.85295],[75.36906,11.85302],[75.36911,11.85303],[75.36916,11.85304],[75.36922,11.85302],[75.36927,11.85301],[75.36932,11.85302],[75.36937,11.85305],[75.3694,11.8531],[75.36942,11.85315],[75.36944,11.8532],[75.36948,11.85325],[75.36953,11.85326],[75.36958,11.85329],[75.36964,11.85332],[75.36968,11.85336],[75.36971,11.85341],[75.36976,11.85344],[75.36979,11.85349],[75.36983,11.85353],[75.36989,11.85355],[75.37002,11.85357],[75.37007,11.85357],[75.37015,11.85359],[75.37021,11.8536],[75.37032,11.8536],[75.37039,11.85358],[75.37042,11.85358],[75.37047,11.85355],[75.3705,11.85351],[75.37052,11.85345],[75.37053,11.85341],[75.37058,11.85339],[75.37061,11.85339],[75.37067,11.85336],[75.3707,11.85332],[75.3708,11.8532],[75.37087,11.85318],[75.37102,11.8532],[75.37132,11.85329],[75.37145,11.85336],[75.37149,11.85337],[75.37151,11.85338],[75.37156,11.85341],[75.37165,11.85341],[75.37172,11.8534],[75.37178,11.85337],[75.37181,11.85333],[75.37184,11.85328],[75.37187,11.85324],[75.3719,11.8532],[75.37196,11.85317],[75.37201,11.85317],[75.37205,11.85317],[75.37211,11.85319],[75.37216,11.8532],[75.37236,11.85317],[75.37262,11.8531],[75.37282,11.85303],[75.37296,11.85295],[75.37311,11.85286],[75.37321,11.8527],[75.37328,11.85253],[75.37332,11.85241],[75.37343,11.85231],[75.37349,11.85228],[75.37358,11.85229],[75.37377,11.85234],[75.37382,11.85236],[75.37388,11.85238],[75.37393,11.85238],[75.3741,11.85238],[75.37415,11.8524],[75.37416,11.85245],[75.37413,11.85249],[75.37406,11.85252],[75.37402,11.85252],[75.37396,11.85254],[75.37389,11.85258],[75.37388,11.8526],[75.37388,11.85263],[75.37391,11.85267],[75.37403,11.85267],[75.37425,11.85276],[75.37448,11.8529],[75.37469,11.85306],[75.3747,11.85315],[75.37471,11.85322],[75.3747,11.85329],[75.37459,11.85348],[75.37431,11.85405],[75.3742,11.85433],[75.37405,11.85442],[75.37248,11.85476],[75.37249,11.85495],[75.37247,11.85517],[75.3724,11.85538],[75.37236,11.8555],[75.37232,11.85574],[75.3723,11.85591],[75.37231,11.8561],[75.37251,11.85637],[75.37313,11.85696],[75.37341,11.85714],[75.37362,11.85731],[75.37384,11.85747],[75.37396,11.85758],[75.37397,11.85761],[75.37401,11.85774],[75.37412,11.85782],[75.37435,11.85795],[75.37462,11.85807],[75.37482,11.85816],[75.37493,11.85819],[75.37505,11.8582],[75.37509,11.85819],[75.3751,11.85816],[75.37511,11.85799],[75.37512,11.85799],[75.37515,11.85797],[75.37604,11.85809],[75.37591,11.85734],[75.37585,11.85731],[75.37558,11.85582],[75.37553,11.85551],[75.37556,11.85534],[75.37561,11.85523],[75.3757,11.8551],[75.3758,11.85496],[75.37587,11.85481],[75.37597,11.85477],[75.37605,11.85476],[75.37609,11.85481],[75.37606,11.85487],[75.37599,11.85489],[75.37617,11.85594],[75.37653,11.85755],[75.37663,11.85811],[75.37675,11.8583],[75.37691,11.85838],[75.37717,11.85843],[75.37787,11.85858],[75.37851,11.85861],[75.37932,11.85853],[75.38014,11.85843],[75.3806,11.85833],[75.381,11.8582],[75.38126,11.85809],[75.38158,11.85796],[75.38192,11.85779],[75.38205,11.85773],[75.38223,11.85765],[75.38236,11.85755],[75.38255,11.85745],[75.38269,11.85736],[75.38286,11.85724],[75.38302,11.85717],[75.3833,11.857],[75.3836,11.85681],[75.38385,11.85663],[75.38407,11.85648],[75.38422,11.8564],[75.38438,11.85629],[75.38468,11.85605],[75.38501,11.85578],[75.38566,11.85534],[75.3858,11.85524],[75.38627,11.85483],[75.38687,11.85429],[75.38763,11.85361],[75.38816,11.85309],[75.38864,11.85268],[75.38902,11.85227],[75.38917,11.85212],[75.38939,11.85188],[75.38945,11.85184],[75.38964,11.85164],[75.39015,11.85102],[75.3904,11.85069],[75.39067,11.85039],[75.39091,11.85011],[75.39128,11.84974],[75.39137,11.84967],[75.39152,11.84957],[75.39176,11.84938],[75.39218,11.84909],[75.39245,11.84884],[75.39278,11.84848],[75.39302,11.84828],[75.39308,11.84825],[75.39326,11.84811],[75.39335,11.848],[75.3937,11.84754],[75.39387,11.84728],[75.39409,11.84697],[75.39431,11.84651],[75.39446,11.84631],[75.3947,11.84607],[75.39496,11.84565],[75.39514,11.84542],[75.39553,11.84498],[75.39567,11.84481],[75.39602,11.84431],[75.3961,11.84417],[75.39612,11.84394],[75.39614,11.84386],[75.39622,11.84375],[75.39631,11.84367],[75.39651,11.84361],[75.39662,11.8435],[75.3968,11.84327],[75.39693,11.84312],[75.39697,11.84297],[75.39695,11.84285],[75.39693,11.84278],[75.39693,11.84271],[75.39698,11.84265],[75.397,11.84259],[75.39702,11.84253],[75.39707,11.84246],[75.39711,11.84245],[75.39718,11.8425],[75.39728,11.84247],[75.39746,11.84238],[75.39764,11.84225],[75.39784,11.842],[75.39813,11.84173],[75.39833,11.8416],[75.39844,11.84144],[75.39848,11.84121],[75.39847,11.84108],[75.39855,11.841],[75.39868,11.841],[75.39874,11.84101],[75.39881,11.841],[75.39889,11.84098],[75.39895,11.84094],[75.39901,11.84088],[75.39905,11.84081],[75.3991,11.84077],[75.39916,11.84074],[75.39923,11.84073],[75.39928,11.84071],[75.39935,11.84072],[75.39941,11.84071],[75.39959,11.84072],[75.40001,11.84075],[75.40022,11.84075],[75.40062,11.84068],[75.40087,11.84061],[75.40122,11.84041],[75.40133,11.84028],[75.40163,11.83974],[75.40181,11.83954],[75.40202,11.83942],[75.40231,11.83934],[75.40243,11.83927],[75.40248,11.83924],[75.40261,11.83908],[75.40274,11.83882],[75.40283,11.83873],[75.40304,11.83847],[75.4033,11.8384],[75.40357,11.83822],[75.40401,11.83785],[75.40414,11.83774],[75.40431,11.83759],[75.40442,11.83746],[75.40446,11.83741],[75.4045,11.83737],[75.40462,11.83731],[75.40473,11.83719],[75.40486,11.83707],[75.40501,11.83689],[75.40532,11.8366],[75.40548,11.83641],[75.40568,11.8362],[75.40594,11.83592],[75.40629,11.83556],[75.40645,11.83534],[75.40666,11.83508],[75.40696,11.83476],[75.40722,11.83439],[75.40747,11.83406],[75.40761,11.83383],[75.40768,11.83347],[75.40771,11.83328],[75.40772,11.83321],[75.40765,11.83318],[75.40758,11.83316],[75.40758,11.83313],[75.40759,11.83311],[75.40769,11.83311],[75.40776,11.83312],[75.4078,11.8331],[75.40787,11.83302],[75.40792,11.83292],[75.40796,11.83288],[75.408,11.83287],[75.40806,11.83286],[75.40812,11.83284],[75.40846,11.83261],[75.40891,11.83227],[75.40951,11.83171],[75.40968,11.83156],[75.40986,11.8314],[75.41004,11.83117],[75.4102,11.83099],[75.41044,11.8308],[75.4106,11.83071],[75.41078,11.8305],[75.41089,11.83033],[75.41102,11.83011],[75.41107,11.83005],[75.41119,11.82988],[75.41136,11.82973],[75.41148,11.8296],[75.41168,11.82942],[75.41181,11.82925],[75.41208,11.8289],[75.41234,11.82861],[75.41264,11.82825],[75.4128,11.82808],[75.41339,11.82742],[75.41378,11.82698],[75.41384,11.82689],[75.41409,11.82658],[75.41446,11.82616],[75.41484,11.8257],[75.41512,11.82536],[75.41545,11.82503],[75.41567,11.82476],[75.4161,11.82425],[75.41638,11.82403],[75.41645,11.82397],[75.41656,11.8238],[75.41683,11.82342],[75.41715,11.82294],[75.41735,11.82264],[75.41753,11.82238],[75.41769,11.82208],[75.41785,11.82162],[75.41796,11.82132],[75.41808,11.82104],[75.41817,11.82076],[75.41817,11.82052],[75.41815,11.82033],[75.41807,11.82015],[75.4179,11.81996],[75.41779,11.8199],[75.41764,11.8198],[75.41751,11.81979],[75.41744,11.81982],[75.41732,11.82004],[75.41727,11.82008],[75.41721,11.82006],[75.41703,11.81989],[75.417,11.81981],[75.41702,11.81973],[75.41706,11.81967],[75.41711,11.81963],[75.41717,11.81959],[75.41725,11.8195],[75.4173,11.81944],[75.41732,11.81939],[75.41729,11.81934],[75.41723,11.8193],[75.41723,11.81924],[75.41726,11.8192],[75.4173,11.81918],[75.41734,11.81918],[75.4174,11.81921],[75.41742,11.81922],[75.41747,11.8192],[75.4176,11.81915],[75.41764,11.81917],[75.41766,11.81924],[75.41765,11.81928],[75.41762,11.81937],[75.41761,11.81944],[75.4176,11.81951],[75.4176,11.81956],[75.41772,11.81962],[75.41779,11.81962],[75.41782,11.81963],[75.41804,11.81969],[75.41808,11.8197],[75.41828,11.8197],[75.41837,11.81967],[75.41858,11.81958],[75.41883,11.81943],[75.41918,11.81924],[75.41949,11.81899],[75.41978,11.81878],[75.42016,11.81841],[75.4206,11.81801],[75.42101,11.81757],[75.42143,11.81709],[75.42196,11.81655],[75.42229,11.81617],[75.42247,11.81587],[75.42266,11.8155],[75.42274,11.81518],[75.42277,11.81501],[75.42282,11.81492],[75.42294,11.81481],[75.42306,11.81474],[75.42322,11.81466],[75.42336,11.81456],[75.42352,11.81441],[75.4236,11.81428],[75.42371,11.81411],[75.42379,11.81392],[75.4239,11.81368],[75.42391,11.81354],[75.42393,11.81342],[75.4239,11.81324],[75.42384,11.81316],[75.42377,11.81316],[75.42364,11.8132],[75.42348,11.81324],[75.42335,11.81327],[75.42331,11.81325],[75.4233,11.81322],[75.4233,11.81319],[75.42344,11.81309],[75.42347,11.81304],[75.42351,11.81295],[75.42358,11.81286],[75.42362,11.81281],[75.42371,11.81272],[75.4238,11.81255],[75.42384,11.81243],[75.4239,11.81226],[75.42401,11.81217],[75.42415,11.81214],[75.42428,11.81217],[75.42432,11.81221],[75.4243,11.81236],[75.42412,11.81249],[75.42412,11.81254],[75.42417,11.81258],[75.42425,11.81261],[75.4244,11.81267],[75.42456,11.81267],[75.42476,11.81266],[75.42499,11.81257],[75.42508,11.81249],[75.4251,11.81245],[75.42513,11.8124],[75.42516,11.81237],[75.42526,11.81236],[75.42538,11.81232],[75.42553,11.81224],[75.42563,11.8121],[75.42565,11.81198],[75.4256,11.81183],[75.42548,11.81166],[75.42545,11.81159],[75.42546,11.81148],[75.42553,11.81127],[75.42569,11.81102],[75.42593,11.81079],[75.4261,11.81075],[75.42619,11.8107],[75.42622,11.81068],[75.42635,11.8106],[75.42637,11.81056],[75.42638,11.81045],[75.42641,11.81042],[75.42648,11.81039],[75.42654,11.81037],[75.4266,11.81041],[75.42664,11.81043],[75.42669,11.81047],[75.42674,11.81051],[75.42676,11.81056],[75.42681,11.8106],[75.42687,11.81063],[75.42693,11.81064],[75.427,11.81061],[75.42706,11.81054],[75.42708,11.81048],[75.42706,11.81039],[75.42695,11.81031],[75.4269,11.81025],[75.42689,11.8102],[75.42692,11.81013],[75.42695,11.81008],[75.42699,11.81005],[75.42703,11.81004],[75.42707,11.81008],[75.42715,11.81012],[75.42725,11.81015],[75.42733,11.81009],[75.42739,11.81005],[75.42743,11.80999],[75.42744,11.80988],[75.42745,11.80985],[75.42749,11.80983],[75.42757,11.80982],[75.42759,11.80977],[75.42755,11.8097],[75.42755,11.80963],[75.42762,11.80962],[75.42768,11.8096],[75.42774,11.80957],[75.42779,11.80952],[75.42781,11.80946],[75.42788,11.80942],[75.42795,11.80941],[75.428,11.80939],[75.42806,11.80937],[75.42811,11.80936],[75.42815,11.80934],[75.42816,11.80931],[75.42817,11.80924],[75.42816,11.80917],[75.42816,11.80911],[75.42819,11.80905],[75.42824,11.809],[75.42831,11.80899],[75.42837,11.80897],[75.42838,11.80892],[75.42837,11.80888],[75.42834,11.80884],[75.42833,11.8088],[75.42831,11.80874],[75.42834,11.80866],[75.42835,11.8086],[75.42836,11.80853],[75.42838,11.80845],[75.42839,11.80839],[75.42836,11.80832],[75.42837,11.80825],[75.42838,11.80818],[75.42841,11.80814],[75.42846,11.80806],[75.4285,11.808],[75.42854,11.80792],[75.42863,11.80785],[75.42868,11.80779],[75.42871,11.80772],[75.42877,11.8077],[75.42884,11.80769],[75.4289,11.80774],[75.42893,11.80778],[75.42903,11.8078],[75.42915,11.80778],[75.42929,11.80773],[75.42969,11.80763],[75.43002,11.80752],[75.4304,11.80755],[75.43064,11.80752],[75.43088,11.80742],[75.43107,11.80738],[75.43122,11.8074],[75.43146,11.80762],[75.43156,11.80777],[75.43156,11.80786],[75.43156,11.80792],[75.43163,11.80805],[75.43197,11.80832],[75.43211,11.80837],[75.43224,11.80834],[75.4323,11.8083],[75.43231,11.80809],[75.43247,11.80783],[75.43263,11.80764],[75.43294,11.8074],[75.43337,11.80718],[75.43364,11.807],[75.43386,11.80675],[75.43404,11.80654],[75.43423,11.80626],[75.43492,11.80552],[75.43534,11.80512],[75.43556,11.80485],[75.43587,11.80449],[75.43615,11.80421],[75.4365,11.80372],[75.43686,11.80322],[75.43736,11.8026],[75.43777,11.80214],[75.43818,11.8016],[75.43866,11.80101],[75.43901,11.80051],[75.43947,11.79991],[75.43978,11.79948],[75.4404,11.79857],[75.44055,11.79836],[75.44092,11.79786],[75.44136,11.79722],[75.44161,11.79691],[75.44209,11.79617],[75.44228,11.79583],[75.44259,11.79525],[75.44275,11.795],[75.44317,11.79431],[75.44353,11.79369],[75.44381,11.79327],[75.44424,11.79255],[75.44453,11.79209],[75.445,11.79138],[75.44514,11.79118],[75.44523,11.79104],[75.44544,11.79071],[75.44552,11.79058],[75.44627,11.78934],[75.44642,11.78898],[75.4466,11.78863],[75.4469,11.78766],[75.44713,11.78671],[75.44715,11.78659],[75.44723,11.78597],[75.44734,11.785],[75.44733,11.78452],[75.44732,11.78417],[75.4473,11.78387],[75.4472,11.7835],[75.44703,11.78298],[75.44699,11.78277],[75.447,11.78241],[75.44705,11.78211],[75.44705,11.78211],[75.44748,11.78189],[75.44827,11.7816],[75.44894,11.78142],[75.44972,11.78106],[75.45054,11.78071],[75.45243,11.77983],[75.45292,11.77961],[75.4535,11.77922],[75.45392,11.77899],[75.4539,11.77819],[75.45389,11.77763],[75.4538,11.7765],[75.45391,11.77576],[75.45396,11.77517],[75.45403,11.77478],[75.45401,11.7742],[75.45392,11.77354],[75.4539,11.77304],[75.45387,11.77274],[75.45379,11.77224],[75.45373,11.77205],[75.45366,11.77135],[75.4537,11.77121],[75.45376,11.77113],[75.45416,11.77095],[75.45455,11.77083],[75.45499,11.7707],[75.45547,11.77044],[75.45591,11.77012],[75.45642,11.76962],[75.45694,11.76919],[75.45739,11.76888],[75.45776,11.76872],[75.45801,11.76856],[75.45815,11.76838],[75.45817,11.76829],[75.45819,11.76823],[75.45829,11.76818],[75.45847,11.76812],[75.45861,11.76799],[75.45921,11.76747],[75.45969,11.76716],[75.45993,11.76691],[75.46033,11.76641],[75.46045,11.766],[75.46055,11.76587],[75.46065,11.76585],[75.46081,11.76603],[75.46094,11.76631],[75.46122,11.76653],[75.4617,11.76658],[75.46214,11.76656],[75.46247,11.76649],[75.46268,11.76631],[75.4628,11.76615],[75.46287,11.76608],[75.46297,11.76607],[75.46303,11.7661],[75.46315,11.76627],[75.46349,11.76661],[75.46397,11.7668],[75.46455,11.76691],[75.46514,11.76692],[75.46554,11.76684],[75.46596,11.76669],[75.4662,11.76648],[75.46665,11.76604],[75.46714,11.76534],[75.4674,11.76517],[75.46751,11.76514],[75.46813,11.76532],[75.46878,11.76542],[75.46896,11.76549],[75.4693,11.76554],[75.46946,11.76565],[75.46954,11.76579],[75.46956,11.76612],[75.46959,11.76638],[75.47113,11.7651],[75.4726,11.76409],[75.47304,11.76379],[75.47366,11.7631],[75.4742,11.7624],[75.47452,11.76198],[75.47468,11.76166],[75.47476,11.76146],[75.47481,11.76138],[75.47558,11.76068],[75.47595,11.76031],[75.47617,11.76005],[75.4763,11.75979],[75.47633,11.7595],[75.47637,11.7594],[75.47686,11.75901],[75.47721,11.75877],[75.47734,11.75856],[75.47741,11.75845],[75.47749,11.75795],[75.47755,11.7579],[75.47769,11.75789],[75.47794,11.75787],[75.47825,11.7577],[75.47901,11.75709],[75.4792,11.75687],[75.47958,11.75656],[75.47978,11.75625],[75.47983,11.75622],[75.4805,11.75598],[75.48058,11.75593],[75.48079,11.75573],[75.48147,11.7551],[75.48189,11.7547],[75.48213,11.75432],[75.48247,11.75397],[75.4831,11.75352],[75.48338,11.75315],[75.48354,11.75287],[75.48365,11.75256],[75.48361,11.75228],[75.48362,11.75219],[75.48365,11.75215],[75.48388,11.75203],[75.48413,11.75181],[75.48422,11.75161],[75.48427,11.75131],[75.48429,11.75127],[75.48444,11.75118],[75.48446,11.751],[75.48444,11.75079],[75.4843,11.7505],[75.48422,11.75042],[75.48418,11.75036],[75.4842,11.7503],[75.48504,11.74951],[75.48511,11.74927],[75.48513,11.74898],[75.48507,11.7484],[75.48489,11.7479],[75.48487,11.74777],[75.48487,11.74766],[75.48505,11.74743],[75.48512,11.7473],[75.4852,11.74709],[75.48518,11.74672],[75.48518,11.74642],[75.48524,11.74632],[75.48535,11.74629],[75.48607,11.74645],[75.48661,11.74649],[75.48693,11.7465],[75.48745,11.74642],[75.48777,11.74631],[75.48796,11.74625],[75.48861,11.74584],[75.48924,11.74549],[75.48932,11.74544],[75.48984,11.74509],[75.49038,11.7447],[75.49065,11.74451],[75.49097,11.74423],[75.49112,11.74407],[75.49129,11.74392],[75.49143,11.74376],[75.49172,11.7435],[75.49187,11.7433],[75.49202,11.74315],[75.4923,11.74282],[75.49245,11.74259],[75.49253,11.74239],[75.49258,11.74229],[75.49264,11.74217],[75.49267,11.74212],[75.49283,11.74188],[75.49303,11.74168],[75.49316,11.74143],[75.49332,11.74116],[75.49349,11.74093],[75.49371,11.74072],[75.49387,11.7405],[75.49393,11.74033],[75.49398,11.74028],[75.49407,11.74016],[75.49414,11.74006],[75.4942,11.73997],[75.49433,11.73973],[75.49448,11.73956],[75.49468,11.73927],[75.49487,11.73902],[75.49497,11.73885],[75.49527,11.73842],[75.49542,11.73818],[75.49564,11.73796],[75.49575,11.73775],[75.49593,11.73749],[75.49607,11.73728],[75.49621,11.73715],[75.49644,11.73688],[75.49656,11.73669],[75.4966,11.73658],[75.49668,11.73651],[75.49674,11.73642],[75.4968,11.73633],[75.49687,11.73626],[75.49695,11.73617],[75.49696,11.73616],[75.49711,11.73593],[75.49732,11.73573],[75.49735,11.73569],[75.49747,11.73545],[75.49748,11.73544],[75.49765,11.7352],[75.49782,11.73501],[75.49783,11.7348],[75.49778,11.73474],[75.49775,11.73469],[75.49775,11.73465],[75.49782,11.73462],[75.49785,11.73456],[75.49786,11.73433],[75.49787,11.73406],[75.49791,11.73402],[75.49811,11.734],[75.49819,11.73391],[75.49821,11.73377],[75.49822,11.73362],[75.49825,11.73318],[75.49835,11.73298],[75.4988,11.7323],[75.49905,11.73207],[75.49916,11.73215],[75.49932,11.73235],[75.49942,11.73255],[75.49951,11.73282],[75.49958,11.73295],[75.49967,11.73305],[75.49984,11.73318],[75.49995,11.73326],[75.50004,11.73328],[75.50022,11.7333],[75.50039,11.73343],[75.50037,11.73367],[75.50087,11.7339],[75.50114,11.734],[75.50138,11.73405],[75.50157,11.73413],[75.50185,11.73423],[75.50199,11.73425],[75.50214,11.73427],[75.50229,11.73429],[75.50235,11.73428],[75.50258,11.73434],[75.50286,11.73438],[75.50299,11.7344],[75.50305,11.73439],[75.5032,11.73442],[75.5034,11.73442],[75.50359,11.73441],[75.50373,11.73434],[75.50396,11.73429],[75.50414,11.73424],[75.50433,11.73413],[75.50446,11.73408],[75.50463,11.73402],[75.5048,11.73397],[75.50496,11.7339],[75.50512,11.73382],[75.50525,11.73373],[75.5054,11.73361],[75.50555,11.73351],[75.5057,11.73342],[75.50572,11.73334],[75.50569,11.73328],[75.50569,11.73317],[75.50572,11.73299],[75.50578,11.73295],[75.50581,11.73295],[75.50601,11.73302],[75.5061,11.73303],[75.50617,11.73299],[75.50625,11.73291],[75.50626,11.73282],[75.50624,11.73271],[75.506,11.73244],[75.506,11.73241],[75.50602,11.73239],[75.50633,11.73206],[75.50673,11.7317],[75.50672,11.73166],[75.50661,11.73155],[75.5063,11.73123],[75.5063,11.73119],[75.50633,11.73115],[75.50649,11.73102],[75.50659,11.73096],[75.50666,11.73098],[75.50689,11.73124],[75.507,11.7313],[75.50715,11.73131],[75.50817,11.73075],[75.50869,11.73035],[75.50905,11.73003],[75.50927,11.72983],[75.5096,11.72949],[75.50994,11.7291],[75.51023,11.7287],[75.51045,11.72837],[75.51076,11.72796],[75.51106,11.72754],[75.51132,11.72723],[75.51141,11.72706],[75.51142,11.72695],[75.51141,11.72671],[75.51146,11.72661],[75.51156,11.7264],[75.51163,11.72632],[75.51177,11.72619],[75.51182,11.72609],[75.51194,11.72578],[75.51205,11.72563],[75.51214,11.7255],[75.51227,11.72536],[75.51235,11.72523],[75.51249,11.72497],[75.51262,11.7247],[75.51271,11.72461],[75.51281,11.72451],[75.51287,11.72443],[75.51307,11.72404],[75.51319,11.72381],[75.51326,11.72373],[75.51335,11.72362],[75.51344,11.72354],[75.51354,11.72339],[75.51364,11.72304],[75.51368,11.72297],[75.51376,11.72284],[75.51399,11.72258],[75.51409,11.72241],[75.51415,11.72229],[75.51421,11.7221],[75.51429,11.72192],[75.51437,11.72182],[75.51457,11.72161],[75.51473,11.72146],[75.51484,11.7213],[75.515,11.72097],[75.51522,11.72064],[75.51549,11.72024],[75.51563,11.71997],[75.51586,11.71961],[75.51615,11.71919],[75.5164,11.71873],[75.51654,11.71829],[75.51656,11.71799],[75.51656,11.71757],[75.51663,11.71715],[75.51673,11.71688],[75.51681,11.71661],[75.5168,11.71644],[75.51672,11.71631],[75.51664,11.71602],[75.51665,11.71588],[75.51678,11.71568],[75.51698,11.71558],[75.51717,11.71548],[75.5174,11.71541],[75.51753,11.7154],[75.51762,11.71544],[75.51772,11.71553],[75.51786,11.71561],[75.51794,11.71563],[75.51801,11.71565],[75.51814,11.71576],[75.51843,11.71579],[75.51863,11.71575],[75.51883,11.71567],[75.51902,11.71559],[75.51925,11.71544],[75.51945,11.71532],[75.51958,11.71521],[75.51974,11.71508],[75.51986,11.71497],[75.52017,11.71461],[75.52058,11.71411],[75.5207,11.71396],[75.52079,11.71384],[75.52099,11.71357],[75.52112,11.71339],[75.52126,11.71316],[75.52151,11.71269],[75.52164,11.71246],[75.5217,11.71237],[75.52177,11.71227],[75.5219,11.71206],[75.52208,11.71183],[75.52221,11.7116],[75.52232,11.71148],[75.5224,11.71131],[75.52255,11.71108],[75.52265,11.71088],[75.52288,11.71036],[75.5231,11.71009],[75.52325,11.70986],[75.52346,11.70946],[75.5236,11.70914],[75.52368,11.70896],[75.52375,11.70882],[75.52385,11.70868],[75.52405,11.70851],[75.52412,11.70839],[75.52423,11.70802],[75.52419,11.70788],[75.52399,11.7077],[75.52396,11.7076],[75.52402,11.70748],[75.5241,11.70741],[75.52419,11.7074],[75.52439,11.70744],[75.52449,11.70739],[75.52459,11.70726],[75.52464,11.70714],[75.52472,11.70701],[75.52479,11.70697],[75.52485,11.70699],[75.52489,11.70719],[75.52497,11.70728],[75.52522,11.70734],[75.52539,11.70736],[75.52586,11.70746],[75.52627,11.70746],[75.52653,11.70741],[75.52667,11.70738],[75.52681,11.70732],[75.52696,11.70725],[75.52712,11.70718],[75.52723,11.70713],[75.52746,11.70701],[75.52782,11.70676],[75.52821,11.70641],[75.52864,11.70593],[75.52899,11.70557],[75.5293,11.70525],[75.52946,11.70504],[75.52962,11.70486],[75.52993,11.70455],[75.53018,11.70422],[75.5304,11.70397],[75.53063,11.70387],[75.53089,11.70357],[75.53186,11.7041],[75.53259,11.70489],[75.53302,11.70546],[75.53325,11.70578],[75.53356,11.70649],[75.53457,11.70882],[75.53594,11.7094],[75.53837,11.70928],[75.53857,11.70915],[75.53989,11.70799],[75.54274,11.70536],[75.54401,11.70478],[75.54468,11.70447],[75.54642,11.70426],[75.55071,11.70373],[75.55209,11.70336],[75.55362,11.70262],[75.5545,11.70145],[75.55616,11.6985],[75.55642,11.69803],[75.55659,11.69794],[75.5591,11.69663],[75.56006,11.69614],[75.56292,11.69456],[75.56372,11.69281],[75.56388,11.6925],[75.56339,11.69148],[75.56275,11.68989],[75.56242,11.68908],[75.56231,11.68845],[75.56169,11.68494],[75.5614,11.68331],[75.5619,11.68164],[75.56223,11.68051],[75.56352,11.6802],[75.56373,11.68011],[75.56544,11.67951],[75.56582,11.67938],[75.56774,11.67684],[75.56822,11.67638],[75.56962,11.67559],[75.57216,11.67586],[75.57568,11.67747],[75.57859,11.67949],[75.57883,11.67966],[75.57964,11.68052],[75.58057,11.68213],[75.58309,11.68426],[75.58578,11.68607],[75.58663,11.68665],[75.58931,11.68845],[75.59327,11.68795],[75.59685,11.68731],[75.59869,11.68699],[75.59894,11.68694],[75.60087,11.68742],[75.60234,11.68871],[75.60305,11.68949],[75.60333,11.69024],[75.60332,11.6912],[75.60285,11.69258],[75.60237,11.69408],[75.60146,11.69523],[75.60018,11.6961],[75.59718,11.69643],[75.5948,11.69631],[75.5935,11.6969],[75.5925,11.6977],[75.59168,11.69847],[75.59166,11.6991],[75.5918,11.69963],[75.59321,11.70356],[75.59332,11.70404],[75.59359,11.7052],[75.59365,11.70634],[75.59299,11.70758],[75.59181,11.70938],[75.58782,11.71056],[75.58686,11.7112],[75.58697,11.71164],[75.58707,11.71203],[75.58761,11.71248],[75.58877,11.71291],[75.58963,11.71306],[75.59052,11.71302],[75.59204,11.71257]],[[75.5386,11.76115],[75.54144,11.76081],[75.54324,11.76012],[75.5444,11.75819],[75.54469,11.75626],[75.54427,11.75478],[75.54405,11.75405],[75.54342,11.75143],[75.54342,11.74829],[75.54284,11.7472],[75.54252,11.7455],[75.54236,11.74329],[75.54168,11.74028],[75.54149,11.73856],[75.54152,11.73672],[75.54162,11.73591],[75.54281,11.73534],[75.54326,11.73473],[75.5433,11.73388],[75.5435,11.73318],[75.5453,11.73258],[75.54791,11.73182],[75.54963,11.73079],[75.55002,11.73055],[75.55218,11.72947],[75.55356,11.72824],[75.55364,11.72761],[75.55357,11.727],[75.5537,11.7255],[75.55441,11.72355],[75.55427,11.72187],[75.55409,11.72084],[75.55301,11.71947],[75.5512,11.71908],[75.55,11.7174],[75.54918,11.71678],[75.54822,11.71624],[75.54655,11.71616],[75.54502,11.71614],[75.54373,11.7161],[75.5427,11.7161],[75.54215,11.71609],[75.53998,11.71609],[75.53908,11.71617],[75.53833,11.71602],[75.53799,11.71566],[75.53754,11.71482],[75.53745,11.71433],[75.53735,11.71395],[75.53727,11.71281],[75.53737,11.71152],[75.53617,11.7114],[75.53441,11.71104],[75.53358,11.7109],[75.53306,11.71069],[75.53245,11.71032],[75.53222,11.71],[75.5316,11.70886],[75.53112,11.70838],[75.5304,11.70846],[75.52984,11.70898],[75.52973,11.70909],[75.52968,11.70989],[75.52998,11.71052],[75.53054,11.71114],[75.53087,11.7118],[75.53109,11.71256],[75.53116,11.71355],[75.53137,11.71448],[75.53173,11.71505],[75.53051,11.71558],[75.52996,11.71609],[75.52934,11.71666],[75.52893,11.71751],[75.5287,11.71794],[75.52851,11.71829],[75.5281,11.71962],[75.52777,11.72095],[75.52769,11.72149],[75.52762,11.72193],[75.52734,11.72339],[75.52713,11.72408],[75.527,11.72453],[75.52659,11.72631],[75.52803,11.72976],[75.52955,11.7308],[75.53164,11.73186],[75.53249,11.73386],[75.53309,11.73453],[75.53337,11.73476],[75.53377,11.73473],[75.53716,11.73442],[75.53908,11.73551],[75.53931,11.73765],[75.53986,11.74218],[75.53993,11.74279],[75.54002,11.74641],[75.53992,11.74667],[75.53899,11.74921],[75.53828,11.74983],[75.53672,11.74983],[75.53661,11.75046],[75.53616,11.75169],[75.53474,11.75183],[75.53337,11.75244],[75.53264,11.75335],[75.53244,11.75519],[75.53278,11.75755],[75.5313,11.75794],[75.53093,11.75791],[75.53146,11.75828],[75.5324,11.75921],[75.53289,11.75951],[75.5335,11.75965],[75.53391,11.75963],[75.53404,11.75971],[75.53416,11.75978],[75.53431,11.76002],[75.53447,11.76026],[75.53474,11.76043],[75.53526,11.76057],[75.53566,11.76047],[75.53593,11.76036],[75.53602,11.76033],[75.53608,11.76033],[75.53614,11.76038],[75.53618,11.76054],[75.53612,11.76085],[75.53609,11.76112],[75.53605,11.76191],[75.53608,11.76205],[75.5362,11.76211],[75.53646,11.76217],[75.53704,11.76212],[75.53744,11.76213],[75.53775,11.76224],[75.53804,11.76245],[75.53826,11.76282],[75.5386,11.76115]]]}},{"type":"Feature","properties":{"district":"Kasaragod","name_ml":"കാസർഗോഡ്","wikidata":"Q1419703","admin_level":5},"geometry":{"type":"MultiPolygon","coordinates":[[[[75.03068,12.39147],[75.03068,12.39154],[75.03067,12.39159],[75.03067,12.39165],[75.03062,12.39166],[75.03055,12.39161],[75.03052,12.39154],[75.03055,12.39146],[75.03066,12.39143],[75.03068,12.39147]]],[[[75.28534,12.23328],[75.28627,12.23372],[75.28692,12.23407],[75.28815,12.23553],[75.28957,12.23685],[75.28994,12.23778],[75.29047,12.23949],[75.28932,12.24046],[75.28963,12.24201],[75.2898,12.24288],[75.29002,12.24399],[75.28842,12.24947],[75.28903,12.25127],[75.28858,12.25406],[75.28755,12.25596],[75.28667,12.25907],[75.28656,12.26158],[75.28805,12.25984],[75.28902,12.25917],[75.29037,12.25979],[75.29342,12.26383],[75.29519,12.2662],[75.29687,12.2682],[75.29788,12.269],[75.30027,12.2692],[75.3018,12.26906],[75.30289,12.26942],[75.30459,12.26991],[75.30617,12.2704],[75.30703,12.27094],[75.30774,12.27075],[75.30974,12.27057],[75.31144,12.27019],[75.3119,12.26995],[75.31288,12.27072],[75.31392,12.27108],[75.31512,12.27094],[75.31586,12.27109],[75.31639,12.27157],[75.31758,12.2726],[75.318,12.27296],[75.31864,12.27335],[75.31979,12.27337],[75.32181,12.27281],[75.32365,12.27223],[75.32521,12.27103],[75.32674,12.27029],[75.32695,12.26855],[75.32664,12.26659],[75.32718,12.266],[75.3287,12.2655],[75.33128,12.26562],[75.33432,12.26655],[75.33525,12.26731],[75.3369,12.2682],[75.33775,12.26866],[75.33937,12.26907],[75.34057,12.26893],[75.34123,12.26856],[75.34238,12.2674],[75.34341,12.26657],[75.34454,12.26619],[75.34624,12.26636],[75.34747,12.26704],[75.34849,12.26852],[75.34925,12.26912],[75.35108,12.26951],[75.35237,12.26977],[75.35388,12.27046],[75.35569,12.27155],[75.35651,12.2718],[75.3574,12.2726],[75.35875,12.27385],[75.35916,12.27426],[75.35962,12.27471],[75.36074,12.27513],[75.36181,12.27528],[75.36233,12.27529],[75.36293,12.27529],[75.36428,12.27578],[75.36502,12.2767],[75.36531,12.27785],[75.36534,12.27926],[75.36598,12.28028],[75.36725,12.28135],[75.36786,12.28278],[75.36849,12.28411],[75.36903,12.28457],[75.36954,12.28469],[75.37015,12.28468],[75.37093,12.28466],[75.3717,12.28426],[75.37291,12.2834],[75.37384,12.2827],[75.3744,12.28261],[75.37531,12.28311],[75.37602,12.28403],[75.37771,12.28451],[75.37925,12.28478],[75.38088,12.28447],[75.3818,12.28473],[75.38272,12.28607],[75.38381,12.28679],[75.38477,12.28703],[75.38495,12.28707],[75.38602,12.28683],[75.38667,12.28682],[75.38719,12.2873],[75.38736,12.28807],[75.38732,12.28876],[75.38595,12.29013],[75.38571,12.29154],[75.38621,12.29338],[75.38704,12.29522],[75.38829,12.29646],[75.38932,12.29705],[75.39036,12.29739],[75.39077,12.29725],[75.39106,12.29716],[75.39136,12.29648],[75.39133,12.2959],[75.3905,12.29435],[75.3902,12.29318],[75.39039,12.29188],[75.39101,12.29058],[75.39205,12.29013],[75.39283,12.29001],[75.39366,12.29024],[75.39445,12.29095],[75.39515,12.29257],[75.3957,12.29402],[75.39633,12.29459],[75.39716,12.29473],[75.39822,12.29451],[75.39878,12.294],[75.40106,12.29366],[75.40298,12.29347],[75.40478,12.29333],[75.40567,12.29324],[75.40604,12.29322],[75.40698,12.29315],[75.40793,12.29373],[75.40872,12.29422],[75.40954,12.29459],[75.4105,12.29444],[75.41152,12.29384],[75.41317,12.29307],[75.41408,12.29335],[75.41511,12.29277],[75.41564,12.29277],[75.41612,12.29339],[75.4168,12.2943],[75.41805,12.29459],[75.41887,12.2953],[75.41976,12.29626],[75.4207,12.29748],[75.42108,12.29874],[75.4215,12.29927],[75.42208,12.29953],[75.42339,12.29959],[75.42453,12.30002],[75.42473,12.30048],[75.42447,12.30096],[75.4233,12.30175],[75.42306,12.30224],[75.4234,12.30273],[75.42421,12.30295],[75.42568,12.3037],[75.42792,12.30414],[75.42823,12.3045],[75.4282,12.30517],[75.42738,12.30589],[75.42719,12.30658],[75.42778,12.30737],[75.42915,12.30805],[75.43042,12.30837],[75.43129,12.30839],[75.43199,12.30844],[75.43213,12.30895],[75.43232,12.30964],[75.43231,12.31032],[75.43177,12.31078],[75.43082,12.31095],[75.43001,12.31119],[75.42894,12.31068],[75.42843,12.31071],[75.42747,12.31105],[75.42599,12.31192],[75.42405,12.31354],[75.42325,12.31545],[75.4222,12.31685],[75.42214,12.31692],[75.42182,12.31768],[75.42139,12.31799],[75.42087,12.3184],[75.42057,12.3193],[75.42025,12.31996],[75.42012,12.32018],[75.41999,12.32071],[75.41979,12.32145],[75.41975,12.32206],[75.41931,12.32446],[75.41878,12.32578],[75.41836,12.32676],[75.41789,12.32802],[75.41721,12.32858],[75.41645,12.32904],[75.41578,12.3295],[75.41556,12.33043],[75.41539,12.33153],[75.4152,12.3343],[75.41508,12.33621],[75.41505,12.33899],[75.41456,12.34022],[75.4137,12.34161],[75.41263,12.34348],[75.41046,12.34613],[75.40998,12.34749],[75.41012,12.34853],[75.41066,12.34924],[75.41157,12.34955],[75.41268,12.34954],[75.41474,12.34991],[75.41602,12.35071],[75.41663,12.35159],[75.41754,12.35327],[75.41894,12.35547],[75.42038,12.35885],[75.42069,12.36039],[75.42077,12.36218],[75.42043,12.36414],[75.42069,12.36524],[75.42168,12.36792],[75.42181,12.36904],[75.42196,12.37025],[75.42178,12.37156],[75.42068,12.37362],[75.41931,12.37532],[75.41725,12.37671],[75.41611,12.37742],[75.41535,12.37843],[75.41484,12.37913],[75.41342,12.37952],[75.40846,12.37939],[75.40512,12.37954],[75.40378,12.38017],[75.40303,12.38093],[75.40191,12.38167],[75.40119,12.38141],[75.40027,12.38094],[75.39936,12.38079],[75.39849,12.38101],[75.39737,12.38191],[75.39688,12.38244],[75.39648,12.38289],[75.39587,12.38387],[75.39525,12.38491],[75.39459,12.3871],[75.39412,12.38779],[75.39343,12.38849],[75.39276,12.38895],[75.39207,12.38928],[75.39016,12.3903],[75.38932,12.39084],[75.38853,12.39115],[75.38755,12.39126],[75.38656,12.39118],[75.3856,12.39088],[75.38477,12.39058],[75.38362,12.39066],[75.38243,12.39103],[75.38096,12.39125],[75.38008,12.39129],[75.37942,12.39186],[75.3789,12.39266],[75.37897,12.39344],[75.37913,12.39426],[75.37917,12.39501],[75.37839,12.39618],[75.378,12.39676],[75.37713,12.398],[75.37589,12.39909],[75.37366,12.39944],[75.37258,12.39963],[75.37156,12.40008],[75.37123,12.40064],[75.37109,12.40135],[75.37138,12.40309],[75.3714,12.4038],[75.37146,12.40497],[75.3713,12.40707],[75.37071,12.40806],[75.36987,12.40878],[75.36888,12.40947],[75.36708,12.41094],[75.36624,12.41173],[75.36604,12.41215],[75.36638,12.41272],[75.36681,12.41374],[75.36672,12.41621],[75.36648,12.41711],[75.36699,12.41786],[75.3671,12.41889],[75.36743,12.42071],[75.36817,12.42229],[75.36876,12.42412],[75.36914,12.42515],[75.36957,12.4261],[75.36941,12.42691],[75.36905,12.42822],[75.36865,12.42917],[75.36846,12.43045],[75.36854,12.4311],[75.36942,12.43257],[75.37046,12.43464],[75.371,12.43664],[75.37097,12.43783],[75.37062,12.43886],[75.36959,12.43999],[75.36871,12.4413],[75.36855,12.44254],[75.36882,12.44374],[75.3695,12.44479],[75.36983,12.44706],[75.36963,12.44949],[75.36964,12.45037],[75.36903,12.45142],[75.36837,12.45214],[75.36748,12.45272],[75.36666,12.45361],[75.36606,12.45476],[75.36576,12.45561],[75.3655,12.45663],[75.36544,12.45782],[75.36582,12.45838],[75.36684,12.45841],[75.36805,12.45802],[75.36921,12.45747],[75.36974,12.4571],[75.37123,12.45687],[75.37193,12.45728],[75.3724,12.45812],[75.37285,12.45868],[75.37331,12.45948],[75.37385,12.45994],[75.37502,12.45978],[75.37739,12.45845],[75.37904,12.45773],[75.38001,12.45727],[75.38107,12.45711],[75.38531,12.45789],[75.38851,12.45655],[75.39011,12.45512],[75.39136,12.45372],[75.39224,12.45252],[75.39333,12.45183],[75.39475,12.45189],[75.39591,12.4524],[75.3964,12.45268],[75.39702,12.453],[75.39829,12.45418],[75.39923,12.45474],[75.39996,12.45502],[75.40232,12.45514],[75.40584,12.45554],[75.40904,12.45671],[75.41108,12.45755],[75.41273,12.45849],[75.41378,12.45925],[75.41492,12.46055],[75.41548,12.46275],[75.41543,12.46403],[75.41539,12.46524],[75.41558,12.46549],[75.41606,12.46614],[75.41752,12.46643],[75.4193,12.46646],[75.42127,12.46654],[75.42294,12.46698],[75.42367,12.46734],[75.4244,12.46859],[75.42458,12.47075],[75.42473,12.47278],[75.42475,12.47398],[75.42402,12.47505],[75.42303,12.47626],[75.42161,12.47706],[75.42037,12.4785],[75.42031,12.4803],[75.42061,12.48282],[75.42056,12.48443],[75.42052,12.48569],[75.42054,12.48726],[75.41977,12.48889],[75.41893,12.48946],[75.41666,12.49378],[75.41788,12.49514],[75.41767,12.49711],[75.41592,12.50097],[75.41329,12.50048],[75.41207,12.50096],[75.4108,12.50107],[75.41005,12.5006],[75.40934,12.49945],[75.40898,12.49903],[75.40803,12.49874],[75.40713,12.49853],[75.4052,12.4983],[75.40413,12.49769],[75.40267,12.49757],[75.40189,12.49794],[75.40119,12.49836],[75.40071,12.49887],[75.40024,12.49943],[75.39968,12.50008],[75.39913,12.50075],[75.39891,12.50138],[75.39874,12.50201],[75.39859,12.50276],[75.39752,12.50339],[75.3966,12.50333],[75.39595,12.50308],[75.39445,12.50224],[75.39305,12.5013],[75.39194,12.5006],[75.39076,12.50008],[75.38954,12.50006],[75.38878,12.50027],[75.38803,12.50063],[75.3872,12.501],[75.38634,12.5014],[75.38535,12.50142],[75.38462,12.50113],[75.38314,12.50121],[75.38213,12.50081],[75.38164,12.49998],[75.37979,12.49824],[75.3787,12.49662],[75.37739,12.4956],[75.37593,12.49457],[75.3746,12.49386],[75.37314,12.49313],[75.37003,12.49243],[75.36872,12.49229],[75.36752,12.4921],[75.36748,12.48858],[75.36765,12.48814],[75.36874,12.48824],[75.36962,12.48768],[75.37029,12.48695],[75.37087,12.48496],[75.37127,12.48131],[75.37127,12.47934],[75.37125,12.4763],[75.36984,12.47471],[75.36816,12.47458],[75.3672,12.47458],[75.36636,12.47383],[75.36488,12.47104],[75.36319,12.46905],[75.36076,12.46715],[75.35956,12.46461],[75.35838,12.46396],[75.3575,12.46419],[75.35649,12.46453],[75.35531,12.46482],[75.35462,12.46503],[75.35321,12.46516],[75.35188,12.46503],[75.34902,12.46373],[75.34731,12.46321],[75.34576,12.4631],[75.34432,12.46273],[75.34334,12.46279],[75.34222,12.46294],[75.34016,12.46319],[75.33814,12.46354],[75.33679,12.46384],[75.33653,12.46442],[75.33664,12.46507],[75.33692,12.46591],[75.33718,12.46627],[75.33892,12.46824],[75.33941,12.46926],[75.33965,12.47029],[75.33879,12.47171],[75.33707,12.47234],[75.33677,12.47417],[75.3363,12.47519],[75.33606,12.47622],[75.33465,12.47888],[75.33563,12.48225],[75.33576,12.48445],[75.33626,12.48787],[75.33617,12.48933],[75.33467,12.48971],[75.33383,12.49009],[75.33317,12.49176],[75.33299,12.49522],[75.33304,12.49667],[75.33263,12.49776],[75.33201,12.49868],[75.33115,12.49868],[75.32997,12.49853],[75.3289,12.49824],[75.32705,12.49807],[75.32508,12.4978],[75.32379,12.49788],[75.3219,12.49734],[75.32012,12.4974],[75.31656,12.49742],[75.31441,12.49738],[75.3133,12.50052],[75.31282,12.50171],[75.31145,12.50165],[75.30971,12.50157],[75.30795,12.50125],[75.3071,12.50117],[75.30591,12.50142],[75.30461,12.50236],[75.30336,12.50461],[75.30308,12.50605],[75.3034,12.50735],[75.3036,12.50873],[75.30351,12.50986],[75.30317,12.51162],[75.30244,12.51366],[75.30255,12.516],[75.30242,12.52059],[75.30244,12.52153],[75.30109,12.5217],[75.29943,12.52162],[75.29795,12.52139],[75.29688,12.52134],[75.29617,12.52155],[75.29598,12.52262],[75.29549,12.52394],[75.29386,12.52421],[75.29216,12.52482],[75.29096,12.52509],[75.28952,12.52511],[75.28856,12.52495],[75.28735,12.52472],[75.28626,12.52442],[75.28512,12.5244],[75.28341,12.52499],[75.28195,12.52455],[75.28079,12.52425],[75.28014,12.52419],[75.27959,12.5249],[75.27941,12.52585],[75.27914,12.52723],[75.27817,12.53018],[75.27549,12.53249],[75.27463,12.53339],[75.27326,12.53575],[75.27298,12.53741],[75.27345,12.53877],[75.27375,12.5402],[75.27308,12.54149],[75.27248,12.54252],[75.27212,12.54409],[75.2716,12.54499],[75.27096,12.54587],[75.27025,12.54644],[75.26999,12.54761],[75.27002,12.55075],[75.27045,12.55239],[75.27075,12.55394],[75.27072,12.55536],[75.27025,12.55626],[75.26948,12.55861],[75.26948,12.5603],[75.27008,12.56277],[75.2712,12.56472],[75.27154,12.56776],[75.27248,12.56954],[75.27422,12.57151],[75.27645,12.57266],[75.278,12.57243],[75.27954,12.57186],[75.2813,12.57161],[75.2833,12.57153],[75.28418,12.57209],[75.28519,12.57421],[75.28665,12.5766],[75.28838,12.57953],[75.28961,12.58246],[75.29094,12.58219],[75.29298,12.58158],[75.29523,12.58081],[75.29961,12.57957],[75.30486,12.57974],[75.30813,12.57833],[75.30967,12.57785],[75.31018,12.57731],[75.31057,12.57574],[75.31109,12.5748],[75.31272,12.57343],[75.31388,12.57379],[75.31433,12.57387],[75.31529,12.57425],[75.31609,12.57536],[75.31776,12.57867],[75.32059,12.58016],[75.324,12.58208],[75.32551,12.58307],[75.32626,12.58443],[75.32651,12.58592],[75.32624,12.58717],[75.32611,12.58826],[75.32688,12.58981],[75.32735,12.59113],[75.32712,12.59207],[75.326,12.59241],[75.32379,12.59262],[75.32175,12.59245],[75.31971,12.59222],[75.31667,12.59209],[75.31274,12.59176],[75.31106,12.59157],[75.30993,12.59247],[75.3087,12.59335],[75.30776,12.59438],[75.30628,12.59645],[75.30566,12.59894],[75.30504,12.60053],[75.30443,12.60179],[75.30358,12.60302],[75.30261,12.60434],[75.30171,12.60537],[75.30029,12.60614],[75.29898,12.60625],[75.29832,12.60602],[75.29742,12.60554],[75.29677,12.60508],[75.2951,12.60451],[75.29317,12.60384],[75.29092,12.60344],[75.29053,12.60407],[75.29036,12.60604],[75.28931,12.60855],[75.28909,12.60985],[75.28866,12.61079],[75.28763,12.6113],[75.28652,12.61161],[75.28542,12.61199],[75.28471,12.61255],[75.28401,12.61335],[75.28272,12.61509],[75.28186,12.61628],[75.28109,12.61735],[75.27982,12.61785],[75.27856,12.61819],[75.27738,12.61848],[75.2763,12.61875],[75.27495,12.61904],[75.27386,12.6189],[75.27319,12.61875],[75.27139,12.61729],[75.27049,12.61615],[75.26937,12.61567],[75.26826,12.61574],[75.26654,12.61546],[75.26587,12.61504],[75.26519,12.61393],[75.26469,12.61299],[75.26444,12.61201],[75.26433,12.61098],[75.26437,12.61033],[75.2648,12.60845],[75.26517,12.60669],[75.26517,12.60571],[75.26416,12.60474],[75.26347,12.60374],[75.26285,12.60173],[75.26171,12.59938],[75.26101,12.59791],[75.2603,12.59693],[75.25935,12.59647],[75.25839,12.59595],[75.25753,12.59532],[75.25691,12.59471],[75.25603,12.59362],[75.25508,12.59178],[75.25455,12.59048],[75.25401,12.58958],[75.25321,12.58904],[75.25197,12.58793],[75.25141,12.58711],[75.25108,12.58654],[75.25004,12.58474],[75.24903,12.58399],[75.24819,12.58315],[75.24637,12.58208],[75.2451,12.58148],[75.24412,12.58076],[75.24302,12.5802],[75.24122,12.57928],[75.23989,12.57882],[75.23873,12.57848],[75.23809,12.57789],[75.23727,12.57664],[75.23731,12.57601],[75.23719,12.5744],[75.23703,12.57376],[75.23713,12.5731],[75.23734,12.57247],[75.23741,12.57048],[75.23727,12.56956],[75.23689,12.56898],[75.23575,12.56874],[75.23489,12.56867],[75.23465,12.56866],[75.23361,12.56863],[75.2322,12.56854],[75.23087,12.56808],[75.22946,12.5678],[75.22852,12.56803],[75.22752,12.56844],[75.22655,12.56917],[75.22592,12.56956],[75.22524,12.56983],[75.22421,12.56996],[75.22279,12.56955],[75.22163,12.56915],[75.22081,12.56913],[75.22034,12.56925],[75.22015,12.5693],[75.21974,12.5696],[75.21935,12.57],[75.21901,12.57181],[75.21858,12.57267],[75.21817,12.57361],[75.21763,12.57476],[75.21744,12.57561],[75.21694,12.57632],[75.21622,12.57757],[75.21548,12.57832],[75.21418,12.57885],[75.2135,12.57895],[75.21281,12.57898],[75.21241,12.57908],[75.21205,12.57953],[75.21183,12.58039],[75.21117,12.58199],[75.21089,12.58334],[75.21055,12.58488],[75.21019,12.58618],[75.21002,12.58682],[75.20985,12.58845],[75.20971,12.59007],[75.20945,12.59081],[75.20903,12.5915],[75.20834,12.59183],[75.20757,12.59201],[75.20569,12.59186],[75.20407,12.59121],[75.20321,12.59065],[75.2026,12.5903],[75.20176,12.58978],[75.20049,12.58955],[75.20032,12.59047],[75.20055,12.59205],[75.20135,12.59434],[75.2026,12.59559],[75.20489,12.59634],[75.20607,12.59678],[75.20704,12.59741],[75.20712,12.5979],[75.2073,12.59903],[75.20783,12.60001],[75.20863,12.6011],[75.20901,12.60179],[75.2085,12.60269],[75.20772,12.60288],[75.20691,12.60326],[75.20657,12.60399],[75.20648,12.60556],[75.20644,12.607],[75.20597,12.60855],[75.20496,12.60966],[75.20371,12.60998],[75.20247,12.60998],[75.20182,12.60996],[75.20086,12.61021],[75.19989,12.61054],[75.19918,12.61096],[75.1988,12.61199],[75.19856,12.61356],[75.19854,12.61385],[75.19843,12.61544],[75.19878,12.61913],[75.19927,12.62139],[75.19991,12.62315],[75.20051,12.62449],[75.20099,12.62589],[75.20092,12.62796],[75.20056,12.62886],[75.19923,12.62872],[75.19736,12.62861],[75.19612,12.62859],[75.19515,12.62912],[75.19371,12.62962],[75.19282,12.63002],[75.19034,12.63113],[75.18798,12.63159],[75.18644,12.63148],[75.18524,12.63092],[75.18429,12.63146],[75.1832,12.63161],[75.18195,12.63106],[75.1809,12.63037],[75.17839,12.62828],[75.17586,12.62616],[75.17369,12.62355],[75.17086,12.62175],[75.16917,12.62114],[75.16747,12.62131],[75.16648,12.62177],[75.1658,12.62233],[75.16524,12.62262],[75.16447,12.62285],[75.1638,12.62258],[75.16316,12.62181],[75.16264,12.62149],[75.16168,12.62151],[75.15859,12.62225],[75.15567,12.62355],[75.15425,12.62409],[75.15337,12.62549],[75.15264,12.62688],[75.15151,12.62847],[75.14904,12.6315],[75.14818,12.63492],[75.14699,12.63622],[75.1465,12.63695],[75.14607,12.63828],[75.14563,12.6391],[75.14483,12.63955],[75.14348,12.63987],[75.14259,12.64058],[75.14159,12.64162],[75.1408,12.64249],[75.1404,12.64318],[75.14039,12.64364],[75.14127,12.64444],[75.14327,12.64626],[75.14601,12.64748],[75.14974,12.6493],[75.15043,12.6503],[75.15034,12.65137],[75.15022,12.65278],[75.15065,12.6543],[75.15123,12.65707],[75.15305,12.65916],[75.15346,12.65948],[75.15478,12.66051],[75.15564,12.66242],[75.15744,12.66425],[75.15851,12.66549],[75.15978,12.66794],[75.16139,12.67152],[75.16153,12.67285],[75.16046,12.67294],[75.15852,12.67275],[75.15657,12.67283],[75.15492,12.67277],[75.15311,12.67296],[75.15124,12.67341],[75.1492,12.67404],[75.14822,12.67519],[75.14845,12.67609],[75.14909,12.67759],[75.14942,12.67888],[75.15127,12.68156],[75.15202,12.68253],[75.15172,12.68281],[75.15122,12.68309],[75.15021,12.68322],[75.14814,12.68261],[75.14631,12.68184],[75.14544,12.68137],[75.14496,12.68052],[75.14453,12.67974],[75.1443,12.67884],[75.1438,12.67838],[75.14269,12.67797],[75.14165,12.67776],[75.1414,12.67776],[75.14087,12.67821],[75.14091,12.67853],[75.1412,12.67907],[75.14095,12.67962],[75.14059,12.67999],[75.14009,12.68008],[75.13951,12.67993],[75.13896,12.67959],[75.13835,12.67859],[75.13756,12.67663],[75.1372,12.67629],[75.13657,12.67635],[75.13447,12.67752],[75.1337,12.67778],[75.13341,12.67776],[75.13315,12.67732],[75.1332,12.67664],[75.13313,12.67598],[75.13294,12.6755],[75.1326,12.67554],[75.13207,12.676],[75.13109,12.67634],[75.13049,12.67643],[75.12983,12.6765],[75.12941,12.67657],[75.12853,12.67684],[75.12773,12.67741],[75.12729,12.67802],[75.12679,12.67854],[75.1263,12.6792],[75.12561,12.68012],[75.12508,12.68117],[75.12458,12.6818],[75.1238,12.68132],[75.12303,12.68036],[75.12216,12.67923],[75.12152,12.67898],[75.12085,12.67949],[75.11939,12.68046],[75.11816,12.68079],[75.11753,12.68117],[75.11684,12.68142],[75.11609,12.68183],[75.11492,12.68216],[75.11407,12.68261],[75.11327,12.68313],[75.11276,12.68332],[75.11223,12.68391],[75.11211,12.68491],[75.11202,12.68594],[75.11155,12.68677],[75.11106,12.68738],[75.11061,12.68792],[75.11015,12.68831],[75.10953,12.68908],[75.1095,12.68994],[75.1098,12.69116],[75.1096,12.69155],[75.1089,12.69153],[75.10835,12.69145],[75.10796,12.69155],[75.10758,12.69184],[75.10747,12.69215],[75.1073,12.69253],[75.1075,12.69291],[75.1075,12.69354],[75.10758,12.69402],[75.1075,12.69466],[75.10696,12.6955],[75.10614,12.69653],[75.10481,12.6972],[75.10325,12.69825],[75.10157,12.69959],[75.09898,12.69992],[75.09664,12.70057],[75.09458,12.70053],[75.09213,12.70046],[75.09059,12.70078],[75.08881,12.7016],[75.08681,12.70348],[75.08577,12.7036],[75.08512,12.70222],[75.08417,12.70115],[75.08108,12.7009],[75.08046,12.69958],[75.08119,12.69829],[75.08321,12.69694],[75.08421,12.69649],[75.08456,12.69504],[75.0839,12.69359],[75.08327,12.69297],[75.08357,12.69172],[75.08413,12.69138],[75.08412,12.69041],[75.08443,12.6887],[75.08494,12.68732],[75.08572,12.68531],[75.08533,12.6846],[75.0854,12.6832],[75.0861,12.68087],[75.087,12.67681],[75.087,12.67631],[75.08649,12.67455],[75.0858,12.674],[75.08494,12.67394],[75.08471,12.67436],[75.08409,12.6748],[75.08331,12.67465],[75.08263,12.67414],[75.08198,12.67344],[75.0816,12.67313],[75.08104,12.67273],[75.08029,12.67225],[75.07928,12.67174],[75.07831,12.67141],[75.07748,12.67147],[75.07683,12.6717],[75.0755,12.67218],[75.07448,12.67217],[75.07339,12.67178],[75.07165,12.66947],[75.06997,12.66569],[75.06967,12.66494],[75.06846,12.66362],[75.06711,12.66364],[75.0655,12.66427],[75.06422,12.66525],[75.06373,12.66619],[75.06316,12.66728],[75.06306,12.66758],[75.0628,12.66798],[75.06235,12.66816],[75.06168,12.66823],[75.06067,12.66842],[75.0605,12.66856],[75.05982,12.66919],[75.05922,12.66992],[75.05845,12.67],[75.05815,12.66977],[75.05836,12.66904],[75.05884,12.66816],[75.0592,12.66755],[75.05935,12.66669],[75.05889,12.66586],[75.05836,12.66582],[75.05814,12.66588],[75.05741,12.66622],[75.05698,12.66674],[75.05666,12.6676],[75.05578,12.66835],[75.0554,12.66892],[75.05404,12.6695],[75.05316,12.66969],[75.05205,12.66946],[75.05109,12.66927],[75.05075,12.66915],[75.04998,12.66899],[75.0498,12.66894],[75.04959,12.66889],[75.04769,12.66877],[75.04707,12.66878],[75.04621,12.66934],[75.04535,12.67002],[75.04475,12.67037],[75.04393,12.67096],[75.04336,12.67147],[75.04276,12.67223],[75.04237,12.67274],[75.0422,12.67333],[75.04255,12.67386],[75.04266,12.67436],[75.04295,12.67487],[75.04327,12.6759],[75.04333,12.67664],[75.04321,12.67765],[75.04279,12.67868],[75.0427,12.67971],[75.04299,12.68068],[75.04364,12.68151],[75.04361,12.68231],[75.04302,12.68345],[75.04258,12.68471],[75.04314,12.68629],[75.04269,12.68782],[75.04209,12.68903],[75.04276,12.6909],[75.04467,12.69256],[75.04658,12.69369],[75.04695,12.69375],[75.04928,12.69409],[75.05123,12.69359],[75.05273,12.69293],[75.05403,12.6919],[75.05471,12.69138],[75.0552,12.69184],[75.05567,12.69301],[75.05641,12.69419],[75.05687,12.69478],[75.05665,12.69567],[75.05602,12.69636],[75.05507,12.69738],[75.05436,12.69883],[75.05318,12.70089],[75.05218,12.70348],[75.05196,12.70467],[75.05236,12.70553],[75.05339,12.70619],[75.05509,12.70622],[75.05595,12.7066],[75.05665,12.7078],[75.0566,12.70888],[75.0557,12.70991],[75.05472,12.71124],[75.05403,12.71292],[75.05268,12.7163],[75.05236,12.71757],[75.05297,12.71899],[75.05315,12.71987],[75.05269,12.72037],[75.05174,12.72074],[75.05014,12.72142],[75.04911,12.72163],[75.04816,12.72156],[75.04683,12.72125],[75.04608,12.72153],[75.0456,12.72226],[75.04462,12.72292],[75.04382,12.72278],[75.04292,12.7221],[75.04231,12.72197],[75.04161,12.72259],[75.04057,12.7236],[75.03949,12.72368],[75.03759,12.72358],[75.03661,12.72375],[75.03539,12.72402],[75.03454,12.72382],[75.03377,12.72312],[75.03215,12.72147],[75.031,12.72035],[75.02962,12.71967],[75.0278,12.71935],[75.02486,12.7194],[75.02201,12.71987],[75.02045,12.72045],[75.0195,12.72074],[75.0189,12.72064],[75.01829,12.72024],[75.01761,12.71918],[75.01686,12.71744],[75.01632,12.71558],[75.01561,12.71494],[75.01463,12.7147],[75.0119,12.71452],[75.00968,12.71472],[75.00815,12.71511],[75.00508,12.71584],[75.00318,12.71598],[75.0021,12.71603],[75.00144,12.71649],[75.00094,12.71765],[75.00101,12.7191],[75.00137,12.72007],[75.00228,12.72006],[75.00402,12.72026],[75.00579,12.72087],[75.007,12.72185],[75.00881,12.72395],[75.01013,12.7254],[75.01173,12.72658],[75.01342,12.72812],[75.01346,12.72864],[75.01282,12.72911],[75.01049,12.72966],[75.00773,12.73056],[75.00343,12.73213],[75.00048,12.73303],[74.99912,12.73399],[74.99727,12.73488],[74.99644,12.73552],[74.99533,12.73744],[74.99437,12.73832],[74.99376,12.73931],[74.99322,12.74014],[74.99277,12.74033],[74.99215,12.74029],[74.9915,12.73986],[74.99107,12.73934],[74.99103,12.73881],[74.99151,12.73813],[74.9919,12.73759],[74.99196,12.73706],[74.99141,12.73627],[74.99032,12.73611],[74.98966,12.73642],[74.98911,12.73711],[74.98865,12.73739],[74.98837,12.73693],[74.9882,12.73579],[74.98765,12.73494],[74.98717,12.73434],[74.98622,12.73404],[74.98544,12.73415],[74.98471,12.73461],[74.98411,12.73567],[74.98379,12.73734],[74.98367,12.7385],[74.98457,12.73953],[74.98501,12.74099],[74.98432,12.74219],[74.98428,12.74297],[74.98435,12.74367],[74.98462,12.74403],[74.98531,12.74424],[74.98588,12.74421],[74.98617,12.74377],[74.98631,12.743],[74.98661,12.74241],[74.98682,12.74228],[74.98717,12.74237],[74.98747,12.74244],[74.98791,12.7424],[74.98919,12.74238],[74.98974,12.74274],[74.98977,12.74368],[74.99012,12.7439],[74.99054,12.74416],[74.99075,12.74513],[74.99121,12.74647],[74.992,12.74689],[74.99235,12.7474],[74.99292,12.74883],[74.99337,12.74981],[74.99385,12.75053],[74.9945,12.75087],[74.99546,12.75147],[74.99639,12.75194],[74.99687,12.75226],[74.99715,12.75266],[74.99803,12.75412],[74.99831,12.75473],[74.99831,12.75519],[74.99823,12.75549],[74.99835,12.75614],[74.99867,12.75695],[74.99923,12.75747],[75.00023,12.75795],[75.00107,12.75819],[75.00204,12.75889],[75.00302,12.7595],[75.00373,12.76006],[75.0043,12.76086],[75.00463,12.76172],[75.0047,12.76274],[75.00475,12.76399],[75.00528,12.76485],[75.00597,12.7656],[75.00662,12.76623],[75.00779,12.76683],[75.00844,12.76674],[75.00909,12.76699],[75.00958,12.76734],[75.01033,12.76788],[75.01093,12.76848],[75.01048,12.76876],[75.00984,12.76939],[75.00919,12.76992],[75.00801,12.77097],[75.00641,12.77336],[75.00566,12.77575],[75.00511,12.78],[75.00511,12.78321],[75.00573,12.78578],[75.00601,12.78792],[75.00634,12.78875],[75.00717,12.79014],[75.00748,12.79101],[75.00723,12.79164],[75.0066,12.79226],[75.00575,12.79262],[75.005,12.79257],[75.00407,12.79211],[75.00312,12.79183],[75.00265,12.79165],[75.00226,12.79153],[75.00172,12.79127],[75.00156,12.79095],[75.0019,12.79052],[75.00289,12.78955],[75.00333,12.78878],[75.00339,12.78786],[75.00291,12.7873],[75.00166,12.78668],[75.00092,12.7868],[75.00059,12.78715],[75.00037,12.78744],[75.00019,12.78787],[74.99975,12.78854],[74.9992,12.78903],[74.99786,12.78955],[74.997,12.7904],[74.99623,12.79199],[74.99518,12.7934],[74.99427,12.79499],[74.99358,12.79569],[74.9927,12.79606],[74.99135,12.79605],[74.99024,12.79538],[74.98965,12.79447],[74.98976,12.79367],[74.99034,12.79234],[74.99165,12.7908],[74.99237,12.78937],[74.99254,12.78825],[74.99217,12.78704],[74.99107,12.78576],[74.9902,12.78472],[74.98883,12.78329],[74.9873,12.78207],[74.98651,12.78183],[74.98607,12.78192],[74.98473,12.78312],[74.98367,12.78328],[74.98285,12.78295],[74.98273,12.78235],[74.98305,12.78098],[74.98292,12.78045],[74.9824,12.78002],[74.98135,12.77981],[74.97979,12.7796],[74.97816,12.77926],[74.97725,12.77919],[74.97635,12.77909],[74.97594,12.77904],[74.97516,12.77886],[74.97381,12.77835],[74.97253,12.77826],[74.97123,12.77816],[74.97028,12.77796],[74.96894,12.77765],[74.9679,12.77739],[74.96728,12.77754],[74.96689,12.77819],[74.96693,12.77904],[74.96715,12.77986],[74.96737,12.78085],[74.96732,12.78145],[74.96649,12.78191],[74.96517,12.78203],[74.96478,12.78176],[74.96443,12.78079],[74.96424,12.77983],[74.96321,12.77951],[74.96227,12.77962],[74.96092,12.77993],[74.95997,12.7804],[74.95915,12.78169],[74.95845,12.7842],[74.95743,12.78511],[74.95635,12.7855],[74.95475,12.78539],[74.95404,12.78519],[74.9525,12.78477],[74.94872,12.78337],[74.94647,12.78253],[74.94376,12.78194],[74.94107,12.78079],[74.93987,12.78059],[74.93765,12.78082],[74.93654,12.78089],[74.93552,12.78076],[74.93478,12.78067],[74.93378,12.78041],[74.93174,12.77958],[74.92988,12.77866],[74.92684,12.77774],[74.92384,12.77656],[74.92318,12.77617],[74.92159,12.77514],[74.92052,12.77456],[74.91852,12.77367],[74.91603,12.7725],[74.91279,12.77168],[74.91007,12.77062],[74.90762,12.7694],[74.90533,12.76841],[74.90341,12.7675],[74.9023,12.76615],[74.90136,12.76461],[74.90055,12.76391],[74.89999,12.76364],[74.89932,12.76355],[74.89726,12.76389],[74.89565,12.76402],[74.89452,12.76375],[74.89315,12.76287],[74.89196,12.76206],[74.89137,12.76165],[74.89008,12.7608],[74.88897,12.75974],[74.88779,12.75845],[74.88651,12.75767],[74.88594,12.75727],[74.88551,12.75696],[74.88484,12.75613],[74.88444,12.7557],[74.88388,12.75543],[74.88306,12.75525],[74.88195,12.75528],[74.88073,12.75549],[74.87947,12.75561],[74.87815,12.75597],[74.8765,12.75647],[74.87553,12.75679],[74.875,12.75725],[74.87454,12.758],[74.87428,12.75948],[74.87447,12.76027],[74.87456,12.7613],[74.87422,12.76155],[74.87334,12.76141],[74.87226,12.76128],[74.87202,12.76125],[74.86957,12.76084],[74.8675,12.76042],[74.86541,12.75995],[74.86407,12.76006],[74.86408,12.76003],[74.86409,12.76001],[74.86424,12.75965],[74.86434,12.75939],[74.86445,12.75912],[74.86452,12.75894],[74.86461,12.75875],[74.86477,12.75824],[74.86493,12.75785],[74.86505,12.75752],[74.86522,12.75715],[74.86539,12.75672],[74.86551,12.75628],[74.86564,12.75593],[74.86569,12.75571],[74.86587,12.75526],[74.866,12.75493],[74.86606,12.75471],[74.86622,12.75428],[74.8664,12.75385],[74.86656,12.75343],[74.86667,12.75313],[74.86679,12.75282],[74.86693,12.75238],[74.8671,12.75191],[74.86735,12.75124],[74.86767,12.75026],[74.86794,12.74953],[74.86822,12.74874],[74.86853,12.74796],[74.86876,12.74736],[74.86891,12.74693],[74.86907,12.74648],[74.86925,12.74601],[74.8694,12.74547],[74.86953,12.74504],[74.86969,12.74455],[74.86984,12.74414],[74.86996,12.74377],[74.8701,12.74341],[74.8702,12.74304],[74.87032,12.74262],[74.87048,12.74218],[74.87066,12.74175],[74.87085,12.74135],[74.87099,12.7411],[74.87111,12.74088],[74.87118,12.74073],[74.87137,12.74039],[74.87159,12.73998],[74.87171,12.73979],[74.87183,12.73961],[74.87198,12.73937],[74.87217,12.73889],[74.87235,12.73863],[74.87256,12.73838],[74.87275,12.73819],[74.87292,12.73804],[74.873,12.73791],[74.87317,12.7377],[74.87345,12.73725],[74.87386,12.73638],[74.8741,12.73588],[74.8742,12.73557],[74.87433,12.73526],[74.87463,12.73457],[74.87495,12.73367],[74.87522,12.73301],[74.87569,12.73175],[74.87573,12.73162],[74.87622,12.72969],[74.87644,12.72905],[74.87654,12.72879],[74.87663,12.72862],[74.87688,12.72821],[74.87705,12.72777],[74.87721,12.72734],[74.87735,12.72703],[74.87743,12.72684],[74.87749,12.72675],[74.87752,12.72668],[74.87758,12.72643],[74.87767,12.72626],[74.87775,12.72606],[74.87789,12.72568],[74.87801,12.72534],[74.87811,12.72508],[74.87816,12.72492],[74.8782,12.72477],[74.87824,12.72464],[74.87881,12.72331],[74.87887,12.7231],[74.87923,12.72213],[74.87955,12.72099],[74.87964,12.72068],[74.87975,12.72025],[74.87991,12.71984],[74.87995,12.7197],[74.88,12.71962],[74.88005,12.71956],[74.88008,12.71953],[74.88012,12.71943],[74.8802,12.71925],[74.88022,12.71918],[74.88028,12.71885],[74.88051,12.71795],[74.88071,12.71733],[74.88086,12.71686],[74.881,12.71659],[74.88105,12.71643],[74.88112,12.71623],[74.88117,12.71605],[74.88133,12.71555],[74.88163,12.71495],[74.88179,12.71471],[74.88185,12.71459],[74.88202,12.71425],[74.8821,12.71405],[74.88214,12.71395],[74.88241,12.71335],[74.88267,12.71281],[74.88275,12.71264],[74.88284,12.71248],[74.88308,12.71191],[74.88316,12.71172],[74.88321,12.71153],[74.88337,12.71109],[74.88349,12.71079],[74.88353,12.71073],[74.88364,12.71066],[74.8838,12.71047],[74.88387,12.71032],[74.88394,12.71019],[74.88398,12.71006],[74.88413,12.70977],[74.88431,12.7095],[74.88448,12.70939],[74.88457,12.70933],[74.88495,12.70909],[74.88507,12.7091],[74.88518,12.70908],[74.88527,12.709],[74.88531,12.70896],[74.88545,12.70895],[74.88558,12.70888],[74.88595,12.70858],[74.88594,12.70854],[74.88601,12.70846],[74.88614,12.70843],[74.88624,12.70839],[74.88638,12.70818],[74.88657,12.70793],[74.88676,12.70769],[74.88692,12.70752],[74.88707,12.70732],[74.88713,12.70724],[74.88721,12.70703],[74.88727,12.70685],[74.88742,12.70657],[74.8879,12.70576],[74.88808,12.70541],[74.88817,12.70517],[74.88819,12.70506],[74.88826,12.70448],[74.88831,12.7044],[74.88842,12.70435],[74.88852,12.70435],[74.88859,12.70434],[74.88865,12.7043],[74.8889,12.70392],[74.88946,12.70293],[74.88969,12.70246],[74.88982,12.70218],[74.89003,12.70169],[74.89032,12.70102],[74.89056,12.70041],[74.89088,12.69961],[74.89119,12.69889],[74.89145,12.69818],[74.89171,12.69745],[74.89197,12.69676],[74.89216,12.69632],[74.89238,12.69573],[74.89262,12.69512],[74.89297,12.69441],[74.8932,12.69374],[74.89372,12.69269],[74.89398,12.69207],[74.89421,12.69159],[74.8945,12.69108],[74.8947,12.69068],[74.89475,12.69057],[74.89509,12.6899],[74.89534,12.68941],[74.89576,12.68862],[74.89612,12.68771],[74.89655,12.68685],[74.89684,12.68628],[74.89725,12.68537],[74.89754,12.68471],[74.89787,12.68398],[74.89818,12.68329],[74.89851,12.68259],[74.89878,12.68194],[74.89911,12.68122],[74.89945,12.68059],[74.89978,12.68],[74.89999,12.67961],[74.90027,12.67891],[74.90067,12.678],[74.90095,12.6773],[74.9014,12.6762],[74.9018,12.67516],[74.90217,12.67432],[74.90253,12.6734],[74.90273,12.67287],[74.90295,12.67226],[74.90321,12.67166],[74.90347,12.67092],[74.90375,12.67019],[74.90398,12.6696],[74.90411,12.66924],[74.90434,12.66863],[74.90449,12.66814],[74.90473,12.6676],[74.90499,12.66702],[74.90529,12.66632],[74.90544,12.666],[74.90575,12.66541],[74.90608,12.66474],[74.90643,12.66405],[74.90664,12.66361],[74.90676,12.66335],[74.90701,12.66277],[74.90724,12.66224],[74.90741,12.66183],[74.90766,12.66131],[74.90784,12.6609],[74.90798,12.66053],[74.90817,12.66012],[74.9084,12.65966],[74.90851,12.6594],[74.90871,12.65897],[74.9089,12.65842],[74.90923,12.65775],[74.90963,12.65686],[74.90997,12.65609],[74.91038,12.65519],[74.91058,12.65468],[74.91101,12.65371],[74.9114,12.65279],[74.91182,12.65194],[74.91218,12.6511],[74.91259,12.65013],[74.91294,12.64941],[74.91332,12.64854],[74.91361,12.64791],[74.91393,12.64718],[74.91418,12.6466],[74.9144,12.64609],[74.91475,12.64539],[74.91509,12.64473],[74.91555,12.64381],[74.91589,12.64314],[74.91613,12.64261],[74.91636,12.6421],[74.91659,12.64163],[74.91672,12.64131],[74.91695,12.64081],[74.91722,12.64022],[74.91746,12.63973],[74.9176,12.63937],[74.91767,12.63916],[74.91776,12.63891],[74.91784,12.63871],[74.91795,12.6384],[74.91806,12.63812],[74.91826,12.63772],[74.91843,12.63732],[74.91866,12.6368],[74.91889,12.63619],[74.91911,12.63557],[74.91932,12.63496],[74.91945,12.63457],[74.91961,12.63417],[74.91969,12.63389],[74.91981,12.63361],[74.92031,12.6321],[74.92054,12.63149],[74.92096,12.63031],[74.92191,12.62806],[74.92213,12.62757],[74.92231,12.62708],[74.92255,12.62657],[74.92279,12.62602],[74.92292,12.62571],[74.92302,12.62552],[74.92313,12.62527],[74.92326,12.625],[74.92335,12.62477],[74.92353,12.62438],[74.92385,12.62366],[74.92493,12.62093],[74.92536,12.61985],[74.92587,12.61848],[74.92597,12.61825],[74.92628,12.61749],[74.92651,12.61689],[74.92672,12.61635],[74.92693,12.6158],[74.92713,12.6153],[74.92731,12.61475],[74.92743,12.61439],[74.92758,12.61394],[74.92783,12.61321],[74.92806,12.61278],[74.92832,12.61218],[74.92852,12.61171],[74.92875,12.61114],[74.92898,12.6106],[74.92919,12.61005],[74.92936,12.60956],[74.9297,12.60873],[74.92989,12.60823],[74.93012,12.60767],[74.93027,12.60737],[74.9304,12.60704],[74.93052,12.60678],[74.93064,12.60648],[74.93088,12.60598],[74.9312,12.60534],[74.9315,12.60477],[74.93196,12.60391],[74.93236,12.60321],[74.93278,12.60252],[74.93335,12.60151],[74.93361,12.60087],[74.93398,12.59996],[74.93407,12.59964],[74.93439,12.59889],[74.93477,12.59806],[74.93531,12.59685],[74.93567,12.59605],[74.93606,12.59517],[74.93633,12.59456],[74.93662,12.59378],[74.93691,12.5931],[74.93709,12.59269],[74.93731,12.59212],[74.93756,12.59158],[74.9378,12.59102],[74.93802,12.59048],[74.93837,12.58953],[74.93871,12.58878],[74.93903,12.58792],[74.93926,12.5874],[74.93938,12.58703],[74.93959,12.58654],[74.93977,12.58613],[74.94016,12.58508],[74.94043,12.58449],[74.94064,12.58401],[74.94094,12.58326],[74.94126,12.58253],[74.94166,12.58156],[74.94199,12.58084],[74.94225,12.58022],[74.94249,12.5797],[74.94261,12.5794],[74.94279,12.57899],[74.94297,12.57853],[74.94311,12.57819],[74.94327,12.57772],[74.94346,12.57723],[74.9437,12.5767],[74.94403,12.57603],[74.94427,12.57543],[74.94447,12.57499],[74.94458,12.57476],[74.94465,12.57458],[74.94494,12.57383],[74.94513,12.57343],[74.94535,12.57295],[74.94553,12.57236],[74.94566,12.57209],[74.94586,12.5716],[74.94603,12.5711],[74.94622,12.57052],[74.9464,12.57002],[74.94667,12.56921],[74.94683,12.56886],[74.9469,12.56865],[74.94707,12.56821],[74.94727,12.56771],[74.9475,12.5671],[74.94766,12.56669],[74.94784,12.56629],[74.94799,12.56595],[74.9483,12.56523],[74.94852,12.56467],[74.94881,12.56398],[74.94911,12.56329],[74.94938,12.56271],[74.94962,12.56217],[74.94985,12.5617],[74.95011,12.56119],[74.95049,12.56027],[74.95064,12.55997],[74.95084,12.55945],[74.95124,12.5584],[74.95145,12.55778],[74.95191,12.5565],[74.95193,12.55635],[74.95214,12.55591],[74.95228,12.55545],[74.95272,12.554],[74.95295,12.5532],[74.95333,12.5522],[74.95355,12.5516],[74.95363,12.55138],[74.95392,12.55059],[74.95424,12.54984],[74.95453,12.54911],[74.9548,12.54849],[74.95549,12.54674],[74.95572,12.54615],[74.9561,12.54521],[74.95636,12.54475],[74.95646,12.54448],[74.95657,12.54425],[74.95669,12.54378],[74.95686,12.54324],[74.95717,12.54228],[74.95754,12.54129],[74.95796,12.54028],[74.9583,12.53945],[74.95849,12.53893],[74.95933,12.53691],[74.95978,12.53556],[74.95983,12.53539],[74.95997,12.53495],[74.96005,12.53473],[74.96039,12.53397],[74.96066,12.53339],[74.96117,12.53232],[74.96148,12.53165],[74.96172,12.53097],[74.96198,12.53044],[74.96229,12.52973],[74.96246,12.52934],[74.9627,12.52871],[74.96287,12.52826],[74.96301,12.52788],[74.96321,12.52731],[74.96339,12.52688],[74.96355,12.52648],[74.96383,12.52578],[74.96401,12.52536],[74.96418,12.52491],[74.96438,12.52447],[74.96454,12.52412],[74.96472,12.52365],[74.96497,12.52306],[74.96523,12.52239],[74.96542,12.52195],[74.96557,12.52162],[74.96578,12.52115],[74.966,12.52066],[74.96632,12.51999],[74.96664,12.51933],[74.967,12.51842],[74.96715,12.51814],[74.96739,12.51755],[74.96767,12.51684],[74.96795,12.51621],[74.96824,12.51555],[74.96859,12.51463],[74.96895,12.5138],[74.96918,12.5131],[74.96947,12.51242],[74.96975,12.51163],[74.97004,12.51082],[74.97032,12.5101],[74.97065,12.50926],[74.97089,12.50858],[74.97112,12.50807],[74.97156,12.50703],[74.97202,12.50588],[74.97231,12.50511],[74.97283,12.50393],[74.97314,12.50323],[74.97335,12.50274],[74.97343,12.50256],[74.97357,12.5022],[74.97385,12.50157],[74.97431,12.50052],[74.97454,12.49999],[74.97503,12.49891],[74.97547,12.49789],[74.97577,12.49721],[74.9761,12.49639],[74.97637,12.49569],[74.9767,12.49485],[74.97698,12.49416],[74.97724,12.49345],[74.97746,12.4929],[74.97776,12.49209],[74.97807,12.49136],[74.9783,12.4906],[74.98073,12.4838],[74.9816,12.48121],[74.98206,12.47997],[74.98293,12.47787],[74.98375,12.47626],[74.98392,12.47582],[74.98398,12.47531],[74.98393,12.47479],[74.98384,12.47441],[74.98341,12.47443],[74.98335,12.47446],[74.98329,12.47447],[74.98321,12.47446],[74.98317,12.47442],[74.98314,12.47437],[74.98314,12.47431],[74.9832,12.47423],[74.98326,12.47419],[74.98336,12.47418],[74.9835,12.47421],[74.98778,12.47424],[74.9878,12.47377],[74.98781,12.4733],[74.98492,12.47332],[74.98463,12.47341],[74.98457,12.47342],[74.98451,12.47341],[74.98447,12.47339],[74.98444,12.47334],[74.98443,12.47325],[74.98443,12.47319],[74.98445,12.47313],[74.98449,12.47308],[74.98455,12.47306],[74.98485,12.47305],[74.98493,12.47308],[74.98782,12.4731],[74.9892,12.47152],[74.98985,12.47022],[74.99091,12.46779],[74.99094,12.46767],[74.9911,12.46736],[74.9915,12.46625],[74.99184,12.46542],[74.99238,12.46436],[74.99263,12.46379],[74.99301,12.4629],[74.99343,12.4621],[74.99393,12.46119],[74.99434,12.46036],[74.99462,12.45965],[74.99494,12.45889],[74.99528,12.45813],[74.99565,12.45725],[74.99613,12.4562],[74.99659,12.45526],[74.99712,12.45418],[74.99753,12.45333],[74.99789,12.45252],[74.99813,12.45208],[74.99831,12.45165],[74.99842,12.45132],[74.99844,12.45098],[74.99847,12.4507],[74.99852,12.45048],[74.99851,12.45037],[74.99841,12.45024],[74.99819,12.45007],[74.99817,12.44994],[74.9982,12.44983],[74.99825,12.44975],[74.99831,12.4497],[74.99838,12.44965],[74.99846,12.4496],[74.99854,12.44962],[74.9986,12.44975],[74.99871,12.44981],[74.99889,12.44983],[74.99907,12.44977],[74.99934,12.44956],[74.99953,12.44933],[74.99983,12.44883],[75.00001,12.4484],[75.00005,12.44828],[75.00009,12.44823],[75.00031,12.44792],[75.00046,12.44768],[75.00066,12.44729],[75.00086,12.44689],[75.00115,12.44657],[75.00118,12.44652],[75.00126,12.44636],[75.00129,12.44632],[75.00181,12.4457],[75.00198,12.44544],[75.00208,12.44527],[75.00292,12.44382],[75.00329,12.44295],[75.00395,12.44146],[75.0043,12.44064],[75.00485,12.43934],[75.00494,12.43913],[75.0057,12.43753],[75.00596,12.43699],[75.00611,12.43672],[75.00654,12.43574],[75.00688,12.435],[75.00699,12.43475],[75.00735,12.43402],[75.00752,12.43369],[75.00789,12.43291],[75.00803,12.43259],[75.00838,12.43187],[75.00856,12.43141],[75.00883,12.43086],[75.00912,12.43009],[75.00942,12.42948],[75.00969,12.42889],[75.01006,12.42795],[75.01042,12.42727],[75.01075,12.42646],[75.01104,12.4258],[75.01133,12.42517],[75.01171,12.42433],[75.01199,12.42372],[75.01244,12.42278],[75.01281,12.42211],[75.01318,12.42132],[75.01347,12.42055],[75.01353,12.4204],[75.01362,12.42028],[75.01391,12.42004],[75.01424,12.41963],[75.01451,12.41906],[75.01454,12.41895],[75.01458,12.41852],[75.01455,12.4183],[75.01458,12.41824],[75.01468,12.41817],[75.01484,12.41785],[75.01488,12.41761],[75.01492,12.41741],[75.01498,12.41726],[75.01504,12.41713],[75.01517,12.41705],[75.01526,12.41706],[75.01536,12.41716],[75.01558,12.41725],[75.01594,12.4173],[75.0163,12.41727],[75.01671,12.41718],[75.01703,12.41706],[75.01732,12.41694],[75.0175,12.41683],[75.01771,12.41666],[75.01793,12.41655],[75.0181,12.41653],[75.01819,12.41649],[75.01836,12.41635],[75.01877,12.4159],[75.01911,12.41544],[75.01919,12.41535],[75.01936,12.41515],[75.01955,12.41493],[75.01979,12.41466],[75.02007,12.41423],[75.02044,12.41366],[75.02074,12.4131],[75.02103,12.41248],[75.0212,12.41199],[75.02129,12.41176],[75.02162,12.41112],[75.02179,12.41079],[75.02211,12.41014],[75.02263,12.40905],[75.02295,12.40841],[75.02363,12.40709],[75.02433,12.4058],[75.0249,12.40471],[75.02515,12.40412],[75.02609,12.40227],[75.02649,12.40149],[75.02686,12.40076],[75.02707,12.40031],[75.02754,12.39946],[75.02777,12.39903],[75.028,12.3986],[75.02811,12.39834],[75.02823,12.39812],[75.0286,12.39742],[75.02901,12.39647],[75.02959,12.39536],[75.02993,12.39473],[75.0302,12.39422],[75.0304,12.39389],[75.0305,12.39356],[75.03055,12.39333],[75.03054,12.39317],[75.03058,12.39294],[75.03053,12.39279],[75.03037,12.39269],[75.03034,12.3925],[75.03038,12.39245],[75.03052,12.3924],[75.03071,12.39239],[75.03084,12.39227],[75.03088,12.39207],[75.03091,12.39179],[75.031,12.39157],[75.03106,12.39133],[75.03116,12.39115],[75.03124,12.39108],[75.03159,12.39091],[75.03188,12.39076],[75.0321,12.39067],[75.03227,12.39053],[75.03255,12.39026],[75.03282,12.39012],[75.03326,12.38998],[75.03339,12.38999],[75.03347,12.39002],[75.03353,12.39008],[75.03353,12.39011],[75.03348,12.39021],[75.03347,12.39027],[75.03348,12.3903],[75.03365,12.39036],[75.03393,12.39045],[75.03398,12.39047],[75.03403,12.39049],[75.03408,12.39051],[75.03414,12.39054],[75.03419,12.39057],[75.03423,12.39061],[75.03434,12.39064],[75.03439,12.39066],[75.03445,12.39068],[75.0345,12.39071],[75.03455,12.39071],[75.0346,12.39074],[75.03463,12.39079],[75.03463,12.39086],[75.03467,12.3909],[75.03472,12.39093],[75.03478,12.39096],[75.03484,12.39097],[75.0349,12.39098],[75.03495,12.39099],[75.03501,12.391],[75.03507,12.39102],[75.03512,12.39105],[75.03516,12.39109],[75.0352,12.39113],[75.03522,12.39118],[75.03522,12.39124],[75.03521,12.3913],[75.0352,12.39135],[75.03518,12.39141],[75.03517,12.39151],[75.03519,12.39156],[75.03523,12.3916],[75.03529,12.39163],[75.0353,12.39164],[75.03542,12.3917],[75.0356,12.39173],[75.0359,12.39167],[75.03622,12.39161],[75.03653,12.39151],[75.03682,12.39139],[75.03715,12.39116],[75.03744,12.39096],[75.03779,12.39068],[75.03819,12.3903],[75.03851,12.38993],[75.03885,12.38953],[75.03908,12.38923],[75.03934,12.38888],[75.03961,12.3885],[75.03978,12.38823],[75.03989,12.38808],[75.03995,12.38797],[75.04011,12.38775],[75.04024,12.38752],[75.04031,12.38737],[75.0404,12.38724],[75.04049,12.38703],[75.04057,12.38685],[75.0407,12.3866],[75.04086,12.38632],[75.04104,12.38599],[75.04111,12.38584],[75.04121,12.38568],[75.04138,12.38537],[75.04144,12.38522],[75.04153,12.38505],[75.04156,12.38499],[75.04163,12.3848],[75.04176,12.38457],[75.04188,12.38436],[75.042,12.38408],[75.04221,12.38366],[75.04234,12.38324],[75.04252,12.38285],[75.04273,12.38241],[75.04291,12.38209],[75.04311,12.38179],[75.04327,12.3814],[75.04339,12.38119],[75.04368,12.38057],[75.04401,12.3799],[75.04436,12.37924],[75.04465,12.3787],[75.0449,12.37822],[75.04507,12.37787],[75.04543,12.37714],[75.04563,12.37669],[75.04589,12.37612],[75.04605,12.37578],[75.04627,12.37532],[75.04655,12.37478],[75.04671,12.37446],[75.04695,12.37397],[75.0474,12.37309],[75.0477,12.37255],[75.04812,12.37164],[75.04859,12.37072],[75.04872,12.37042],[75.0491,12.36965],[75.04941,12.36902],[75.04953,12.36873],[75.05005,12.36748],[75.05017,12.36723],[75.0504,12.36667],[75.0506,12.36625],[75.05077,12.36595],[75.051,12.36545],[75.0528,12.36178],[75.05297,12.36148],[75.05324,12.36088],[75.05356,12.36018],[75.05434,12.35875],[75.05475,12.35782],[75.0553,12.35667],[75.05564,12.3559],[75.05599,12.35516],[75.05642,12.35415],[75.05661,12.35373],[75.05672,12.35344],[75.05692,12.35298],[75.05722,12.35232],[75.05752,12.35165],[75.05777,12.3511],[75.05799,12.35068],[75.05818,12.35025],[75.05828,12.35004],[75.05873,12.34904],[75.05914,12.34813],[75.05929,12.34784],[75.05959,12.34716],[75.05978,12.34669],[75.06,12.34596],[75.06006,12.34581],[75.06025,12.34536],[75.0604,12.345],[75.06063,12.34441],[75.06072,12.34416],[75.06107,12.34332],[75.06139,12.34256],[75.06161,12.34215],[75.06182,12.34163],[75.06197,12.34131],[75.06211,12.34106],[75.06237,12.34045],[75.0628,12.33954],[75.06327,12.33868],[75.06378,12.33771],[75.06424,12.33682],[75.06454,12.33616],[75.06465,12.33587],[75.06479,12.33559],[75.06514,12.33487],[75.06526,12.33457],[75.06555,12.33386],[75.0658,12.3333],[75.06628,12.33228],[75.06651,12.33173],[75.06682,12.33102],[75.06712,12.33036],[75.0673,12.32997],[75.06784,12.32872],[75.06824,12.32781],[75.06844,12.32734],[75.06875,12.32671],[75.06936,12.32538],[75.06952,12.32497],[75.06959,12.32479],[75.06983,12.32415],[75.07012,12.32346],[75.07034,12.3229],[75.07081,12.32166],[75.07127,12.32062],[75.07139,12.32032],[75.07169,12.31974],[75.07206,12.31886],[75.07253,12.31776],[75.07283,12.31693],[75.07306,12.31636],[75.07324,12.31591],[75.07356,12.3151],[75.07386,12.31427],[75.07408,12.31372],[75.07443,12.31292],[75.07469,12.31228],[75.07502,12.31147],[75.07516,12.3111],[75.07557,12.30997],[75.0759,12.30925],[75.07618,12.3086],[75.0765,12.30787],[75.07691,12.30698],[75.07718,12.30631],[75.07762,12.30529],[75.07789,12.30473],[75.07829,12.30384],[75.07881,12.30264],[75.07906,12.30207],[75.0795,12.30108],[75.08008,12.29967],[75.08046,12.29873],[75.08078,12.29797],[75.0811,12.29733],[75.0813,12.29679],[75.08151,12.29631],[75.08182,12.29565],[75.08211,12.29492],[75.0825,12.29401],[75.08272,12.2935],[75.08299,12.29284],[75.08324,12.29227],[75.08349,12.2917],[75.08385,12.29087],[75.08414,12.29029],[75.08454,12.28938],[75.08472,12.28893],[75.08501,12.28831],[75.0854,12.28737],[75.08569,12.28684],[75.08586,12.28646],[75.08632,12.2854],[75.08676,12.28437],[75.08704,12.28364],[75.08755,12.28242],[75.08782,12.28171],[75.08833,12.28051],[75.08886,12.27917],[75.08929,12.27819],[75.08961,12.27731],[75.08986,12.27662],[75.09002,12.27624],[75.09044,12.27529],[75.0909,12.27432],[75.09174,12.27238],[75.09239,12.27081],[75.09262,12.27029],[75.09278,12.26993],[75.09317,12.26899],[75.09367,12.2679],[75.09428,12.26646],[75.09452,12.26583],[75.09516,12.26429],[75.09559,12.26317],[75.09574,12.26272],[75.09613,12.26171],[75.09641,12.26101],[75.09659,12.26056],[75.09699,12.25961],[75.0972,12.25904],[75.0975,12.2583],[75.09782,12.2575],[75.09813,12.25675],[75.09844,12.25601],[75.09854,12.25572],[75.09875,12.25521],[75.09905,12.2545],[75.09959,12.25316],[75.10008,12.25186],[75.10028,12.25128],[75.10061,12.25046],[75.10131,12.24858],[75.10162,12.2479],[75.10191,12.24716],[75.10217,12.24656],[75.10268,12.24549],[75.10338,12.24393],[75.10369,12.24313],[75.10381,12.24283],[75.10409,12.24215],[75.10433,12.2415],[75.1045,12.24107],[75.10487,12.24019],[75.10521,12.23938],[75.10546,12.23873],[75.10574,12.23803],[75.106,12.23737],[75.10635,12.23644],[75.10663,12.23577],[75.10695,12.23509],[75.10718,12.23448],[75.10727,12.23426],[75.10748,12.23375],[75.10773,12.23313],[75.10794,12.23264],[75.10797,12.23257],[75.10822,12.23196],[75.10871,12.23081],[75.10876,12.23067],[75.10897,12.23015],[75.10906,12.22988],[75.10945,12.22881],[75.10968,12.22808],[75.10988,12.22756],[75.11028,12.22646],[75.11045,12.22595],[75.11057,12.22563],[75.11075,12.22516],[75.11102,12.22445],[75.11126,12.22376],[75.11147,12.22314],[75.11158,12.22286],[75.11189,12.222],[75.11212,12.22126],[75.11217,12.22109],[75.1123,12.22072],[75.11242,12.22036],[75.11253,12.22009],[75.11267,12.21973],[75.11306,12.21864],[75.11323,12.21818],[75.11336,12.21776],[75.11344,12.2175],[75.11358,12.21716],[75.11378,12.21658],[75.11386,12.21632],[75.11399,12.21588],[75.11409,12.2156],[75.11438,12.21479],[75.11458,12.21422],[75.11467,12.21394],[75.11482,12.21343],[75.11496,12.21297],[75.11506,12.21265],[75.11559,12.21104],[75.11576,12.2106],[75.11598,12.20998],[75.11634,12.20906],[75.11646,12.20868],[75.1166,12.20838],[75.11681,12.20787],[75.11699,12.20737],[75.11723,12.20671],[75.1174,12.20623],[75.11756,12.20586],[75.11783,12.20507],[75.11803,12.20445],[75.11834,12.20357],[75.11864,12.20278],[75.11884,12.20236],[75.119,12.20187],[75.11912,12.20166],[75.11924,12.20146],[75.11927,12.20135],[75.11932,12.201],[75.11935,12.20096],[75.11941,12.20087],[75.11997,12.19997],[75.12068,12.19877],[75.12076,12.19868],[75.12056,12.19847],[75.12006,12.19793],[75.12008,12.19785],[75.12011,12.19776],[75.12017,12.19771],[75.12062,12.19748],[75.12079,12.19733],[75.12111,12.19699],[75.12134,12.19672],[75.12155,12.19648],[75.12181,12.19619],[75.12205,12.19582],[75.12221,12.19549],[75.12258,12.1948],[75.12273,12.19448],[75.12315,12.19361],[75.12333,12.19314],[75.12368,12.19219],[75.12378,12.19192],[75.12401,12.19136],[75.12415,12.19102],[75.1243,12.19065],[75.12455,12.19001],[75.12488,12.18914],[75.12532,12.18803],[75.12583,12.18681],[75.12621,12.18584],[75.12625,12.18575],[75.12642,12.18529],[75.12662,12.18475],[75.12683,12.18424],[75.1272,12.1833],[75.12739,12.18286],[75.1277,12.18221],[75.12796,12.18151],[75.12819,12.18087],[75.12849,12.17991],[75.12862,12.17955],[75.12885,12.17881],[75.12902,12.17846],[75.12937,12.17761],[75.1297,12.17676],[75.12984,12.17643],[75.13024,12.17538],[75.1307,12.17428],[75.13115,12.17323],[75.13134,12.17276],[75.13194,12.17133],[75.13213,12.17085],[75.13242,12.17008],[75.13275,12.16929],[75.13296,12.16869],[75.13303,12.16847],[75.13332,12.16765],[75.13357,12.16695],[75.1337,12.16653],[75.13378,12.16629],[75.13411,12.1655],[75.13445,12.16452],[75.13479,12.16361],[75.13505,12.16296],[75.13539,12.16205],[75.13615,12.16018],[75.13673,12.15866],[75.13733,12.15726],[75.13779,12.15601],[75.13797,12.15549],[75.13864,12.1539],[75.13888,12.15329],[75.13921,12.15254],[75.13946,12.15188],[75.13974,12.15114],[75.14005,12.1504],[75.14029,12.14977],[75.14071,12.1487],[75.14105,12.14784],[75.14135,12.14708],[75.14146,12.1468],[75.14161,12.14648],[75.14188,12.14571],[75.14207,12.14521],[75.14224,12.14471],[75.1424,12.14432],[75.14247,12.14414],[75.14268,12.14368],[75.1429,12.14317],[75.14303,12.14279],[75.14314,12.14249],[75.14334,12.1421],[75.14356,12.14157],[75.1438,12.14103],[75.14393,12.14076],[75.14409,12.1404],[75.14431,12.13996],[75.14449,12.13956],[75.14465,12.13917],[75.14477,12.1388],[75.14492,12.13847],[75.14501,12.13823],[75.14514,12.13798],[75.1453,12.13754],[75.1454,12.13726],[75.1455,12.13706],[75.14563,12.13674],[75.14575,12.13639],[75.14586,12.13613],[75.14596,12.13592],[75.1461,12.13556],[75.14625,12.1352],[75.14636,12.13491],[75.14644,12.13465],[75.14655,12.13433],[75.14668,12.13402],[75.14695,12.13343],[75.14709,12.13308],[75.14722,12.13277],[75.14733,12.1325],[75.14741,12.13232],[75.14757,12.13186],[75.14773,12.1314],[75.14798,12.13079],[75.14809,12.13051],[75.14816,12.13033],[75.14823,12.13015],[75.14829,12.13003],[75.1484,12.12977],[75.14857,12.12935],[75.14866,12.12915],[75.14879,12.1288],[75.14906,12.12808],[75.14941,12.12722],[75.14976,12.12638],[75.14997,12.12586],[75.15021,12.12522],[75.15066,12.12407],[75.15096,12.12342],[75.15135,12.12243],[75.15167,12.12163],[75.15188,12.12116],[75.15217,12.12042],[75.15276,12.11899],[75.15297,12.11848],[75.15331,12.11759],[75.15367,12.11673],[75.15406,12.11574],[75.15417,12.11543],[75.15435,12.11504],[75.15449,12.11467],[75.15472,12.11404],[75.15493,12.11348],[75.15534,12.1125],[75.15562,12.1117],[75.15597,12.11094],[75.15613,12.11052],[75.15664,12.1093],[75.15681,12.10883],[75.15713,12.10792],[75.15719,12.10769],[75.15742,12.10722],[75.15776,12.10627],[75.15802,12.1057],[75.1582,12.10529],[75.15842,12.10479],[75.15873,12.10404],[75.15897,12.10342],[75.15926,12.10272],[75.15957,12.10189],[75.15982,12.10129],[75.16012,12.10052],[75.16032,12.10005],[75.16062,12.09935],[75.16093,12.09861],[75.16115,12.09796],[75.16131,12.09751],[75.16146,12.09712],[75.16161,12.09676],[75.16174,12.09645],[75.16185,12.09619],[75.16194,12.09594],[75.16206,12.09565],[75.16226,12.09516],[75.16249,12.09456],[75.16274,12.09389],[75.16299,12.0932],[75.16313,12.09285],[75.16348,12.09209],[75.16365,12.09166],[75.16391,12.09099],[75.16415,12.09039],[75.16448,12.08964],[75.16469,12.08907],[75.16491,12.08854],[75.16503,12.08825],[75.16515,12.08799],[75.16548,12.08715],[75.16579,12.08639],[75.16618,12.08545],[75.16642,12.08486],[75.16664,12.08442],[75.16694,12.0837],[75.16722,12.08301],[75.16749,12.0824],[75.16773,12.08175],[75.16799,12.08098],[75.16828,12.08016],[75.16859,12.07935],[75.16893,12.07843],[75.16913,12.07792],[75.16955,12.07685],[75.16976,12.07626],[75.16998,12.07572],[75.17026,12.07509],[75.17065,12.07412],[75.17099,12.0733],[75.17135,12.07244],[75.17157,12.07191],[75.17188,12.0712],[75.1721,12.07063],[75.17237,12.06995],[75.17263,12.06935],[75.17292,12.06868],[75.17318,12.06809],[75.17341,12.06759],[75.17362,12.06708],[75.17377,12.06671],[75.1739,12.06645],[75.17412,12.06592],[75.17445,12.06516],[75.17468,12.06454],[75.175,12.06381],[75.17525,12.0632],[75.17553,12.06246],[75.17574,12.06204],[75.17582,12.06189],[75.17619,12.0611],[75.17658,12.06013],[75.17699,12.05922],[75.17711,12.05888],[75.17777,12.05733],[75.17862,12.05531],[75.17949,12.05334],[75.17999,12.05222],[75.18023,12.05173],[75.18066,12.05083],[75.18101,12.04995],[75.18142,12.04913],[75.18153,12.04887],[75.18165,12.04856],[75.18174,12.04834],[75.18235,12.04876],[75.18432,12.05034],[75.18041,12.06371],[75.17704,12.07021],[75.1757,12.07599],[75.17438,12.07857],[75.1736,12.07939],[75.17265,12.08133],[75.1717,12.08297],[75.16847,12.0871],[75.16711,12.09076],[75.17193,12.09585],[75.17435,12.09911],[75.17574,12.10011],[75.17745,12.10013],[75.17954,12.09827],[75.18004,12.09747],[75.18168,12.09483],[75.18364,12.09484],[75.18678,12.0951],[75.18712,12.09522],[75.18806,12.09556],[75.18961,12.09668],[75.19056,12.09996],[75.19091,12.10048],[75.19278,12.10329],[75.19255,12.10518],[75.19188,12.10627],[75.19141,12.10789],[75.19139,12.11061],[75.19124,12.11226],[75.19107,12.11405],[75.19179,12.11605],[75.19273,12.11684],[75.19351,12.1178],[75.19189,12.12117],[75.18978,12.12581],[75.18916,12.12702],[75.18818,12.12892],[75.18808,12.1296],[75.18868,12.13062],[75.18887,12.13097],[75.18994,12.13295],[75.19094,12.13424],[75.19216,12.13452],[75.19392,12.13449],[75.19508,12.13537],[75.19487,12.13669],[75.1951,12.1379],[75.19614,12.13864],[75.19638,12.13946],[75.19631,12.13996],[75.19519,12.14135],[75.19462,12.14225],[75.19433,12.1427],[75.19391,12.14451],[75.19401,12.14583],[75.19407,12.14646],[75.1938,12.14666],[75.19344,12.14739],[75.193,12.14721],[75.19255,12.14676],[75.19219,12.14658],[75.19167,12.14685],[75.19175,12.14728],[75.19163,12.14748],[75.1913,12.14747],[75.19114,12.14763],[75.19123,12.14791],[75.19148,12.14819],[75.19164,12.14891],[75.19103,12.15106],[75.19065,12.15364],[75.19045,12.15642],[75.19022,12.15707],[75.18931,12.15865],[75.18856,12.16028],[75.18816,12.16166],[75.1879,12.16443],[75.18714,12.16599],[75.18449,12.17142],[75.18322,12.17372],[75.18223,12.175],[75.18176,12.17586],[75.18124,12.17694],[75.17945,12.1795],[75.1787,12.18073],[75.17803,12.18183],[75.17702,12.18269],[75.17517,12.18722],[75.17517,12.18845],[75.17645,12.1898],[75.17885,12.19134],[75.18084,12.1918],[75.18258,12.19109],[75.18381,12.19105],[75.18479,12.19122],[75.1888,12.19259],[75.18958,12.19267],[75.19256,12.19298],[75.19479,12.19321],[75.19581,12.1924],[75.19677,12.19165],[75.19908,12.19128],[75.20249,12.1914],[75.20435,12.1916],[75.20475,12.19194],[75.20603,12.19306],[75.20603,12.19405],[75.20794,12.19618],[75.2089,12.19736],[75.20817,12.19832],[75.21245,12.20132],[75.21334,12.20172],[75.21665,12.20322],[75.22075,12.20701],[75.22086,12.20821],[75.22197,12.21206],[75.22397,12.21355],[75.22528,12.21546],[75.22622,12.21639],[75.22874,12.21886],[75.23071,12.22113],[75.23276,12.22069],[75.23583,12.21835],[75.23674,12.21776],[75.23902,12.21867],[75.23994,12.21846],[75.24118,12.21796],[75.24265,12.21924],[75.24462,12.21868],[75.24635,12.21912],[75.24751,12.22022],[75.2497,12.22167],[75.25031,12.22001],[75.25122,12.21902],[75.25249,12.2191],[75.25416,12.22132],[75.25696,12.22164],[75.25798,12.22284],[75.25894,12.22364],[75.26053,12.22392],[75.2623,12.22372],[75.26297,12.22397],[75.26386,12.2243],[75.26553,12.22527],[75.26766,12.22663],[75.27063,12.22706],[75.27186,12.22748],[75.27251,12.22808],[75.27323,12.2297],[75.27648,12.23212],[75.2768,12.23236],[75.27982,12.23381],[75.28115,12.23391],[75.28411,12.23299],[75.28534,12.23328]]]]}},{"type":"Feature","properties":{"district":"Kollam","name_ml":"കൊല്ലം ജില്ല","wikidata":"Q1356124","admin_level":5},"geometry":{"type":"MultiPolygon","coordinates":[[[[76.53898,8.93537],[76.53901,8.93536],[76.53905,8.93536],[76.53912,8.93536],[76.53918,8.93537],[76.53929,8.93538],[76.53931,8.93541],[76.53933,8.93548],[76.53939,8.93561],[76.53941,8.93575],[76.53948,8.93602],[76.53946,8.93605],[76.53942,8.93608],[76.53938,8.93606],[76.53934,8.93602],[76.53929,8.93594],[76.53926,8.93588],[76.53922,8.93581],[76.53911,8.93562],[76.53898,8.93537]]],[[[76.51138,9.02987],[76.51177,9.02917],[76.51214,9.02863],[76.51244,9.02829],[76.51262,9.02821],[76.51269,9.02816],[76.51279,9.02802],[76.51327,9.027],[76.51406,9.02558],[76.51421,9.02532],[76.51434,9.02502],[76.51485,9.02425],[76.51523,9.02387],[76.51531,9.02379],[76.51544,9.02364],[76.51561,9.02338],[76.5157,9.02327],[76.51593,9.02302],[76.51622,9.02269],[76.51666,9.02205],[76.51712,9.02151],[76.51779,9.02053],[76.51822,9.0198],[76.51847,9.01926],[76.51867,9.01871],[76.51885,9.01828],[76.51895,9.01801],[76.51902,9.01782],[76.51905,9.01772],[76.51926,9.01713],[76.51959,9.0166],[76.51986,9.01591],[76.52011,9.01534],[76.5202,9.01505],[76.52027,9.01477],[76.52034,9.01445],[76.52052,9.01372],[76.52074,9.01296],[76.52083,9.01255],[76.5209,9.01223],[76.52103,9.01152],[76.52094,9.01101],[76.52078,9.01055],[76.52039,9.00999],[76.52016,9.00986],[76.51996,9.00984],[76.51978,9.00985],[76.51964,9.00994],[76.51956,9.01002],[76.51936,9.01006],[76.51931,9.01007],[76.51927,9.01003],[76.51926,9.00997],[76.5193,9.00985],[76.51935,9.00956],[76.51935,9.00892],[76.51957,9.00832],[76.51967,9.00803],[76.51995,9.00769],[76.52004,9.00751],[76.52009,9.00738],[76.52017,9.00692],[76.52046,9.00614],[76.52059,9.00561],[76.52071,9.00544],[76.52086,9.00528],[76.52106,9.00498],[76.52122,9.00456],[76.52133,9.00423],[76.52137,9.00393],[76.52139,9.0035],[76.52136,9.00338],[76.52144,9.00313],[76.52143,9.00285],[76.52152,9.00262],[76.5216,9.0024],[76.52164,9.00214],[76.52161,9.00202],[76.52141,9.0018],[76.52139,9.00154],[76.52137,9.00102],[76.52152,8.99966],[76.52161,8.99872],[76.52182,8.99742],[76.52206,8.99592],[76.52206,8.99546],[76.52254,8.99325],[76.52272,8.9928],[76.52277,8.99264],[76.52282,8.99245],[76.52296,8.99184],[76.52304,8.99177],[76.52319,8.99177],[76.52326,8.99176],[76.52334,8.99165],[76.52357,8.99105],[76.52368,8.9905],[76.52367,8.9903],[76.52363,8.99018],[76.52347,8.99006],[76.52343,8.98999],[76.52341,8.98983],[76.52346,8.98948],[76.52355,8.98902],[76.52353,8.98868],[76.52483,8.98252],[76.52482,8.9823],[76.52506,8.98141],[76.52562,8.97888],[76.52583,8.9783],[76.52624,8.97683],[76.52666,8.97506],[76.52697,8.9734],[76.52705,8.97309],[76.52724,8.97236],[76.52738,8.97219],[76.52782,8.97127],[76.52818,8.97038],[76.52828,8.97019],[76.5283,8.96997],[76.52831,8.96968],[76.52837,8.96938],[76.52845,8.96909],[76.52845,8.96882],[76.52833,8.96852],[76.52832,8.96817],[76.52836,8.96792],[76.52841,8.96761],[76.5285,8.96719],[76.52878,8.96618],[76.52885,8.96608],[76.52899,8.96602],[76.52908,8.96586],[76.52911,8.96567],[76.52911,8.96553],[76.52907,8.96543],[76.52902,8.96537],[76.52906,8.96502],[76.52923,8.96441],[76.5295,8.96384],[76.52973,8.96324],[76.52979,8.96318],[76.5299,8.96311],[76.52998,8.96299],[76.53005,8.96285],[76.53008,8.96271],[76.53005,8.96258],[76.53001,8.96251],[76.52999,8.96243],[76.53092,8.9599],[76.53097,8.95985],[76.53101,8.95977],[76.5311,8.95955],[76.53145,8.95848],[76.53162,8.95822],[76.532,8.95727],[76.53206,8.95703],[76.53209,8.95673],[76.53304,8.95403],[76.5332,8.95332],[76.53406,8.95069],[76.53435,8.94966],[76.53472,8.94817],[76.53508,8.94684],[76.53519,8.94613],[76.53524,8.94603],[76.53526,8.94582],[76.53532,8.94492],[76.53545,8.94409],[76.53569,8.94238],[76.53587,8.94154],[76.53643,8.94004],[76.53682,8.93908],[76.53698,8.9386],[76.53719,8.93778],[76.53728,8.93742],[76.53604,8.93625],[76.53561,8.93599],[76.53555,8.93571],[76.53566,8.93561],[76.53581,8.93561],[76.53594,8.93573],[76.53616,8.93609],[76.5363,8.93622],[76.53637,8.93626],[76.53682,8.93588],[76.53728,8.93545],[76.53738,8.93533],[76.53741,8.93526],[76.53742,8.93523],[76.5374,8.93518],[76.53736,8.93511],[76.53735,8.93508],[76.53738,8.93506],[76.53745,8.93504],[76.53767,8.93508],[76.5379,8.93538],[76.53787,8.93543],[76.53784,8.93546],[76.53779,8.93544],[76.53773,8.93538],[76.53755,8.93555],[76.53748,8.93605],[76.54013,8.93871],[76.54019,8.93878],[76.54022,8.93877],[76.54025,8.93876],[76.54101,8.93792],[76.54104,8.93781],[76.54106,8.9377],[76.54105,8.93753],[76.54031,8.93667],[76.54004,8.93577],[76.54021,8.93435],[76.54041,8.93262],[76.54088,8.93231],[76.54084,8.93215],[76.54076,8.93208],[76.54068,8.93207],[76.53981,8.93232],[76.53871,8.93265],[76.53734,8.93306],[76.53661,8.93327],[76.5356,8.93362],[76.53551,8.93361],[76.53546,8.93357],[76.53544,8.93342],[76.53546,8.93334],[76.53555,8.93328],[76.53628,8.93314],[76.53659,8.93307],[76.53789,8.93276],[76.53889,8.93247],[76.53929,8.93234],[76.53945,8.93222],[76.53955,8.93206],[76.53965,8.93167],[76.53974,8.9312],[76.53986,8.93067],[76.53988,8.93046],[76.53981,8.93036],[76.53978,8.93029],[76.53992,8.92939],[76.54015,8.9285],[76.54033,8.92778],[76.54053,8.92697],[76.54066,8.92655],[76.54083,8.92549],[76.54103,8.92195],[76.54101,8.92135],[76.54117,8.92014],[76.5413,8.91934],[76.54147,8.91826],[76.5415,8.91798],[76.54152,8.91776],[76.54168,8.91756],[76.54174,8.9173],[76.54174,8.91713],[76.54166,8.91702],[76.54178,8.91629],[76.54212,8.91455],[76.54249,8.91295],[76.54256,8.91287],[76.54264,8.91267],[76.54264,8.91242],[76.5426,8.91224],[76.54268,8.91196],[76.5429,8.91154],[76.54312,8.91109],[76.54325,8.91062],[76.54331,8.91031],[76.54348,8.9099],[76.54381,8.90937],[76.54407,8.90907],[76.54483,8.90809],[76.54534,8.90721],[76.54571,8.90662],[76.5461,8.90582],[76.54636,8.90506],[76.54645,8.90468],[76.54651,8.90435],[76.54648,8.90409],[76.54652,8.90366],[76.54667,8.90325],[76.54689,8.90287],[76.54714,8.90256],[76.54742,8.90228],[76.54809,8.90179],[76.54833,8.90163],[76.54889,8.90138],[76.54925,8.90127],[76.54955,8.90108],[76.54986,8.90083],[76.55017,8.90037],[76.55033,8.89993],[76.55053,8.89888],[76.55071,8.89869],[76.55091,8.89829],[76.55123,8.89744],[76.5514,8.8971],[76.55156,8.89663],[76.55185,8.89638],[76.55206,8.89609],[76.55212,8.89582],[76.55221,8.89571],[76.5525,8.8956],[76.5528,8.89548],[76.55295,8.89541],[76.55321,8.89519],[76.55348,8.89486],[76.55364,8.8946],[76.55379,8.89435],[76.55391,8.89414],[76.55395,8.89413],[76.554,8.89412],[76.55407,8.89411],[76.55417,8.89402],[76.55424,8.89389],[76.55427,8.89381],[76.55427,8.89373],[76.55416,8.89369],[76.55415,8.89363],[76.55417,8.89353],[76.55422,8.89341],[76.55436,8.89314],[76.5547,8.89244],[76.55492,8.89228],[76.55542,8.89209],[76.55579,8.89195],[76.55612,8.89173],[76.55634,8.89159],[76.55656,8.89131],[76.55662,8.89112],[76.55681,8.89086],[76.55697,8.89077],[76.55728,8.89069],[76.55752,8.89055],[76.55771,8.89034],[76.55781,8.89012],[76.55792,8.89001],[76.55814,8.88994],[76.55842,8.88987],[76.5586,8.8898],[76.55873,8.8897],[76.55886,8.8895],[76.5592,8.88926],[76.55989,8.88882],[76.56029,8.8885],[76.56045,8.88837],[76.56053,8.88827],[76.5606,8.88806],[76.56076,8.88793],[76.56101,8.88772],[76.56103,8.88757],[76.56094,8.88744],[76.56093,8.88724],[76.56103,8.88714],[76.56119,8.88712],[76.56139,8.88717],[76.56159,8.88704],[76.56178,8.88687],[76.56196,8.88672],[76.56207,8.88655],[76.56212,8.88636],[76.56208,8.88609],[76.56206,8.88571],[76.56208,8.88564],[76.56216,8.88561],[76.56218,8.88557],[76.56221,8.88548],[76.56217,8.8853],[76.56216,8.88514],[76.56263,8.88358],[76.56357,8.88363],[76.56419,8.88255],[76.5644,8.88219],[76.56466,8.882],[76.56499,8.88199],[76.56511,8.88183],[76.56498,8.88141],[76.56507,8.88101],[76.56518,8.88094],[76.56527,8.88084],[76.56535,8.88035],[76.56541,8.88019],[76.56562,8.87997],[76.56587,8.87984],[76.5664,8.87988],[76.56679,8.87983],[76.56722,8.87947],[76.56867,8.87822],[76.56992,8.87718],[76.57113,8.87671],[76.57319,8.87585],[76.57516,8.87498],[76.57638,8.87447],[76.57779,8.87373],[76.5794,8.87286],[76.58096,8.87189],[76.58256,8.87099],[76.58323,8.87058],[76.58338,8.8707],[76.5834,8.87086],[76.58322,8.871],[76.58292,8.87107],[76.58129,8.87202],[76.57954,8.87299],[76.57816,8.87375],[76.57678,8.87448],[76.57528,8.87519],[76.57377,8.87581],[76.57194,8.87656],[76.57014,8.87737],[76.56896,8.87835],[76.56752,8.87955],[76.56758,8.87979],[76.56764,8.88],[76.56778,8.88025],[76.5683,8.88072],[76.56842,8.88073],[76.56866,8.8809],[76.56875,8.8811],[76.56898,8.88134],[76.56925,8.88158],[76.56944,8.88164],[76.56968,8.88162],[76.57006,8.88145],[76.5702,8.88141],[76.57037,8.88149],[76.57075,8.88178],[76.57125,8.8821],[76.57159,8.88216],[76.57192,8.88211],[76.57238,8.88207],[76.57257,8.88207],[76.57283,8.88202],[76.57349,8.88185],[76.574,8.88164],[76.57448,8.88153],[76.575,8.8815],[76.57573,8.8815],[76.5759,8.88157],[76.57611,8.88159],[76.57633,8.88156],[76.57683,8.88144],[76.57719,8.88145],[76.57755,8.88139],[76.57825,8.88127],[76.57916,8.88107],[76.58002,8.88075],[76.58039,8.88056],[76.58094,8.88037],[76.58135,8.88034],[76.58165,8.88039],[76.58186,8.88039],[76.58208,8.88034],[76.58245,8.88019],[76.58311,8.87982],[76.58331,8.87968],[76.58351,8.87952],[76.58367,8.87937],[76.58366,8.8792],[76.58346,8.87876],[76.58258,8.87727],[76.58237,8.87738],[76.58158,8.87596],[76.58169,8.8759],[76.58168,8.8758],[76.58158,8.87561],[76.58156,8.87556],[76.58156,8.87551],[76.58158,8.87547],[76.58161,8.87543],[76.58165,8.87541],[76.58169,8.8754],[76.58174,8.8754],[76.58178,8.87542],[76.58181,8.87544],[76.58183,8.87548],[76.58192,8.87559],[76.58234,8.87574],[76.58311,8.87594],[76.58386,8.87606],[76.58453,8.8761],[76.58533,8.87607],[76.58651,8.87585],[76.5875,8.87554],[76.589,8.87496],[76.5907,8.87423],[76.59177,8.87379],[76.5933,8.87283],[76.59577,8.87113],[76.59627,8.87074],[76.60023,8.86785],[76.60137,8.86709],[76.60283,8.86602],[76.60318,8.86558],[76.60344,8.86523],[76.60367,8.865],[76.60384,8.86482],[76.60438,8.86431],[76.60573,8.86343],[76.60693,8.86253],[76.60726,8.86224],[76.60789,8.86158],[76.60844,8.86104],[76.60848,8.86092],[76.60854,8.86082],[76.60871,8.86071],[76.60904,8.86057],[76.61139,8.85851],[76.6119,8.85804],[76.61347,8.85662],[76.61406,8.85603],[76.61503,8.85503],[76.61653,8.8536],[76.61746,8.85268],[76.61853,8.8515],[76.61937,8.85063],[76.61971,8.85021],[76.61981,8.85005],[76.61984,8.84983],[76.62034,8.84916],[76.62098,8.84838],[76.62352,8.84549],[76.62408,8.84492],[76.62504,8.84382],[76.62573,8.84312],[76.62651,8.84221],[76.62756,8.84101],[76.62939,8.83895],[76.63047,8.83783],[76.63174,8.8364],[76.63318,8.83478],[76.63422,8.83351],[76.63573,8.83152],[76.63715,8.82962],[76.63807,8.8284],[76.63914,8.82693],[76.64045,8.82526],[76.64082,8.82462],[76.64174,8.82371],[76.64187,8.82343],[76.64193,8.82315],[76.64186,8.823],[76.64191,8.82288],[76.64256,8.82213],[76.64312,8.82153],[76.64313,8.82133],[76.64317,8.82113],[76.64366,8.8205],[76.64454,8.81958],[76.64543,8.818],[76.64571,8.81738],[76.64635,8.81622],[76.64685,8.81544],[76.64775,8.81411],[76.64812,8.81341],[76.64823,8.81305],[76.64845,8.81233],[76.64863,8.81181],[76.64853,8.81153],[76.64859,8.81122],[76.64891,8.81064],[76.64924,8.81036],[76.64941,8.8103],[76.64974,8.81011],[76.65012,8.80977],[76.65055,8.80923],[76.65069,8.80891],[76.65074,8.80852],[76.65104,8.80814],[76.6526,8.80691],[76.6533,8.8062],[76.65354,8.80597],[76.65405,8.80528],[76.65409,8.8049],[76.65445,8.80423],[76.65506,8.80359],[76.65528,8.80322],[76.65593,8.80212],[76.65645,8.80113],[76.65688,8.80079],[76.65744,8.80022],[76.65815,8.79949],[76.65894,8.79861],[76.65971,8.79748],[76.65997,8.79682],[76.66046,8.79614],[76.66066,8.79582],[76.66103,8.79537],[76.66213,8.79457],[76.6627,8.79413],[76.66363,8.79301],[76.66515,8.79139],[76.66642,8.78993],[76.66749,8.78866],[76.66917,8.78683],[76.67277,8.78231],[76.67324,8.7815],[76.67178,8.78536],[76.67043,8.788],[76.67432,8.78868],[76.67681,8.78875],[76.67714,8.7888],[76.67809,8.78636],[76.67848,8.7857],[76.67815,8.78383],[76.67821,8.78364],[76.67912,8.78096],[76.68043,8.78048],[76.68097,8.77884],[76.68234,8.77833],[76.68295,8.77838],[76.68345,8.7785],[76.68539,8.77893],[76.68912,8.77846],[76.68974,8.77969],[76.69079,8.78175],[76.69215,8.78625],[76.69222,8.78688],[76.6922,8.78729],[76.69216,8.78762],[76.69212,8.78787],[76.692,8.78822],[76.69177,8.78873],[76.69176,8.78888],[76.69178,8.79114],[76.69963,8.7908],[76.70478,8.79083],[76.70486,8.79083],[76.70871,8.79084],[76.70895,8.79085],[76.70895,8.79089],[76.70909,8.79511],[76.71268,8.79551],[76.72131,8.8034],[76.72791,8.7995],[76.73422,8.79903],[76.74001,8.79538],[76.74341,8.79473],[76.74684,8.79625],[76.74854,8.79555],[76.75303,8.79549],[76.75694,8.79545],[76.75854,8.79558],[76.75851,8.7943],[76.7591,8.79264],[76.76002,8.79152],[76.76059,8.79199],[76.76086,8.79569],[76.76092,8.8003],[76.76864,8.79842],[76.77019,8.7996],[76.76787,8.80389],[76.77025,8.80602],[76.77069,8.81083],[76.77476,8.81035],[76.77742,8.8098],[76.78242,8.81031],[76.78456,8.81144],[76.78823,8.81186],[76.78905,8.81288],[76.79179,8.81301],[76.79175,8.81455],[76.78877,8.81483],[76.78877,8.81782],[76.78791,8.81869],[76.78323,8.81862],[76.7831,8.81952],[76.78671,8.82253],[76.79113,8.82206],[76.79336,8.82718],[76.78778,8.83516],[76.78504,8.83571],[76.78332,8.83868],[76.78315,8.83874],[76.78224,8.83907],[76.78083,8.83957],[76.7807,8.84275],[76.77563,8.8436],[76.77757,8.84835],[76.77895,8.85009],[76.78156,8.8528],[76.78023,8.86086],[76.78267,8.86201],[76.78482,8.85717],[76.78907,8.85319],[76.78971,8.85327],[76.79216,8.85361],[76.7934,8.8562],[76.79606,8.85455],[76.79615,8.8545],[76.79911,8.8495],[76.8022,8.84848],[76.80626,8.85462],[76.80641,8.85721],[76.80761,8.85747],[76.81121,8.85433],[76.81139,8.85497],[76.8134,8.85522],[76.81538,8.85921],[76.81608,8.85927],[76.81656,8.85931],[76.81744,8.85798],[76.81993,8.85386],[76.82211,8.85386],[76.82272,8.85169],[76.82405,8.84685],[76.82323,8.8447],[76.82443,8.84309],[76.82666,8.84229],[76.82889,8.84377],[76.83794,8.83937],[76.84008,8.83744],[76.84113,8.83567],[76.84342,8.8345],[76.84683,8.83275],[76.84486,8.82605],[76.84597,8.82452],[76.84928,8.82431],[76.84866,8.82156],[76.85151,8.82002],[76.85091,8.81595],[76.85447,8.81379],[76.85649,8.81542],[76.85709,8.81591],[76.86778,8.80951],[76.87614,8.80758],[76.87976,8.80441],[76.88391,8.80412],[76.88996,8.80908],[76.89085,8.80961],[76.89147,8.80974],[76.89177,8.80964],[76.89301,8.80914],[76.8938,8.80882],[76.89476,8.80865],[76.89508,8.8088],[76.89548,8.80934],[76.89587,8.80941],[76.89693,8.80935],[76.89738,8.80933],[76.89838,8.80985],[76.89884,8.81017],[76.89916,8.81039],[76.90006,8.81032],[76.90054,8.81015],[76.90072,8.81004],[76.90101,8.81],[76.90138,8.80886],[76.90146,8.80861],[76.90218,8.80806],[76.90277,8.80761],[76.90368,8.80667],[76.90383,8.80637],[76.90406,8.80537],[76.9045,8.80491],[76.90536,8.8045],[76.90627,8.80405],[76.90688,8.80366],[76.90789,8.80335],[76.9082,8.80274],[76.90822,8.80232],[76.90825,8.80187],[76.90828,8.80118],[76.90831,8.80066],[76.90833,8.79998],[76.90848,8.79973],[76.90962,8.79939],[76.91016,8.79925],[76.91063,8.79911],[76.91158,8.79867],[76.91254,8.79821],[76.91342,8.7977],[76.91417,8.79656],[76.91479,8.79525],[76.91525,8.79402],[76.91546,8.79347],[76.91598,8.79262],[76.91631,8.79244],[76.9176,8.79235],[76.91806,8.79191],[76.91837,8.79098],[76.91915,8.78957],[76.9198,8.78842],[76.92013,8.78782],[76.92104,8.78657],[76.9216,8.78579],[76.92218,8.78498],[76.92205,8.78471],[76.92148,8.78415],[76.92009,8.78361],[76.91895,8.78355],[76.91846,8.78322],[76.91795,8.78279],[76.91777,8.78244],[76.91764,8.78149],[76.91725,8.78103],[76.91687,8.78096],[76.9164,8.78081],[76.91616,8.78066],[76.91609,8.78041],[76.91616,8.77954],[76.91611,8.77832],[76.91608,8.77721],[76.91607,8.77645],[76.91623,8.77535],[76.91769,8.77416],[76.91915,8.77211],[76.9198,8.7718],[76.92189,8.77124],[76.92306,8.7707],[76.92548,8.76878],[76.92694,8.76768],[76.92726,8.7676],[76.92825,8.76677],[76.92846,8.76638],[76.92915,8.76591],[76.93054,8.76498],[76.93122,8.7642],[76.93157,8.76303],[76.93168,8.76268],[76.93189,8.76236],[76.933,8.76184],[76.93368,8.76142],[76.93407,8.76092],[76.93422,8.76097],[76.93484,8.76179],[76.93674,8.76276],[76.93742,8.76262],[76.93851,8.76321],[76.93902,8.76349],[76.94022,8.76418],[76.94273,8.76558],[76.94537,8.76837],[76.94795,8.76985],[76.94997,8.76967],[76.951,8.77068],[76.95225,8.77085],[76.95569,8.77058],[76.95827,8.76978],[76.95878,8.77012],[76.9609,8.76949],[76.96335,8.7696],[76.96446,8.76962],[76.9674,8.7707],[76.96952,8.77233],[76.97202,8.77352],[76.97347,8.77395],[76.97397,8.7744],[76.97443,8.77761],[76.97508,8.781],[76.97573,8.78308],[76.97856,8.78648],[76.98173,8.78833],[76.98257,8.78853],[76.98367,8.78862],[76.98502,8.78827],[76.98737,8.78806],[76.99202,8.78653],[76.99343,8.78587],[76.9935,8.78584],[76.99685,8.7834],[76.99694,8.78331],[76.99856,8.78159],[76.99935,8.77855],[77.00137,8.77312],[77.00169,8.77227],[77.00215,8.77101],[77.00272,8.77027],[77.00338,8.7699],[77.00519,8.76972],[77.00635,8.77011],[77.00737,8.77023],[77.00803,8.77025],[77.00929,8.77053],[77.011,8.77065],[77.01187,8.77063],[77.01378,8.77073],[77.01642,8.77051],[77.01761,8.77085],[77.01771,8.77091],[77.01963,8.77201],[77.02225,8.77281],[77.02331,8.77317],[77.02469,8.77355],[77.02587,8.7738],[77.02596,8.7744],[77.02547,8.77573],[77.02294,8.77855],[77.02281,8.77866],[77.02137,8.77988],[77.01974,8.78468],[77.01826,8.78607],[77.01701,8.7873],[77.01571,8.78906],[77.01549,8.79061],[77.01517,8.79258],[77.0142,8.79333],[77.01325,8.79436],[77.01221,8.79494],[77.01118,8.79577],[77.0112,8.7968],[77.01101,8.79844],[77.0109,8.79967],[77.00945,8.80174],[77.0099,8.80346],[77.01006,8.80658],[77.00981,8.80893],[77.00918,8.81065],[77.00882,8.81267],[77.01035,8.81388],[77.01137,8.8153],[77.01324,8.81559],[77.01424,8.81708],[77.01603,8.81678],[77.01862,8.81563],[77.02043,8.81525],[77.02077,8.81718],[77.0197,8.81815],[77.01882,8.82024],[77.01937,8.82214],[77.01963,8.82344],[77.02019,8.82549],[77.02017,8.82563],[77.02003,8.82695],[77.01987,8.82848],[77.02119,8.82938],[77.02184,8.82982],[77.02204,8.83017],[77.02242,8.83084],[77.02425,8.83351],[77.0289,8.83442],[77.02895,8.83443],[77.02956,8.83597],[77.03033,8.83792],[77.03102,8.83966],[77.03122,8.84015],[77.03211,8.84102],[77.0332,8.8423],[77.03675,8.8441],[77.05167,8.84708],[77.05459,8.84583],[77.0658,8.84102],[77.06592,8.84097],[77.07164,8.84075],[77.08094,8.84038],[77.08501,8.83769],[77.08994,8.83442],[77.09223,8.83291],[77.09257,8.83268],[77.09622,8.83118],[77.10055,8.82939],[77.10836,8.82616],[77.10905,8.82588],[77.11381,8.82391],[77.11398,8.82384],[77.11656,8.8216],[77.12238,8.81654],[77.12978,8.81011],[77.13321,8.80713],[77.13333,8.80708],[77.13794,8.80514],[77.14299,8.80301],[77.14706,8.80129],[77.14728,8.80119],[77.14901,8.80006],[77.14912,8.80009],[77.15679,8.79547],[77.16178,8.79033],[77.16861,8.78834],[77.16874,8.78826],[77.17488,8.783],[77.17768,8.78157],[77.17816,8.78131],[77.18363,8.7785],[77.18942,8.77434],[77.19136,8.77295],[77.19256,8.77281],[77.19862,8.7721],[77.19934,8.77201],[77.19983,8.76999],[77.20133,8.7698],[77.20483,8.76866],[77.20886,8.7659],[77.2171,8.76749],[77.21909,8.76982],[77.21677,8.77374],[77.21899,8.7765],[77.22054,8.78007],[77.22279,8.78291],[77.22565,8.78345],[77.22762,8.78482],[77.2292,8.78679],[77.23117,8.79687],[77.23429,8.80675],[77.2423,8.80949],[77.24573,8.81268],[77.24732,8.81732],[77.24941,8.82492],[77.25397,8.8319],[77.25798,8.83758],[77.2588,8.84379],[77.25828,8.84979],[77.25937,8.8545],[77.25774,8.85741],[77.25846,8.8646],[77.25753,8.86758],[77.2571,8.87348],[77.2559,8.8781],[77.25204,8.87939],[77.24386,8.88059],[77.23812,8.88548],[77.23791,8.89008],[77.23876,8.89295],[77.24071,8.89501],[77.23886,8.89766],[77.23905,8.89934],[77.23991,8.90285],[77.2386,8.90365],[77.23185,8.9024],[77.22634,8.90418],[77.22095,8.90324],[77.22024,8.90678],[77.21998,8.91042],[77.21864,8.91403],[77.21777,8.919],[77.21519,8.92168],[77.21181,8.92357],[77.2083,8.92476],[77.20567,8.92566],[77.20117,8.92427],[77.19567,8.9236],[77.19061,8.92747],[77.19109,8.92852],[77.19202,8.93064],[77.19572,8.9324],[77.19675,8.93462],[77.19572,8.93892],[77.19472,8.94035],[77.19482,8.94319],[77.19539,8.9468],[77.19759,8.95104],[77.19549,8.95456],[77.19325,8.95838],[77.19104,8.95952],[77.19065,8.96531],[77.18819,8.9668],[77.18501,8.9706],[77.18117,8.96881],[77.17767,8.96941],[77.17695,8.97434],[77.17566,8.97904],[77.17565,8.98188],[77.17678,8.98451],[77.17578,8.98622],[77.17434,8.9878],[77.17354,8.99121],[77.17029,8.99238],[77.16687,8.99247],[77.16336,8.99523],[77.16044,8.99717],[77.15879,9.00006],[77.15782,9.00214],[77.15574,9.00412],[77.15421,9.00731],[77.14986,9.01008],[77.15095,9.01252],[77.15111,9.01657],[77.15207,9.0201],[77.15563,9.02331],[77.15794,9.02644],[77.16227,9.03026],[77.16186,9.03332],[77.16025,9.03584],[77.16338,9.03839],[77.16443,9.04129],[77.16453,9.04141],[77.167,9.0445],[77.16958,9.04677],[77.17427,9.04843],[77.17657,9.04691],[77.18093,9.04729],[77.18495,9.04592],[77.18667,9.04329],[77.19016,9.04385],[77.19256,9.04517],[77.19705,9.04705],[77.19566,9.04921],[77.19559,9.0524],[77.19683,9.05758],[77.20139,9.062],[77.20461,9.06556],[77.20768,9.07218],[77.20161,9.07243],[77.19097,9.07604],[77.18513,9.07646],[77.18435,9.07608],[77.18342,9.07596],[77.18286,9.07599],[77.18201,9.0761],[77.18096,9.07623],[77.17992,9.07625],[77.17923,9.07641],[77.17898,9.07663],[77.17842,9.07707],[77.17791,9.07742],[77.17735,9.07753],[77.17669,9.07757],[77.17607,9.07764],[77.1758,9.0777],[77.17543,9.07874],[77.17501,9.07922],[77.17441,9.07936],[77.17386,9.07941],[77.17325,9.07949],[77.17205,9.07928],[77.17173,9.07872],[77.17146,9.0784],[77.17085,9.0781],[77.17046,9.07791],[77.16999,9.07782],[77.16953,9.07802],[77.16906,9.07839],[77.16858,9.07865],[77.16819,9.0787],[77.16769,9.07854],[77.16701,9.07849],[77.16643,9.0786],[77.16576,9.07879],[77.16489,9.07905],[77.16426,9.07921],[77.16334,9.07976],[77.16294,9.08048],[77.16245,9.08075],[77.16208,9.08095],[77.16187,9.08111],[77.16182,9.08161],[77.16189,9.08211],[77.16165,9.08228],[77.16122,9.0824],[77.16071,9.08237],[77.16039,9.08212],[77.16022,9.08178],[77.15998,9.08133],[77.15954,9.08121],[77.15843,9.08122],[77.15776,9.08161],[77.15698,9.08177],[77.15609,9.08186],[77.15506,9.08194],[77.1544,9.082],[77.15412,9.08203],[77.1539,9.0824],[77.15412,9.08326],[77.15468,9.08385],[77.15526,9.08433],[77.15554,9.08507],[77.15562,9.08634],[77.15537,9.08698],[77.15471,9.08737],[77.15409,9.08741],[77.15358,9.08735],[77.15321,9.08708],[77.15288,9.08666],[77.15264,9.08601],[77.1521,9.08495],[77.15139,9.08439],[77.15063,9.08412],[77.1488,9.0838],[77.14674,9.08339],[77.14531,9.08336],[77.1442,9.08365],[77.1436,9.0846],[77.14308,9.0852],[77.14206,9.08551],[77.14082,9.08564],[77.13938,9.08579],[77.13732,9.08614],[77.13438,9.08657],[77.13279,9.08712],[77.13065,9.08827],[77.12922,9.0895],[77.12568,9.0917],[77.12337,9.09314],[77.12178,9.09413],[77.12026,9.09459],[77.11823,9.0945],[77.11613,9.0941],[77.1141,9.09358],[77.1131,9.09387],[77.11222,9.09408],[77.11154,9.09373],[77.11108,9.09341],[77.11043,9.09345],[77.10988,9.09361],[77.10921,9.09411],[77.10856,9.09454],[77.10773,9.0948],[77.10691,9.09497],[77.10629,9.09545],[77.10573,9.09609],[77.10522,9.09667],[77.10514,9.09728],[77.10449,9.09836],[77.10371,9.09897],[77.10286,9.09925],[77.10183,9.09915],[77.1,9.09923],[77.09881,9.09988],[77.09777,9.10124],[77.09774,9.10195],[77.09689,9.10226],[77.09568,9.10218],[77.09516,9.10232],[77.09452,9.10283],[77.09332,9.10372],[77.09091,9.10501],[77.08942,9.10559],[77.08757,9.10642],[77.08508,9.10719],[77.08325,9.10775],[77.08113,9.10879],[77.08038,9.10985],[77.08029,9.11097],[77.08017,9.1118],[77.07979,9.11254],[77.07852,9.11326],[77.07711,9.1133],[77.07664,9.11332],[77.07485,9.11327],[77.07354,9.11323],[77.07246,9.11303],[77.07147,9.11286],[77.07042,9.11307],[77.06944,9.11334],[77.06869,9.11346],[77.06784,9.11374],[77.06742,9.11422],[77.06701,9.1149],[77.06675,9.11635],[77.06617,9.11757],[77.06566,9.11833],[77.06526,9.11879],[77.06452,9.11888],[77.06289,9.11873],[77.06204,9.11873],[77.06113,9.11861],[77.06058,9.11828],[77.06021,9.11786],[77.05983,9.11738],[77.05929,9.11711],[77.05861,9.11708],[77.05817,9.1173],[77.05745,9.11809],[77.05715,9.11885],[77.05705,9.11968],[77.05678,9.12102],[77.05634,9.12305],[77.05567,9.12568],[77.05478,9.127],[77.05369,9.12777],[77.05274,9.12807],[77.05171,9.12791],[77.05027,9.12693],[77.04977,9.12596],[77.04884,9.12472],[77.04813,9.124],[77.04704,9.12328],[77.04614,9.12275],[77.04535,9.12276],[77.04462,9.12324],[77.04375,9.12394],[77.04204,9.12413],[77.04033,9.12418],[77.03903,9.12443],[77.03763,9.12471],[77.0366,9.12538],[77.0354,9.12585],[77.03427,9.12598],[77.03227,9.12669],[77.03075,9.12771],[77.0303,9.12835],[77.02968,9.12906],[77.02891,9.12913],[77.028,9.1289],[77.02699,9.1283],[77.02608,9.12823],[77.02569,9.12825],[77.02522,9.12828],[77.0243,9.12879],[77.02288,9.12991],[77.02188,9.13022],[77.0208,9.13042],[77.01899,9.13067],[77.01773,9.13138],[77.01766,9.13265],[77.0174,9.13428],[77.01626,9.13568],[77.0139,9.13705],[77.0118,9.13803],[77.00983,9.13936],[77.00854,9.14002],[77.00757,9.1397],[77.00641,9.13864],[77.00528,9.13799],[77.00375,9.1378],[77.00272,9.13813],[77.00122,9.13837],[77.0006,9.13873],[76.9998,9.1397],[76.99826,9.14047],[76.99605,9.14059],[76.99446,9.14008],[76.99326,9.14061],[76.99206,9.14161],[76.99114,9.14277],[76.99054,9.14398],[76.98968,9.14527],[76.98712,9.14631],[76.98453,9.1464],[76.98292,9.14731],[76.982,9.14811],[76.98024,9.14913],[76.97845,9.14924],[76.97676,9.14949],[76.97464,9.15008],[76.973,9.15055],[76.97144,9.15021],[76.97015,9.15112],[76.96906,9.15186],[76.96777,9.15237],[76.96735,9.15231],[76.96655,9.1522],[76.96494,9.1522],[76.96414,9.15214],[76.96275,9.15265],[76.96129,9.15368],[76.9573,9.15551],[76.95537,9.15699],[76.95221,9.15904],[76.95084,9.15959],[76.94938,9.16063],[76.94741,9.16252],[76.94522,9.1643],[76.94247,9.16692],[76.9402,9.1693],[76.93771,9.17004],[76.9365,9.17029],[76.93496,9.17152],[76.93384,9.17231],[76.93223,9.17356],[76.93095,9.17404],[76.92966,9.17379],[76.9288,9.17241],[76.92829,9.17127],[76.92803,9.17055],[76.92781,9.16998],[76.92792,9.16862],[76.92814,9.16684],[76.92811,9.16528],[76.92739,9.15945],[76.92635,9.15596],[76.92601,9.15481],[76.92598,9.15426],[76.9258,9.15106],[76.92636,9.14917],[76.92706,9.1472],[76.92687,9.14474],[76.92651,9.13996],[76.92751,9.139],[76.92906,9.13883],[76.93026,9.13894],[76.93178,9.13894],[76.93329,9.13835],[76.93513,9.13739],[76.93616,9.13678],[76.93721,9.1378],[76.93818,9.13894],[76.93951,9.13958],[76.94065,9.13919],[76.94176,9.13858],[76.945,9.13633],[76.94582,9.13508],[76.94685,9.13324],[76.94775,9.1321],[76.94951,9.1314],[76.95148,9.13186],[76.95262,9.1321],[76.95414,9.13184],[76.95509,9.1315],[76.95612,9.13123],[76.95721,9.13108],[76.9588,9.13112],[76.96011,9.13076],[76.95974,9.12981],[76.95934,9.1282],[76.95848,9.1275],[76.95683,9.12714],[76.95384,9.12326],[76.94897,9.11797],[76.94728,9.11792],[76.94537,9.11867],[76.94271,9.11903],[76.94052,9.11881],[76.93867,9.11828],[76.93663,9.1182],[76.93346,9.11898],[76.92992,9.11926],[76.92732,9.11915],[76.92588,9.11911],[76.92528,9.11945],[76.92468,9.12078],[76.92442,9.12235],[76.92382,9.12345],[76.92088,9.12392],[76.91614,9.12521],[76.91385,9.12602],[76.91294,9.12608],[76.91129,9.12621],[76.90752,9.1265],[76.90571,9.12663],[76.90357,9.12602],[76.90209,9.12623],[76.90086,9.12835],[76.89992,9.1297],[76.89883,9.13061],[76.89801,9.13078],[76.8979,9.1308],[76.89732,9.12994],[76.89657,9.12833],[76.89552,9.12697],[76.89434,9.126],[76.8931,9.12479],[76.89228,9.12417],[76.88863,9.12356],[76.88668,9.12288],[76.88537,9.12278],[76.88468,9.12352],[76.88468,9.12389],[76.88466,9.12504],[76.88449,9.12631],[76.88348,9.12716],[76.88224,9.12788],[76.87623,9.13205],[76.87554,9.1304],[76.8746,9.12905],[76.87378,9.12824],[76.87237,9.12739],[76.87129,9.12667],[76.87018,9.12464],[76.86863,9.12307],[76.86653,9.12074],[76.86589,9.11633],[76.86426,9.11591],[76.86267,9.11701],[76.86074,9.11773],[76.85881,9.11811],[76.8576,9.11748],[76.85597,9.1168],[76.8549,9.11519],[76.85421,9.11439],[76.85203,9.11375],[76.85108,9.11307],[76.85104,9.10672],[76.851,9.10502],[76.84984,9.10371],[76.84924,9.10286],[76.85173,9.10142],[76.8519,9.10074],[76.85117,9.09994],[76.84954,9.09972],[76.84683,9.09964],[76.84597,9.0993],[76.84589,9.09629],[76.84507,9.09438],[76.84319,9.09337],[76.8416,9.09303],[76.83971,9.09328],[76.83778,9.09358],[76.83606,9.09362],[76.83383,9.09468],[76.82937,9.09468],[76.82816,9.09358],[76.82653,9.09311],[76.82349,9.09366],[76.8225,9.09566],[76.82087,9.09727],[76.81937,9.09816],[76.81782,9.10036],[76.81529,9.10345],[76.81349,9.10625],[76.80958,9.10883],[76.80684,9.11002],[76.80276,9.11036],[76.80117,9.11019],[76.79821,9.1107],[76.79671,9.11104],[76.79413,9.11002],[76.79255,9.10994],[76.78963,9.11303],[76.78701,9.1146],[76.78409,9.11489],[76.78276,9.11146],[76.78113,9.11095],[76.77963,9.11078],[76.77705,9.11002],[76.77624,9.10922],[76.77697,9.10731],[76.77589,9.10638],[76.77422,9.10574],[76.77336,9.104],[76.77396,9.10239],[76.77298,9.10163],[76.77104,9.10222],[76.76937,9.1015],[76.76821,9.09964],[76.76637,9.09566],[76.76675,9.09311],[76.76718,9.09091],[76.7677,9.08984],[76.76826,9.08871],[76.76924,9.08697],[76.77001,9.08489],[76.77087,9.08146],[76.77097,9.0786],[76.771,9.07752],[76.77156,9.07612],[76.77118,9.07535],[76.77092,9.07481],[76.76778,9.07515],[76.76504,9.07498],[76.76268,9.07455],[76.7607,9.07349],[76.75903,9.07324],[76.75753,9.07442],[76.7571,9.07591],[76.75723,9.07981],[76.75774,9.08282],[76.75774,9.08489],[76.75705,9.08743],[76.75555,9.08883],[76.75444,9.08896],[76.75306,9.08879],[76.75122,9.08629],[76.75079,9.08472],[76.74976,9.08303],[76.74826,9.08142],[76.74675,9.08074],[76.74517,9.0807],[76.74388,9.08188],[76.74263,9.08307],[76.74109,9.08447],[76.73989,9.08561],[76.73847,9.08633],[76.73774,9.08667],[76.73706,9.08663],[76.73658,9.0854],[76.73551,9.08332],[76.73495,9.08222],[76.73401,9.08193],[76.73251,9.08248],[76.73096,9.08332],[76.72834,9.08417],[76.7262,9.084],[76.72487,9.08273],[76.72388,9.08176],[76.72002,9.0821],[76.71577,9.08362],[76.71285,9.08481],[76.71079,9.08638],[76.70809,9.08752],[76.70465,9.08786],[76.70208,9.08786],[76.7006,9.08858],[76.69895,9.08938],[76.69551,9.08981],[76.69419,9.09012],[76.69285,9.09044],[76.69011,9.09044],[76.688,9.08994],[76.68637,9.08888],[76.68556,9.08765],[76.68461,9.0868],[76.68375,9.08549],[76.68337,9.08332],[76.68264,9.08273],[76.68079,9.08311],[76.67933,9.08349],[76.67745,9.08252],[76.67687,9.08203],[76.67601,9.07936],[76.67539,9.0787],[76.67474,9.07907],[76.67337,9.07989],[76.67247,9.08076],[76.6721,9.08199],[76.67313,9.08315],[76.67418,9.08445],[76.6747,9.08496],[76.67582,9.08688],[76.67676,9.08909],[76.67695,9.09068],[76.67764,9.09286],[76.67775,9.09544],[76.67717,9.09968],[76.67682,9.10127],[76.67706,9.10333],[76.6783,9.10462],[76.67755,9.10625],[76.67652,9.10606],[76.67648,9.1093],[76.67614,9.11102],[76.67571,9.11292],[76.67592,9.11453],[76.67429,9.11555],[76.67309,9.11854],[76.67103,9.11841],[76.66987,9.11805],[76.66847,9.11795],[76.66832,9.11794],[76.66813,9.11792],[76.66633,9.1175],[76.66309,9.11621],[76.66084,9.11621],[76.65841,9.11604],[76.65715,9.11572],[76.65616,9.11489],[76.65545,9.11536],[76.65468,9.11585],[76.65354,9.1154],[76.65275,9.11538],[76.65206,9.11557],[76.64966,9.11699],[76.6476,9.1182],[76.64668,9.11877],[76.64477,9.12157],[76.6446,9.12248],[76.64442,9.12347],[76.64054,9.12392],[76.63747,9.12407],[76.63603,9.12324],[76.6352,9.12263],[76.63445,9.12222],[76.63378,9.12273],[76.63326,9.12466],[76.63376,9.12591],[76.63558,9.12807],[76.63638,9.13055],[76.6367,9.13646],[76.6359,9.13994],[76.6346,9.14234],[76.63138,9.13993],[76.62689,9.13828],[76.62232,9.13878],[76.6176,9.13504],[76.61551,9.1319],[76.61281,9.13139],[76.60614,9.13013],[76.6035,9.13085],[76.60268,9.13108],[76.60057,9.13166],[76.59852,9.13222],[76.59284,9.13224],[76.59071,9.13222],[76.5884,9.12629],[76.58863,9.12233],[76.58466,9.1215],[76.58359,9.11771],[76.58329,9.11667],[76.57707,9.11629],[76.57195,9.11653],[76.5684,9.1121],[76.56252,9.11086],[76.55164,9.11014],[76.5494,9.11521],[76.55,9.11758],[76.54967,9.11845],[76.54945,9.11962],[76.54909,9.12057],[76.54881,9.12165],[76.54831,9.12347],[76.54752,9.12553],[76.54593,9.12519],[76.54426,9.12519],[76.54437,9.12642],[76.54404,9.12767],[76.5428,9.12864],[76.54308,9.1307],[76.54404,9.13294],[76.54368,9.13492],[76.54025,9.1343],[76.5396,9.13362],[76.53904,9.13415],[76.53868,9.13455],[76.53707,9.13472],[76.53553,9.13502],[76.53267,9.13458],[76.52986,9.13411],[76.52894,9.13502],[76.5272,9.13555],[76.52469,9.13561],[76.52192,9.13657],[76.51907,9.13703],[76.51679,9.13741],[76.51435,9.13733],[76.51293,9.13708],[76.51229,9.13703],[76.51157,9.13688],[76.50932,9.13699],[76.50787,9.13631],[76.50618,9.13586],[76.50492,9.13499],[76.50338,9.13463],[76.504,9.13299],[76.50465,9.1311],[76.5054,9.12923],[76.50602,9.12703],[76.50642,9.12615],[76.50698,9.1252],[76.50408,9.12518],[76.50244,9.1253],[76.50173,9.12528],[76.50075,9.12532],[76.49797,9.12496],[76.49636,9.1247],[76.49379,9.12445],[76.49169,9.12428],[76.49141,9.12534],[76.48993,9.12616],[76.48871,9.12621],[76.48688,9.12676],[76.48538,9.12623],[76.48286,9.12674],[76.4791,9.12791],[76.47725,9.12792],[76.47495,9.12767],[76.47263,9.12716],[76.47055,9.12733],[76.46873,9.12746],[76.46731,9.1275],[76.46657,9.12748],[76.46731,9.12595],[76.46801,9.12456],[76.46899,9.12275],[76.46982,9.12103],[76.47016,9.12049],[76.47051,9.11985],[76.47067,9.1196],[76.47124,9.11842],[76.47141,9.11802],[76.47151,9.11771],[76.47175,9.11706],[76.47217,9.11599],[76.47261,9.11496],[76.47334,9.11353],[76.47362,9.11291],[76.47372,9.11268],[76.47378,9.11261],[76.47393,9.11236],[76.47421,9.11179],[76.47431,9.11166],[76.47443,9.11153],[76.47478,9.11092],[76.47515,9.11006],[76.47561,9.10917],[76.47594,9.1086],[76.47626,9.10811],[76.47659,9.10752],[76.4768,9.10716],[76.47717,9.10642],[76.4772,9.10625],[76.47725,9.10611],[76.47761,9.1054],[76.47772,9.105],[76.47776,9.10484],[76.47794,9.10455],[76.47832,9.10378],[76.47856,9.10325],[76.47873,9.10284],[76.4788,9.1026],[76.47919,9.10183],[76.47953,9.10111],[76.48002,9.10007],[76.48051,9.09911],[76.48087,9.09846],[76.48114,9.09783],[76.48151,9.09714],[76.48177,9.09662],[76.48188,9.09642],[76.48208,9.09588],[76.48226,9.09553],[76.48241,9.0954],[76.48249,9.09531],[76.48252,9.09522],[76.48252,9.0951],[76.48254,9.09497],[76.48295,9.09409],[76.48333,9.09334],[76.48373,9.09247],[76.48406,9.09177],[76.48439,9.09109],[76.48469,9.09045],[76.48521,9.08929],[76.48513,9.08915],[76.48514,9.08903],[76.48557,9.08838],[76.48567,9.0882],[76.48573,9.088],[76.4857,9.08789],[76.48571,9.08778],[76.48586,9.08747],[76.48615,9.08706],[76.48647,9.08666],[76.48665,9.08643],[76.48671,9.0863],[76.48673,9.08621],[76.48691,9.08588],[76.48711,9.08533],[76.48754,9.08437],[76.48811,9.08305],[76.48865,9.08186],[76.48922,9.08062],[76.48971,9.07945],[76.49034,9.07797],[76.49097,9.0765],[76.49201,9.07381],[76.49229,9.07323],[76.49245,9.07299],[76.49261,9.07286],[76.49273,9.07262],[76.49292,9.07215],[76.49331,9.07116],[76.49359,9.0704],[76.49393,9.06967],[76.49429,9.06916],[76.49458,9.06869],[76.49476,9.06839],[76.49499,9.06787],[76.49513,9.06758],[76.49532,9.06719],[76.4954,9.06695],[76.49548,9.06654],[76.49561,9.06618],[76.49593,9.06522],[76.4962,9.06465],[76.49753,9.06169],[76.49774,9.06125],[76.49789,9.06091],[76.4982,9.06028],[76.49836,9.0599],[76.49851,9.05952],[76.49879,9.05875],[76.49904,9.05818],[76.49911,9.05808],[76.49918,9.05794],[76.4992,9.05777],[76.49921,9.05768],[76.49924,9.05754],[76.50018,9.05556],[76.50029,9.05546],[76.5004,9.0554],[76.50054,9.05532],[76.50063,9.05523],[76.50069,9.05508],[76.5007,9.05497],[76.50064,9.0548],[76.50063,9.05472],[76.50064,9.05461],[76.50093,9.0538],[76.50116,9.05317],[76.50131,9.05291],[76.50166,9.05206],[76.5018,9.05184],[76.50191,9.05175],[76.50199,9.05172],[76.50203,9.05167],[76.50202,9.05157],[76.502,9.05139],[76.50204,9.05108],[76.50217,9.05082],[76.50227,9.05057],[76.50271,9.04949],[76.50299,9.0489],[76.50334,9.04802],[76.50361,9.04748],[76.50408,9.04647],[76.50445,9.04562],[76.50479,9.04504],[76.50492,9.04477],[76.50507,9.04436],[76.50522,9.04384],[76.50537,9.04347],[76.50572,9.0426],[76.50626,9.04152],[76.5067,9.04046],[76.50755,9.03861],[76.50805,9.03741],[76.50844,9.03668],[76.50853,9.03648],[76.50861,9.03617],[76.50933,9.0345],[76.50964,9.03367],[76.50993,9.03307],[76.51038,9.03191],[76.51077,9.03105],[76.51107,9.03049],[76.51138,9.02987]]]]}},{"type":"Feature","properties":{"district":"Kottayam","name_ml":"കോട്ടയം ജില്ല","wikidata":"Q1353354","admin_level":5},"geometry":{"type":"Polygon","coordinates":[[[76.94241,9.43408],[76.94457,9.4346],[76.94477,9.43583],[76.94423,9.43704],[76.94303,9.43865],[76.94183,9.44208],[76.94123,9.44299],[76.94054,9.44375],[76.94028,9.44438],[76.94047,9.44521],[76.94103,9.44572],[76.94215,9.44618],[76.94509,9.44722],[76.94736,9.44758],[76.94929,9.44872],[76.95174,9.45027],[76.95268,9.45198],[76.95475,9.45665],[76.95645,9.45843],[76.95753,9.45847],[76.95834,9.45859],[76.95855,9.4589],[76.95824,9.45948],[76.95823,9.46046],[76.95834,9.46118],[76.95874,9.46199],[76.95998,9.46277],[76.96159,9.46409],[76.96291,9.46478],[76.96363,9.46513],[76.96438,9.46523],[76.96717,9.46522],[76.96855,9.46536],[76.96979,9.46559],[76.97061,9.46652],[76.97165,9.46734],[76.97265,9.46736],[76.97355,9.46737],[76.97459,9.46705],[76.97653,9.46733],[76.98187,9.46767],[76.98298,9.46781],[76.98375,9.46849],[76.98412,9.47014],[76.98438,9.4733],[76.98373,9.47768],[76.98354,9.48018],[76.9829,9.48206],[76.98219,9.48373],[76.9826,9.48464],[76.98373,9.48591],[76.9839,9.48655],[76.98348,9.48805],[76.98255,9.49069],[76.98047,9.49402],[76.9782,9.49764],[76.97588,9.49998],[76.97502,9.50085],[76.97457,9.50172],[76.97208,9.50145],[76.97099,9.50119],[76.96976,9.50113],[76.96929,9.50147],[76.96897,9.50274],[76.9688,9.50375],[76.96798,9.50464],[76.96717,9.5047],[76.96616,9.50536],[76.96549,9.50782],[76.96459,9.5086],[76.96333,9.50904],[76.96133,9.50908],[76.96015,9.50862],[76.95901,9.50665],[76.95766,9.50515],[76.95738,9.50405],[76.95753,9.50329],[76.95805,9.50242],[76.95878,9.5017],[76.95899,9.50034],[76.95869,9.4995],[76.95713,9.49897],[76.95625,9.49725],[76.95543,9.49575],[76.95507,9.49425],[76.95475,9.49337],[76.95444,9.49249],[76.9538,9.49156],[76.95301,9.4912],[76.95232,9.49154],[76.95202,9.49205],[76.9511,9.49186],[76.95067,9.49107],[76.94994,9.49059],[76.94886,9.49099],[76.94698,9.49266],[76.94468,9.49615],[76.9412,9.49992],[76.93824,9.50336],[76.93743,9.5043],[76.93578,9.5054],[76.93314,9.50523],[76.93246,9.50516],[76.93176,9.50509],[76.92972,9.50443],[76.92904,9.50449],[76.92734,9.50458],[76.92589,9.50517],[76.92359,9.50667],[76.92172,9.50838],[76.92018,9.50978],[76.91727,9.512],[76.91638,9.51268],[76.91232,9.51548],[76.91033,9.51725],[76.90954,9.5179],[76.90872,9.51857],[76.90817,9.51908],[76.90732,9.51988],[76.90588,9.521],[76.90438,9.52197],[76.90455,9.52242],[76.90485,9.52331],[76.90498,9.52466],[76.90443,9.52568],[76.90348,9.52703],[76.90292,9.52813],[76.90314,9.53075],[76.90297,9.53287],[76.90266,9.53378],[76.90245,9.53439],[76.90243,9.53447],[76.90235,9.53474],[76.90228,9.53497],[76.90172,9.53685],[76.90108,9.53803],[76.90072,9.53819],[76.8991,9.53892],[76.89743,9.53926],[76.89494,9.53939],[76.89255,9.53911],[76.8923,9.53908],[76.89168,9.53901],[76.89005,9.53884],[76.8879,9.53871],[76.8861,9.53964],[76.88614,9.5415],[76.88713,9.54349],[76.88716,9.5445],[76.88726,9.54794],[76.88666,9.55217],[76.88614,9.55627],[76.88546,9.55919],[76.88477,9.56144],[76.8843,9.56355],[76.88511,9.56571],[76.88541,9.56749],[76.88482,9.57065],[76.88471,9.57135],[76.88485,9.57249],[76.88511,9.57413],[76.8852,9.57559],[76.88415,9.57797],[76.88358,9.57902],[76.88333,9.57989],[76.88316,9.58048],[76.88305,9.58079],[76.88277,9.5813],[76.88274,9.58151],[76.88271,9.58177],[76.88291,9.58225],[76.88304,9.58254],[76.88363,9.58287],[76.88524,9.58352],[76.88686,9.5839],[76.88813,9.58452],[76.88846,9.58474],[76.88901,9.58509],[76.88948,9.58552],[76.89048,9.58576],[76.89223,9.58569],[76.89278,9.58561],[76.89331,9.58545],[76.89371,9.58527],[76.8941,9.58514],[76.89451,9.58514],[76.89479,9.58528],[76.8951,9.58548],[76.89531,9.58589],[76.89572,9.5867],[76.89579,9.58692],[76.89579,9.58734],[76.8958,9.58779],[76.89577,9.58831],[76.89562,9.58876],[76.89541,9.58936],[76.89521,9.58975],[76.89501,9.59085],[76.89473,9.59166],[76.89465,9.59214],[76.89457,9.59271],[76.89469,9.59338],[76.89476,9.5943],[76.89469,9.59475],[76.89429,9.59506],[76.89368,9.5954],[76.89354,9.59554],[76.89343,9.59585],[76.89335,9.59626],[76.8934,9.59689],[76.89333,9.59725],[76.89313,9.5976],[76.89269,9.59821],[76.89222,9.59897],[76.8921,9.59934],[76.89207,9.5996],[76.89216,9.59988],[76.89241,9.60024],[76.8926,9.60087],[76.89261,9.6017],[76.89277,9.60231],[76.89251,9.60268],[76.89229,9.60294],[76.89219,9.60327],[76.89246,9.60405],[76.89253,9.60443],[76.89254,9.60485],[76.89243,9.60513],[76.89201,9.6053],[76.89178,9.60537],[76.89138,9.60548],[76.89113,9.60556],[76.89069,9.60594],[76.89038,9.6062],[76.89002,9.60652],[76.88998,9.60662],[76.88991,9.60681],[76.89001,9.60749],[76.89009,9.6079],[76.89047,9.60856],[76.89083,9.60892],[76.89152,9.60928],[76.89187,9.60972],[76.89196,9.61012],[76.89182,9.61045],[76.89169,9.61052],[76.89134,9.61046],[76.89092,9.60994],[76.89056,9.60958],[76.89013,9.60939],[76.88972,9.60926],[76.88926,9.60924],[76.88889,9.60932],[76.88854,9.60952],[76.88829,9.60981],[76.88814,9.61014],[76.88812,9.61066],[76.88851,9.61161],[76.88885,9.61229],[76.88949,9.61329],[76.89072,9.6146],[76.89116,9.61486],[76.8915,9.61521],[76.89159,9.6157],[76.89138,9.616],[76.89114,9.61633],[76.89089,9.61653],[76.89065,9.61721],[76.89052,9.61777],[76.89031,9.61799],[76.88979,9.61812],[76.88851,9.61849],[76.88795,9.61864],[76.88759,9.61905],[76.88731,9.61973],[76.88731,9.62006],[76.88746,9.62045],[76.88793,9.62079],[76.88855,9.621],[76.88979,9.62129],[76.89365,9.62121],[76.89252,9.62538],[76.89265,9.62927],[76.89285,9.63093],[76.89294,9.63163],[76.89477,9.63363],[76.8971,9.63409],[76.8988,9.6343],[76.90059,9.63417],[76.90269,9.63435],[76.90419,9.63358],[76.90709,9.63066],[76.90893,9.62751],[76.91125,9.62749],[76.91425,9.62593],[76.91649,9.62339],[76.91766,9.62205],[76.92387,9.61973],[76.92399,9.61963],[76.92779,9.61642],[76.92968,9.61486],[76.93135,9.61681],[76.93,9.61755],[76.93043,9.61848],[76.93204,9.61748],[76.93189,9.61935],[76.93202,9.62045],[76.93365,9.62007],[76.9349,9.62026],[76.93494,9.62165],[76.93292,9.6224],[76.93266,9.62402],[76.9322,9.62517],[76.93179,9.62619],[76.93132,9.62737],[76.93112,9.62787],[76.93055,9.62861],[76.92994,9.62941],[76.92656,9.63271],[76.92183,9.63733],[76.91999,9.64073],[76.91975,9.64118],[76.91912,9.64247],[76.91851,9.64374],[76.91837,9.64401],[76.91985,9.6474],[76.92218,9.64726],[76.92236,9.65059],[76.92565,9.65057],[76.92673,9.65221],[76.92685,9.65491],[76.92264,9.65842],[76.91651,9.66205],[76.91465,9.66447],[76.91452,9.66463],[76.91307,9.66644],[76.91217,9.66821],[76.91208,9.66996],[76.91206,9.67033],[76.91203,9.67092],[76.91158,9.6712],[76.9049,9.67536],[76.90241,9.67815],[76.90292,9.68172],[76.90322,9.68387],[76.902,9.68742],[76.89894,9.69458],[76.89859,9.69539],[76.89606,9.70263],[76.89065,9.71054],[76.88975,9.71574],[76.88807,9.71751],[76.88529,9.72036],[76.88239,9.72088],[76.8783,9.72253],[76.874,9.72483],[76.8681,9.72923],[76.86668,9.73196],[76.86662,9.73537],[76.86645,9.73534],[76.86429,9.73345],[76.86208,9.73152],[76.86039,9.73004],[76.85395,9.73591],[76.84745,9.74143],[76.84726,9.74182],[76.84352,9.74941],[76.84263,9.7521],[76.83993,9.75479],[76.83913,9.75558],[76.83912,9.75653],[76.83675,9.75752],[76.83522,9.75816],[76.83059,9.76172],[76.82793,9.76339],[76.82749,9.76431],[76.82763,9.76527],[76.8282,9.76636],[76.82805,9.76913],[76.82612,9.77086],[76.81835,9.77783],[76.81625,9.77964],[76.81478,9.78092],[76.81015,9.78713],[76.80849,9.78897],[76.80396,9.79267],[76.79956,9.79549],[76.79946,9.79554],[76.79563,9.79804],[76.79428,9.79893],[76.78841,9.80225],[76.77874,9.80774],[76.76726,9.8109],[76.76508,9.8115],[76.76218,9.81291],[76.75748,9.81521],[76.75405,9.81737],[76.75056,9.81435],[76.7498,9.81369],[76.75075,9.80566],[76.74631,9.80469],[76.74259,9.80388],[76.7392,9.80654],[76.73613,9.8069],[76.73399,9.80968],[76.73137,9.81065],[76.73002,9.81242],[76.72543,9.81199],[76.72182,9.81259],[76.71963,9.81504],[76.71712,9.81784],[76.71051,9.81952],[76.71,9.82183],[76.70293,9.82411],[76.69985,9.82511],[76.6965,9.83331],[76.69129,9.83272],[76.69096,9.83397],[76.68981,9.83388],[76.68652,9.83342],[76.68512,9.8335],[76.68292,9.83608],[76.68303,9.83795],[76.68313,9.83957],[76.68054,9.8383],[76.67923,9.83822],[76.67579,9.84046],[76.67416,9.84283],[76.66762,9.84454],[76.66354,9.83966],[76.65987,9.84018],[76.65428,9.84063],[76.65271,9.84076],[76.65091,9.8409],[76.64974,9.84017],[76.64608,9.84032],[76.64417,9.84218],[76.64043,9.84412],[76.63556,9.84585],[76.63447,9.84662],[76.62917,9.84913],[76.62792,9.85114],[76.62878,9.85599],[76.62525,9.85681],[76.6232,9.85729],[76.61822,9.8561],[76.61612,9.85182],[76.61292,9.85174],[76.61151,9.85312],[76.61074,9.85113],[76.61056,9.85067],[76.60924,9.85001],[76.60949,9.84738],[76.61393,9.84273],[76.61632,9.83937],[76.61729,9.83743],[76.6173,9.83741],[76.61731,9.83739],[76.61735,9.8373],[76.61645,9.83611],[76.61511,9.8364],[76.61175,9.83757],[76.61098,9.84073],[76.60882,9.84156],[76.60854,9.83912],[76.60778,9.83906],[76.60594,9.83892],[76.60419,9.84111],[76.60181,9.84409],[76.5984,9.84479],[76.59655,9.84384],[76.59507,9.84553],[76.5929,9.8449],[76.59198,9.84437],[76.59102,9.84372],[76.58968,9.84328],[76.58541,9.84304],[76.57964,9.84305],[76.58114,9.84052],[76.58067,9.83758],[76.57981,9.83621],[76.5799,9.83056],[76.58161,9.82798],[76.58153,9.82416],[76.58007,9.82088],[76.57795,9.82052],[76.57645,9.81803],[76.57477,9.81807],[76.57213,9.82073],[76.56764,9.82288],[76.56473,9.82179],[76.56353,9.8194],[76.56102,9.81896],[76.56039,9.81642],[76.55959,9.81547],[76.55832,9.81343],[76.55861,9.81132],[76.559,9.80938],[76.55694,9.80777],[76.55673,9.80627],[76.55701,9.80551],[76.55779,9.80339],[76.55692,9.80256],[76.55609,9.80221],[76.55548,9.80213],[76.55338,9.80175],[76.55171,9.80152],[76.55117,9.80144],[76.55109,9.80143],[76.54874,9.80155],[76.54796,9.80033],[76.54713,9.79931],[76.54651,9.8024],[76.54499,9.80254],[76.54205,9.80591],[76.54239,9.80874],[76.54326,9.80997],[76.54458,9.81183],[76.53969,9.81386],[76.53839,9.82105],[76.53196,9.82376],[76.52903,9.82424],[76.52402,9.82507],[76.52046,9.82257],[76.52006,9.8261],[76.51926,9.83306],[76.51398,9.84346],[76.51454,9.84706],[76.51166,9.84948],[76.50939,9.85052],[76.50645,9.85088],[76.50529,9.84994],[76.50498,9.84994],[76.50452,9.84994],[76.5039,9.84995],[76.5016,9.84993],[76.49855,9.85129],[76.49642,9.85091],[76.49409,9.85021],[76.4922,9.84995],[76.49032,9.8477],[76.48945,9.84707],[76.48884,9.84664],[76.4872,9.84512],[76.4858,9.8447],[76.48357,9.84414],[76.48236,9.84458],[76.48174,9.84692],[76.48065,9.84715],[76.47996,9.84669],[76.47905,9.84545],[76.47448,9.84255],[76.46983,9.84383],[76.46446,9.84545],[76.45744,9.84737],[76.45444,9.84071],[76.4516,9.84094],[76.45156,9.84094],[76.44995,9.84103],[76.44988,9.84086],[76.44675,9.83511],[76.44521,9.83359],[76.4427,9.83245],[76.43819,9.8304],[76.43654,9.82938],[76.43454,9.82825],[76.42789,9.82452],[76.42101,9.8231],[76.4192,9.8234],[76.41468,9.82312],[76.41173,9.82757],[76.40783,9.82731],[76.40528,9.83032],[76.40015,9.83004],[76.39823,9.8298],[76.39607,9.8296],[76.39535,9.83036],[76.3952,9.83036],[76.39476,9.83045],[76.3945,9.8305],[76.39315,9.83348],[76.39099,9.83737],[76.39022,9.83993],[76.38967,9.84109],[76.38939,9.84188],[76.38924,9.8423],[76.3888,9.84354],[76.38852,9.84434],[76.38438,9.84415],[76.37981,9.84212],[76.37767,9.84005],[76.37488,9.83722],[76.37262,9.83673],[76.37775,9.83147],[76.37827,9.82979],[76.38034,9.82318],[76.38159,9.8198],[76.38097,9.81653],[76.37916,9.81388],[76.3755,9.80987],[76.3735,9.80767],[76.36813,9.80166],[76.36633,9.79819],[76.36601,9.79468],[76.36565,9.79189],[76.3674,9.78705],[76.36813,9.78504],[76.37047,9.77916],[76.37137,9.77576],[76.37229,9.77223],[76.37359,9.76825],[76.37888,9.75709],[76.38086,9.74869],[76.38131,9.74383],[76.38,9.73856],[76.38046,9.73424],[76.38043,9.72773],[76.37998,9.72573],[76.37803,9.71701],[76.37618,9.70567],[76.37622,9.69914],[76.37624,9.69686],[76.39853,9.68759],[76.40089,9.6866],[76.40228,9.68603],[76.40149,9.67765],[76.40004,9.67353],[76.39852,9.66921],[76.39725,9.66097],[76.39648,9.65383],[76.39786,9.64742],[76.39935,9.64058],[76.39953,9.63976],[76.39915,9.63665],[76.39865,9.63242],[76.39844,9.62887],[76.39822,9.62489],[76.39617,9.60217],[76.39498,9.58979],[76.39351,9.57676],[76.39207,9.55188],[76.39185,9.5481],[76.40444,9.55349],[76.40492,9.55919],[76.41511,9.56309],[76.41543,9.5583],[76.42253,9.55645],[76.42608,9.54949],[76.43499,9.55216],[76.45117,9.55694],[76.4655,9.56129],[76.46528,9.54205],[76.47871,9.53748],[76.48259,9.52841],[76.48302,9.50808],[76.4849,9.50834],[76.48977,9.50902],[76.49289,9.50736],[76.49524,9.50722],[76.49839,9.50389],[76.50621,9.5041],[76.50672,9.50411],[76.50997,9.4995],[76.51134,9.49785],[76.51224,9.49544],[76.51273,9.49413],[76.51324,9.49185],[76.51578,9.48832],[76.51488,9.48752],[76.50955,9.48846],[76.50641,9.4867],[76.50849,9.47797],[76.50561,9.47717],[76.50527,9.46722],[76.50108,9.46281],[76.50016,9.46185],[76.49772,9.4544],[76.49737,9.44935],[76.4972,9.4469],[76.49437,9.44415],[76.49647,9.43998],[76.49957,9.44003],[76.50386,9.43896],[76.50677,9.43884],[76.5084,9.43802],[76.50877,9.43784],[76.50951,9.43736],[76.51119,9.43628],[76.50385,9.4295],[76.50472,9.42941],[76.50479,9.4294],[76.50792,9.42907],[76.50618,9.42427],[76.50853,9.42224],[76.50854,9.41872],[76.50687,9.4161],[76.50634,9.41479],[76.50563,9.41302],[76.50551,9.41227],[76.50537,9.41135],[76.50557,9.40979],[76.50574,9.40937],[76.50645,9.40822],[76.50677,9.40747],[76.50665,9.40647],[76.50584,9.40595],[76.50547,9.40485],[76.50591,9.40355],[76.50646,9.40335],[76.50722,9.40293],[76.5084,9.40263],[76.50963,9.40217],[76.51104,9.40134],[76.51231,9.40036],[76.51477,9.40026],[76.51628,9.40304],[76.51593,9.40658],[76.51566,9.40808],[76.51737,9.40817],[76.518,9.40836],[76.52076,9.40842],[76.52274,9.40848],[76.52402,9.40867],[76.52499,9.40933],[76.52546,9.41058],[76.52548,9.41255],[76.52902,9.41274],[76.53042,9.41278],[76.53057,9.41646],[76.53544,9.41704],[76.53593,9.41593],[76.53694,9.41479],[76.53766,9.41504],[76.53784,9.41511],[76.53864,9.41632],[76.53939,9.41816],[76.53956,9.4203],[76.54179,9.42082],[76.54252,9.42184],[76.54284,9.42229],[76.54417,9.42267],[76.5451,9.42277],[76.5467,9.42264],[76.54846,9.4225],[76.54952,9.42275],[76.55106,9.42358],[76.55194,9.42411],[76.55218,9.42421],[76.55273,9.42353],[76.55296,9.4231],[76.55322,9.42254],[76.55323,9.42235],[76.55366,9.4211],[76.55417,9.41922],[76.55447,9.41697],[76.55497,9.41496],[76.55548,9.41325],[76.5569,9.41242],[76.56039,9.41107],[76.56329,9.41079],[76.56436,9.41107],[76.5655,9.41121],[76.56715,9.41246],[76.56917,9.41462],[76.56928,9.41471],[76.5722,9.41706],[76.57419,9.41788],[76.57516,9.41879],[76.57617,9.41979],[76.57694,9.42051],[76.57773,9.4214],[76.57951,9.4219],[76.5814,9.42148],[76.58539,9.42023],[76.58728,9.41985],[76.589,9.41909],[76.59011,9.41795],[76.59074,9.41676],[76.59144,9.41483],[76.59207,9.41354],[76.59344,9.41358],[76.5946,9.41524],[76.5946,9.41655],[76.5955,9.41881],[76.59598,9.4197],[76.59623,9.42015],[76.59608,9.42146],[76.59522,9.42214],[76.59342,9.42275],[76.59168,9.42356],[76.59129,9.42489],[76.5914,9.42643],[76.59144,9.42933],[76.59143,9.42978],[76.59142,9.43006],[76.59142,9.43013],[76.59136,9.43173],[76.59215,9.43607],[76.59216,9.43622],[76.59222,9.43765],[76.59181,9.43924],[76.59121,9.44051],[76.59056,9.44206],[76.59039,9.44498],[76.59035,9.4457],[76.59033,9.44659],[76.59069,9.44741],[76.59114,9.44832],[76.59162,9.44874],[76.59243,9.4472],[76.59348,9.44697],[76.59503,9.44739],[76.59517,9.44749],[76.59595,9.44807],[76.59644,9.44904],[76.59692,9.45008],[76.59777,9.45048],[76.59945,9.4502],[76.60067,9.45012],[76.60286,9.45073],[76.60391,9.45088],[76.60421,9.45164],[76.60348,9.45268],[76.6029,9.45368],[76.60252,9.45431],[76.60245,9.45543],[76.60249,9.45677],[76.60275,9.45746],[76.60376,9.45761],[76.60522,9.45708],[76.60683,9.45628],[76.60771,9.45552],[76.60893,9.45495],[76.60947,9.45522],[76.60925,9.45626],[76.60876,9.45778],[76.60882,9.45854],[76.60876,9.4595],[76.6091,9.45998],[76.6102,9.46043],[76.61342,9.46081],[76.615,9.46103],[76.61522,9.46091],[76.61603,9.46119],[76.61788,9.46096],[76.61968,9.46017],[76.62011,9.45998],[76.62159,9.46051],[76.62363,9.46123],[76.62554,9.46214],[76.62565,9.46502],[76.6253,9.46665],[76.62535,9.46822],[76.62591,9.46951],[76.62604,9.46975],[76.62668,9.47091],[76.62807,9.47177],[76.62906,9.47194],[76.62998,9.47201],[76.63056,9.47205],[76.63157,9.47156],[76.63299,9.46796],[76.6338,9.46576],[76.63479,9.4636],[76.63526,9.46326],[76.6362,9.46388],[76.63758,9.46523],[76.63932,9.46654],[76.64043,9.46794],[76.64114,9.46947],[76.64123,9.47624],[76.64161,9.47753],[76.6419,9.47803],[76.64217,9.4785],[76.64318,9.47891],[76.64455,9.47895],[76.64582,9.47884],[76.64756,9.47842],[76.64867,9.47876],[76.64994,9.48028],[76.65142,9.48147],[76.65213,9.48179],[76.66107,9.48238],[76.66378,9.48189],[76.66586,9.48193],[76.66672,9.48216],[76.66796,9.482],[76.66974,9.48155],[76.67101,9.48113],[76.67225,9.48128],[76.67279,9.48191],[76.67358,9.48288],[76.67489,9.48392],[76.6759,9.48443],[76.67708,9.48432],[76.67854,9.48379],[76.67985,9.48278],[76.68059,9.48237],[76.68333,9.48083],[76.68573,9.47876],[76.68742,9.47776],[76.6886,9.47721],[76.6903,9.47747],[76.69333,9.47857],[76.69723,9.47804],[76.69826,9.47742],[76.70034,9.47639],[76.70068,9.47482],[76.70047,9.4733],[76.70066,9.47222],[76.70124,9.47158],[76.70144,9.4713],[76.70197,9.47052],[76.70219,9.46856],[76.70278,9.46648],[76.70255,9.46447],[76.70246,9.46292],[76.70439,9.46189],[76.7062,9.461],[76.70692,9.45959],[76.70767,9.45713],[76.70805,9.45568],[76.70811,9.4553],[76.70842,9.45491],[76.70882,9.45487],[76.71048,9.45557],[76.71219,9.45612],[76.71354,9.45677],[76.71436,9.45788],[76.71587,9.4592],[76.71677,9.46043],[76.71757,9.46122],[76.71816,9.46185],[76.71962,9.46224],[76.72028,9.46249],[76.72037,9.46255],[76.72127,9.46312],[76.72206,9.46386],[76.72271,9.46431],[76.72446,9.46459],[76.72597,9.46487],[76.7264,9.46502],[76.7279,9.46555],[76.72948,9.46591],[76.73078,9.46647],[76.73162,9.46694],[76.73111,9.46896],[76.73081,9.46989],[76.7309,9.4711],[76.73111,9.47247],[76.73156,9.47338],[76.73249,9.47404],[76.73364,9.47476],[76.73523,9.47537],[76.73562,9.47539],[76.73742,9.47546],[76.74004,9.47516],[76.74324,9.47397],[76.74394,9.47374],[76.74549,9.47393],[76.74616,9.4741],[76.74684,9.47427],[76.74783,9.47391],[76.74738,9.47294],[76.74663,9.47201],[76.74678,9.47114],[76.7474,9.47057],[76.74806,9.46991],[76.74813,9.46572],[76.74866,9.46271],[76.75008,9.46405],[76.75094,9.46443],[76.7516,9.4636],[76.75167,9.46227],[76.75027,9.46178],[76.75135,9.45929],[76.75137,9.45829],[76.75111,9.45681],[76.75091,9.45633],[76.75079,9.45603],[76.74967,9.45556],[76.74796,9.45543],[76.74813,9.45255],[76.74978,9.45285],[76.7515,9.4533],[76.75411,9.45389],[76.75881,9.44925],[76.75937,9.44845],[76.76109,9.44601],[76.76154,9.44223],[76.76248,9.44076],[76.763,9.44009],[76.7639,9.43837],[76.76493,9.43683],[76.76708,9.43774],[76.76765,9.43867],[76.76789,9.44047],[76.76815,9.44144],[76.76959,9.44223],[76.7715,9.44345],[76.77579,9.44489],[76.77697,9.44528],[76.7781,9.44565],[76.78102,9.44752],[76.78231,9.44822],[76.78413,9.44836],[76.78649,9.4486],[76.78812,9.44783],[76.78873,9.44667],[76.78939,9.44667],[76.79096,9.44682],[76.79222,9.44714],[76.79263,9.44832],[76.79255,9.44991],[76.79205,9.45071],[76.79205,9.45173],[76.79319,9.45247],[76.79439,9.45344],[76.79544,9.45385],[76.79647,9.4533],[76.79787,9.45222],[76.79891,9.45209],[76.79933,9.45205],[76.79978,9.45321],[76.79978,9.45501],[76.79999,9.45626],[76.80029,9.45789],[76.80079,9.45829],[76.80136,9.45743],[76.80154,9.45717],[76.80242,9.45567],[76.80355,9.45512],[76.80538,9.4549],[76.80684,9.45492],[76.809,9.45528],[76.81057,9.45541],[76.81269,9.45518],[76.814,9.45514],[76.81529,9.45573],[76.81617,9.45594],[76.81817,9.45569],[76.81935,9.45473],[76.82031,9.45291],[76.82126,9.45027],[76.82231,9.44836],[76.82312,9.44652],[76.82465,9.44663],[76.82626,9.44718],[76.82714,9.448],[76.82756,9.44942],[76.82782,9.4509],[76.82853,9.45213],[76.82958,9.45268],[76.83278,9.45258],[76.83351,9.45226],[76.83415,9.45063],[76.83503,9.44995],[76.83658,9.45006],[76.83814,9.45012],[76.84001,9.45033],[76.8419,9.4504],[76.84359,9.44993],[76.84497,9.44921],[76.84498,9.44918],[76.84623,9.44718],[76.84767,9.44563],[76.84872,9.44604],[76.84973,9.44695],[76.851,9.44798],[76.85162,9.44855],[76.85205,9.44951],[76.85198,9.45069],[76.8516,9.45135],[76.85149,9.45203],[76.85207,9.45285],[76.85314,9.45302],[76.85374,9.45319],[76.85351,9.45401],[76.85239,9.45467],[76.85179,9.45478],[76.85205,9.4556],[76.85282,9.45698],[76.85387,9.45751],[76.85494,9.45734],[76.8557,9.4559],[76.85647,9.4545],[76.85735,9.45387],[76.85823,9.45393],[76.85984,9.45385],[76.86233,9.4526],[76.86584,9.45027],[76.86672,9.44987],[76.87123,9.44783],[76.87258,9.44748],[76.87519,9.4465],[76.87592,9.4463],[76.8802,9.44512],[76.88621,9.44242],[76.8899,9.43964],[76.89129,9.43886],[76.89184,9.43858],[76.8963,9.43504],[76.89925,9.43395],[76.90156,9.43249],[76.90231,9.43221],[76.90326,9.43187],[76.90344,9.43175],[76.90371,9.43156],[76.90404,9.43134],[76.90468,9.43071],[76.90522,9.42969],[76.90691,9.42925],[76.90927,9.42739],[76.91009,9.4265],[76.91084,9.42533],[76.91161,9.4244],[76.91267,9.42424],[76.91312,9.42417],[76.91421,9.42499],[76.91584,9.42535],[76.91809,9.42559],[76.92,9.42578],[76.92206,9.42546],[76.9225,9.42507],[76.92408,9.42366],[76.92434,9.42243],[76.92361,9.42125],[76.92264,9.41949],[76.92219,9.41784],[76.92275,9.41659],[76.92505,9.41555],[76.92654,9.41532],[76.9365,9.42045],[76.94123,9.42288],[76.94427,9.42012],[76.96999,9.42596],[76.98345,9.42392],[76.98378,9.42436],[76.98433,9.42512],[76.98451,9.42582],[76.98431,9.42688],[76.98352,9.42745],[76.98178,9.42777],[76.98015,9.42864],[76.97888,9.4288],[76.9768,9.42887],[76.97573,9.42927],[76.97491,9.42897],[76.9733,9.42919],[76.97273,9.43003],[76.97326,9.4306],[76.97363,9.43173],[76.97335,9.43268],[76.97255,9.43306],[76.97039,9.43238],[76.96852,9.43253],[76.96732,9.43319],[76.96519,9.43353],[76.96399,9.43363],[76.96341,9.43245],[76.96395,9.43147],[76.96444,9.43056],[76.96386,9.42893],[76.96283,9.4276],[76.96176,9.42701],[76.9611,9.42766],[76.95953,9.42836],[76.95773,9.4295],[76.95573,9.43018],[76.95489,9.43054],[76.95384,9.43107],[76.95301,9.4323],[76.95341,9.43384],[76.95359,9.43484],[76.95361,9.43587],[76.9524,9.43634],[76.94974,9.43611],[76.94839,9.43602],[76.94708,9.43528],[76.94683,9.43405],[76.94743,9.4331],[76.9471,9.43219],[76.94509,9.43101],[76.94389,9.43067],[76.94281,9.43071],[76.94241,9.43124],[76.942,9.43209],[76.942,9.43319],[76.94241,9.43408]]]}},{"type":"Feature","properties":{"district":"Kozhikode","name_ml":"കോഴിക്കോട് ജില്ല","wikidata":"Q1142979","admin_level":5},"geometry":{"type":"MultiPolygon","coordinates":[[[[75.99768,11.53265],[75.99616,11.53582],[75.99454,11.53679],[75.99256,11.53643],[75.99046,11.5376],[75.9883,11.53901],[75.98522,11.54059],[75.98112,11.54059],[75.97986,11.5416],[75.97917,11.54215],[75.97694,11.54393],[75.97671,11.54416],[75.97502,11.54581],[75.97449,11.54634],[75.97378,11.54718],[75.97294,11.54826],[75.97126,11.55072],[75.96879,11.55276],[75.96608,11.55544],[75.96528,11.55601],[75.96429,11.5567],[75.96161,11.55811],[75.95876,11.55951],[75.95876,11.55982],[75.95905,11.56043],[75.95942,11.56151],[75.9593,11.56335],[75.95922,11.56381],[75.95912,11.56473],[75.95886,11.56586],[75.95892,11.56679],[75.95869,11.5674],[75.95828,11.56785],[75.95766,11.5683],[75.95757,11.5686],[75.95802,11.56938],[75.95816,11.5703],[75.95806,11.57091],[75.95782,11.57152],[75.95727,11.57235],[75.95811,11.57335],[75.95817,11.57367],[75.95824,11.57421],[75.95814,11.57482],[75.95775,11.57535],[75.95712,11.57579],[75.95641,11.57609],[75.95571,11.5763],[75.95531,11.57683],[75.95507,11.57744],[75.95459,11.57804],[75.95406,11.57882],[75.95385,11.57904],[75.95365,11.57932],[75.95317,11.57985],[75.95268,11.58031],[75.9519,11.58085],[75.95089,11.58104],[75.95028,11.5808],[75.94811,11.5803],[75.94742,11.57991],[75.9472,11.57998],[75.94656,11.58081],[75.94601,11.58118],[75.94463,11.58164],[75.94047,11.58371],[75.94025,11.58437],[75.94,11.5852],[75.93922,11.58718],[75.93877,11.58837],[75.93837,11.58939],[75.93794,11.58962],[75.93732,11.5896],[75.93635,11.58953],[75.93579,11.58971],[75.93497,11.58994],[75.93488,11.58999],[75.93437,11.59035],[75.93373,11.5903],[75.93281,11.59005],[75.93168,11.58969],[75.93065,11.58953],[75.92947,11.59011],[75.92838,11.5911],[75.92768,11.5919],[75.92725,11.59286],[75.9268,11.59218],[75.92614,11.59234],[75.92461,11.59246],[75.92384,11.59209],[75.92282,11.59234],[75.92123,11.59372],[75.91905,11.59435],[75.91823,11.59508],[75.91788,11.59635],[75.91721,11.59801],[75.9166,11.59902],[75.91559,11.59983],[75.9147,11.60037],[75.9136,11.60063],[75.91271,11.60069],[75.91021,11.60105],[75.90922,11.6017],[75.90857,11.60245],[75.90811,11.60349],[75.90756,11.60614],[75.90708,11.60784],[75.90634,11.60934],[75.90629,11.61102],[75.90588,11.61248],[75.90517,11.6137],[75.90449,11.61437],[75.90289,11.6152],[75.90223,11.61567],[75.90198,11.61639],[75.90184,11.6176],[75.90139,11.61988],[75.90003,11.62095],[75.89875,11.62201],[75.89827,11.6226],[75.89817,11.62312],[75.89811,11.62361],[75.89807,11.62422],[75.89799,11.6255],[75.89826,11.62638],[75.89851,11.62701],[75.89958,11.62871],[75.89969,11.62974],[75.8997,11.63091],[75.89965,11.63212],[75.89979,11.63292],[75.90002,11.63501],[75.90006,11.63583],[75.89948,11.63774],[75.89845,11.64009],[75.898,11.64143],[75.89765,11.6424],[75.89795,11.6433],[75.89928,11.64442],[75.90006,11.64593],[75.90068,11.64728],[75.90308,11.65085],[75.90349,11.65266],[75.90349,11.65444],[75.90347,11.65585],[75.90334,11.65701],[75.90422,11.65797],[75.90549,11.66062],[75.90538,11.66319],[75.90499,11.66491],[75.9042,11.66899],[75.90396,11.66943],[75.90252,11.67216],[75.90177,11.67413],[75.90139,11.67556],[75.90188,11.6775],[75.90338,11.67907],[75.90461,11.6797],[75.90574,11.68065],[75.90645,11.68168],[75.90737,11.68292],[75.90881,11.68355],[75.91023,11.68382],[75.91375,11.68617],[75.91529,11.68762],[75.91551,11.68895],[75.91476,11.68975],[75.91392,11.69136],[75.9104,11.69307],[75.90819,11.69445],[75.9063,11.695],[75.90469,11.69559],[75.9039,11.69611],[75.90345,11.69641],[75.90188,11.69748],[75.90062,11.69857],[75.89965,11.69887],[75.89836,11.69872],[75.89684,11.69872],[75.89381,11.69912],[75.8922,11.69954],[75.89077,11.6995],[75.88965,11.69927],[75.88925,11.69924],[75.88776,11.69916],[75.88632,11.6992],[75.8851,11.69925],[75.88216,11.69937],[75.88113,11.70071],[75.88019,11.70183],[75.87845,11.70343],[75.87735,11.70429],[75.87605,11.70429],[75.87517,11.70357],[75.87435,11.70256],[75.87353,11.70181],[75.87291,11.70177],[75.87002,11.70183],[75.86757,11.7021],[75.86619,11.70268],[75.86592,11.7028],[75.86493,11.70366],[75.86384,11.70462],[75.86274,11.70471],[75.8615,11.70414],[75.85856,11.70307],[75.85652,11.70233],[75.85392,11.70269],[75.85176,11.70366],[75.85051,11.70448],[75.8465,11.70622],[75.84592,11.70746],[75.84583,11.70988],[75.846,11.71223],[75.84536,11.7141],[75.84339,11.71584],[75.841,11.71803],[75.83873,11.71925],[75.83721,11.71967],[75.83549,11.71965],[75.83289,11.72007],[75.83156,11.72179],[75.83092,11.72324],[75.83062,11.72456],[75.82927,11.72513],[75.82772,11.72574],[75.82747,11.72696],[75.82581,11.72738],[75.82485,11.72776],[75.82384,11.72939],[75.82304,11.73112],[75.82225,11.73305],[75.82118,11.73391],[75.81953,11.73406],[75.81759,11.73612],[75.81614,11.73799],[75.81506,11.73931],[75.81399,11.73984],[75.81264,11.73984],[75.81187,11.73982],[75.81144,11.74049],[75.81099,11.74223],[75.80845,11.74211],[75.80652,11.74246],[75.80476,11.74286],[75.80294,11.74351],[75.80191,11.74368],[75.80168,11.74362],[75.79908,11.74297],[75.79749,11.74287],[75.79654,11.74282],[75.7953,11.74282],[75.79453,11.74276],[75.79407,11.743],[75.79407,11.74445],[75.79594,11.74593],[75.79772,11.74673],[75.79888,11.74792],[75.80011,11.74897],[75.80034,11.75114],[75.80017,11.75196],[75.79815,11.75303],[75.79584,11.75341],[75.79423,11.75376],[75.79296,11.75488],[75.78899,11.75776],[75.78584,11.75841],[75.78431,11.75967],[75.78395,11.76141],[75.7847,11.76307],[75.78597,11.76349],[75.78749,11.7641],[75.78816,11.76514],[75.78845,11.76559],[75.78858,11.76706],[75.78996,11.77152],[75.78963,11.77237],[75.78948,11.77273],[75.78845,11.77372],[75.78822,11.77511],[75.78876,11.77601],[75.79026,11.77685],[75.79257,11.77994],[75.7933,11.78296],[75.79401,11.78469],[75.79401,11.78563],[75.79446,11.78899],[75.79381,11.79047],[75.79367,11.7908],[75.79129,11.79246],[75.78837,11.79399],[75.78275,11.79754],[75.78186,11.79833],[75.78103,11.79907],[75.77858,11.80048],[75.7771,11.80143],[75.77316,11.80399],[75.77088,11.80391],[75.76565,11.80416],[75.76369,11.80437],[75.76178,11.80502],[75.75992,11.8055],[75.75897,11.80582],[75.75783,11.80596],[75.75584,11.80596],[75.75412,11.8059],[75.75262,11.80577],[75.75123,11.80565],[75.74953,11.80418],[75.74805,11.80151],[75.74747,11.80082],[75.74674,11.80029],[75.74653,11.7991],[75.74751,11.79838],[75.74899,11.79767],[75.7514,11.79641],[75.75202,11.79601],[75.75299,11.79382],[75.75356,11.79271],[75.75417,11.79193],[75.75528,11.79067],[75.75588,11.78964],[75.75616,11.78853],[75.75565,11.78777],[75.75496,11.78677],[75.75399,11.78593],[75.75309,11.78538],[75.75178,11.78467],[75.75013,11.78427],[75.74904,11.78403],[75.74805,11.7842],[75.74723,11.78496],[75.74644,11.78601],[75.74552,11.78794],[75.74127,11.78782],[75.73912,11.78761],[75.73777,11.78771],[75.73653,11.78674],[75.7364,11.78496],[75.73584,11.78359],[75.73485,11.78265],[75.73333,11.78212],[75.73236,11.7821],[75.73076,11.78183],[75.72824,11.78212],[75.72807,11.78401],[75.72749,11.78595],[75.72567,11.78952],[75.72397,11.79168],[75.72114,11.7951],[75.7181,11.79685],[75.71337,11.79786],[75.71037,11.79807],[75.70816,11.79779],[75.7075,11.79851],[75.7061,11.79893],[75.70492,11.79893],[75.70365,11.79931],[75.70252,11.80006],[75.70031,11.80031],[75.69845,11.80033],[75.69373,11.80039],[75.69192,11.80019],[75.69123,11.79977],[75.69084,11.79832],[75.69097,11.79689],[75.69099,11.79485],[75.69099,11.79452],[75.69022,11.79338],[75.68793,11.79204],[75.68715,11.78992],[75.68675,11.78813],[75.68638,11.78656],[75.68622,11.78524],[75.68612,11.78441],[75.68552,11.78313],[75.68462,11.78019],[75.68391,11.77801],[75.68314,11.77618],[75.68288,11.77589],[75.68213,11.77509],[75.68112,11.77494],[75.67941,11.77479],[75.67726,11.7746],[75.67374,11.77271],[75.67181,11.7721],[75.67147,11.77197],[75.67052,11.77158],[75.66891,11.7711],[75.66793,11.77023],[75.6672,11.76889],[75.6664,11.76689],[75.66589,11.76429],[75.6652,11.76079],[75.66496,11.76061],[75.66454,11.76029],[75.66359,11.76013],[75.66224,11.76001],[75.66036,11.75989],[75.65923,11.75937],[75.65903,11.7587],[75.65864,11.75802],[75.65817,11.75719],[75.65807,11.75693],[75.65792,11.75668],[75.65785,11.75658],[75.65763,11.75605],[75.65733,11.75537],[75.6572,11.75519],[75.65694,11.75522],[75.6566,11.75534],[75.65633,11.75555],[75.6561,11.75574],[75.6559,11.75586],[75.65569,11.75598],[75.6554,11.75592],[75.65533,11.75591],[75.65499,11.75553],[75.65478,11.75505],[75.65476,11.75475],[75.65473,11.75428],[75.65484,11.75391],[75.65457,11.75351],[75.65408,11.75337],[75.65395,11.75347],[75.65381,11.75358],[75.65345,11.754],[75.65345,11.75432],[75.65285,11.75444],[75.65239,11.75415],[75.65212,11.75406],[75.65169,11.75382],[75.65135,11.75341],[75.65115,11.75289],[75.65088,11.75223],[75.65046,11.75175],[75.65065,11.75111],[75.65072,11.75089],[75.65066,11.75062],[75.65051,11.75047],[75.6503,11.75026],[75.64995,11.75003],[75.64943,11.74998],[75.64936,11.75],[75.64881,11.75017],[75.64853,11.75005],[75.64797,11.74939],[75.64803,11.74878],[75.64807,11.74864],[75.64825,11.74812],[75.64828,11.74801],[75.64837,11.74747],[75.64838,11.74716],[75.64816,11.74636],[75.64816,11.74601],[75.64785,11.74563],[75.64747,11.74562],[75.6474,11.74569],[75.64704,11.746],[75.64674,11.74693],[75.64653,11.74719],[75.64649,11.74724],[75.64628,11.74718],[75.64595,11.74688],[75.64572,11.74636],[75.64591,11.74554],[75.64597,11.74524],[75.64592,11.74491],[75.64587,11.74467],[75.64577,11.7444],[75.64554,11.74419],[75.64536,11.74375],[75.64516,11.74355],[75.64455,11.74336],[75.64398,11.74331],[75.64349,11.74334],[75.64306,11.7438],[75.64284,11.74447],[75.642,11.74442],[75.64159,11.74398],[75.64101,11.7437],[75.64062,11.74287],[75.64029,11.74234],[75.63986,11.74168],[75.63958,11.74088],[75.63925,11.74039],[75.63865,11.73998],[75.63835,11.73965],[75.63799,11.73883],[75.63748,11.73764],[75.637,11.73767],[75.63665,11.73833],[75.63621,11.7385],[75.63597,11.73797],[75.6359,11.73723],[75.63546,11.73704],[75.63506,11.73748],[75.6345,11.73725],[75.63383,11.73734],[75.63332,11.73717],[75.63305,11.73698],[75.63156,11.73817],[75.63057,11.73868],[75.6297,11.73856],[75.6296,11.73736],[75.62922,11.73696],[75.62875,11.73696],[75.62775,11.73734],[75.62698,11.73787],[75.62646,11.73739],[75.62645,11.73633],[75.62541,11.73589],[75.625,11.73455],[75.62427,11.73416],[75.62305,11.7338],[75.62214,11.73341],[75.6216,11.73268],[75.62347,11.73245],[75.62406,11.73204],[75.62395,11.73131],[75.62274,11.731],[75.62208,11.73056],[75.62174,11.73014],[75.6214,11.72985],[75.62013,11.72857],[75.6194,11.72724],[75.61898,11.72701],[75.61809,11.72705],[75.61739,11.72713],[75.61684,11.72673],[75.61647,11.726],[75.61616,11.72489],[75.6156,11.72382],[75.61442,11.72378],[75.61136,11.72493],[75.61021,11.7243],[75.60907,11.72163],[75.6078,11.71991],[75.60729,11.71923],[75.6064,11.7178],[75.60613,11.71804],[75.60607,11.71852],[75.60702,11.72055],[75.60732,11.72149],[75.60687,11.72219],[75.606,11.72208],[75.60505,11.72162],[75.60416,11.72063],[75.60376,11.72008],[75.60264,11.71852],[75.60215,11.7182],[75.60147,11.71816],[75.59941,11.71865],[75.59873,11.71816],[75.59827,11.71754],[75.59755,11.71598],[75.59705,11.71513],[75.59609,11.71362],[75.5946,11.71276],[75.5936,11.71225],[75.59204,11.71257],[75.59052,11.71302],[75.58963,11.71306],[75.58877,11.71291],[75.58761,11.71248],[75.58707,11.71203],[75.58697,11.71164],[75.58686,11.7112],[75.58782,11.71056],[75.59181,11.70938],[75.59299,11.70758],[75.59365,11.70634],[75.59359,11.7052],[75.59332,11.70404],[75.59321,11.70356],[75.5918,11.69963],[75.59166,11.6991],[75.59168,11.69847],[75.5925,11.6977],[75.5935,11.6969],[75.5948,11.69631],[75.59718,11.69643],[75.60018,11.6961],[75.60146,11.69523],[75.60237,11.69408],[75.60285,11.69258],[75.60332,11.6912],[75.60333,11.69024],[75.60305,11.68949],[75.60234,11.68871],[75.60087,11.68742],[75.59894,11.68694],[75.59869,11.68699],[75.59685,11.68731],[75.59327,11.68795],[75.58931,11.68845],[75.58663,11.68665],[75.58578,11.68607],[75.58309,11.68426],[75.58057,11.68213],[75.57964,11.68052],[75.57883,11.67966],[75.57859,11.67949],[75.57568,11.67747],[75.57216,11.67586],[75.56962,11.67559],[75.56822,11.67638],[75.56774,11.67684],[75.56582,11.67938],[75.56544,11.67951],[75.56373,11.68011],[75.56352,11.6802],[75.56223,11.68051],[75.5619,11.68164],[75.5614,11.68331],[75.56169,11.68494],[75.56231,11.68845],[75.56242,11.68908],[75.56275,11.68989],[75.56339,11.69148],[75.56388,11.6925],[75.56372,11.69281],[75.56292,11.69456],[75.56006,11.69614],[75.5591,11.69663],[75.55659,11.69794],[75.55642,11.69803],[75.55616,11.6985],[75.5545,11.70145],[75.55362,11.70262],[75.55209,11.70336],[75.55071,11.70373],[75.54642,11.70426],[75.54468,11.70447],[75.54424,11.70373],[75.54366,11.70254],[75.54344,11.70211],[75.54324,11.7006],[75.54206,11.69997],[75.54225,11.69822],[75.54218,11.6976],[75.5413,11.69741],[75.54021,11.69697],[75.53896,11.69548],[75.53784,11.69425],[75.53752,11.69386],[75.53593,11.69239],[75.53609,11.69207],[75.53634,11.69168],[75.53654,11.69141],[75.53662,11.69121],[75.53674,11.69105],[75.53687,11.69087],[75.53693,11.69067],[75.53703,11.69055],[75.53715,11.69039],[75.53725,11.69019],[75.53735,11.69001],[75.53747,11.68985],[75.53755,11.68965],[75.53767,11.68947],[75.53775,11.68936],[75.53787,11.68918],[75.53789,11.68916],[75.53815,11.68873],[75.53828,11.68852],[75.53852,11.68812],[75.5387,11.68785],[75.53882,11.68762],[75.53896,11.68739],[75.53917,11.68707],[75.53929,11.68684],[75.53937,11.68671],[75.5395,11.6865],[75.53965,11.68621],[75.53979,11.68599],[75.53988,11.68584],[75.53999,11.68559],[75.54012,11.68537],[75.54049,11.68474],[75.54125,11.68332],[75.54173,11.68243],[75.54216,11.6816],[75.54261,11.68066],[75.5428,11.68032],[75.54292,11.68011],[75.5432,11.67955],[75.54326,11.67944],[75.54362,11.67874],[75.54386,11.67829],[75.54396,11.6781],[75.54423,11.67749],[75.54451,11.67689],[75.54517,11.67558],[75.5453,11.67529],[75.54552,11.67487],[75.54595,11.67393],[75.54602,11.67382],[75.54624,11.67341],[75.54647,11.6729],[75.54679,11.6722],[75.54693,11.67174],[75.54726,11.67108],[75.54738,11.67078],[75.54765,11.67012],[75.54801,11.66926],[75.54835,11.66824],[75.54841,11.66798],[75.5485,11.66731],[75.54856,11.66703],[75.54859,11.66674],[75.5486,11.66656],[75.54863,11.66563],[75.5486,11.66508],[75.54848,11.66431],[75.54845,11.66417],[75.54846,11.66402],[75.5485,11.66392],[75.54914,11.66413],[75.54991,11.66445],[75.54998,11.66445],[75.55005,11.6644],[75.55067,11.66324],[75.55169,11.66101],[75.55176,11.66086],[75.55153,11.6607],[75.55153,11.66061],[75.55155,11.66051],[75.55158,11.66045],[75.5517,11.66035],[75.55181,11.66024],[75.55204,11.66002],[75.55268,11.65907],[75.55427,11.65617],[75.55441,11.65586],[75.55453,11.65571],[75.55465,11.65544],[75.55515,11.65429],[75.55555,11.65341],[75.55614,11.65214],[75.55666,11.65099],[75.55726,11.6497],[75.55835,11.64733],[75.55848,11.64704],[75.55856,11.64686],[75.55862,11.64669],[75.55876,11.64637],[75.55895,11.64573],[75.5591,11.64533],[75.55927,11.64497],[75.55943,11.64459],[75.55966,11.64411],[75.55981,11.64385],[75.55991,11.64368],[75.56005,11.6434],[75.56021,11.64301],[75.56032,11.64273],[75.56037,11.64264],[75.56052,11.64225],[75.56056,11.64213],[75.56061,11.64201],[75.56074,11.6417],[75.56106,11.64098],[75.5613,11.64037],[75.56157,11.63969],[75.56176,11.63926],[75.56194,11.6388],[75.56226,11.63805],[75.56264,11.63727],[75.56292,11.63659],[75.56312,11.63612],[75.56333,11.63565],[75.56346,11.63532],[75.5637,11.63481],[75.56386,11.63442],[75.56391,11.63425],[75.56416,11.6329],[75.56419,11.63285],[75.56437,11.6326],[75.56449,11.63241],[75.56462,11.63211],[75.56491,11.63158],[75.56516,11.63095],[75.56528,11.63063],[75.56543,11.63032],[75.56581,11.62949],[75.56674,11.62734],[75.56726,11.62613],[75.56804,11.62424],[75.56829,11.62358],[75.56874,11.62253],[75.56886,11.62225],[75.56899,11.62189],[75.56904,11.62171],[75.56911,11.62146],[75.56914,11.62122],[75.56918,11.62101],[75.56924,11.62077],[75.56928,11.62057],[75.56939,11.62017],[75.56951,11.61984],[75.56959,11.61958],[75.56965,11.61948],[75.56986,11.61923],[75.57,11.619],[75.57012,11.61878],[75.57023,11.61853],[75.57036,11.6182],[75.57046,11.61804],[75.5706,11.61782],[75.57069,11.61761],[75.57077,11.61744],[75.57083,11.61726],[75.57099,11.61695],[75.57109,11.61665],[75.57121,11.61631],[75.57137,11.61589],[75.5715,11.61548],[75.5716,11.6152],[75.57192,11.61441],[75.57204,11.61399],[75.57219,11.61366],[75.57232,11.61332],[75.5724,11.61306],[75.57246,11.61284],[75.57261,11.61239],[75.57276,11.61204],[75.5729,11.61174],[75.57295,11.6115],[75.57308,11.61109],[75.57315,11.61085],[75.57331,11.61061],[75.57337,11.61048],[75.57355,11.60988],[75.57359,11.6097],[75.57371,11.60941],[75.57373,11.60929],[75.57376,11.60911],[75.57388,11.6088],[75.57404,11.60846],[75.57416,11.60826],[75.5743,11.60786],[75.57439,11.6076],[75.57448,11.60733],[75.57469,11.60675],[75.57493,11.60604],[75.57515,11.60525],[75.57526,11.60499],[75.57543,11.60456],[75.57557,11.60417],[75.57569,11.60387],[75.57582,11.60361],[75.57601,11.60332],[75.57613,11.60302],[75.57624,11.60265],[75.57634,11.60238],[75.57643,11.60209],[75.57676,11.60133],[75.57685,11.60099],[75.57694,11.60066],[75.57706,11.60032],[75.57718,11.60002],[75.57734,11.59965],[75.57746,11.59932],[75.57757,11.59903],[75.57767,11.5988],[75.57775,11.5986],[75.57787,11.59834],[75.57795,11.5981],[75.57813,11.59763],[75.57826,11.59727],[75.57835,11.597],[75.57841,11.59671],[75.57853,11.5963],[75.57862,11.59607],[75.57876,11.59561],[75.57885,11.59535],[75.57901,11.59493],[75.57915,11.59467],[75.57923,11.59445],[75.57944,11.594],[75.57953,11.59382],[75.57957,11.59361],[75.57973,11.59321],[75.57982,11.59295],[75.57998,11.59255],[75.5801,11.5922],[75.58017,11.59193],[75.58027,11.59162],[75.5803,11.59147],[75.58043,11.59111],[75.5805,11.59083],[75.58064,11.59052],[75.58075,11.59021],[75.58086,11.58991],[75.58099,11.58959],[75.5811,11.58936],[75.58125,11.58899],[75.58132,11.58874],[75.58146,11.58841],[75.58159,11.58812],[75.58166,11.58785],[75.58177,11.58756],[75.58188,11.5872],[75.58197,11.58693],[75.5821,11.58661],[75.58218,11.58631],[75.5823,11.58601],[75.58247,11.58567],[75.58256,11.58537],[75.58264,11.58518],[75.58275,11.5849],[75.58294,11.58435],[75.58311,11.5839],[75.58322,11.58357],[75.58332,11.58328],[75.58341,11.58297],[75.58343,11.58266],[75.58348,11.58247],[75.58353,11.5823],[75.58369,11.58187],[75.58382,11.58156],[75.58394,11.58122],[75.5841,11.58082],[75.58424,11.58046],[75.58438,11.58022],[75.58454,11.57983],[75.58461,11.57963],[75.58473,11.57924],[75.58484,11.57892],[75.58494,11.5786],[75.58504,11.57836],[75.58518,11.57804],[75.58534,11.57762],[75.58545,11.57739],[75.58553,11.5771],[75.58559,11.57683],[75.58569,11.57646],[75.58573,11.57628],[75.5858,11.57619],[75.58592,11.5758],[75.58599,11.5756],[75.58604,11.57544],[75.58615,11.57504],[75.58628,11.57461],[75.58634,11.57442],[75.58647,11.57402],[75.58658,11.57371],[75.58672,11.5734],[75.58681,11.57307],[75.58691,11.57278],[75.58699,11.57245],[75.58706,11.57223],[75.58717,11.57196],[75.58733,11.57163],[75.5875,11.57135],[75.58758,11.57115],[75.58769,11.57085],[75.58782,11.57055],[75.58793,11.57025],[75.58804,11.57002],[75.58836,11.5692],[75.58843,11.56892],[75.58844,11.5687],[75.58846,11.56844],[75.58851,11.56831],[75.58884,11.56741],[75.58966,11.56517],[75.59068,11.56241],[75.59073,11.5619],[75.59082,11.56115],[75.59109,11.56016],[75.59155,11.55884],[75.59231,11.55675],[75.59254,11.55604],[75.59285,11.55504],[75.59373,11.55328],[75.59417,11.55171],[75.59494,11.55004],[75.59569,11.54789],[75.59588,11.54691],[75.59605,11.54596],[75.59629,11.54543],[75.59765,11.54176],[75.59884,11.53854],[75.599,11.53813],[75.59994,11.53572],[75.60054,11.53431],[75.60154,11.53148],[75.60192,11.5305],[75.60247,11.52913],[75.60314,11.52746],[75.60399,11.52518],[75.60499,11.52255],[75.60508,11.52229],[75.60696,11.5173],[75.6078,11.51508],[75.60822,11.51384],[75.6085,11.51302],[75.60872,11.51243],[75.60891,11.51191],[75.60952,11.51037],[75.60999,11.50914],[75.6102,11.5085],[75.61084,11.5066],[75.61139,11.50498],[75.61189,11.50359],[75.61217,11.50272],[75.61283,11.50105],[75.6134,11.4993],[75.61349,11.49904],[75.61363,11.49861],[75.61403,11.49741],[75.6144,11.49613],[75.6145,11.49587],[75.61473,11.49512],[75.61501,11.49425],[75.61522,11.49318],[75.61557,11.49229],[75.61611,11.49083],[75.61672,11.48911],[75.61705,11.48801],[75.61717,11.48758],[75.61754,11.48615],[75.61781,11.48486],[75.61809,11.48355],[75.6183,11.48256],[75.61834,11.48234],[75.61835,11.48025],[75.61816,11.47971],[75.61785,11.47879],[75.61768,11.47831],[75.61712,11.47756],[75.6171,11.47749],[75.61717,11.47731],[75.61783,11.47688],[75.61923,11.47605],[75.61977,11.47557],[75.62025,11.47494],[75.62061,11.47467],[75.62128,11.47446],[75.6217,11.47458],[75.62265,11.47475],[75.62333,11.47475],[75.62458,11.47448],[75.62555,11.4741],[75.62679,11.47322],[75.6284,11.4716],[75.62936,11.47029],[75.6301,11.46907],[75.63022,11.4689],[75.63037,11.46871],[75.63051,11.46854],[75.63057,11.46837],[75.63064,11.46823],[75.63063,11.46814],[75.63064,11.46791],[75.63104,11.46731],[75.63175,11.4667],[75.63206,11.46622],[75.63231,11.46582],[75.63243,11.46533],[75.6324,11.46472],[75.63239,11.46443],[75.63265,11.46398],[75.63284,11.46363],[75.63283,11.46341],[75.63273,11.46315],[75.6328,11.46307],[75.63297,11.46297],[75.63344,11.46281],[75.63373,11.46263],[75.63386,11.46239],[75.63412,11.46222],[75.63415,11.46197],[75.63417,11.46176],[75.63426,11.46175],[75.63435,11.46174],[75.63446,11.46181],[75.63469,11.46206],[75.6348,11.46221],[75.6349,11.46223],[75.63506,11.46224],[75.6353,11.4622],[75.63566,11.46206],[75.6358,11.46205],[75.6362,11.462],[75.63668,11.46194],[75.63696,11.4619],[75.63723,11.46193],[75.63743,11.46208],[75.63765,11.46253],[75.63772,11.46273],[75.63773,11.46291],[75.63764,11.46324],[75.63747,11.46354],[75.63728,11.46377],[75.63737,11.46414],[75.63754,11.46433],[75.63784,11.46461],[75.63856,11.46508],[75.63908,11.46533],[75.63936,11.46551],[75.64002,11.4657],[75.64045,11.46583],[75.64097,11.4659],[75.64153,11.46589],[75.64205,11.46596],[75.6425,11.46617],[75.64278,11.4663],[75.64329,11.46643],[75.64412,11.46681],[75.64482,11.46709],[75.64499,11.46721],[75.64562,11.46735],[75.64631,11.46744],[75.64708,11.46742],[75.64759,11.46737],[75.64808,11.46731],[75.64869,11.46724],[75.64925,11.46718],[75.64963,11.46712],[75.65019,11.46708],[75.6507,11.46697],[75.65116,11.46682],[75.65155,11.4667],[75.6518,11.46684],[75.65191,11.46683],[75.65193,11.46672],[75.65195,11.46659],[75.65209,11.46658],[75.65216,11.46668],[75.65219,11.46683],[75.65227,11.46691],[75.65249,11.46688],[75.65264,11.4668],[75.65302,11.46672],[75.6537,11.46646],[75.65421,11.46628],[75.65466,11.46609],[75.65522,11.46581],[75.6556,11.46567],[75.65605,11.46545],[75.65658,11.46515],[75.65707,11.46491],[75.65755,11.46466],[75.65786,11.4644],[75.65822,11.46417],[75.65872,11.46392],[75.65896,11.46371],[75.65914,11.46351],[75.65949,11.46324],[75.65969,11.46314],[75.65977,11.46294],[75.65984,11.46275],[75.65999,11.46261],[75.66032,11.46244],[75.66072,11.4623],[75.66082,11.46227],[75.66125,11.46211],[75.66187,11.46214],[75.66217,11.46206],[75.66247,11.46203],[75.663,11.46193],[75.66325,11.46192],[75.6636,11.46204],[75.66372,11.46219],[75.66391,11.46227],[75.66435,11.46207],[75.6646,11.46174],[75.66536,11.46103],[75.66579,11.4607],[75.66632,11.46026],[75.66674,11.45986],[75.66707,11.45955],[75.66746,11.45922],[75.66781,11.45891],[75.66816,11.45863],[75.66855,11.45819],[75.66892,11.45785],[75.66926,11.45751],[75.66961,11.45717],[75.66994,11.4568],[75.6703,11.45657],[75.67049,11.45636],[75.67057,11.45627],[75.67093,11.45586],[75.67152,11.45531],[75.67193,11.45483],[75.6723,11.45445],[75.67271,11.45401],[75.67293,11.45376],[75.67308,11.45371],[75.67315,11.45366],[75.67317,11.45349],[75.67333,11.45324],[75.67381,11.45282],[75.67394,11.45266],[75.67417,11.4524],[75.67469,11.45181],[75.67488,11.45151],[75.67502,11.45125],[75.67526,11.451],[75.67537,11.45084],[75.67555,11.45065],[75.67576,11.45047],[75.67598,11.45033],[75.67613,11.4503],[75.6763,11.4503],[75.67638,11.45031],[75.67644,11.4504],[75.67656,11.45041],[75.67659,11.45047],[75.67664,11.45045],[75.67663,11.45031],[75.67668,11.45024],[75.6767,11.45022],[75.67679,11.45012],[75.67686,11.45002],[75.67701,11.44987],[75.67702,11.44986],[75.67702,11.44972],[75.67704,11.44959],[75.67709,11.44958],[75.67717,11.44957],[75.67719,11.4496],[75.67722,11.44959],[75.67724,11.44957],[75.67734,11.44957],[75.67741,11.44961],[75.67746,11.44973],[75.67745,11.44981],[75.67773,11.44981],[75.67779,11.4497],[75.67788,11.44961],[75.67796,11.44957],[75.67805,11.4495],[75.67808,11.44951],[75.67809,11.44956],[75.67807,11.44965],[75.67804,11.44973],[75.67801,11.44982],[75.67801,11.44992],[75.67805,11.45007],[75.67813,11.4502],[75.67816,11.45031],[75.67831,11.45049],[75.67854,11.45066],[75.67885,11.45077],[75.67932,11.45079],[75.6797,11.45073],[75.68,11.45063],[75.68048,11.45041],[75.6808,11.45021],[75.68093,11.45013],[75.68107,11.45007],[75.6812,11.45001],[75.68136,11.44989],[75.68155,11.44973],[75.68174,11.44957],[75.68191,11.4494],[75.68215,11.44916],[75.68238,11.44889],[75.68384,11.44656],[75.68404,11.44615],[75.68482,11.44502],[75.68525,11.44442],[75.68558,11.44387],[75.68574,11.44366],[75.68598,11.44333],[75.68626,11.44282],[75.68665,11.44219],[75.68702,11.44167],[75.68735,11.44115],[75.68769,11.44065],[75.68776,11.44054],[75.68792,11.44024],[75.68806,11.44002],[75.68824,11.43964],[75.68861,11.43895],[75.6888,11.43837],[75.68896,11.43794],[75.689,11.43781],[75.68906,11.4375],[75.68913,11.43743],[75.68937,11.43759],[75.68948,11.4376],[75.68963,11.43754],[75.6899,11.4372],[75.69015,11.43679],[75.69041,11.43634],[75.69066,11.43598],[75.69074,11.43591],[75.6908,11.4359],[75.69089,11.43592],[75.69099,11.43576],[75.69092,11.43563],[75.69093,11.43557],[75.69097,11.43549],[75.69121,11.43512],[75.6913,11.43492],[75.69134,11.4348],[75.69149,11.43452],[75.69159,11.43435],[75.69176,11.43396],[75.69178,11.43386],[75.69158,11.43363],[75.69154,11.43352],[75.69154,11.43339],[75.69156,11.43317],[75.69169,11.43303],[75.69192,11.43292],[75.69213,11.43274],[75.69216,11.4327],[75.69219,11.43267],[75.69215,11.43259],[75.69214,11.4325],[75.69254,11.43207],[75.69297,11.43155],[75.69341,11.43107],[75.69383,11.43059],[75.69423,11.4301],[75.6946,11.42958],[75.69469,11.42945],[75.6949,11.42917],[75.69523,11.4287],[75.69561,11.42809],[75.69595,11.42755],[75.69613,11.42732],[75.69618,11.4271],[75.69646,11.42657],[75.69678,11.42601],[75.69703,11.42557],[75.69715,11.42534],[75.69734,11.42502],[75.69763,11.42446],[75.69791,11.4239],[75.69817,11.42343],[75.69849,11.42292],[75.69874,11.42243],[75.69904,11.42188],[75.69933,11.42139],[75.69959,11.42084],[75.69986,11.4204],[75.70152,11.41746],[75.70159,11.41742],[75.70175,11.41709],[75.70198,11.41671],[75.7024,11.41601],[75.70268,11.41549],[75.70309,11.41463],[75.70342,11.41398],[75.70346,11.41391],[75.70379,11.41328],[75.70421,11.41249],[75.70452,11.4119],[75.70492,11.41109],[75.70519,11.41049],[75.70572,11.40943],[75.70599,11.40882],[75.70623,11.40836],[75.70652,11.40777],[75.7074,11.40595],[75.70798,11.40486],[75.70906,11.40273],[75.70943,11.40199],[75.70983,11.4012],[75.70993,11.40098],[75.71017,11.40046],[75.71044,11.39989],[75.71055,11.39964],[75.71065,11.39937],[75.7107,11.39925],[75.71076,11.39914],[75.71085,11.39897],[75.71093,11.39881],[75.711,11.39867],[75.71109,11.39853],[75.71114,11.39847],[75.71125,11.39827],[75.7115,11.39788],[75.71151,11.39782],[75.71151,11.39778],[75.71146,11.3977],[75.71141,11.39764],[75.71131,11.39756],[75.71122,11.39753],[75.71119,11.39747],[75.71122,11.3974],[75.71133,11.39741],[75.71139,11.3974],[75.71141,11.39736],[75.7114,11.39728],[75.71141,11.39718],[75.7114,11.39709],[75.71144,11.39703],[75.71148,11.39695],[75.71148,11.39686],[75.71156,11.39671],[75.71163,11.3967],[75.71179,11.39676],[75.71187,11.39676],[75.71195,11.39667],[75.71211,11.39643],[75.71223,11.39614],[75.71244,11.39574],[75.71274,11.39519],[75.71302,11.39462],[75.71323,11.39423],[75.71329,11.39411],[75.7133,11.39407],[75.71326,11.394],[75.71319,11.39393],[75.71302,11.3938],[75.71297,11.39367],[75.71291,11.3936],[75.71293,11.39351],[75.713,11.39347],[75.7131,11.39332],[75.71326,11.39326],[75.71336,11.39327],[75.71347,11.39335],[75.71361,11.39349],[75.71367,11.39354],[75.71374,11.39354],[75.7138,11.39347],[75.71386,11.39343],[75.71395,11.39348],[75.71408,11.39365],[75.71416,11.39378],[75.71425,11.39385],[75.71433,11.39383],[75.71448,11.39369],[75.7146,11.39356],[75.71467,11.39347],[75.71476,11.39339],[75.71487,11.39325],[75.71498,11.39314],[75.71519,11.3928],[75.71528,11.39271],[75.71534,11.39257],[75.71541,11.39245],[75.71548,11.39238],[75.71552,11.3923],[75.71553,11.39222],[75.71562,11.3921],[75.71565,11.39202],[75.71571,11.39185],[75.71581,11.39172],[75.71585,11.39155],[75.71593,11.39142],[75.71595,11.39129],[75.71601,11.39113],[75.7161,11.39104],[75.71614,11.39081],[75.71622,11.39075],[75.71626,11.39064],[75.71628,11.39056],[75.71639,11.39035],[75.71644,11.39022],[75.71651,11.39],[75.71669,11.38961],[75.71678,11.3894],[75.71713,11.38863],[75.7177,11.38747],[75.71807,11.38653],[75.71824,11.38601],[75.71827,11.38591],[75.71863,11.38528],[75.71878,11.38482],[75.7189,11.38445],[75.71895,11.38435],[75.71899,11.38423],[75.71922,11.384],[75.71943,11.38379],[75.7197,11.38324],[75.71987,11.38276],[75.71987,11.38258],[75.72001,11.3824],[75.72015,11.38222],[75.72029,11.38193],[75.72039,11.38173],[75.72049,11.38154],[75.72057,11.38133],[75.72064,11.38109],[75.72065,11.38098],[75.72053,11.38087],[75.72055,11.38078],[75.72106,11.38001],[75.72145,11.37925],[75.72192,11.37839],[75.72236,11.37747],[75.72291,11.37605],[75.72321,11.37538],[75.72347,11.37481],[75.72388,11.37385],[75.72445,11.37255],[75.72502,11.37136],[75.72533,11.37076],[75.72582,11.36966],[75.72615,11.36893],[75.72631,11.36857],[75.7268,11.36741],[75.72687,11.36732],[75.72697,11.36724],[75.7271,11.36712],[75.72719,11.36689],[75.72752,11.36589],[75.72767,11.3654],[75.72806,11.36473],[75.72831,11.36408],[75.72899,11.36242],[75.72946,11.3613],[75.72968,11.36076],[75.7303,11.35929],[75.731,11.35772],[75.7316,11.3565],[75.73177,11.35609],[75.73242,11.3547],[75.73304,11.35325],[75.73318,11.35299],[75.7333,11.3527],[75.73353,11.35221],[75.73367,11.35203],[75.73428,11.35148],[75.73453,11.35117],[75.73505,11.35061],[75.735,11.35039],[75.73495,11.35014],[75.73497,11.3499],[75.73489,11.34964],[75.73489,11.34943],[75.73489,11.34925],[75.73493,11.34881],[75.73498,11.34855],[75.73503,11.34829],[75.73501,11.34808],[75.73503,11.34792],[75.73509,11.34767],[75.73517,11.34733],[75.7352,11.34694],[75.73524,11.34662],[75.73529,11.34633],[75.73528,11.34605],[75.73534,11.34563],[75.73535,11.34561],[75.73565,11.34485],[75.7357,11.34455],[75.73559,11.34448],[75.73553,11.34443],[75.73545,11.3443],[75.73548,11.34415],[75.73561,11.34369],[75.73578,11.34328],[75.73596,11.3429],[75.73612,11.34248],[75.73625,11.34211],[75.73639,11.34178],[75.73658,11.34136],[75.73668,11.34098],[75.73676,11.34069],[75.73675,11.34012],[75.73672,11.33979],[75.73667,11.33929],[75.73654,11.33887],[75.73644,11.33855],[75.73628,11.33805],[75.73624,11.33763],[75.73622,11.33742],[75.736,11.33724],[75.73571,11.33722],[75.73549,11.33705],[75.73521,11.33679],[75.73472,11.33665],[75.73441,11.33646],[75.73428,11.33605],[75.73426,11.33555],[75.73404,11.33514],[75.73393,11.33512],[75.73387,11.33504],[75.73385,11.33494],[75.73389,11.33481],[75.73409,11.33457],[75.73422,11.33424],[75.73437,11.33399],[75.73441,11.33378],[75.73456,11.33371],[75.73463,11.3337],[75.73482,11.33351],[75.73499,11.33325],[75.73525,11.33289],[75.73548,11.33243],[75.73578,11.33204],[75.73607,11.33132],[75.73622,11.33102],[75.73636,11.33063],[75.73642,11.33042],[75.73645,11.3303],[75.73649,11.32986],[75.73643,11.32973],[75.73628,11.32962],[75.73618,11.32946],[75.73621,11.32944],[75.73626,11.32944],[75.73633,11.32946],[75.73647,11.32959],[75.73652,11.32959],[75.73662,11.32952],[75.73677,11.32933],[75.73705,11.32877],[75.73708,11.32861],[75.73718,11.32829],[75.73725,11.32786],[75.73719,11.32734],[75.73707,11.32704],[75.73721,11.3268],[75.73729,11.32664],[75.73737,11.32653],[75.73742,11.32621],[75.7374,11.32579],[75.73741,11.32529],[75.7374,11.32492],[75.73726,11.32471],[75.73732,11.32459],[75.73743,11.32451],[75.73754,11.32459],[75.73772,11.3246],[75.73788,11.32453],[75.73802,11.32428],[75.738,11.32402],[75.73803,11.32391],[75.73811,11.32384],[75.73828,11.3238],[75.73844,11.32385],[75.73873,11.32379],[75.73932,11.32362],[75.73963,11.32337],[75.73981,11.32323],[75.73991,11.32317],[75.74,11.32304],[75.73991,11.32291],[75.73985,11.32282],[75.73993,11.32274],[75.74006,11.32267],[75.7402,11.32258],[75.7403,11.32241],[75.7403,11.32228],[75.74019,11.32221],[75.74009,11.32221],[75.74009,11.32217],[75.74014,11.32212],[75.74022,11.3221],[75.7403,11.32215],[75.74038,11.32215],[75.74064,11.32196],[75.74116,11.32185],[75.74144,11.32179],[75.74165,11.32153],[75.74174,11.32127],[75.74191,11.32109],[75.74196,11.32107],[75.74203,11.32087],[75.74207,11.32057],[75.74221,11.32057],[75.74251,11.32057],[75.74289,11.32072],[75.74329,11.32078],[75.74378,11.32082],[75.74429,11.32094],[75.74448,11.32104],[75.74459,11.32092],[75.74474,11.32074],[75.74488,11.32054],[75.74527,11.32038],[75.74582,11.32017],[75.74603,11.32014],[75.7461,11.32009],[75.74613,11.32002],[75.74676,11.31776],[75.74686,11.31763],[75.74699,11.31761],[75.74704,11.31747],[75.74703,11.31708],[75.74696,11.3169],[75.74685,11.31684],[75.74685,11.31681],[75.74686,11.31672],[75.74712,11.31644],[75.74723,11.31612],[75.7474,11.31545],[75.74757,11.31492],[75.74881,11.31165],[75.74925,11.31057],[75.74988,11.30902],[75.75072,11.30708],[75.75093,11.30662],[75.75143,11.30499],[75.75193,11.30372],[75.75251,11.30265],[75.75387,11.29915],[75.75429,11.29762],[75.75469,11.2967],[75.75498,11.29601],[75.75526,11.29523],[75.75586,11.29387],[75.75621,11.29301],[75.7565,11.2922],[75.75672,11.29157],[75.75682,11.29124],[75.75698,11.29093],[75.7571,11.29052],[75.75736,11.28978],[75.75757,11.2891],[75.75778,11.28868],[75.75805,11.28799],[75.75818,11.28753],[75.75849,11.28675],[75.75872,11.28598],[75.75898,11.28521],[75.75921,11.28458],[75.75933,11.28415],[75.75953,11.28372],[75.75962,11.28324],[75.7598,11.283],[75.7601,11.28206],[75.76015,11.28187],[75.76037,11.2814],[75.7607,11.28071],[75.76091,11.28015],[75.76149,11.27851],[75.76195,11.2771],[75.76262,11.27514],[75.76278,11.27469],[75.7633,11.27324],[75.7637,11.27228],[75.76431,11.2705],[75.76455,11.2696],[75.76498,11.26832],[75.76514,11.26783],[75.76557,11.26624],[75.76594,11.26508],[75.76601,11.26483],[75.76633,11.26386],[75.76666,11.26292],[75.7667,11.2628],[75.76721,11.2617],[75.7673,11.26146],[75.76754,11.26084],[75.76769,11.26017],[75.76796,11.25962],[75.76806,11.25925],[75.76827,11.25852],[75.76854,11.25767],[75.76883,11.25699],[75.76887,11.25689],[75.76912,11.25633],[75.76912,11.25632],[75.76936,11.25571],[75.76955,11.25532],[75.7697,11.25509],[75.76989,11.25458],[75.77008,11.25401],[75.77013,11.25387],[75.77057,11.25248],[75.77099,11.2514],[75.77126,11.25055],[75.77157,11.24987],[75.7716,11.24974],[75.77164,11.24958],[75.77168,11.2495],[75.77177,11.24946],[75.77179,11.24939],[75.7717,11.24938],[75.77164,11.24935],[75.77167,11.24929],[75.77142,11.24919],[75.77144,11.24912],[75.7717,11.2492],[75.77181,11.24915],[75.77178,11.24911],[75.77178,11.2491],[75.7719,11.24883],[75.77203,11.24851],[75.77214,11.24827],[75.77226,11.248],[75.77234,11.24778],[75.77244,11.24752],[75.77248,11.24729],[75.77259,11.24711],[75.77264,11.2469],[75.77265,11.24671],[75.77263,11.24661],[75.77256,11.24659],[75.7725,11.24657],[75.77249,11.2465],[75.77255,11.24648],[75.77262,11.2465],[75.77268,11.24646],[75.77273,11.24633],[75.77278,11.24616],[75.77284,11.246],[75.77285,11.24587],[75.77287,11.24577],[75.77292,11.24571],[75.77287,11.24565],[75.77291,11.24554],[75.77287,11.24551],[75.77279,11.24551],[75.77273,11.24548],[75.77277,11.24541],[75.77287,11.24542],[75.77293,11.24543],[75.773,11.24529],[75.77299,11.24521],[75.773,11.24505],[75.77305,11.24496],[75.77307,11.24486],[75.77309,11.24473],[75.77312,11.24463],[75.77316,11.24454],[75.77313,11.24446],[75.77308,11.24446],[75.77305,11.24442],[75.77306,11.24438],[75.77313,11.24437],[75.77318,11.24438],[75.77318,11.24425],[75.77321,11.24412],[75.77324,11.24399],[75.77328,11.2439],[75.77331,11.2438],[75.77336,11.24372],[75.77341,11.24369],[75.77334,11.24362],[75.77328,11.2436],[75.77322,11.2435],[75.77322,11.24345],[75.77323,11.24341],[75.77323,11.24335],[75.77322,11.2433],[75.77325,11.24326],[75.77328,11.24322],[75.7733,11.24318],[75.77334,11.24313],[75.77335,11.24308],[75.77335,11.24303],[75.77339,11.24299],[75.7734,11.24294],[75.77343,11.24289],[75.77345,11.24285],[75.77348,11.24281],[75.77348,11.24276],[75.77348,11.24271],[75.77348,11.24265],[75.77347,11.2426],[75.77347,11.24256],[75.77347,11.2425],[75.77348,11.24244],[75.77347,11.24239],[75.77347,11.24234],[75.77347,11.2423],[75.77349,11.24225],[75.77352,11.24221],[75.77354,11.24216],[75.77357,11.24213],[75.77361,11.24209],[75.77364,11.24205],[75.77365,11.242],[75.77366,11.24198],[75.77368,11.24187],[75.77369,11.24182],[75.7737,11.24177],[75.77371,11.24172],[75.77372,11.24167],[75.77372,11.24161],[75.77372,11.24156],[75.77374,11.24152],[75.77377,11.24147],[75.77376,11.24142],[75.77375,11.24138],[75.77373,11.24133],[75.77371,11.24128],[75.77371,11.24123],[75.77374,11.24118],[75.77376,11.24114],[75.77376,11.2411],[75.77387,11.24106],[75.7739,11.24102],[75.77394,11.241],[75.77398,11.24096],[75.77401,11.24091],[75.77402,11.24086],[75.77405,11.2408],[75.77407,11.24076],[75.77408,11.24071],[75.77409,11.24066],[75.77409,11.2406],[75.7741,11.24055],[75.77412,11.2405],[75.77413,11.24046],[75.77412,11.24041],[75.7741,11.24036],[75.77407,11.24031],[75.77404,11.24027],[75.774,11.24023],[75.77397,11.2402],[75.77396,11.24015],[75.77401,11.24013],[75.77406,11.24014],[75.7741,11.24011],[75.77415,11.24009],[75.77419,11.24006],[75.77421,11.24001],[75.77423,11.23996],[75.77425,11.23992],[75.77425,11.23991],[75.77428,11.23982],[75.77432,11.23963],[75.77436,11.23941],[75.77439,11.23927],[75.77432,11.23922],[75.77425,11.23915],[75.77425,11.23909],[75.77433,11.23909],[75.7744,11.23902],[75.77445,11.23898],[75.77451,11.23883],[75.77453,11.2387],[75.77454,11.23861],[75.77462,11.23849],[75.77468,11.23845],[75.77472,11.23839],[75.77476,11.23825],[75.77476,11.23819],[75.77474,11.23814],[75.77468,11.23812],[75.77463,11.23812],[75.77457,11.2381],[75.77456,11.23803],[75.7746,11.238],[75.77468,11.23801],[75.77476,11.23802],[75.77482,11.23801],[75.77489,11.2379],[75.7749,11.23777],[75.77499,11.23756],[75.77507,11.23739],[75.77513,11.23723],[75.77514,11.23722],[75.77524,11.23703],[75.77534,11.23681],[75.7754,11.23667],[75.77541,11.23664],[75.77552,11.23643],[75.77564,11.23631],[75.77566,11.23622],[75.77568,11.2361],[75.77575,11.23603],[75.77575,11.23596],[75.77564,11.23594],[75.77557,11.23589],[75.77556,11.23584],[75.77565,11.23583],[75.77577,11.23587],[75.7759,11.23557],[75.77597,11.23531],[75.77601,11.23517],[75.77609,11.23511],[75.77616,11.23503],[75.77615,11.23497],[75.77609,11.23495],[75.77603,11.23489],[75.77604,11.23483],[75.77614,11.23484],[75.77621,11.23472],[75.77627,11.23464],[75.77631,11.23454],[75.77639,11.23435],[75.77648,11.23418],[75.77656,11.23408],[75.7766,11.23399],[75.77653,11.23396],[75.77643,11.23396],[75.77645,11.23386],[75.77654,11.23383],[75.7766,11.23386],[75.77666,11.23386],[75.77676,11.23369],[75.7768,11.2336],[75.77685,11.23351],[75.77689,11.23342],[75.77693,11.23333],[75.77696,11.23323],[75.77702,11.23315],[75.77708,11.23308],[75.77703,11.23302],[75.77693,11.233],[75.77699,11.23293],[75.77708,11.2329],[75.77713,11.23282],[75.77719,11.23274],[75.77722,11.23265],[75.77727,11.23257],[75.77732,11.2325],[75.77735,11.2324],[75.7774,11.23231],[75.77743,11.23223],[75.77746,11.23214],[75.77746,11.23204],[75.77738,11.23201],[75.77729,11.23199],[75.77731,11.23191],[75.77741,11.23189],[75.7775,11.23187],[75.77756,11.23178],[75.77757,11.23169],[75.77761,11.2316],[75.77766,11.23152],[75.77772,11.23145],[75.77776,11.23136],[75.7778,11.23127],[75.77785,11.23117],[75.77788,11.23108],[75.77783,11.231],[75.77777,11.23092],[75.77785,11.2309],[75.77793,11.23085],[75.77807,11.23076],[75.77811,11.23067],[75.77815,11.23058],[75.77817,11.23049],[75.7782,11.2304],[75.77825,11.23031],[75.77829,11.23022],[75.77836,11.23015],[75.77839,11.23006],[75.77845,11.22998],[75.77849,11.2299],[75.77852,11.22982],[75.77856,11.22972],[75.77859,11.22963],[75.77863,11.22954],[75.77868,11.22945],[75.77871,11.22936],[75.77874,11.22927],[75.77877,11.22918],[75.77878,11.22908],[75.77882,11.22901],[75.7789,11.22883],[75.77895,11.22874],[75.77897,11.22865],[75.77899,11.22856],[75.779,11.22847],[75.77901,11.22837],[75.77895,11.22829],[75.77891,11.2282],[75.7788,11.22816],[75.77869,11.22781],[75.77803,11.22734],[75.77799,11.22727],[75.77799,11.22722],[75.77806,11.22719],[75.77832,11.22737],[75.77938,11.22812],[75.77969,11.22777],[75.77985,11.22758],[75.77975,11.2274],[75.77961,11.22673],[75.77851,11.22595],[75.77847,11.22591],[75.77848,11.22585],[75.77856,11.2258],[75.77902,11.2261],[75.77942,11.22579],[75.77947,11.22571],[75.77954,11.22564],[75.77957,11.22555],[75.77958,11.22546],[75.7796,11.22536],[75.77964,11.22527],[75.77968,11.22519],[75.77969,11.2251],[75.77968,11.22501],[75.77967,11.22492],[75.77968,11.22482],[75.7797,11.22474],[75.77975,11.22464],[75.77978,11.22455],[75.77981,11.22446],[75.77985,11.22437],[75.7799,11.22428],[75.77994,11.22419],[75.77999,11.22411],[75.78003,11.22403],[75.78006,11.22396],[75.78011,11.22385],[75.78014,11.22376],[75.78017,11.22367],[75.78019,11.22357],[75.7802,11.22348],[75.78021,11.22339],[75.78024,11.2233],[75.78027,11.22328],[75.78043,11.22268],[75.78057,11.2224],[75.78071,11.22173],[75.78082,11.22146],[75.7809,11.22119],[75.78104,11.22091],[75.78117,11.22067],[75.78128,11.22037],[75.78145,11.22016],[75.78156,11.21988],[75.78159,11.21961],[75.78164,11.21934],[75.78172,11.21907],[75.78183,11.2188],[75.78191,11.21853],[75.78203,11.21826],[75.78216,11.21801],[75.78233,11.21777],[75.78244,11.21753],[75.78255,11.21725],[75.78266,11.21698],[75.78277,11.21671],[75.78288,11.21644],[75.78304,11.21623],[75.78315,11.21596],[75.78322,11.21535],[75.78327,11.21508],[75.78335,11.21483],[75.78346,11.21453],[75.78357,11.21429],[75.78371,11.21402],[75.78379,11.21375],[75.7839,11.21348],[75.78401,11.21321],[75.78412,11.21294],[75.78423,11.21266],[75.78434,11.21239],[75.78451,11.21215],[75.78465,11.2119],[75.7847,11.21163],[75.78476,11.21136],[75.78487,11.21109],[75.78503,11.21085],[75.78512,11.21058],[75.78517,11.2103],[75.78528,11.21003],[75.78536,11.20976],[75.78555,11.20929],[75.78566,11.20902],[75.78577,11.20875],[75.78588,11.20848],[75.78599,11.20821],[75.78614,11.20806],[75.78618,11.20792],[75.78627,11.20771],[75.78638,11.20744],[75.78648,11.20715],[75.78659,11.20691],[75.78668,11.20663],[75.78679,11.20636],[75.78687,11.20609],[75.78697,11.2058],[75.78706,11.20551],[75.78709,11.20528],[75.78705,11.20508],[75.78717,11.20475],[75.78729,11.2045],[75.78736,11.20425],[75.78747,11.20398],[75.7876,11.2037],[75.78769,11.20344],[75.78777,11.20318],[75.78786,11.20292],[75.78797,11.20265],[75.78808,11.20235],[75.78817,11.20205],[75.78824,11.2018],[75.78834,11.20157],[75.78844,11.20129],[75.78855,11.20102],[75.78867,11.20075],[75.78877,11.2005],[75.78886,11.20026],[75.78898,11.19999],[75.78911,11.19974],[75.78921,11.19948],[75.78932,11.19921],[75.78943,11.19896],[75.78955,11.19859],[75.78975,11.19805],[75.78986,11.19778],[75.78997,11.19755],[75.79009,11.19725],[75.7902,11.19698],[75.7903,11.1967],[75.79041,11.19642],[75.79052,11.19613],[75.79061,11.19589],[75.79072,11.19563],[75.79083,11.19537],[75.79097,11.19509],[75.79105,11.1949],[75.7912,11.19458],[75.79131,11.19427],[75.7914,11.19401],[75.79153,11.19376],[75.79163,11.19351],[75.79173,11.19325],[75.79185,11.19296],[75.79197,11.1927],[75.79207,11.19244],[75.79218,11.19221],[75.79228,11.19195],[75.79238,11.19167],[75.79247,11.19138],[75.79253,11.19116],[75.79276,11.19054],[75.7929,11.19023],[75.79302,11.18998],[75.79314,11.18972],[75.79323,11.18945],[75.79333,11.18919],[75.79346,11.18888],[75.79359,11.18858],[75.79371,11.18828],[75.79378,11.18809],[75.79389,11.18781],[75.794,11.18754],[75.7941,11.18729],[75.79419,11.18702],[75.79433,11.18671],[75.79444,11.18644],[75.79457,11.18613],[75.79468,11.18588],[75.79477,11.18564],[75.79489,11.18539],[75.79501,11.18514],[75.79512,11.18484],[75.79524,11.18454],[75.79535,11.18426],[75.79544,11.184],[75.79553,11.18374],[75.79563,11.18348],[75.79575,11.18318],[75.79585,11.18294],[75.79595,11.18266],[75.79606,11.18239],[75.79617,11.18211],[75.79623,11.18187],[75.79637,11.18146],[75.79651,11.18118],[75.79663,11.18092],[75.79671,11.18065],[75.79678,11.18035],[75.79689,11.1801],[75.79702,11.1798],[75.79715,11.17947],[75.79721,11.1793],[75.79737,11.17886],[75.79747,11.17861],[75.79753,11.17837],[75.79764,11.17806],[75.79776,11.1778],[75.79786,11.17753],[75.79795,11.17727],[75.79802,11.17703],[75.79808,11.17671],[75.7981,11.17644],[75.79811,11.17615],[75.79813,11.17585],[75.79823,11.17557],[75.79832,11.17535],[75.79841,11.17513],[75.79852,11.17492],[75.79863,11.17467],[75.79877,11.17437],[75.79888,11.17415],[75.79901,11.17392],[75.79915,11.17366],[75.79922,11.17345],[75.79934,11.17312],[75.79945,11.17287],[75.79955,11.17258],[75.79976,11.17203],[75.79985,11.17172],[75.79993,11.17146],[75.8,11.17126],[75.80009,11.17098],[75.8002,11.17065],[75.80027,11.17044],[75.80036,11.17016],[75.80045,11.16987],[75.80051,11.16962],[75.8006,11.16931],[75.80066,11.16904],[75.80074,11.1688],[75.80083,11.16854],[75.80091,11.16826],[75.80097,11.168],[75.80104,11.16774],[75.80115,11.16751],[75.80125,11.16724],[75.80137,11.16695],[75.80148,11.1667],[75.80159,11.16642],[75.80167,11.16614],[75.80175,11.16588],[75.80182,11.16556],[75.80191,11.16529],[75.80199,11.16502],[75.80205,11.16477],[75.80213,11.16435],[75.80215,11.16408],[75.80218,11.16383],[75.80222,11.16354],[75.80226,11.16294],[75.80232,11.16289],[75.80241,11.16282],[75.80246,11.16275],[75.80266,11.16283],[75.80333,11.16165],[75.80384,11.16074],[75.80018,11.15844],[75.80027,11.15834],[75.80048,11.15823],[75.80066,11.15811],[75.80087,11.15793],[75.80112,11.15764],[75.80144,11.15727],[75.80191,11.15675],[75.80223,11.15637],[75.8025,11.15611],[75.80279,11.15585],[75.80296,11.15563],[75.80316,11.15535],[75.80317,11.15527],[75.80301,11.15499],[75.80301,11.15495],[75.80307,11.15489],[75.80317,11.15493],[75.8032,11.15491],[75.80317,11.15485],[75.80321,11.1548],[75.80334,11.15482],[75.8033,11.15469],[75.80329,11.15458],[75.80331,11.1545],[75.80339,11.15444],[75.80342,11.15451],[75.80345,11.15462],[75.80349,11.15474],[75.80352,11.15486],[75.80362,11.15509],[75.80369,11.15518],[75.80367,11.15537],[75.80373,11.15548],[75.8039,11.15556],[75.8043,11.1556],[75.8049,11.15546],[75.80539,11.15522],[75.8059,11.1549],[75.80635,11.15455],[75.80678,11.15417],[75.80684,11.1541],[75.8069,11.15407],[75.80701,11.15405],[75.80728,11.15374],[75.80739,11.15361],[75.80738,11.15354],[75.80742,11.15348],[75.80749,11.15348],[75.80761,11.15354],[75.80768,11.15352],[75.80813,11.15302],[75.80839,11.15268],[75.80875,11.15233],[75.80901,11.1521],[75.80911,11.15198],[75.80939,11.15169],[75.80946,11.1516],[75.80948,11.15158],[75.80961,11.15145],[75.80997,11.15109],[75.81007,11.15101],[75.81006,11.15088],[75.81011,11.15089],[75.81026,11.15105],[75.81031,11.15103],[75.81037,11.15096],[75.81071,11.1508],[75.81081,11.15062],[75.81096,11.1506],[75.81092,11.15053],[75.811,11.1505],[75.81109,11.15056],[75.81125,11.15054],[75.81147,11.1504],[75.81162,11.15038],[75.81172,11.15043],[75.81186,11.15049],[75.81212,11.15045],[75.81236,11.15037],[75.81261,11.15026],[75.81288,11.15006],[75.81316,11.1498],[75.81329,11.1497],[75.81342,11.14965],[75.81359,11.1496],[75.8139,11.14922],[75.81395,11.14905],[75.81442,11.14846],[75.81498,11.1477],[75.81568,11.14663],[75.81636,11.14516],[75.81678,11.14416],[75.81713,11.14329],[75.81752,11.14221],[75.81795,11.14123],[75.81846,11.14001],[75.81882,11.13914],[75.81919,11.1382],[75.81935,11.13781],[75.81973,11.13685],[75.82011,11.13591],[75.82035,11.13551],[75.82047,11.1354],[75.82052,11.1353],[75.82057,11.13519],[75.82067,11.135],[75.82069,11.1347],[75.82076,11.13444],[75.82127,11.13318],[75.82177,11.13197],[75.82232,11.13061],[75.82251,11.13016],[75.82276,11.12961],[75.82307,11.12893],[75.82341,11.12818],[75.82374,11.1274],[75.82407,11.12673],[75.82427,11.12635],[75.82445,11.12612],[75.82462,11.12591],[75.8248,11.12577],[75.82507,11.12557],[75.82532,11.12541],[75.82559,11.12534],[75.82615,11.12529],[75.82682,11.12621],[75.82759,11.12727],[75.8283,11.12842],[75.8294,11.12956],[75.83118,11.13063],[75.83225,11.13129],[75.83324,11.13226],[75.83489,11.13354],[75.83734,11.13527],[75.84023,11.13748],[75.84169,11.13939],[75.84377,11.14186],[75.84652,11.14325],[75.84907,11.14381],[75.85002,11.14394],[75.85156,11.14337],[75.85286,11.14181],[75.85399,11.14069],[75.85547,11.13942],[75.85608,11.13966],[75.85682,11.13994],[75.85813,11.14051],[75.8592,11.14105],[75.85939,11.14169],[75.85886,11.14415],[75.85771,11.14435],[75.85755,11.14496],[75.85745,11.14606],[75.85731,11.14657],[75.85719,11.14708],[75.85689,11.14735],[75.85653,11.1474],[75.85612,11.14742],[75.8557,11.14741],[75.85521,11.14748],[75.85489,11.14766],[75.85459,11.14792],[75.85439,11.14812],[75.85424,11.14848],[75.85417,11.14893],[75.85439,11.14926],[75.85464,11.14953],[75.85496,11.14976],[75.85504,11.15003],[75.85487,11.15053],[75.8542,11.15151],[75.85382,11.15195],[75.8534,11.15245],[75.85329,11.15252],[75.85319,11.15259],[75.85285,11.15264],[75.85252,11.15266],[75.85207,11.15273],[75.85174,11.15289],[75.85164,11.15313],[75.85174,11.1535],[75.85189,11.15388],[75.85206,11.15428],[75.85235,11.15455],[75.85278,11.15478],[75.85306,11.15501],[75.85316,11.15523],[75.85356,11.1557],[75.8539,11.15625],[75.85434,11.15646],[75.85469,11.15648],[75.85526,11.15637],[75.85575,11.15636],[75.8561,11.15643],[75.85638,11.1566],[75.85643,11.1567],[75.85648,11.15684],[75.85666,11.15713],[75.85684,11.15752],[75.85808,11.15779],[75.85845,11.15791],[75.85872,11.15809],[75.85888,11.15833],[75.85903,11.15869],[75.85915,11.15909],[75.85953,11.15963],[75.85987,11.16027],[75.86015,11.16047],[75.86035,11.16063],[75.86047,11.16097],[75.86045,11.16151],[75.85998,11.16217],[75.85974,11.16237],[75.85969,11.16279],[75.85962,11.16315],[75.85987,11.16348],[75.86012,11.16397],[75.86039,11.16458],[75.86061,11.1652],[75.86094,11.16558],[75.86106,11.16589],[75.86102,11.1662],[75.86099,11.1664],[75.86081,11.16703],[75.86071,11.16742],[75.86077,11.16784],[75.86092,11.16818],[75.86095,11.16826],[75.86109,11.16832],[75.86134,11.16843],[75.8616,11.16848],[75.86199,11.16839],[75.86259,11.16824],[75.86291,11.16819],[75.86337,11.1682],[75.86355,11.16857],[75.86349,11.16884],[75.86361,11.169],[75.86363,11.16936],[75.86458,11.16973],[75.86491,11.17006],[75.86621,11.17124],[75.8666,11.17289],[75.86768,11.17343],[75.86837,11.17352],[75.86945,11.17357],[75.87034,11.17374],[75.87079,11.17353],[75.87079,11.17317],[75.87064,11.17273],[75.87034,11.17207],[75.87002,11.17054],[75.87169,11.17024],[75.87301,11.16912],[75.87418,11.16937],[75.87423,11.16933],[75.87458,11.16905],[75.87464,11.16824],[75.87498,11.16784],[75.87566,11.16806],[75.87603,11.16794],[75.87662,11.16775],[75.87742,11.16814],[75.87818,11.1687],[75.87915,11.16942],[75.88013,11.16977],[75.88113,11.16992],[75.88117,11.17136],[75.88099,11.1729],[75.88152,11.17331],[75.882,11.17325],[75.88266,11.17315],[75.88335,11.17289],[75.88405,11.17272],[75.88513,11.17248],[75.88655,11.17232],[75.88715,11.17226],[75.88761,11.1725],[75.88787,11.17258],[75.88801,11.17259],[75.88832,11.17335],[75.888,11.17403],[75.8874,11.17421],[75.88665,11.17447],[75.88704,11.17604],[75.88688,11.17689],[75.88706,11.17786],[75.88715,11.17862],[75.88732,11.17906],[75.88761,11.18027],[75.88763,11.18093],[75.88589,11.1813],[75.88556,11.1825],[75.88548,11.18285],[75.88521,11.18411],[75.88415,11.18472],[75.88353,11.18489],[75.8825,11.18482],[75.88136,11.18466],[75.88122,11.18458],[75.88021,11.18398],[75.87978,11.1835],[75.87925,11.18313],[75.87862,11.18315],[75.87731,11.18336],[75.87649,11.18379],[75.87644,11.18381],[75.87625,11.18581],[75.87587,11.18639],[75.87444,11.1867],[75.87359,11.18722],[75.87291,11.18751],[75.87217,11.18783],[75.87168,11.1881],[75.87077,11.1886],[75.86925,11.18801],[75.86906,11.18808],[75.86681,11.18888],[75.86581,11.18935],[75.86538,11.18955],[75.86515,11.18946],[75.86275,11.18968],[75.86264,11.18973],[75.86205,11.18996],[75.86184,11.19095],[75.86105,11.19175],[75.86023,11.19274],[75.86009,11.19437],[75.85869,11.19493],[75.85892,11.19608],[75.86085,11.19642],[75.8606,11.1976],[75.86059,11.19801],[75.86055,11.19945],[75.85946,11.20043],[75.85873,11.20062],[75.85744,11.20089],[75.85682,11.20177],[75.85703,11.20285],[75.85751,11.20475],[75.85714,11.20657],[75.85783,11.20774],[75.85901,11.20608],[75.85952,11.2053],[75.8606,11.20484],[75.86223,11.20507],[75.86426,11.20528],[75.86579,11.20566],[75.86757,11.2061],[75.86851,11.20655],[75.86965,11.20716],[75.87182,11.21022],[75.87248,11.21115],[75.8751,11.21593],[75.87652,11.21867],[75.87687,11.22035],[75.87699,11.22094],[75.87731,11.22258],[75.87868,11.22353],[75.88216,11.2257],[75.88529,11.22741],[75.88759,11.22867],[75.89023,11.22936],[75.89336,11.22961],[75.89538,11.22978],[75.89659,11.23012],[75.89718,11.23029],[75.89928,11.2334],[75.89965,11.23517],[75.89952,11.23578],[75.89905,11.23803],[75.89918,11.23944],[75.89952,11.24058],[75.89988,11.24188],[75.90079,11.24237],[75.90113,11.24246],[75.90267,11.24228],[75.90383,11.24233],[75.90512,11.24188],[75.90654,11.24123],[75.90864,11.23974],[75.91008,11.23858],[75.91041,11.23826],[75.91411,11.23645],[75.91559,11.2365],[75.91707,11.23652],[75.91838,11.23717],[75.9196,11.23822],[75.92063,11.24014],[75.92078,11.24036],[75.92205,11.24224],[75.92318,11.24348],[75.92405,11.2447],[75.92551,11.24576],[75.92855,11.24687],[75.93282,11.24794],[75.93518,11.24853],[75.93886,11.24908],[75.94428,11.24988],[75.9513,11.25041],[75.95535,11.25146],[75.95786,11.25241],[75.96037,11.25441],[75.96074,11.2549],[75.96282,11.25775],[75.96301,11.25806],[75.96439,11.26034],[75.96623,11.26244],[75.97012,11.26644],[75.97139,11.26719],[75.97286,11.26804],[75.97499,11.26876],[75.97655,11.26872],[75.97741,11.26817],[75.97809,11.26752],[75.98007,11.26562],[75.98239,11.2643],[75.98473,11.26333],[75.98678,11.26259],[75.98754,11.26232],[75.98858,11.26123],[75.98915,11.26063],[75.99262,11.25819],[75.99695,11.25272],[75.99712,11.25293],[75.9992,11.25563],[75.99958,11.25845],[76.00235,11.25878],[76.00339,11.25884],[76.00539,11.25895],[76.00584,11.25897],[76.00893,11.2599],[76.01043,11.26116],[76.01097,11.26268],[76.01125,11.26324],[76.01237,11.26552],[76.01434,11.26773],[76.01646,11.26808],[76.01805,11.26848],[76.01848,11.26864],[76.01913,11.26888],[76.0196,11.26905],[76.02108,11.2693],[76.02224,11.26949],[76.02566,11.26935],[76.02724,11.26928],[76.03035,11.26815],[76.03129,11.26758],[76.03301,11.26745],[76.03351,11.26752],[76.03543,11.26777],[76.03556,11.26779],[76.03863,11.2679],[76.04204,11.26787],[76.04479,11.26754],[76.04762,11.26834],[76.04889,11.26859],[76.04976,11.26876],[76.0499,11.26905],[76.05007,11.26951],[76.05041,11.27071],[76.05215,11.27267],[76.05483,11.27532],[76.05594,11.27589],[76.05676,11.27631],[76.05863,11.27711],[76.05867,11.2784],[76.05869,11.27905],[76.06088,11.28159],[76.06183,11.28343],[76.06288,11.28435],[76.06601,11.28547],[76.06852,11.28606],[76.07273,11.28761],[76.07298,11.29119],[76.07172,11.29142],[76.07041,11.29201],[76.06972,11.29344],[76.06968,11.29422],[76.07024,11.29521],[76.07133,11.2962],[76.07616,11.29933],[76.08315,11.3039],[76.08418,11.3051],[76.08468,11.30619],[76.08453,11.30779],[76.08384,11.3088],[76.08515,11.30964],[76.08753,11.31118],[76.08912,11.31171],[76.09103,11.31223],[76.09262,11.31206],[76.09382,11.31137],[76.09524,11.31116],[76.09648,11.31126],[76.09787,11.31185],[76.09895,11.31257],[76.1025,11.31267],[76.10373,11.31273],[76.10484,11.31321],[76.10511,11.31333],[76.10661,11.31454],[76.10767,11.31494],[76.10955,11.3146],[76.11096,11.31401],[76.11147,11.3138],[76.11457,11.31506],[76.11753,11.31829],[76.11865,11.32006],[76.11996,11.32311],[76.11999,11.32553],[76.11914,11.32685],[76.11764,11.32819],[76.1157,11.33003],[76.11545,11.33103],[76.11586,11.33204],[76.11664,11.33358],[76.11475,11.3345],[76.11336,11.33785],[76.10967,11.33849],[76.10475,11.33985],[76.10085,11.34154],[76.10032,11.34104],[76.09814,11.34357],[76.09663,11.34528],[76.09485,11.34706],[76.09282,11.3512],[76.09207,11.35271],[76.09453,11.35345],[76.09348,11.3558],[76.09446,11.3585],[76.09699,11.3632],[76.09969,11.36655],[76.10135,11.36887],[76.10065,11.37087],[76.09917,11.37511],[76.09897,11.37638],[76.09878,11.37783],[76.09835,11.38301],[76.09897,11.385],[76.09931,11.38674],[76.09963,11.38774],[76.1,11.38918],[76.10008,11.38968],[76.1005,11.39246],[76.10044,11.39534],[76.10296,11.39705],[76.10389,11.39829],[76.1047,11.40025],[76.10617,11.4023],[76.10634,11.40468],[76.10608,11.40946],[76.10967,11.41027],[76.11212,11.41022],[76.11457,11.40926],[76.11741,11.40826],[76.11939,11.4104],[76.11993,11.41348],[76.12111,11.41544],[76.12278,11.41723],[76.12505,11.41906],[76.12632,11.4221],[76.12872,11.42516],[76.13127,11.42727],[76.13281,11.42499],[76.1353,11.42297],[76.13732,11.4204],[76.13794,11.41959],[76.14018,11.41945],[76.14405,11.42253],[76.14637,11.43026],[76.14294,11.43268],[76.14095,11.43503],[76.13927,11.43792],[76.13876,11.43979],[76.13894,11.44261],[76.13947,11.44457],[76.14139,11.44615],[76.14232,11.448],[76.14334,11.45136],[76.14215,11.45341],[76.14041,11.45587],[76.13768,11.45789],[76.13688,11.4589],[76.13537,11.46025],[76.13335,11.46104],[76.13261,11.46139],[76.13198,11.46265],[76.13095,11.46396],[76.12976,11.46402],[76.12907,11.46464],[76.1282,11.4654],[76.12793,11.46605],[76.12589,11.46693],[76.12527,11.46831],[76.12467,11.4694],[76.12458,11.47117],[76.12415,11.47361],[76.12325,11.47422],[76.1222,11.47493],[76.1189,11.47625],[76.11631,11.47615],[76.11479,11.47662],[76.11372,11.47747],[76.11299,11.4787],[76.1123,11.47963],[76.11196,11.48035],[76.10839,11.48037],[76.10695,11.481],[76.10612,11.48192],[76.10412,11.48252],[76.10179,11.48348],[76.0989,11.4836],[76.09826,11.48362],[76.09612,11.48367],[76.0945,11.48271],[76.09281,11.48226],[76.0922,11.48196],[76.09128,11.48309],[76.09005,11.48573],[76.08967,11.48654],[76.08906,11.48692],[76.08814,11.48774],[76.08841,11.48929],[76.08928,11.49055],[76.09,11.49138],[76.0909,11.49238],[76.09231,11.49311],[76.09147,11.49419],[76.09096,11.49585],[76.09105,11.49721],[76.09148,11.49901],[76.09103,11.50028],[76.08939,11.50356],[76.08888,11.50586],[76.0889,11.50717],[76.08893,11.50867],[76.08959,11.51123],[76.08964,11.51227],[76.08853,11.51346],[76.08619,11.51428],[76.08584,11.51392],[76.08357,11.51436],[76.08234,11.51522],[76.08213,11.51716],[76.08126,11.51925],[76.07714,11.52417],[76.0761,11.52496],[76.0756,11.5249],[76.07515,11.52412],[76.07422,11.52334],[76.07261,11.52208],[76.07226,11.52043],[76.07139,11.51805],[76.06933,11.51773],[76.06758,11.5171],[76.0673,11.51558],[76.06623,11.51453],[76.06485,11.51334],[76.06363,11.51147],[76.06307,11.51046],[76.06146,11.51029],[76.05909,11.50947],[76.05763,11.50919],[76.0565,11.50824],[76.05594,11.50539],[76.05467,11.5037],[76.05355,11.50337],[76.05094,11.50417],[76.04901,11.50484],[76.04757,11.50595],[76.04649,11.50667],[76.04465,11.50781],[76.04354,11.50614],[76.04198,11.50602],[76.0405,11.50572],[76.03863,11.50515],[76.03827,11.50656],[76.03742,11.50851],[76.03582,11.50968],[76.03398,11.51133],[76.03178,11.51205],[76.03013,11.51265],[76.02787,11.51419],[76.02542,11.51461],[76.02447,11.51457],[76.02355,11.51453],[76.021,11.51421],[76.01877,11.51472],[76.01822,11.51641],[76.01688,11.5178],[76.01462,11.51899],[76.01419,11.52135],[76.01241,11.52231],[76.01121,11.5224],[76.01095,11.52241],[76.0101,11.52248],[76.00706,11.5226],[76.00441,11.52382],[76.00287,11.52556],[75.99952,11.52734],[75.99927,11.52852],[75.99897,11.52996],[75.99768,11.53265]]],[[[75.54171,11.66295],[75.54182,11.66296],[75.54192,11.66297],[75.54197,11.66303],[75.54189,11.66312],[75.54189,11.66317],[75.54195,11.66329],[75.54195,11.66338],[75.54191,11.66343],[75.54176,11.66343],[75.54165,11.66345],[75.54149,11.66353],[75.54141,11.66352],[75.54135,11.66346],[75.54144,11.66315],[75.54171,11.66295]]]]}},{"type":"Feature","properties":{"district":"Malappuram","name_ml":"മലപ്പുറം ജില്ല","wikidata":"Q1030918","admin_level":5},"geometry":{"type":"Polygon","coordinates":[[[75.96973,10.68975],[75.97017,10.68964],[75.97182,10.68999],[75.97309,10.69026],[75.97463,10.69199],[75.97666,10.69065],[75.97807,10.69116],[75.97818,10.69267],[75.97944,10.69264],[75.97973,10.69263],[75.98038,10.69244],[75.98113,10.69157],[75.9815,10.68996],[75.98173,10.68824],[75.98172,10.68664],[75.98172,10.6862],[75.9835,10.68509],[75.9849,10.68495],[75.98464,10.68693],[75.98537,10.68915],[75.98654,10.68979],[75.98696,10.69015],[75.98713,10.69017],[75.98864,10.69039],[75.99014,10.69061],[75.99159,10.69097],[75.99232,10.69115],[75.99492,10.69199],[75.99723,10.69225],[75.99939,10.69412],[75.99995,10.69643],[76.00063,10.69713],[76.00073,10.69409],[76.00183,10.69193],[76.0042,10.69112],[76.00444,10.69103],[76.00548,10.69066],[76.00662,10.68978],[76.00802,10.6894],[76.01252,10.69008],[76.01325,10.69101],[76.01608,10.6946],[76.01995,10.69674],[76.02124,10.69682],[76.02434,10.69652],[76.02551,10.69683],[76.02651,10.6984],[76.0294,10.69858],[76.03029,10.69892],[76.03074,10.69903],[76.03211,10.69949],[76.03269,10.70056],[76.03425,10.70087],[76.03599,10.70212],[76.03787,10.70381],[76.03853,10.70589],[76.03907,10.70647],[76.03968,10.70722],[76.04012,10.70713],[76.04058,10.70669],[76.04097,10.70539],[76.0415,10.70502],[76.04215,10.7056],[76.04289,10.70682],[76.04357,10.70703],[76.04407,10.70647],[76.04415,10.70548],[76.04487,10.70529],[76.0455,10.70578],[76.04585,10.70662],[76.04624,10.70677],[76.0473,10.70649],[76.0481,10.70672],[76.0486,10.70701],[76.04903,10.70673],[76.04906,10.70611],[76.04875,10.70522],[76.04881,10.70478],[76.04924,10.70452],[76.04999,10.70426],[76.05042,10.7043],[76.05203,10.70444],[76.05184,10.70623],[76.05239,10.70683],[76.05635,10.71135],[76.05663,10.71301],[76.0574,10.7142],[76.05894,10.71661],[76.06132,10.7187],[76.06131,10.7195],[76.06192,10.72041],[76.06232,10.72102],[76.06237,10.7211],[76.06421,10.72291],[76.06371,10.7246],[76.06318,10.7266],[76.06301,10.72803],[76.0633,10.72834],[76.06342,10.72847],[76.06419,10.72866],[76.06652,10.72785],[76.06824,10.72639],[76.06974,10.72625],[76.06999,10.72639],[76.07083,10.72688],[76.07085,10.72816],[76.06997,10.72906],[76.06962,10.72989],[76.07019,10.73031],[76.07187,10.73156],[76.07369,10.73293],[76.07233,10.73609],[76.07245,10.73765],[76.07235,10.73872],[76.07104,10.73981],[76.07071,10.74071],[76.07089,10.74225],[76.07059,10.74296],[76.06906,10.74346],[76.06745,10.74562],[76.06664,10.74627],[76.06573,10.74649],[76.06362,10.74583],[76.06238,10.74497],[76.06159,10.74471],[76.05998,10.74484],[76.058,10.74381],[76.05675,10.74312],[76.05597,10.7433],[76.0554,10.74405],[76.05437,10.74371],[76.05375,10.74351],[76.05121,10.74335],[76.04971,10.74384],[76.0485,10.74463],[76.04848,10.74528],[76.04846,10.7462],[76.04703,10.74694],[76.04648,10.74804],[76.04676,10.74908],[76.04848,10.75032],[76.04919,10.75298],[76.04778,10.7535],[76.04728,10.75404],[76.04722,10.75553],[76.04624,10.75588],[76.04409,10.75627],[76.04353,10.75637],[76.04188,10.75645],[76.04231,10.75913],[76.0427,10.76092],[76.04178,10.76122],[76.04176,10.7613],[76.0416,10.76199],[76.04338,10.76453],[76.04306,10.76667],[76.04153,10.76901],[76.04063,10.77058],[76.04153,10.77682],[76.04157,10.77874],[76.04187,10.78244],[76.04217,10.78589],[76.04338,10.7892],[76.04317,10.79013],[76.04269,10.79224],[76.04446,10.79601],[76.04561,10.79657],[76.04915,10.79831],[76.04984,10.80045],[76.0495,10.80221],[76.04779,10.80213],[76.04823,10.80429],[76.04734,10.80605],[76.04376,10.80598],[76.03696,10.80793],[76.03509,10.8104],[76.03741,10.81472],[76.03653,10.81649],[76.03393,10.81706],[76.03309,10.8195],[76.0305,10.82037],[76.02672,10.82195],[76.02812,10.82469],[76.0294,10.82569],[76.02938,10.82576],[76.02972,10.82625],[76.02988,10.82648],[76.02994,10.82695],[76.0297,10.82833],[76.0356,10.82854],[76.03857,10.8371],[76.04346,10.84823],[76.04789,10.84736],[76.05329,10.8463],[76.0535,10.84609],[76.06075,10.83866],[76.06265,10.83869],[76.0737,10.83887],[76.07949,10.83879],[76.08871,10.83932],[76.09076,10.83944],[76.09365,10.83961],[76.09542,10.84015],[76.09666,10.84052],[76.09817,10.84098],[76.10312,10.84568],[76.10294,10.85314],[76.10285,10.8571],[76.1028,10.85898],[76.10345,10.86312],[76.10265,10.86671],[76.10263,10.86838],[76.1032,10.87013],[76.10433,10.87078],[76.10612,10.86944],[76.10725,10.86839],[76.10778,10.86797],[76.10881,10.86715],[76.11068,10.8658],[76.11178,10.86447],[76.1133,10.86548],[76.11345,10.86755],[76.11338,10.87287],[76.11438,10.87532],[76.11469,10.87721],[76.1158,10.87864],[76.11623,10.8792],[76.11716,10.87989],[76.12089,10.8796],[76.12363,10.87832],[76.12726,10.87692],[76.12752,10.87688],[76.12958,10.87656],[76.13088,10.87658],[76.1318,10.87924],[76.13104,10.88132],[76.1305,10.88476],[76.13058,10.89362],[76.13138,10.89441],[76.13396,10.89748],[76.13455,10.89729],[76.13652,10.89665],[76.141,10.89277],[76.14585,10.88979],[76.148,10.88998],[76.15089,10.8913],[76.15306,10.8944],[76.15612,10.89876],[76.1574,10.90116],[76.15814,10.90509],[76.15819,10.90978],[76.159,10.91162],[76.16137,10.91244],[76.16265,10.91306],[76.16511,10.91431],[76.16908,10.91593],[76.17107,10.91568],[76.17206,10.914],[76.1726,10.91007],[76.17333,10.9073],[76.17503,10.90639],[76.17701,10.9069],[76.17756,10.90732],[76.18206,10.91078],[76.18447,10.91146],[76.18526,10.91148],[76.18693,10.91151],[76.1894,10.91074],[76.18961,10.9103],[76.18977,10.90999],[76.18958,10.90845],[76.18942,10.90693],[76.18787,10.90352],[76.18748,10.90157],[76.18799,10.9001],[76.18989,10.89882],[76.19155,10.89825],[76.19581,10.89875],[76.19795,10.89919],[76.19926,10.89945],[76.20166,10.89889],[76.20379,10.8984],[76.20574,10.8996],[76.20634,10.9032],[76.20834,10.90516],[76.21053,10.908],[76.21108,10.91134],[76.2112,10.91203],[76.21175,10.91284],[76.21205,10.91329],[76.21318,10.91445],[76.21464,10.91459],[76.21494,10.91457],[76.21602,10.91393],[76.21618,10.91368],[76.21714,10.91226],[76.2172,10.90989],[76.21744,10.90761],[76.21791,10.90641],[76.22027,10.90445],[76.22125,10.90234],[76.22261,10.89941],[76.22932,10.88957],[76.22935,10.88717],[76.23035,10.88578],[76.23238,10.88537],[76.23548,10.88551],[76.23576,10.88553],[76.23929,10.88628],[76.24417,10.8865],[76.2483,10.88532],[76.24971,10.88491],[76.25254,10.88498],[76.25327,10.88624],[76.25492,10.88827],[76.25773,10.89526],[76.25928,10.89743],[76.26302,10.90266],[76.26221,10.90691],[76.2634,10.90866],[76.26885,10.91574],[76.27102,10.91515],[76.27301,10.9146],[76.27834,10.91626],[76.27885,10.91642],[76.28425,10.91313],[76.28988,10.91511],[76.29017,10.91541],[76.29426,10.9197],[76.29529,10.92041],[76.29638,10.92017],[76.29825,10.91904],[76.29936,10.91785],[76.30067,10.91591],[76.30082,10.91573],[76.30257,10.91362],[76.306,10.91134],[76.308,10.91156],[76.31064,10.91243],[76.3129,10.91294],[76.32064,10.91197],[76.32074,10.90926],[76.32078,10.90837],[76.32129,10.9063],[76.3247,10.90512],[76.33256,10.90496],[76.33305,10.90495],[76.33711,10.90541],[76.33612,10.90984],[76.33565,10.91475],[76.33242,10.91457],[76.33244,10.91475],[76.33245,10.91501],[76.33246,10.91515],[76.33257,10.91659],[76.33294,10.92178],[76.33211,10.92506],[76.32719,10.92797],[76.32461,10.93059],[76.32372,10.94112],[76.32426,10.95136],[76.32437,10.95335],[76.3276,10.95841],[76.3299,10.96225],[76.32867,10.96674],[76.33025,10.9757],[76.33153,10.97882],[76.33722,10.97987],[76.3376,10.97814],[76.34077,10.97466],[76.34296,10.97455],[76.34616,10.9744],[76.35235,10.97467],[76.35276,10.97462],[76.36483,10.97322],[76.36597,10.9789],[76.36917,10.98464],[76.37187,10.99178],[76.37241,10.99527],[76.36944,10.99721],[76.35973,10.99836],[76.35641,10.99741],[76.35329,10.99655],[76.34946,10.99551],[76.34191,10.99809],[76.33743,10.9992],[76.33329,11.00024],[76.32863,11.00143],[76.32673,11.0042],[76.32635,11.0049],[76.32757,11.01106],[76.32921,11.0155],[76.3298,11.0171],[76.33106,11.02001],[76.3307,11.02184],[76.3272,11.02254],[76.32551,11.02246],[76.32575,11.02438],[76.32512,11.02508],[76.3239,11.02469],[76.32232,11.02454],[76.32227,11.02605],[76.3218,11.02787],[76.32023,11.02766],[76.31907,11.02686],[76.31565,11.02646],[76.31236,11.02738],[76.30906,11.02574],[76.30629,11.02762],[76.30444,11.02632],[76.30063,11.02665],[76.29909,11.02402],[76.29722,11.02337],[76.29449,11.024],[76.28951,11.02087],[76.28848,11.02085],[76.28697,11.0234],[76.28656,11.0241],[76.28866,11.02751],[76.28751,11.02961],[76.28895,11.03218],[76.28924,11.03344],[76.28828,11.0343],[76.28601,11.0344],[76.28547,11.03532],[76.28761,11.03842],[76.28792,11.03869],[76.28939,11.03993],[76.29164,11.03969],[76.29299,11.04181],[76.2939,11.04253],[76.29495,11.04518],[76.29724,11.04766],[76.29676,11.05108],[76.29904,11.05157],[76.30096,11.05038],[76.30227,11.04958],[76.30545,11.0471],[76.30779,11.04666],[76.30949,11.04762],[76.31248,11.05042],[76.31416,11.05157],[76.31456,11.0515],[76.31709,11.0511],[76.3199,11.05008],[76.32156,11.05082],[76.32242,11.05184],[76.3237,11.05113],[76.32641,11.05015],[76.3286,11.05194],[76.33085,11.0531],[76.33247,11.05425],[76.33253,11.05539],[76.33187,11.05628],[76.33254,11.05716],[76.33461,11.05774],[76.335,11.05988],[76.33613,11.06129],[76.3357,11.06272],[76.33443,11.06304],[76.33457,11.06426],[76.33489,11.06543],[76.33455,11.06644],[76.33279,11.0669],[76.33244,11.06872],[76.33247,11.07093],[76.3313,11.07324],[76.33148,11.07354],[76.33177,11.07405],[76.33389,11.07366],[76.33718,11.07553],[76.33978,11.07783],[76.34213,11.07932],[76.34324,11.08283],[76.34335,11.0854],[76.34451,11.08772],[76.34614,11.08808],[76.34947,11.09008],[76.35133,11.09242],[76.35772,11.09405],[76.36129,11.09788],[76.3682,11.09888],[76.3747,11.09865],[76.37495,11.09873],[76.38112,11.10066],[76.38841,11.0993],[76.3894,11.10389],[76.38534,11.10874],[76.38586,11.11263],[76.39326,11.11336],[76.40234,11.11562],[76.40867,11.11943],[76.40929,11.12362],[76.40865,11.12575],[76.40768,11.12897],[76.40892,11.13357],[76.41107,11.14005],[76.41315,11.14329],[76.41019,11.14583],[76.40759,11.15021],[76.40595,11.15642],[76.40826,11.15998],[76.41086,11.16396],[76.413,11.17135],[76.40566,11.17575],[76.40536,11.17899],[76.40384,11.18162],[76.40331,11.18412],[76.40128,11.1847],[76.40159,11.18777],[76.40251,11.18856],[76.40439,11.19019],[76.40739,11.19278],[76.40727,11.19471],[76.4071,11.19748],[76.40667,11.19949],[76.40641,11.20067],[76.40524,11.20241],[76.40497,11.20288],[76.40411,11.20436],[76.402,11.20536],[76.40241,11.20633],[76.40275,11.20712],[76.40552,11.20647],[76.40725,11.20679],[76.40872,11.20786],[76.41118,11.20918],[76.41384,11.20957],[76.41591,11.20883],[76.41906,11.20817],[76.42214,11.20775],[76.42641,11.20684],[76.42881,11.20568],[76.42887,11.20386],[76.42887,11.20369],[76.43173,11.20286],[76.4348,11.20305],[76.4364,11.20391],[76.43923,11.20301],[76.44934,11.20462],[76.4502,11.21343],[76.45208,11.23266],[76.45264,11.2383],[76.45271,11.23905],[76.454,11.23972],[76.47089,11.2485],[76.47581,11.25138],[76.48696,11.25792],[76.49705,11.26192],[76.50018,11.26316],[76.5016,11.26372],[76.50296,11.26426],[76.52349,11.27236],[76.52435,11.27831],[76.52501,11.2829],[76.52592,11.28926],[76.54437,11.30037],[76.54532,11.30094],[76.53909,11.30482],[76.53688,11.30935],[76.53881,11.31757],[76.53937,11.31995],[76.5396,11.3209],[76.54926,11.33169],[76.54723,11.34422],[76.54685,11.35687],[76.54677,11.35938],[76.53803,11.35847],[76.53597,11.35826],[76.53335,11.35799],[76.52949,11.35759],[76.52738,11.35737],[76.50759,11.35589],[76.51368,11.36137],[76.51651,11.37318],[76.4966,11.37873],[76.47613,11.38433],[76.45984,11.38903],[76.45231,11.39473],[76.41493,11.42419],[76.41758,11.44401],[76.39755,11.43822],[76.36871,11.4563],[76.34719,11.46571],[76.34126,11.4683],[76.33095,11.45955],[76.325,11.4545],[76.31571,11.46099],[76.30958,11.46393],[76.3043,11.46909],[76.29494,11.4657],[76.29153,11.46853],[76.29288,11.47035],[76.29348,11.47208],[76.29387,11.47557],[76.28646,11.48265],[76.28462,11.48442],[76.28274,11.48255],[76.28042,11.47954],[76.27737,11.47956],[76.27503,11.47717],[76.2699,11.47767],[76.26818,11.48024],[76.26602,11.48236],[76.26381,11.48148],[76.25493,11.47486],[76.2479,11.47025],[76.24889,11.48118],[76.24973,11.4929],[76.2502,11.49666],[76.25055,11.50305],[76.24902,11.50585],[76.24675,11.51636],[76.23882,11.52666],[76.23847,11.52706],[76.23772,11.52745],[76.23707,11.52766],[76.23683,11.5278],[76.23654,11.52828],[76.23629,11.52839],[76.23617,11.52859],[76.23592,11.52875],[76.2357,11.5288],[76.23544,11.52902],[76.23519,11.52903],[76.23485,11.52903],[76.23453,11.52911],[76.23403,11.52928],[76.23379,11.52911],[76.23352,11.52901],[76.23334,11.52896],[76.23308,11.52867],[76.2326,11.52814],[76.2323,11.52806],[76.23205,11.52786],[76.23197,11.52727],[76.23176,11.52703],[76.23148,11.52678],[76.23107,11.52665],[76.23044,11.52629],[76.23024,11.52603],[76.23025,11.52566],[76.22995,11.52542],[76.22971,11.52536],[76.22935,11.52499],[76.22911,11.5247],[76.22909,11.52387],[76.22883,11.52356],[76.2285,11.52315],[76.22831,11.52254],[76.22811,11.522],[76.22775,11.52159],[76.22765,11.52118],[76.22774,11.52085],[76.22786,11.52021],[76.22754,11.5197],[76.22726,11.51912],[76.2272,11.51871],[76.2272,11.51692],[76.22695,11.51598],[76.22661,11.5156],[76.22661,11.51497],[76.22658,11.5138],[76.22595,11.51317],[76.22514,11.51288],[76.22494,11.51255],[76.22451,11.51236],[76.22425,11.51229],[76.22399,11.51238],[76.22337,11.51249],[76.22269,11.51246],[76.22131,11.5121],[76.22106,11.51177],[76.22011,11.51182],[76.21963,11.51164],[76.21898,11.51124],[76.21818,11.51096],[76.21764,11.51074],[76.21696,11.5103],[76.2164,11.5101],[76.21573,11.51022],[76.21526,11.51037],[76.2148,11.51032],[76.21462,11.5103],[76.21388,11.51036],[76.21307,11.51018],[76.21235,11.50985],[76.21172,11.50967],[76.21102,11.50962],[76.21026,11.5096],[76.20911,11.50949],[76.20848,11.50921],[76.20798,11.509],[76.20738,11.50866],[76.20671,11.50806],[76.20624,11.50769],[76.20619,11.50765],[76.20612,11.50762],[76.20569,11.50743],[76.20497,11.50716],[76.20427,11.50704],[76.20349,11.50716],[76.20264,11.5074],[76.2025,11.50747],[76.20234,11.50756],[76.20173,11.50761],[76.20115,11.50754],[76.20079,11.50732],[76.20076,11.5073],[76.20055,11.50714],[76.20034,11.50706],[76.2002,11.50701],[76.19965,11.50642],[76.19928,11.50602],[76.19821,11.50489],[76.198,11.50471],[76.19772,11.50447],[76.19703,11.50389],[76.19703,11.50346],[76.19704,11.50222],[76.19671,11.50204],[76.19651,11.50194],[76.19619,11.50176],[76.19609,11.50168],[76.19572,11.50139],[76.19543,11.50116],[76.1951,11.5008],[76.19472,11.50037],[76.19395,11.49982],[76.1929,11.49872],[76.1925,11.49777],[76.19238,11.49765],[76.19206,11.49731],[76.19193,11.49685],[76.19185,11.49681],[76.19126,11.49651],[76.19124,11.4964],[76.19118,11.49593],[76.19114,11.49563],[76.19104,11.49559],[76.19083,11.4955],[76.19058,11.4954],[76.18997,11.49544],[76.18989,11.49519],[76.18983,11.495],[76.18867,11.49459],[76.18996,11.49318],[76.18956,11.49266],[76.18884,11.49209],[76.18826,11.49177],[76.18768,11.49143],[76.18787,11.49095],[76.1883,11.49076],[76.18836,11.49046],[76.18813,11.49028],[76.18734,11.49034],[76.18721,11.49035],[76.18665,11.48972],[76.18656,11.48972],[76.18622,11.48975],[76.18592,11.48977],[76.18566,11.48946],[76.18571,11.48915],[76.18577,11.48899],[76.18594,11.48853],[76.18576,11.48834],[76.18552,11.48831],[76.18534,11.48829],[76.18501,11.48837],[76.18508,11.48819],[76.18521,11.48783],[76.18515,11.4874],[76.18514,11.48728],[76.18506,11.48676],[76.18505,11.48665],[76.18507,11.48642],[76.18511,11.48599],[76.18511,11.4859],[76.18495,11.4855],[76.18528,11.48495],[76.18524,11.48469],[76.18515,11.48457],[76.18495,11.48433],[76.18478,11.48404],[76.18446,11.48392],[76.18427,11.48397],[76.18405,11.48402],[76.18378,11.48412],[76.18332,11.48418],[76.18302,11.48434],[76.18281,11.48432],[76.18252,11.48419],[76.18236,11.48417],[76.18203,11.4837],[76.18208,11.48338],[76.18299,11.48244],[76.18428,11.48127],[76.18593,11.47915],[76.18656,11.47766],[76.18623,11.47563],[76.18525,11.47528],[76.18291,11.47496],[76.18139,11.47347],[76.18001,11.47154],[76.17729,11.47094],[76.17534,11.46828],[76.17304,11.46755],[76.17103,11.4671],[76.16907,11.46624],[76.16741,11.46414],[76.16603,11.46198],[76.16471,11.45959],[76.16314,11.45777],[76.16129,11.45601],[76.15983,11.45601],[76.1589,11.45698],[76.15816,11.45678],[76.15774,11.45638],[76.15693,11.45539],[76.1529,11.45367],[76.15088,11.45227],[76.14825,11.45301],[76.1462,11.45192],[76.14385,11.45187],[76.14334,11.45136],[76.14232,11.448],[76.14139,11.44615],[76.13947,11.44457],[76.13894,11.44261],[76.13876,11.43979],[76.13927,11.43792],[76.14095,11.43503],[76.14294,11.43268],[76.14637,11.43026],[76.14405,11.42253],[76.14018,11.41945],[76.13794,11.41959],[76.13732,11.4204],[76.1353,11.42297],[76.13281,11.42499],[76.13127,11.42727],[76.12872,11.42516],[76.12632,11.4221],[76.12505,11.41906],[76.12278,11.41723],[76.12111,11.41544],[76.11993,11.41348],[76.11939,11.4104],[76.11741,11.40826],[76.11457,11.40926],[76.11212,11.41022],[76.10967,11.41027],[76.10608,11.40946],[76.10634,11.40468],[76.10617,11.4023],[76.1047,11.40025],[76.10389,11.39829],[76.10296,11.39705],[76.10044,11.39534],[76.1005,11.39246],[76.10008,11.38968],[76.1,11.38918],[76.09963,11.38774],[76.09931,11.38674],[76.09897,11.385],[76.09835,11.38301],[76.09878,11.37783],[76.09897,11.37638],[76.09917,11.37511],[76.10065,11.37087],[76.10135,11.36887],[76.09969,11.36655],[76.09699,11.3632],[76.09446,11.3585],[76.09348,11.3558],[76.09453,11.35345],[76.09207,11.35271],[76.09282,11.3512],[76.09485,11.34706],[76.09663,11.34528],[76.09814,11.34357],[76.10032,11.34104],[76.10085,11.34154],[76.10475,11.33985],[76.10967,11.33849],[76.11336,11.33785],[76.11475,11.3345],[76.11664,11.33358],[76.11586,11.33204],[76.11545,11.33103],[76.1157,11.33003],[76.11764,11.32819],[76.11914,11.32685],[76.11999,11.32553],[76.11996,11.32311],[76.11865,11.32006],[76.11753,11.31829],[76.11457,11.31506],[76.11147,11.3138],[76.11096,11.31401],[76.10955,11.3146],[76.10767,11.31494],[76.10661,11.31454],[76.10511,11.31333],[76.10484,11.31321],[76.10373,11.31273],[76.1025,11.31267],[76.09895,11.31257],[76.09787,11.31185],[76.09648,11.31126],[76.09524,11.31116],[76.09382,11.31137],[76.09262,11.31206],[76.09103,11.31223],[76.08912,11.31171],[76.08753,11.31118],[76.08515,11.30964],[76.08384,11.3088],[76.08453,11.30779],[76.08468,11.30619],[76.08418,11.3051],[76.08315,11.3039],[76.07616,11.29933],[76.07133,11.2962],[76.07024,11.29521],[76.06968,11.29422],[76.06972,11.29344],[76.07041,11.29201],[76.07172,11.29142],[76.07298,11.29119],[76.07273,11.28761],[76.06852,11.28606],[76.06601,11.28547],[76.06288,11.28435],[76.06183,11.28343],[76.06088,11.28159],[76.05869,11.27905],[76.05867,11.2784],[76.05863,11.27711],[76.05676,11.27631],[76.05594,11.27589],[76.05483,11.27532],[76.05215,11.27267],[76.05041,11.27071],[76.05007,11.26951],[76.0499,11.26905],[76.04976,11.26876],[76.04889,11.26859],[76.04762,11.26834],[76.04479,11.26754],[76.04204,11.26787],[76.03863,11.2679],[76.03556,11.26779],[76.03543,11.26777],[76.03351,11.26752],[76.03301,11.26745],[76.03129,11.26758],[76.03035,11.26815],[76.02724,11.26928],[76.02566,11.26935],[76.02224,11.26949],[76.02108,11.2693],[76.0196,11.26905],[76.01913,11.26888],[76.01848,11.26864],[76.01805,11.26848],[76.01646,11.26808],[76.01434,11.26773],[76.01237,11.26552],[76.01125,11.26324],[76.01097,11.26268],[76.01043,11.26116],[76.00893,11.2599],[76.00584,11.25897],[76.00539,11.25895],[76.00339,11.25884],[76.00235,11.25878],[75.99958,11.25845],[75.9992,11.25563],[75.99712,11.25293],[75.99695,11.25272],[75.99262,11.25819],[75.98915,11.26063],[75.98858,11.26123],[75.98754,11.26232],[75.98678,11.26259],[75.98473,11.26333],[75.98239,11.2643],[75.98007,11.26562],[75.97809,11.26752],[75.97741,11.26817],[75.97655,11.26872],[75.97499,11.26876],[75.97286,11.26804],[75.97139,11.26719],[75.97012,11.26644],[75.96623,11.26244],[75.96439,11.26034],[75.96301,11.25806],[75.96282,11.25775],[75.96074,11.2549],[75.96037,11.25441],[75.95786,11.25241],[75.95535,11.25146],[75.9513,11.25041],[75.94428,11.24988],[75.93886,11.24908],[75.93518,11.24853],[75.93282,11.24794],[75.92855,11.24687],[75.92551,11.24576],[75.92405,11.2447],[75.92318,11.24348],[75.92205,11.24224],[75.92078,11.24036],[75.92063,11.24014],[75.9196,11.23822],[75.91838,11.23717],[75.91707,11.23652],[75.91559,11.2365],[75.91411,11.23645],[75.91041,11.23826],[75.91008,11.23858],[75.90864,11.23974],[75.90654,11.24123],[75.90512,11.24188],[75.90383,11.24233],[75.90267,11.24228],[75.90113,11.24246],[75.90079,11.24237],[75.89988,11.24188],[75.89952,11.24058],[75.89918,11.23944],[75.89905,11.23803],[75.89952,11.23578],[75.89965,11.23517],[75.89928,11.2334],[75.89718,11.23029],[75.89659,11.23012],[75.89538,11.22978],[75.89336,11.22961],[75.89023,11.22936],[75.88759,11.22867],[75.88529,11.22741],[75.88216,11.2257],[75.87868,11.22353],[75.87731,11.22258],[75.87699,11.22094],[75.87687,11.22035],[75.87652,11.21867],[75.8751,11.21593],[75.87248,11.21115],[75.87182,11.21022],[75.86965,11.20716],[75.86851,11.20655],[75.86757,11.2061],[75.86579,11.20566],[75.86426,11.20528],[75.86223,11.20507],[75.8606,11.20484],[75.85952,11.2053],[75.85901,11.20608],[75.85783,11.20774],[75.85714,11.20657],[75.85751,11.20475],[75.85703,11.20285],[75.85682,11.20177],[75.85744,11.20089],[75.85873,11.20062],[75.85946,11.20043],[75.86055,11.19945],[75.86059,11.19801],[75.8606,11.1976],[75.86085,11.19642],[75.85892,11.19608],[75.85869,11.19493],[75.86009,11.19437],[75.86023,11.19274],[75.86105,11.19175],[75.86184,11.19095],[75.86205,11.18996],[75.86264,11.18973],[75.86275,11.18968],[75.86515,11.18946],[75.86538,11.18955],[75.86581,11.18935],[75.86681,11.18888],[75.86906,11.18808],[75.86925,11.18801],[75.87077,11.1886],[75.87168,11.1881],[75.87217,11.18783],[75.87291,11.18751],[75.87359,11.18722],[75.87444,11.1867],[75.87587,11.18639],[75.87625,11.18581],[75.87644,11.18381],[75.87649,11.18379],[75.87731,11.18336],[75.87862,11.18315],[75.87925,11.18313],[75.87978,11.1835],[75.88021,11.18398],[75.88122,11.18458],[75.88136,11.18466],[75.8825,11.18482],[75.88353,11.18489],[75.88415,11.18472],[75.88521,11.18411],[75.88548,11.18285],[75.88556,11.1825],[75.88589,11.1813],[75.88763,11.18093],[75.88761,11.18027],[75.88732,11.17906],[75.88715,11.17862],[75.88706,11.17786],[75.88688,11.17689],[75.88704,11.17604],[75.88665,11.17447],[75.8874,11.17421],[75.888,11.17403],[75.88832,11.17335],[75.88801,11.17259],[75.88787,11.17258],[75.88761,11.1725],[75.88715,11.17226],[75.88655,11.17232],[75.88513,11.17248],[75.88405,11.17272],[75.88335,11.17289],[75.88266,11.17315],[75.882,11.17325],[75.88152,11.17331],[75.88099,11.1729],[75.88117,11.17136],[75.88113,11.16992],[75.88013,11.16977],[75.87915,11.16942],[75.87818,11.1687],[75.87742,11.16814],[75.87662,11.16775],[75.87603,11.16794],[75.87566,11.16806],[75.87498,11.16784],[75.87464,11.16824],[75.87458,11.16905],[75.87423,11.16933],[75.87418,11.16937],[75.87301,11.16912],[75.87169,11.17024],[75.87002,11.17054],[75.87034,11.17207],[75.87064,11.17273],[75.87079,11.17317],[75.87079,11.17353],[75.87034,11.17374],[75.86945,11.17357],[75.86837,11.17352],[75.86768,11.17343],[75.8666,11.17289],[75.86621,11.17124],[75.86491,11.17006],[75.86458,11.16973],[75.86363,11.16936],[75.86361,11.169],[75.86349,11.16884],[75.86355,11.16857],[75.86337,11.1682],[75.86291,11.16819],[75.86259,11.16824],[75.86199,11.16839],[75.8616,11.16848],[75.86134,11.16843],[75.86109,11.16832],[75.86095,11.16826],[75.86092,11.16818],[75.86077,11.16784],[75.86071,11.16742],[75.86081,11.16703],[75.86099,11.1664],[75.86102,11.1662],[75.86106,11.16589],[75.86094,11.16558],[75.86061,11.1652],[75.86039,11.16458],[75.86012,11.16397],[75.85987,11.16348],[75.85962,11.16315],[75.85969,11.16279],[75.85974,11.16237],[75.85998,11.16217],[75.86045,11.16151],[75.86047,11.16097],[75.86035,11.16063],[75.86015,11.16047],[75.85987,11.16027],[75.85953,11.15963],[75.85915,11.15909],[75.85903,11.15869],[75.85888,11.15833],[75.85872,11.15809],[75.85845,11.15791],[75.85808,11.15779],[75.85684,11.15752],[75.85666,11.15713],[75.85648,11.15684],[75.85643,11.1567],[75.85638,11.1566],[75.8561,11.15643],[75.85575,11.15636],[75.85526,11.15637],[75.85469,11.15648],[75.85434,11.15646],[75.8539,11.15625],[75.85356,11.1557],[75.85316,11.15523],[75.85306,11.15501],[75.85278,11.15478],[75.85235,11.15455],[75.85206,11.15428],[75.85189,11.15388],[75.85174,11.1535],[75.85164,11.15313],[75.85174,11.15289],[75.85207,11.15273],[75.85252,11.15266],[75.85285,11.15264],[75.85319,11.15259],[75.85329,11.15252],[75.8534,11.15245],[75.85382,11.15195],[75.8542,11.15151],[75.85487,11.15053],[75.85504,11.15003],[75.85496,11.14976],[75.85464,11.14953],[75.85439,11.14926],[75.85417,11.14893],[75.85424,11.14848],[75.85439,11.14812],[75.85459,11.14792],[75.85489,11.14766],[75.85521,11.14748],[75.8557,11.14741],[75.85612,11.14742],[75.85653,11.1474],[75.85689,11.14735],[75.85719,11.14708],[75.85731,11.14657],[75.85745,11.14606],[75.85755,11.14496],[75.85771,11.14435],[75.85886,11.14415],[75.85939,11.14169],[75.8592,11.14105],[75.85813,11.14051],[75.85682,11.13994],[75.85608,11.13966],[75.85547,11.13942],[75.85399,11.14069],[75.85286,11.14181],[75.85156,11.14337],[75.85002,11.14394],[75.84907,11.14381],[75.84652,11.14325],[75.84377,11.14186],[75.84169,11.13939],[75.84023,11.13748],[75.83734,11.13527],[75.83489,11.13354],[75.83324,11.13226],[75.83225,11.13129],[75.83118,11.13063],[75.8294,11.12956],[75.8283,11.12842],[75.82759,11.12727],[75.82682,11.12621],[75.82615,11.12529],[75.8256,11.12339],[75.82569,11.12296],[75.82575,11.12284],[75.8259,11.12281],[75.82604,11.12274],[75.82642,11.1222],[75.82717,11.12124],[75.82755,11.12031],[75.82775,11.11984],[75.82789,11.11939],[75.82804,11.11919],[75.82829,11.11907],[75.82881,11.1183],[75.82928,11.1172],[75.82944,11.11697],[75.82963,11.11682],[75.82988,11.11615],[75.83028,11.11505],[75.83101,11.11303],[75.83136,11.11195],[75.83154,11.11138],[75.83197,11.11028],[75.8321,11.1098],[75.83249,11.1083],[75.83347,11.10539],[75.83444,11.10272],[75.83487,11.10147],[75.83511,11.10078],[75.83587,11.09852],[75.83677,11.09587],[75.83751,11.09345],[75.83765,11.09296],[75.83766,11.09294],[75.83801,11.09174],[75.83841,11.08989],[75.83867,11.08877],[75.83889,11.08807],[75.83896,11.08788],[75.83947,11.08645],[75.84018,11.08413],[75.84075,11.08236],[75.84135,11.08048],[75.84144,11.0803],[75.84199,11.07839],[75.84234,11.07704],[75.84293,11.07509],[75.84318,11.07419],[75.84342,11.07333],[75.84404,11.07136],[75.84484,11.06854],[75.84496,11.06811],[75.84562,11.06593],[75.84582,11.06506],[75.84629,11.06327],[75.84633,11.06314],[75.84668,11.0616],[75.8471,11.05976],[75.84726,11.05913],[75.84734,11.05882],[75.84739,11.0586],[75.8479,11.05691],[75.84833,11.05479],[75.84878,11.05253],[75.84882,11.05233],[75.84923,11.05047],[75.84974,11.0483],[75.8498,11.04806],[75.84985,11.04783],[75.85,11.04697],[75.85014,11.04633],[75.85033,11.04582],[75.85064,11.04474],[75.85071,11.04446],[75.8511,11.04289],[75.85155,11.04069],[75.85198,11.0387],[75.85252,11.03581],[75.85256,11.03559],[75.85289,11.03378],[75.85323,11.03217],[75.85334,11.03131],[75.85363,11.02986],[75.85399,11.02838],[75.85412,11.02787],[75.85451,11.02629],[75.85484,11.02487],[75.85495,11.02444],[75.85517,11.02356],[75.85551,11.02235],[75.8559,11.02074],[75.856,11.02044],[75.85634,11.01956],[75.85681,11.01812],[75.85723,11.01642],[75.85773,11.01447],[75.85819,11.0124],[75.8585,11.0114],[75.85891,11.00997],[75.85909,11.00954],[75.85944,11.00852],[75.86003,11.00645],[75.86063,11.00439],[75.86089,11.00358],[75.86137,11.00186],[75.86182,11.00028],[75.8623,10.99851],[75.86248,10.99776],[75.86268,10.99693],[75.8631,10.99541],[75.86313,10.99531],[75.86387,10.99285],[75.86391,10.9927],[75.86414,10.99187],[75.86438,10.99089],[75.86482,10.98895],[75.8651,10.98796],[75.86522,10.98743],[75.86536,10.98683],[75.86565,10.98536],[75.86578,10.98481],[75.86586,10.98436],[75.86594,10.98375],[75.86591,10.98283],[75.86585,10.98257],[75.86585,10.98242],[75.86591,10.98233],[75.86622,10.9824],[75.86634,10.98237],[75.86649,10.98218],[75.86669,10.98179],[75.86686,10.98142],[75.86708,10.98103],[75.86719,10.98068],[75.86723,10.9805],[75.86726,10.98036],[75.86735,10.97989],[75.86745,10.97948],[75.86753,10.97915],[75.8676,10.97867],[75.86762,10.9786],[75.86779,10.97842],[75.8679,10.97824],[75.86795,10.97772],[75.86791,10.97746],[75.86785,10.97716],[75.86776,10.9769],[75.86772,10.97678],[75.86772,10.97669],[75.86789,10.97635],[75.8682,10.97573],[75.86841,10.97518],[75.86871,10.97436],[75.86887,10.97368],[75.86929,10.97202],[75.86975,10.97037],[75.87017,10.96887],[75.87059,10.96748],[75.87082,10.96673],[75.87104,10.96617],[75.8711,10.96588],[75.87108,10.9656],[75.87114,10.96484],[75.87122,10.9644],[75.87164,10.96282],[75.87173,10.96245],[75.87219,10.9607],[75.87254,10.95935],[75.87291,10.95789],[75.87298,10.95773],[75.87308,10.9574],[75.87307,10.9573],[75.87312,10.95707],[75.87339,10.95601],[75.87353,10.95544],[75.87373,10.9546],[75.87403,10.95326],[75.87421,10.95239],[75.87455,10.95111],[75.87499,10.94962],[75.87507,10.9494],[75.87508,10.94919],[75.87511,10.94882],[75.87522,10.94839],[75.87556,10.94698],[75.87566,10.94662],[75.87605,10.94528],[75.87728,10.93947],[75.87789,10.93746],[75.87805,10.93689],[75.87824,10.93601],[75.87855,10.93467],[75.87906,10.93239],[75.87922,10.93168],[75.87947,10.93055],[75.87959,10.93007],[75.88007,10.92803],[75.88087,10.92432],[75.88119,10.92285],[75.88149,10.92151],[75.88272,10.9154],[75.88315,10.9138],[75.88364,10.91125],[75.88418,10.90865],[75.88451,10.90711],[75.88483,10.90564],[75.88537,10.90304],[75.88577,10.90113],[75.88657,10.89723],[75.88675,10.89635],[75.88697,10.89526],[75.88718,10.89438],[75.88741,10.8934],[75.88792,10.89074],[75.88832,10.88887],[75.88861,10.88723],[75.88895,10.88557],[75.88926,10.88409],[75.8899,10.88137],[75.8905,10.87814],[75.89089,10.87636],[75.89122,10.87507],[75.89136,10.87459],[75.89204,10.8713],[75.89241,10.86935],[75.89282,10.86753],[75.89291,10.86715],[75.89348,10.86457],[75.8935,10.8645],[75.89407,10.8622],[75.8946,10.86005],[75.89468,10.85974],[75.89513,10.85793],[75.89554,10.85603],[75.89603,10.8538],[75.8966,10.85117],[75.89762,10.84651],[75.89815,10.84411],[75.89877,10.84107],[75.89937,10.83821],[75.8999,10.83539],[75.90094,10.83075],[75.90125,10.82932],[75.90146,10.82837],[75.90187,10.82645],[75.90223,10.82489],[75.90272,10.8228],[75.90296,10.82156],[75.90379,10.81782],[75.90513,10.81211],[75.90559,10.81013],[75.90669,10.8048],[75.90729,10.80178],[75.90798,10.79846],[75.90868,10.79502],[75.90915,10.79326],[75.90996,10.79033],[75.91013,10.78884],[75.91014,10.78802],[75.91017,10.78772],[75.91025,10.78761],[75.91064,10.78797],[75.911,10.78837],[75.91143,10.7874],[75.91204,10.78605],[75.91043,10.78511],[75.91016,10.785],[75.9101,10.78489],[75.9101,10.78474],[75.91017,10.78468],[75.91026,10.78466],[75.91035,10.78469],[75.91044,10.78472],[75.91051,10.78472],[75.91095,10.78461],[75.911,10.78461],[75.91103,10.78511],[75.9111,10.78523],[75.91132,10.78527],[75.91154,10.78528],[75.91176,10.78522],[75.91198,10.78514],[75.91233,10.78499],[75.91271,10.78471],[75.91312,10.78426],[75.91349,10.78384],[75.91393,10.78326],[75.91432,10.78274],[75.91455,10.78247],[75.91471,10.78219],[75.91487,10.7818],[75.91515,10.78135],[75.91541,10.78085],[75.91604,10.77909],[75.91653,10.77811],[75.91718,10.77695],[75.91761,10.77613],[75.91794,10.77555],[75.91856,10.77428],[75.91865,10.77409],[75.91884,10.7736],[75.91899,10.77307],[75.92006,10.77007],[75.92091,10.76789],[75.92153,10.76629],[75.92158,10.76615],[75.92165,10.76597],[75.92217,10.76443],[75.92239,10.76385],[75.92323,10.76158],[75.92358,10.76065],[75.92408,10.75947],[75.9244,10.75871],[75.92508,10.75711],[75.92525,10.75673],[75.9257,10.75568],[75.92602,10.75494],[75.92674,10.7535],[75.92732,10.75245],[75.92765,10.75186],[75.92784,10.75156],[75.92855,10.7498],[75.92911,10.74822],[75.92996,10.74593],[75.93008,10.74561],[75.93023,10.74516],[75.93023,10.74495],[75.93027,10.74467],[75.93072,10.74348],[75.93113,10.74248],[75.93183,10.74077],[75.93223,10.73975],[75.9329,10.73823],[75.93367,10.73651],[75.93388,10.73604],[75.93455,10.73455],[75.93495,10.73359],[75.93526,10.73296],[75.93527,10.73258],[75.93527,10.73231],[75.9354,10.73208],[75.93562,10.73182],[75.93604,10.73157],[75.93648,10.73124],[75.93657,10.73086],[75.93672,10.73057],[75.93689,10.73031],[75.9372,10.72986],[75.93764,10.72909],[75.93859,10.72723],[75.93921,10.72612],[75.93959,10.72538],[75.93962,10.72503],[75.93959,10.72476],[75.93942,10.72457],[75.93937,10.72421],[75.93947,10.72384],[75.93972,10.72339],[75.93991,10.72302],[75.94014,10.72251],[75.94034,10.72213],[75.94054,10.72184],[75.94115,10.72061],[75.94132,10.72023],[75.94165,10.7194],[75.94215,10.71813],[75.9425,10.71734],[75.94303,10.7162],[75.94347,10.71527],[75.94377,10.71471],[75.94398,10.71434],[75.94421,10.71388],[75.94462,10.71324],[75.94502,10.71262],[75.94548,10.71178],[75.9459,10.71101],[75.94628,10.71026],[75.94649,10.70972],[75.94662,10.70929],[75.94664,10.7091],[75.94666,10.70887],[75.94671,10.70864],[75.94695,10.70805],[75.94735,10.70708],[75.94754,10.70667],[75.9477,10.70648],[75.94779,10.7064],[75.94799,10.70618],[75.9482,10.70586],[75.94843,10.70535],[75.94866,10.70488],[75.94894,10.70409],[75.94935,10.70307],[75.94973,10.70212],[75.94991,10.70161],[75.95021,10.70087],[75.95097,10.69908],[75.95099,10.69894],[75.95093,10.69878],[75.95088,10.69869],[75.95121,10.69778],[75.95181,10.69626],[75.95192,10.696],[75.9522,10.69535],[75.95264,10.69427],[75.95347,10.69245],[75.95361,10.6922],[75.95412,10.691],[75.95444,10.69028],[75.95451,10.69012],[75.95479,10.68947],[75.95489,10.6892],[75.95515,10.68868],[75.95552,10.6878],[75.9559,10.68698],[75.95625,10.68636],[75.95652,10.68584],[75.95671,10.68543],[75.95687,10.68508],[75.95706,10.68476],[75.95717,10.68455],[75.95735,10.68412],[75.96152,10.68428],[75.96524,10.68798],[75.96653,10.68909],[75.96783,10.69023],[75.96973,10.68975]]]}},{"type":"Feature","properties":{"district":"Palakkad","name_ml":"പാലക്കാട് ജില്ല","wikidata":"Q1535742","admin_level":5},"geometry":{"type":"Polygon","coordinates":[[[76.40439,11.19019],[76.40251,11.18856],[76.40159,11.18777],[76.40128,11.1847],[76.40331,11.18412],[76.40384,11.18162],[76.40536,11.17899],[76.40566,11.17575],[76.413,11.17135],[76.41086,11.16396],[76.40826,11.15998],[76.40595,11.15642],[76.40759,11.15021],[76.41019,11.14583],[76.41315,11.14329],[76.41107,11.14005],[76.40892,11.13357],[76.40768,11.12897],[76.40865,11.12575],[76.40929,11.12362],[76.40867,11.11943],[76.40234,11.11562],[76.39326,11.11336],[76.38586,11.11263],[76.38534,11.10874],[76.3894,11.10389],[76.38841,11.0993],[76.38112,11.10066],[76.37495,11.09873],[76.3747,11.09865],[76.3682,11.09888],[76.36129,11.09788],[76.35772,11.09405],[76.35133,11.09242],[76.34947,11.09008],[76.34614,11.08808],[76.34451,11.08772],[76.34335,11.0854],[76.34324,11.08283],[76.34213,11.07932],[76.33978,11.07783],[76.33718,11.07553],[76.33389,11.07366],[76.33177,11.07405],[76.33148,11.07354],[76.3313,11.07324],[76.33247,11.07093],[76.33244,11.06872],[76.33279,11.0669],[76.33455,11.06644],[76.33489,11.06543],[76.33457,11.06426],[76.33443,11.06304],[76.3357,11.06272],[76.33613,11.06129],[76.335,11.05988],[76.33461,11.05774],[76.33254,11.05716],[76.33187,11.05628],[76.33253,11.05539],[76.33247,11.05425],[76.33085,11.0531],[76.3286,11.05194],[76.32641,11.05015],[76.3237,11.05113],[76.32242,11.05184],[76.32156,11.05082],[76.3199,11.05008],[76.31709,11.0511],[76.31456,11.0515],[76.31416,11.05157],[76.31248,11.05042],[76.30949,11.04762],[76.30779,11.04666],[76.30545,11.0471],[76.30227,11.04958],[76.30096,11.05038],[76.29904,11.05157],[76.29676,11.05108],[76.29724,11.04766],[76.29495,11.04518],[76.2939,11.04253],[76.29299,11.04181],[76.29164,11.03969],[76.28939,11.03993],[76.28792,11.03869],[76.28761,11.03842],[76.28547,11.03532],[76.28601,11.0344],[76.28828,11.0343],[76.28924,11.03344],[76.28895,11.03218],[76.28751,11.02961],[76.28866,11.02751],[76.28656,11.0241],[76.28697,11.0234],[76.28848,11.02085],[76.28951,11.02087],[76.29449,11.024],[76.29722,11.02337],[76.29909,11.02402],[76.30063,11.02665],[76.30444,11.02632],[76.30629,11.02762],[76.30906,11.02574],[76.31236,11.02738],[76.31565,11.02646],[76.31907,11.02686],[76.32023,11.02766],[76.3218,11.02787],[76.32227,11.02605],[76.32232,11.02454],[76.3239,11.02469],[76.32512,11.02508],[76.32575,11.02438],[76.32551,11.02246],[76.3272,11.02254],[76.3307,11.02184],[76.33106,11.02001],[76.3298,11.0171],[76.32921,11.0155],[76.32757,11.01106],[76.32635,11.0049],[76.32673,11.0042],[76.32863,11.00143],[76.33329,11.00024],[76.33743,10.9992],[76.34191,10.99809],[76.34946,10.99551],[76.35329,10.99655],[76.35641,10.99741],[76.35973,10.99836],[76.36944,10.99721],[76.37241,10.99527],[76.37187,10.99178],[76.36917,10.98464],[76.36597,10.9789],[76.36483,10.97322],[76.35276,10.97462],[76.35235,10.97467],[76.34616,10.9744],[76.34296,10.97455],[76.34077,10.97466],[76.3376,10.97814],[76.33722,10.97987],[76.33153,10.97882],[76.33025,10.9757],[76.32867,10.96674],[76.3299,10.96225],[76.3276,10.95841],[76.32437,10.95335],[76.32426,10.95136],[76.32372,10.94112],[76.32461,10.93059],[76.32719,10.92797],[76.33211,10.92506],[76.33294,10.92178],[76.33257,10.91659],[76.33246,10.91515],[76.33245,10.91501],[76.33244,10.91475],[76.33242,10.91457],[76.33565,10.91475],[76.33612,10.90984],[76.33711,10.90541],[76.33305,10.90495],[76.33256,10.90496],[76.3247,10.90512],[76.32129,10.9063],[76.32078,10.90837],[76.32074,10.90926],[76.32064,10.91197],[76.3129,10.91294],[76.31064,10.91243],[76.308,10.91156],[76.306,10.91134],[76.30257,10.91362],[76.30082,10.91573],[76.30067,10.91591],[76.29936,10.91785],[76.29825,10.91904],[76.29638,10.92017],[76.29529,10.92041],[76.29426,10.9197],[76.29017,10.91541],[76.28988,10.91511],[76.28425,10.91313],[76.27885,10.91642],[76.27834,10.91626],[76.27301,10.9146],[76.27102,10.91515],[76.26885,10.91574],[76.2634,10.90866],[76.26221,10.90691],[76.26302,10.90266],[76.25928,10.89743],[76.25773,10.89526],[76.25492,10.88827],[76.25327,10.88624],[76.25254,10.88498],[76.24971,10.88491],[76.2483,10.88532],[76.24417,10.8865],[76.23929,10.88628],[76.23576,10.88553],[76.23548,10.88551],[76.23238,10.88537],[76.23035,10.88578],[76.22935,10.88717],[76.22932,10.88957],[76.22261,10.89941],[76.22125,10.90234],[76.22027,10.90445],[76.21791,10.90641],[76.21744,10.90761],[76.2172,10.90989],[76.21714,10.91226],[76.21618,10.91368],[76.21602,10.91393],[76.21494,10.91457],[76.21464,10.91459],[76.21318,10.91445],[76.21205,10.91329],[76.21175,10.91284],[76.2112,10.91203],[76.21108,10.91134],[76.21053,10.908],[76.20834,10.90516],[76.20634,10.9032],[76.20574,10.8996],[76.20379,10.8984],[76.20166,10.89889],[76.19926,10.89945],[76.19795,10.89919],[76.19581,10.89875],[76.19155,10.89825],[76.18989,10.89882],[76.18799,10.9001],[76.18748,10.90157],[76.18787,10.90352],[76.18942,10.90693],[76.18958,10.90845],[76.18977,10.90999],[76.18961,10.9103],[76.1894,10.91074],[76.18693,10.91151],[76.18526,10.91148],[76.18447,10.91146],[76.18206,10.91078],[76.17756,10.90732],[76.17701,10.9069],[76.17503,10.90639],[76.17333,10.9073],[76.1726,10.91007],[76.17206,10.914],[76.17107,10.91568],[76.16908,10.91593],[76.16511,10.91431],[76.16265,10.91306],[76.16137,10.91244],[76.159,10.91162],[76.15819,10.90978],[76.15814,10.90509],[76.1574,10.90116],[76.15612,10.89876],[76.15306,10.8944],[76.15089,10.8913],[76.148,10.88998],[76.14585,10.88979],[76.141,10.89277],[76.13652,10.89665],[76.13455,10.89729],[76.13396,10.89748],[76.13138,10.89441],[76.13058,10.89362],[76.1305,10.88476],[76.13104,10.88132],[76.1318,10.87924],[76.13088,10.87658],[76.12958,10.87656],[76.12752,10.87688],[76.12726,10.87692],[76.12363,10.87832],[76.12089,10.8796],[76.11716,10.87989],[76.11623,10.8792],[76.1158,10.87864],[76.11469,10.87721],[76.11438,10.87532],[76.11338,10.87287],[76.11345,10.86755],[76.1133,10.86548],[76.11178,10.86447],[76.11068,10.8658],[76.10881,10.86715],[76.10778,10.86797],[76.10725,10.86839],[76.10612,10.86944],[76.10433,10.87078],[76.1032,10.87013],[76.10263,10.86838],[76.10265,10.86671],[76.10345,10.86312],[76.1028,10.85898],[76.10285,10.8571],[76.10294,10.85314],[76.10312,10.84568],[76.09817,10.84098],[76.09666,10.84052],[76.09542,10.84015],[76.09365,10.83961],[76.09076,10.83944],[76.08871,10.83932],[76.07949,10.83879],[76.0737,10.83887],[76.06265,10.83869],[76.06075,10.83866],[76.0535,10.84609],[76.05329,10.8463],[76.04789,10.84736],[76.04346,10.84823],[76.03857,10.8371],[76.0356,10.82854],[76.0297,10.82833],[76.02994,10.82695],[76.02988,10.82648],[76.02972,10.82625],[76.02938,10.82576],[76.0294,10.82569],[76.02812,10.82469],[76.02672,10.82195],[76.0305,10.82037],[76.03309,10.8195],[76.03393,10.81706],[76.03653,10.81649],[76.03741,10.81472],[76.03509,10.8104],[76.03696,10.80793],[76.04376,10.80598],[76.04734,10.80605],[76.04823,10.80429],[76.04779,10.80213],[76.0495,10.80221],[76.04984,10.80045],[76.04915,10.79831],[76.04561,10.79657],[76.04446,10.79601],[76.04269,10.79224],[76.04317,10.79013],[76.04338,10.7892],[76.04217,10.78589],[76.04187,10.78244],[76.04157,10.77874],[76.04153,10.77682],[76.04063,10.77058],[76.04153,10.76901],[76.04306,10.76667],[76.04338,10.76453],[76.0416,10.76199],[76.04176,10.7613],[76.04178,10.76122],[76.0427,10.76092],[76.04231,10.75913],[76.04188,10.75645],[76.04353,10.75637],[76.04409,10.75627],[76.04624,10.75588],[76.04722,10.75553],[76.04728,10.75404],[76.04778,10.7535],[76.04919,10.75298],[76.04848,10.75032],[76.04676,10.74908],[76.04648,10.74804],[76.04703,10.74694],[76.04846,10.7462],[76.04848,10.74528],[76.0485,10.74463],[76.04971,10.74384],[76.05121,10.74335],[76.05375,10.74351],[76.05437,10.74371],[76.0554,10.74405],[76.05597,10.7433],[76.05675,10.74312],[76.058,10.74381],[76.05998,10.74484],[76.06159,10.74471],[76.06238,10.74497],[76.06362,10.74583],[76.06573,10.74649],[76.06664,10.74627],[76.06745,10.74562],[76.06906,10.74346],[76.07059,10.74296],[76.07089,10.74225],[76.07071,10.74071],[76.07104,10.73981],[76.07235,10.73872],[76.07245,10.73765],[76.07233,10.73609],[76.07369,10.73293],[76.07187,10.73156],[76.07019,10.73031],[76.06962,10.72989],[76.0744,10.72922],[76.07725,10.7277],[76.07752,10.72767],[76.08292,10.72709],[76.08593,10.72739],[76.08706,10.72749],[76.08905,10.72709],[76.09077,10.72763],[76.09105,10.72771],[76.0934,10.72732],[76.09516,10.7281],[76.09948,10.72589],[76.10305,10.72382],[76.10465,10.72289],[76.10663,10.7213],[76.10985,10.71872],[76.11399,10.71678],[76.11798,10.71414],[76.11884,10.71357],[76.12066,10.71211],[76.12268,10.71051],[76.12518,10.71204],[76.12676,10.71338],[76.12792,10.71438],[76.12785,10.71511],[76.13025,10.71535],[76.13092,10.71735],[76.13244,10.72152],[76.13307,10.72251],[76.1356,10.72199],[76.13706,10.71952],[76.13942,10.71941],[76.14077,10.71935],[76.14439,10.72104],[76.14982,10.71646],[76.15059,10.71595],[76.15207,10.71363],[76.15298,10.71219],[76.15452,10.71315],[76.15542,10.71771],[76.15783,10.718],[76.15946,10.7097],[76.16145,10.70727],[76.16206,10.70654],[76.16435,10.70881],[76.17156,10.71484],[76.17954,10.72926],[76.18066,10.73128],[76.1852,10.73704],[76.18762,10.7398],[76.19122,10.74301],[76.19162,10.74998],[76.1929,10.751],[76.19456,10.75232],[76.19714,10.75427],[76.20185,10.7545],[76.20295,10.75575],[76.20598,10.7686],[76.20085,10.7711],[76.19601,10.77449],[76.18916,10.77927],[76.1887,10.7824],[76.19727,10.78209],[76.1982,10.78172],[76.21,10.77757],[76.21945,10.78159],[76.2246,10.77981],[76.22595,10.77834],[76.22891,10.77512],[76.23173,10.77206],[76.23669,10.77284],[76.23975,10.77332],[76.2434,10.77269],[76.24632,10.7686],[76.24615,10.76151],[76.24606,10.75759],[76.24562,10.75506],[76.24473,10.75001],[76.2458,10.7493],[76.24758,10.74813],[76.24879,10.74799],[76.25354,10.74744],[76.26032,10.75031],[76.26433,10.75257],[76.26494,10.75291],[76.27569,10.75264],[76.27795,10.75258],[76.28289,10.75346],[76.28409,10.75367],[76.28884,10.75625],[76.29035,10.7558],[76.29744,10.7537],[76.29887,10.75329],[76.30627,10.75119],[76.30882,10.75019],[76.31541,10.7476],[76.31948,10.74666],[76.3237,10.74569],[76.32986,10.74629],[76.33498,10.74954],[76.3412,10.74882],[76.3496,10.74473],[76.35035,10.74436],[76.35451,10.74312],[76.35811,10.74541],[76.3603,10.75366],[76.3632,10.76179],[76.36641,10.76391],[76.36914,10.76588],[76.37791,10.76752],[76.38095,10.76776],[76.38381,10.76798],[76.38852,10.76619],[76.39071,10.76044],[76.39121,10.75853],[76.39229,10.75439],[76.39342,10.7493],[76.39363,10.74836],[76.39457,10.74743],[76.39611,10.74646],[76.39987,10.74602],[76.40172,10.74611],[76.40335,10.74663],[76.40914,10.74941],[76.41073,10.74942],[76.41691,10.74944],[76.41873,10.74945],[76.4215,10.74946],[76.42986,10.75123],[76.43184,10.75165],[76.44261,10.74963],[76.45052,10.75074],[76.45639,10.75157],[76.46536,10.75241],[76.46842,10.75098],[76.46682,10.74723],[76.46672,10.7457],[76.46694,10.74529],[76.46837,10.74367],[76.47125,10.74243],[76.47406,10.73692],[76.47202,10.7301],[76.47093,10.72785],[76.47002,10.72503],[76.4642,10.72112],[76.4657,10.71813],[76.46311,10.71439],[76.46231,10.71127],[76.46196,10.70993],[76.46097,10.70612],[76.45872,10.70294],[76.45733,10.70097],[76.45679,10.70073],[76.4548,10.69985],[76.45122,10.70234],[76.45053,10.70204],[76.44655,10.70033],[76.44596,10.70008],[76.44047,10.69677],[76.4449,10.69131],[76.4462,10.68972],[76.44789,10.68422],[76.44808,10.68362],[76.44886,10.68176],[76.45142,10.67571],[76.45169,10.67349],[76.4512,10.66499],[76.45055,10.66438],[76.44871,10.66263],[76.4421,10.6639],[76.43679,10.65702],[76.43579,10.65557],[76.4348,10.65412],[76.43477,10.65378],[76.43415,10.65167],[76.43309,10.65033],[76.43082,10.64863],[76.42922,10.64884],[76.4283,10.64947],[76.42765,10.64957],[76.42607,10.64856],[76.42446,10.64947],[76.42365,10.6474],[76.42278,10.64518],[76.42196,10.64106],[76.42175,10.63997],[76.42146,10.63851],[76.41907,10.63337],[76.41878,10.63275],[76.41877,10.6326],[76.41856,10.62942],[76.41855,10.62917],[76.41849,10.62782],[76.41845,10.62716],[76.41837,10.6263],[76.41794,10.62185],[76.42109,10.62161],[76.42201,10.62868],[76.42558,10.62623],[76.42549,10.6197],[76.42763,10.61466],[76.42729,10.614],[76.42518,10.60999],[76.42161,10.60688],[76.41867,10.60552],[76.41562,10.60519],[76.41425,10.60586],[76.4136,10.60502],[76.41313,10.60384],[76.41257,10.60236],[76.41472,10.6016],[76.41489,10.59924],[76.4142,10.59713],[76.41407,10.59699],[76.41257,10.5954],[76.41051,10.59561],[76.40768,10.59835],[76.40635,10.59974],[76.40403,10.59962],[76.40357,10.59872],[76.40296,10.59755],[76.4024,10.59481],[76.40253,10.59432],[76.40314,10.592],[76.40326,10.59152],[76.40425,10.58966],[76.40511,10.58802],[76.40639,10.58498],[76.40725,10.58304],[76.40854,10.58076],[76.4091,10.57941],[76.41163,10.57857],[76.41446,10.57819],[76.41734,10.57793],[76.41983,10.57798],[76.4206,10.57764],[76.42013,10.57431],[76.42098,10.57283],[76.42279,10.57291],[76.42407,10.57266],[76.42566,10.56996],[76.42605,10.56815],[76.42665,10.56676],[76.42686,10.56536],[76.42785,10.56439],[76.43051,10.56351],[76.43055,10.56169],[76.4306,10.56034],[76.43061,10.56011],[76.43064,10.55912],[76.43158,10.55836],[76.43309,10.55785],[76.4336,10.55739],[76.4348,10.5565],[76.436,10.55663],[76.43785,10.55768],[76.43592,10.55165],[76.43502,10.5488],[76.43476,10.54802],[76.43386,10.54587],[76.43278,10.54161],[76.43227,10.53963],[76.43223,10.5379],[76.43279,10.53583],[76.43364,10.5341],[76.43463,10.53267],[76.43669,10.53089],[76.43755,10.53043],[76.43901,10.52967],[76.4409,10.52507],[76.44184,10.52385],[76.44334,10.52321],[76.44656,10.52279],[76.44781,10.52245],[76.4503,10.52161],[76.45437,10.51727],[76.45738,10.51347],[76.45866,10.51203],[76.45905,10.51085],[76.45957,10.50895],[76.46017,10.50807],[76.46085,10.50735],[76.46484,10.50436],[76.46665,10.503],[76.4672,10.49916],[76.46939,10.49769],[76.47072,10.49701],[76.47205,10.49275],[76.47476,10.48747],[76.47613,10.48711],[76.47768,10.48415],[76.47903,10.48178],[76.48246,10.48064],[76.48496,10.48106],[76.48617,10.48116],[76.48862,10.48013],[76.48978,10.47882],[76.49107,10.47853],[76.49334,10.47878],[76.49583,10.4792],[76.50003,10.47882],[76.50197,10.47768],[76.50216,10.47725],[76.50312,10.47511],[76.50467,10.47414],[76.50686,10.4733],[76.50892,10.47296],[76.51392,10.47266],[76.51654,10.47165],[76.51931,10.47039],[76.52035,10.46992],[76.52207,10.4691],[76.52351,10.46836],[76.5245,10.46682],[76.52501,10.46507],[76.52596,10.46355],[76.52688,10.46285],[76.52937,10.46139],[76.53071,10.46032],[76.53269,10.45874],[76.53428,10.45517],[76.5346,10.45426],[76.53475,10.45367],[76.53557,10.4497],[76.53636,10.44882],[76.53928,10.44766],[76.54196,10.44713],[76.54394,10.44686],[76.54487,10.44685],[76.54872,10.44681],[76.55303,10.44702],[76.55516,10.44605],[76.556,10.44462],[76.5563,10.44272],[76.55638,10.44133],[76.55655,10.44029],[76.55715,10.43559],[76.55979,10.43506],[76.56102,10.43595],[76.56353,10.43618],[76.5669,10.43713],[76.57084,10.43747],[76.5755,10.43755],[76.58114,10.43725],[76.58244,10.43702],[76.58473,10.4366],[76.58642,10.43639],[76.58681,10.43633],[76.58877,10.43479],[76.58956,10.43417],[76.59059,10.43151],[76.5914,10.42915],[76.59312,10.42759],[76.59475,10.4262],[76.59513,10.42442],[76.59647,10.42046],[76.59994,10.4194],[76.60161,10.41737],[76.60282,10.41522],[76.60376,10.4132],[76.6044,10.4118],[76.60419,10.40957],[76.60436,10.40767],[76.60548,10.40665],[76.60642,10.40509],[76.60681,10.40425],[76.60672,10.40302],[76.60668,10.40036],[76.60775,10.39969],[76.60968,10.39914],[76.61093,10.39699],[76.6129,10.39492],[76.61427,10.39256],[76.61586,10.39112],[76.61822,10.39108],[76.61878,10.38926],[76.61882,10.38728],[76.6193,10.38513],[76.61972,10.38377],[76.61994,10.38302],[76.62106,10.38065],[76.62214,10.38005],[76.62243,10.37989],[76.62552,10.37972],[76.62599,10.38128],[76.62663,10.38306],[76.62809,10.38386],[76.62904,10.38335],[76.63075,10.3823],[76.63028,10.38133],[76.62912,10.38074],[76.62809,10.37977],[76.6285,10.37827],[76.62898,10.37771],[76.62951,10.3773],[76.63116,10.37704],[76.63243,10.37751],[76.63395,10.37854],[76.63466,10.38008],[76.63638,10.3811],[76.63775,10.38086],[76.63942,10.38086],[76.64069,10.38164],[76.64146,10.3823],[76.64296,10.38306],[76.6444,10.38325],[76.64631,10.38278],[76.64957,10.38171],[76.65165,10.37998],[76.65275,10.37846],[76.65361,10.37755],[76.65464,10.37795],[76.65573,10.37848],[76.65672,10.37934],[76.65726,10.38013],[76.65766,10.38078],[76.65766,10.38268],[76.65751,10.3839],[76.65867,10.38481],[76.65992,10.38555],[76.66067,10.38572],[76.66178,10.38597],[76.66221,10.38477],[76.66333,10.38346],[76.66434,10.38221],[76.66758,10.37656],[76.66903,10.3747],[76.67178,10.3736],[76.67521,10.37225],[76.67676,10.37048],[76.67882,10.36947],[76.68277,10.36786],[76.6838,10.36609],[76.68672,10.36465],[76.68989,10.36372],[76.69418,10.36372],[76.69684,10.36372],[76.70011,10.36381],[76.70277,10.36465],[76.70517,10.3671],[76.70654,10.37031],[76.71075,10.37242],[76.71358,10.37301],[76.71624,10.37335],[76.72113,10.37301],[76.72294,10.37242],[76.72791,10.36963],[76.73521,10.36811],[76.73899,10.3682],[76.74379,10.36727],[76.74783,10.36651],[76.74989,10.36423],[76.75195,10.36263],[76.75435,10.36128],[76.75761,10.36128],[76.76087,10.36187],[76.76242,10.36237],[76.76491,10.3606],[76.76474,10.35613],[76.7601,10.3503],[76.75813,10.34794],[76.7516,10.34743],[76.75349,10.34523],[76.75169,10.3427],[76.75083,10.34084],[76.75109,10.3389],[76.75401,10.33628],[76.7583,10.3362],[76.76259,10.33713],[76.76559,10.33586],[76.76963,10.33493],[76.77203,10.3351],[76.77409,10.3389],[76.77684,10.3416],[76.77967,10.34169],[76.78113,10.34008],[76.78259,10.33797],[76.78637,10.3362],[76.78903,10.33586],[76.79469,10.33687],[76.80127,10.33748],[76.80207,10.33755],[76.80525,10.33763],[76.80551,10.34067],[76.80593,10.34405],[76.80774,10.34574],[76.80997,10.34658],[76.81392,10.3481],[76.81769,10.34869],[76.81958,10.34549],[76.82113,10.34304],[76.8231,10.34076],[76.8261,10.33898],[76.82791,10.33806],[76.83108,10.33704],[76.83701,10.33848],[76.83555,10.34257],[76.83555,10.34494],[76.83586,10.3462],[76.83632,10.34689],[76.83946,10.35002],[76.84036,10.35058],[76.84135,10.35149],[76.844,10.35617],[76.84555,10.35862],[76.84503,10.36077],[76.84499,10.36305],[76.84632,10.36474],[76.84816,10.36655],[76.84679,10.36972],[76.84482,10.3744],[76.84297,10.37698],[76.8404,10.37943],[76.83739,10.38226],[76.83353,10.38378],[76.83048,10.38888],[76.82731,10.39146],[76.82486,10.39319],[76.8237,10.39517],[76.82559,10.39745],[76.82864,10.39944],[76.831,10.40155],[76.83276,10.40412],[76.83211,10.40691],[76.83156,10.40931],[76.83053,10.41109],[76.82838,10.41159],[76.82679,10.41075],[76.82529,10.41007],[76.824,10.411],[76.8231,10.41273],[76.82229,10.41438],[76.82233,10.41662],[76.82224,10.41873],[76.81962,10.42092],[76.81623,10.42324],[76.81649,10.42552],[76.81774,10.42843],[76.82014,10.43227],[76.82216,10.43877],[76.82606,10.44502],[76.82812,10.453],[76.82877,10.46536],[76.82774,10.4765],[76.82924,10.48701],[76.82988,10.49798],[76.83306,10.50625],[76.83658,10.51895],[76.83937,10.52815],[76.84095,10.53583],[76.84194,10.53815],[76.84087,10.54051],[76.83885,10.54203],[76.83606,10.5438],[76.83503,10.54688],[76.8352,10.55212],[76.83585,10.55528],[76.83679,10.55823],[76.83838,10.56072],[76.83894,10.56142],[76.83937,10.56287],[76.83937,10.56545],[76.83894,10.56625],[76.83503,10.56962],[76.83349,10.57241],[76.83357,10.5746],[76.83477,10.57772],[76.83662,10.58025],[76.83769,10.58274],[76.83761,10.58511],[76.83757,10.58649],[76.83756,10.58672],[76.83743,10.59114],[76.83859,10.59477],[76.83816,10.5973],[76.83623,10.59903],[76.83383,10.59958],[76.83168,10.59945],[76.82962,10.5986],[76.82782,10.59763],[76.82615,10.59734],[76.82465,10.59797],[76.82241,10.59979],[76.82027,10.60126],[76.81791,10.6032],[76.81679,10.60481],[76.81675,10.60696],[76.81744,10.60873],[76.81851,10.61042],[76.81829,10.61206],[76.81735,10.61375],[76.81645,10.61695],[76.81435,10.61889],[76.81327,10.61961],[76.8116,10.62067],[76.811,10.62164],[76.81087,10.62332],[76.81083,10.62501],[76.8137,10.62881],[76.81473,10.63054],[76.8146,10.63176],[76.81448,10.63437],[76.81574,10.636],[76.82121,10.63625],[76.82621,10.63606],[76.83106,10.63661],[76.83263,10.63674],[76.83495,10.63547],[76.83743,10.63454],[76.8419,10.63492],[76.84507,10.63556],[76.84799,10.63547],[76.85117,10.63505],[76.85507,10.63383],[76.85666,10.63319],[76.85924,10.63273],[76.86203,10.63248],[76.86632,10.63311],[76.86906,10.63459],[76.87012,10.63504],[76.87151,10.63564],[76.87417,10.63811],[76.87722,10.63838],[76.87943,10.63895],[76.88084,10.6395],[76.88112,10.6401],[76.88153,10.64079],[76.88149,10.64414],[76.88222,10.64709],[76.8828,10.64912],[76.88273,10.65099],[76.88187,10.65253],[76.88078,10.65403],[76.88029,10.65626],[76.88093,10.65998],[76.88037,10.66217],[76.87951,10.66371],[76.87833,10.66537],[76.87799,10.66643],[76.8779,10.66905],[76.87775,10.6719],[76.87763,10.67412],[76.87756,10.6754],[76.87709,10.67692],[76.87687,10.67716],[76.87573,10.67836],[76.87467,10.67854],[76.87291,10.6785],[76.8706,10.67787],[76.86845,10.67832],[76.86738,10.67944],[76.86655,10.6816],[76.86619,10.68401],[76.86586,10.68613],[76.86631,10.68765],[76.86805,10.68999],[76.86947,10.69229],[76.86968,10.69451],[76.86858,10.69665],[76.8688,10.69792],[76.87041,10.69949],[76.87175,10.70203],[76.87419,10.70644],[76.87626,10.70971],[76.88176,10.71811],[76.88293,10.71941],[76.88571,10.72012],[76.88866,10.71883],[76.88987,10.71876],[76.89089,10.7201],[76.89176,10.72217],[76.89107,10.72438],[76.88968,10.7271],[76.88767,10.73089],[76.888,10.73517],[76.88961,10.73936],[76.89302,10.74399],[76.89531,10.74669],[76.89563,10.75345],[76.89711,10.75496],[76.8998,10.75672],[76.9025,10.76011],[76.90367,10.76332],[76.90375,10.7659],[76.90306,10.7684],[76.90226,10.77098],[76.90287,10.77211],[76.90481,10.77412],[76.90606,10.77669],[76.90696,10.78002],[76.90722,10.782],[76.90563,10.7866],[76.90387,10.79301],[76.90258,10.79714],[76.90039,10.80186],[76.90048,10.80485],[76.90035,10.80696],[76.8994,10.80848],[76.89697,10.80905],[76.89601,10.80928],[76.89219,10.80979],[76.89037,10.80985],[76.88765,10.80995],[76.88211,10.81004],[76.87481,10.80987],[76.87052,10.81008],[76.86889,10.81046],[76.86718,10.81274],[76.86563,10.81442],[76.86512,10.81649],[76.86323,10.81805],[76.85984,10.81834],[76.8561,10.81851],[76.8534,10.81876],[76.85027,10.81876],[76.8496,10.81765],[76.84924,10.81849],[76.84877,10.8189],[76.8481,10.81924],[76.84765,10.82029],[76.84756,10.82172],[76.84755,10.82265],[76.84721,10.82344],[76.84652,10.82447],[76.84578,10.82484],[76.84532,10.82538],[76.84491,10.82607],[76.84522,10.82709],[76.84564,10.82772],[76.84615,10.82807],[76.84644,10.82806],[76.84665,10.82769],[76.84669,10.82709],[76.84707,10.82703],[76.84752,10.82747],[76.84822,10.82912],[76.84818,10.83097],[76.84826,10.83134],[76.84867,10.83159],[76.84958,10.83111],[76.85006,10.82995],[76.85049,10.82994],[76.85095,10.83074],[76.85131,10.83195],[76.85361,10.83452],[76.85369,10.83565],[76.85291,10.83688],[76.85336,10.83845],[76.85147,10.84325],[76.84979,10.84604],[76.84834,10.84768],[76.84803,10.85012],[76.84537,10.85122],[76.84298,10.85248],[76.84181,10.85297],[76.84121,10.85299],[76.84048,10.85375],[76.83958,10.85524],[76.83935,10.8559],[76.83931,10.85686],[76.83907,10.8571],[76.83827,10.8572],[76.83762,10.85746],[76.83707,10.8584],[76.83561,10.85889],[76.8348,10.85893],[76.83348,10.85911],[76.83332,10.85935],[76.83318,10.86059],[76.83278,10.86086],[76.83163,10.86089],[76.8315,10.86126],[76.83158,10.86141],[76.8318,10.86145],[76.83186,10.86181],[76.83174,10.86202],[76.83178,10.86232],[76.83183,10.86238],[76.83195,10.86248],[76.83189,10.86266],[76.83168,10.86295],[76.83147,10.86328],[76.8313,10.86407],[76.83103,10.86451],[76.83074,10.86475],[76.83074,10.86478],[76.83067,10.86517],[76.83064,10.86573],[76.83067,10.86593],[76.83071,10.86612],[76.8306,10.86649],[76.83061,10.86681],[76.83068,10.867],[76.83069,10.86712],[76.83071,10.86742],[76.83102,10.86779],[76.8307,10.86865],[76.8305,10.8691],[76.8304,10.86941],[76.83037,10.86992],[76.83053,10.8702],[76.83073,10.87068],[76.8306,10.87096],[76.83001,10.87117],[76.82989,10.87123],[76.82918,10.87166],[76.82859,10.87191],[76.82846,10.87222],[76.82837,10.8727],[76.82797,10.87298],[76.82753,10.87295],[76.82733,10.8728],[76.82705,10.87278],[76.82682,10.87292],[76.82657,10.87308],[76.82642,10.87313],[76.8262,10.87307],[76.82616,10.87293],[76.82622,10.87276],[76.82634,10.87259],[76.82646,10.87251],[76.8265,10.87239],[76.82647,10.87227],[76.82635,10.87211],[76.82615,10.87203],[76.82593,10.8721],[76.82574,10.87243],[76.82554,10.87268],[76.82525,10.87279],[76.82471,10.87275],[76.8244,10.87271],[76.82406,10.87269],[76.82359,10.8728],[76.82317,10.87313],[76.82284,10.8734],[76.82261,10.87342],[76.82224,10.87337],[76.82143,10.87345],[76.82085,10.87364],[76.8205,10.87366],[76.82037,10.87375],[76.82014,10.87407],[76.81991,10.8743],[76.81971,10.87447],[76.81961,10.87447],[76.81952,10.87441],[76.81939,10.87435],[76.81921,10.87435],[76.81886,10.87445],[76.81853,10.87456],[76.81837,10.87453],[76.81811,10.87435],[76.81796,10.87425],[76.81783,10.87413],[76.81771,10.87389],[76.81765,10.87368],[76.81756,10.87361],[76.81714,10.87365],[76.81687,10.87361],[76.81668,10.87361],[76.8165,10.87381],[76.81587,10.87466],[76.81531,10.87605],[76.81517,10.87629],[76.81496,10.8764],[76.81483,10.87647],[76.81454,10.87661],[76.81444,10.87691],[76.81432,10.87699],[76.81383,10.87678],[76.81366,10.87656],[76.81349,10.8765],[76.8133,10.8765],[76.813,10.87665],[76.81255,10.87678],[76.81207,10.87675],[76.81195,10.8768],[76.81193,10.87691],[76.81206,10.87729],[76.81213,10.87745],[76.81212,10.87762],[76.8092,10.87849],[76.80731,10.87862],[76.80662,10.87919],[76.80581,10.87904],[76.80508,10.87931],[76.80429,10.87934],[76.80352,10.87915],[76.80314,10.87963],[76.80288,10.88036],[76.80147,10.88038],[76.79851,10.88089],[76.79564,10.88156],[76.79396,10.88211],[76.7918,10.88317],[76.79121,10.88397],[76.79111,10.88477],[76.79093,10.88514],[76.78949,10.88559],[76.78861,10.88645],[76.78814,10.88676],[76.78771,10.887],[76.78744,10.88755],[76.78711,10.88821],[76.78643,10.8888],[76.78602,10.88929],[76.78505,10.88899],[76.78328,10.89016],[76.78122,10.8913],[76.77855,10.89138],[76.77589,10.89117],[76.77383,10.8905],[76.77203,10.88961],[76.76997,10.88856],[76.76774,10.8881],[76.76589,10.88902],[76.76517,10.89016],[76.76328,10.89223],[76.76208,10.8929],[76.75881,10.89395],[76.75499,10.8945],[76.75276,10.8948],[76.74924,10.89307],[76.74603,10.89231],[76.74375,10.89186],[76.74268,10.89186],[76.74096,10.89193],[76.74002,10.89315],[76.73894,10.89526],[76.73731,10.89682],[76.73405,10.89745],[76.73148,10.89775],[76.72912,10.89918],[76.7253,10.9023],[76.72268,10.90365],[76.71967,10.90457],[76.71478,10.90752],[76.71105,10.90875],[76.70809,10.9098],[76.70397,10.91047],[76.69981,10.91052],[76.69444,10.91127],[76.68993,10.91338],[76.68444,10.91528],[76.68049,10.91675],[76.67715,10.91797],[76.6753,10.91878],[76.67256,10.92084],[76.66751,10.92464],[76.66183,10.92868],[76.66011,10.93045],[76.65895,10.93239],[76.65783,10.93416],[76.655,10.93984],[76.65766,10.94132],[76.66002,10.94203],[76.662,10.9425],[76.66419,10.94372],[76.66569,10.94633],[76.66427,10.94983],[76.66406,10.95286],[76.66517,10.9556],[76.6665,10.958],[76.66702,10.96108],[76.66637,10.96538],[76.66702,10.96925],[76.66903,10.97161],[76.67251,10.97393],[76.6741,10.97591],[76.68616,10.98959],[76.68564,10.99272],[76.68779,11.00169],[76.68835,11.00881],[76.69032,11.01328],[76.69616,11.02246],[76.70998,11.03539],[76.7147,11.03994],[76.72002,11.04167],[76.72392,11.0415],[76.73036,11.04015],[76.7344,11.03931],[76.73856,11.0388],[76.74212,11.03783],[76.7456,11.03628],[76.75182,11.03362],[76.75645,11.03244],[76.75989,11.03143],[76.76246,11.03088],[76.76469,11.03055],[76.76714,11.03152],[76.77074,11.0327],[76.77495,11.03404],[76.78216,11.0348],[76.78585,11.0356],[76.78847,11.03636],[76.7925,11.0383],[76.79319,11.04221],[76.79383,11.04504],[76.79641,11.0474],[76.79855,11.04992],[76.79984,11.0527],[76.80098,11.05429],[76.79847,11.05658],[76.79594,11.05666],[76.79422,11.05561],[76.7925,11.05114],[76.79066,11.04752],[76.78847,11.04521],[76.78615,11.04466],[76.78418,11.04386],[76.78267,11.04348],[76.78096,11.04344],[76.77963,11.04318],[76.77795,11.04255],[76.77649,11.04259],[76.77508,11.0431],[76.77246,11.04327],[76.7707,11.04365],[76.76834,11.04403],[76.76637,11.04546],[76.76401,11.04647],[76.76293,11.04799],[76.7619,11.04975],[76.76092,11.05152],[76.75903,11.05291],[76.75641,11.05317],[76.75349,11.05367],[76.75092,11.05447],[76.74899,11.05531],[76.74753,11.05574],[76.74624,11.05628],[76.74568,11.057],[76.74594,11.05957],[76.74504,11.06197],[76.74418,11.06353],[76.74362,11.06509],[76.74311,11.06723],[76.74345,11.07006],[76.74319,11.07305],[76.74358,11.07359],[76.74487,11.07439],[76.74547,11.07401],[76.74757,11.07477],[76.74877,11.07616],[76.74984,11.07755],[76.75143,11.07844],[76.75319,11.07873],[76.75414,11.0805],[76.75457,11.08307],[76.75379,11.08543],[76.75285,11.08808],[76.75238,11.09052],[76.75173,11.0925],[76.74959,11.09318],[76.7477,11.0928],[76.7465,11.09356],[76.74611,11.09503],[76.74358,11.10067],[76.74302,11.10425],[76.74371,11.10792],[76.74547,11.11019],[76.74731,11.11221],[76.74873,11.11427],[76.74911,11.11668],[76.74871,11.11886],[76.7483,11.12089],[76.74723,11.12388],[76.74736,11.12741],[76.74744,11.12918],[76.74744,11.13183],[76.74796,11.13419],[76.74796,11.1343],[76.74809,11.13621],[76.74675,11.13676],[76.74495,11.13647],[76.74362,11.13558],[76.73963,11.13516],[76.73667,11.13524],[76.73418,11.13491],[76.73298,11.13364],[76.73152,11.13306],[76.73049,11.13373],[76.72796,11.13508],[76.72379,11.13988],[76.72109,11.14278],[76.71959,11.14522],[76.71865,11.14716],[76.71779,11.14885],[76.71525,11.14956],[76.71294,11.1496],[76.71045,11.14876],[76.70929,11.14821],[76.7083,11.14678],[76.70912,11.14556],[76.71062,11.14497],[76.71174,11.14371],[76.71186,11.14223],[76.71015,11.14072],[76.70749,11.14047],[76.70586,11.14139],[76.70504,11.14274],[76.70418,11.14539],[76.70337,11.14876],[76.70148,11.15141],[76.69753,11.15485],[76.69095,11.15982],[76.68998,11.16055],[76.69171,11.1632],[76.69283,11.17199],[76.69438,11.17284],[76.69601,11.17514],[76.70068,11.17525],[76.70126,11.17567],[76.70106,11.17658],[76.70003,11.17852],[76.69977,11.17984],[76.69988,11.18126],[76.70097,11.18181],[76.70203,11.18163],[76.70347,11.18105],[76.70521,11.17952],[76.70714,11.17893],[76.7081,11.18014],[76.70919,11.1826],[76.70971,11.18492],[76.70987,11.1873],[76.71145,11.18786],[76.7131,11.18813],[76.71587,11.186],[76.7174,11.18581],[76.71935,11.18641],[76.72058,11.18782],[76.72126,11.19047],[76.72313,11.19172],[76.72466,11.19179],[76.72706,11.19053],[76.72894,11.19347],[76.7286,11.19693],[76.72749,11.20181],[76.72671,11.20526],[76.72774,11.20871],[76.72997,11.21082],[76.73152,11.21242],[76.7347,11.21461],[76.7353,11.21705],[76.731,11.21764],[76.72791,11.22193],[76.72482,11.22572],[76.71967,11.22799],[76.7171,11.2306],[76.71384,11.23372],[76.71032,11.23641],[76.70869,11.23826],[76.70662,11.23845],[76.70347,11.23865],[76.70103,11.23887],[76.69784,11.23906],[76.69649,11.23776],[76.695,11.23757],[76.69254,11.23722],[76.69065,11.23605],[76.68782,11.23458],[76.68508,11.23366],[76.68396,11.23306],[76.68506,11.2313],[76.68282,11.23011],[76.68398,11.22816],[76.67824,11.22147],[76.67419,11.219],[76.67279,11.21912],[76.67138,11.21912],[76.67037,11.21902],[76.65702,11.21005],[76.65613,11.20962],[76.65543,11.20962],[76.6541,11.20981],[76.6533,11.20979],[76.62971,11.19413],[76.60091,11.20654],[76.53385,11.19671],[76.51606,11.20431],[76.51048,11.21163],[76.50034,11.21145],[76.4828,11.2107],[76.47238,11.20875],[76.47347,11.19493],[76.46664,11.19331],[76.45845,11.18768],[76.45192,11.19922],[76.43862,11.19895],[76.43923,11.20301],[76.4364,11.20391],[76.4348,11.20305],[76.43173,11.20286],[76.42887,11.20369],[76.42887,11.20386],[76.42881,11.20568],[76.42641,11.20684],[76.42214,11.20775],[76.41906,11.20817],[76.41591,11.20883],[76.41384,11.20957],[76.41118,11.20918],[76.40872,11.20786],[76.40725,11.20679],[76.40552,11.20647],[76.40275,11.20712],[76.40241,11.20633],[76.402,11.20536],[76.40411,11.20436],[76.40497,11.20288],[76.40524,11.20241],[76.40641,11.20067],[76.40667,11.19949],[76.4071,11.19748],[76.40727,11.19471],[76.40739,11.19278],[76.40439,11.19019]]]}},{"type":"Feature","properties":{"district":"Pathanamthitta","name_ml":"പത്തനംതിട്ട ജില്ല","wikidata":"Q634935","admin_level":5},"geometry":{"type":"Polygon","coordinates":[[[76.98345,9.42392],[76.96999,9.42596],[76.94427,9.42012],[76.94123,9.42288],[76.9365,9.42045],[76.92654,9.41532],[76.92505,9.41555],[76.92275,9.41659],[76.92219,9.41784],[76.92264,9.41949],[76.92361,9.42125],[76.92434,9.42243],[76.92408,9.42366],[76.9225,9.42507],[76.92206,9.42546],[76.92,9.42578],[76.91809,9.42559],[76.91584,9.42535],[76.91421,9.42499],[76.91312,9.42417],[76.91267,9.42424],[76.91161,9.4244],[76.91084,9.42533],[76.91009,9.4265],[76.90927,9.42739],[76.90691,9.42925],[76.90522,9.42969],[76.90468,9.43071],[76.90404,9.43134],[76.90371,9.43156],[76.90344,9.43175],[76.90326,9.43187],[76.90231,9.43221],[76.90156,9.43249],[76.89925,9.43395],[76.8963,9.43504],[76.89184,9.43858],[76.89129,9.43886],[76.8899,9.43964],[76.88621,9.44242],[76.8802,9.44512],[76.87592,9.4463],[76.87519,9.4465],[76.87258,9.44748],[76.87123,9.44783],[76.86672,9.44987],[76.86584,9.45027],[76.86233,9.4526],[76.85984,9.45385],[76.85823,9.45393],[76.85735,9.45387],[76.85647,9.4545],[76.8557,9.4559],[76.85494,9.45734],[76.85387,9.45751],[76.85282,9.45698],[76.85205,9.4556],[76.85179,9.45478],[76.85239,9.45467],[76.85351,9.45401],[76.85374,9.45319],[76.85314,9.45302],[76.85207,9.45285],[76.85149,9.45203],[76.8516,9.45135],[76.85198,9.45069],[76.85205,9.44951],[76.85162,9.44855],[76.851,9.44798],[76.84973,9.44695],[76.84872,9.44604],[76.84767,9.44563],[76.84623,9.44718],[76.84498,9.44918],[76.84497,9.44921],[76.84359,9.44993],[76.8419,9.4504],[76.84001,9.45033],[76.83814,9.45012],[76.83658,9.45006],[76.83503,9.44995],[76.83415,9.45063],[76.83351,9.45226],[76.83278,9.45258],[76.82958,9.45268],[76.82853,9.45213],[76.82782,9.4509],[76.82756,9.44942],[76.82714,9.448],[76.82626,9.44718],[76.82465,9.44663],[76.82312,9.44652],[76.82231,9.44836],[76.82126,9.45027],[76.82031,9.45291],[76.81935,9.45473],[76.81817,9.45569],[76.81617,9.45594],[76.81529,9.45573],[76.814,9.45514],[76.81269,9.45518],[76.81057,9.45541],[76.809,9.45528],[76.80684,9.45492],[76.80538,9.4549],[76.80355,9.45512],[76.80242,9.45567],[76.80154,9.45717],[76.80136,9.45743],[76.80079,9.45829],[76.80029,9.45789],[76.79999,9.45626],[76.79978,9.45501],[76.79978,9.45321],[76.79933,9.45205],[76.79891,9.45209],[76.79787,9.45222],[76.79647,9.4533],[76.79544,9.45385],[76.79439,9.45344],[76.79319,9.45247],[76.79205,9.45173],[76.79205,9.45071],[76.79255,9.44991],[76.79263,9.44832],[76.79222,9.44714],[76.79096,9.44682],[76.78939,9.44667],[76.78873,9.44667],[76.78812,9.44783],[76.78649,9.4486],[76.78413,9.44836],[76.78231,9.44822],[76.78102,9.44752],[76.7781,9.44565],[76.77697,9.44528],[76.77579,9.44489],[76.7715,9.44345],[76.76959,9.44223],[76.76815,9.44144],[76.76789,9.44047],[76.76765,9.43867],[76.76708,9.43774],[76.76493,9.43683],[76.7639,9.43837],[76.763,9.44009],[76.76248,9.44076],[76.76154,9.44223],[76.76109,9.44601],[76.75937,9.44845],[76.75881,9.44925],[76.75411,9.45389],[76.7515,9.4533],[76.74978,9.45285],[76.74813,9.45255],[76.74796,9.45543],[76.74967,9.45556],[76.75079,9.45603],[76.75091,9.45633],[76.75111,9.45681],[76.75137,9.45829],[76.75135,9.45929],[76.75027,9.46178],[76.75167,9.46227],[76.7516,9.4636],[76.75094,9.46443],[76.75008,9.46405],[76.74866,9.46271],[76.74813,9.46572],[76.74806,9.46991],[76.7474,9.47057],[76.74678,9.47114],[76.74663,9.47201],[76.74738,9.47294],[76.74783,9.47391],[76.74684,9.47427],[76.74616,9.4741],[76.74549,9.47393],[76.74394,9.47374],[76.74324,9.47397],[76.74004,9.47516],[76.73742,9.47546],[76.73562,9.47539],[76.73523,9.47537],[76.73364,9.47476],[76.73249,9.47404],[76.73156,9.47338],[76.73111,9.47247],[76.7309,9.4711],[76.73081,9.46989],[76.73111,9.46896],[76.73162,9.46694],[76.73078,9.46647],[76.72948,9.46591],[76.7279,9.46555],[76.7264,9.46502],[76.72597,9.46487],[76.72446,9.46459],[76.72271,9.46431],[76.72206,9.46386],[76.72127,9.46312],[76.72037,9.46255],[76.72028,9.46249],[76.71962,9.46224],[76.71816,9.46185],[76.71757,9.46122],[76.71677,9.46043],[76.71587,9.4592],[76.71436,9.45788],[76.71354,9.45677],[76.71219,9.45612],[76.71048,9.45557],[76.70882,9.45487],[76.70842,9.45491],[76.70811,9.4553],[76.70805,9.45568],[76.70767,9.45713],[76.70692,9.45959],[76.7062,9.461],[76.70439,9.46189],[76.70246,9.46292],[76.70255,9.46447],[76.70278,9.46648],[76.70219,9.46856],[76.70197,9.47052],[76.70144,9.4713],[76.70124,9.47158],[76.70066,9.47222],[76.70047,9.4733],[76.70068,9.47482],[76.70034,9.47639],[76.69826,9.47742],[76.69723,9.47804],[76.69333,9.47857],[76.6903,9.47747],[76.6886,9.47721],[76.68742,9.47776],[76.68573,9.47876],[76.68333,9.48083],[76.68059,9.48237],[76.67985,9.48278],[76.67854,9.48379],[76.67708,9.48432],[76.6759,9.48443],[76.67489,9.48392],[76.67358,9.48288],[76.67279,9.48191],[76.67225,9.48128],[76.67101,9.48113],[76.66974,9.48155],[76.66796,9.482],[76.66672,9.48216],[76.66586,9.48193],[76.66378,9.48189],[76.66107,9.48238],[76.65213,9.48179],[76.65142,9.48147],[76.64994,9.48028],[76.64867,9.47876],[76.64756,9.47842],[76.64582,9.47884],[76.64455,9.47895],[76.64318,9.47891],[76.64217,9.4785],[76.6419,9.47803],[76.64161,9.47753],[76.64123,9.47624],[76.64114,9.46947],[76.64043,9.46794],[76.63932,9.46654],[76.63758,9.46523],[76.6362,9.46388],[76.63526,9.46326],[76.63479,9.4636],[76.6338,9.46576],[76.63299,9.46796],[76.63157,9.47156],[76.63056,9.47205],[76.62998,9.47201],[76.62906,9.47194],[76.62807,9.47177],[76.62668,9.47091],[76.62604,9.46975],[76.62591,9.46951],[76.62535,9.46822],[76.6253,9.46665],[76.62565,9.46502],[76.62554,9.46214],[76.62363,9.46123],[76.62159,9.46051],[76.62011,9.45998],[76.61968,9.46017],[76.61788,9.46096],[76.61603,9.46119],[76.61522,9.46091],[76.615,9.46103],[76.61342,9.46081],[76.6102,9.46043],[76.6091,9.45998],[76.60876,9.4595],[76.60882,9.45854],[76.60876,9.45778],[76.60925,9.45626],[76.60947,9.45522],[76.60893,9.45495],[76.60771,9.45552],[76.60683,9.45628],[76.60522,9.45708],[76.60376,9.45761],[76.60275,9.45746],[76.60249,9.45677],[76.60245,9.45543],[76.60252,9.45431],[76.6029,9.45368],[76.60348,9.45268],[76.60421,9.45164],[76.60391,9.45088],[76.60286,9.45073],[76.60067,9.45012],[76.59945,9.4502],[76.59777,9.45048],[76.59692,9.45008],[76.59644,9.44904],[76.59595,9.44807],[76.59517,9.44749],[76.59503,9.44739],[76.59348,9.44697],[76.59243,9.4472],[76.59162,9.44874],[76.59114,9.44832],[76.59069,9.44741],[76.59033,9.44659],[76.59035,9.4457],[76.59039,9.44498],[76.59056,9.44206],[76.59121,9.44051],[76.59181,9.43924],[76.59222,9.43765],[76.59216,9.43622],[76.59215,9.43607],[76.59136,9.43173],[76.59142,9.43013],[76.59142,9.43006],[76.59143,9.42978],[76.59144,9.42933],[76.5914,9.42643],[76.59129,9.42489],[76.59168,9.42356],[76.59342,9.42275],[76.59522,9.42214],[76.59608,9.42146],[76.59623,9.42015],[76.59598,9.4197],[76.5955,9.41881],[76.5946,9.41655],[76.5946,9.41524],[76.59344,9.41358],[76.59207,9.41354],[76.59144,9.41483],[76.59074,9.41676],[76.59011,9.41795],[76.589,9.41909],[76.58728,9.41985],[76.58539,9.42023],[76.5814,9.42148],[76.57951,9.4219],[76.57773,9.4214],[76.57694,9.42051],[76.57617,9.41979],[76.57516,9.41879],[76.57419,9.41788],[76.5722,9.41706],[76.56928,9.41471],[76.56917,9.41462],[76.56715,9.41246],[76.5655,9.41121],[76.56436,9.41107],[76.56329,9.41079],[76.56039,9.41107],[76.5569,9.41242],[76.55548,9.41325],[76.55497,9.41496],[76.55447,9.41697],[76.55417,9.41922],[76.55366,9.4211],[76.55323,9.42235],[76.55322,9.42254],[76.55296,9.4231],[76.55273,9.42353],[76.55218,9.42421],[76.55194,9.42411],[76.55106,9.42358],[76.54952,9.42275],[76.54846,9.4225],[76.5467,9.42264],[76.5451,9.42277],[76.54417,9.42267],[76.54284,9.42229],[76.54252,9.42184],[76.54179,9.42082],[76.53956,9.4203],[76.53939,9.41816],[76.53864,9.41632],[76.53784,9.41511],[76.53766,9.41504],[76.53694,9.41479],[76.53593,9.41593],[76.53544,9.41704],[76.53057,9.41646],[76.53042,9.41278],[76.52902,9.41274],[76.52548,9.41255],[76.52546,9.41058],[76.52499,9.40933],[76.52402,9.40867],[76.52274,9.40848],[76.52076,9.40842],[76.518,9.40836],[76.51737,9.40817],[76.51566,9.40808],[76.51593,9.40658],[76.51628,9.40304],[76.51477,9.40026],[76.51111,9.39525],[76.51078,9.39229],[76.51156,9.39079],[76.51372,9.39059],[76.51379,9.38939],[76.51263,9.38776],[76.5113,9.3864],[76.5117,9.38485],[76.51192,9.38402],[76.51202,9.38254],[76.51146,9.38199],[76.51131,9.38185],[76.51008,9.37815],[76.51096,9.37512],[76.51315,9.37332],[76.51474,9.37268],[76.51501,9.37],[76.51944,9.36924],[76.52381,9.36862],[76.52424,9.3668],[76.52403,9.36527],[76.52233,9.36488],[76.51972,9.36543],[76.51761,9.36597],[76.51657,9.36538],[76.51525,9.36317],[76.51371,9.36269],[76.51375,9.36065],[76.51379,9.3583],[76.51335,9.35615],[76.51357,9.35409],[76.51282,9.35379],[76.51156,9.35467],[76.50898,9.35471],[76.50813,9.3538],[76.50563,9.35141],[76.50292,9.35044],[76.50053,9.35027],[76.49796,9.34835],[76.49727,9.34807],[76.49627,9.347],[76.49376,9.34697],[76.49073,9.34685],[76.4888,9.34712],[76.48759,9.3468],[76.48624,9.34595],[76.48391,9.3455],[76.48334,9.34508],[76.48395,9.34332],[76.48382,9.3431],[76.48243,9.34065],[76.48172,9.33939],[76.47936,9.33743],[76.4778,9.33665],[76.47674,9.33653],[76.47624,9.33599],[76.47372,9.33325],[76.47336,9.33166],[76.47442,9.33106],[76.47428,9.32916],[76.475,9.32827],[76.48117,9.32835],[76.4848,9.32923],[76.48689,9.32915],[76.48845,9.32905],[76.49015,9.32867],[76.49145,9.32814],[76.49384,9.3267],[76.49421,9.32638],[76.49551,9.32514],[76.49729,9.32414],[76.50009,9.32351],[76.50541,9.32463],[76.51185,9.32623],[76.51926,9.32737],[76.52611,9.3264],[76.52818,9.32699],[76.52964,9.3286],[76.53131,9.32978],[76.53216,9.32957],[76.53235,9.32898],[76.53247,9.32712],[76.53329,9.32504],[76.53332,9.32497],[76.53338,9.32484],[76.53363,9.3242],[76.53539,9.32269],[76.536,9.32235],[76.53747,9.32205],[76.54081,9.32219],[76.54241,9.32211],[76.54588,9.32495],[76.54801,9.32479],[76.55008,9.32444],[76.55118,9.32471],[76.55199,9.32574],[76.55266,9.32729],[76.55336,9.33135],[76.55256,9.33496],[76.55555,9.33852],[76.55643,9.34066],[76.56017,9.34229],[76.56052,9.34353],[76.55939,9.34446],[76.55734,9.3451],[76.55275,9.34694],[76.5516,9.3483],[76.55091,9.35],[76.55141,9.35085],[76.5528,9.35156],[76.55377,9.35132],[76.55624,9.34914],[76.55933,9.34959],[76.56101,9.35113],[76.56171,9.35177],[76.56172,9.35348],[76.56303,9.35476],[76.56439,9.35506],[76.56683,9.35638],[76.57236,9.35645],[76.57403,9.3545],[76.57786,9.35353],[76.57939,9.34999],[76.5812,9.34785],[76.58194,9.3472],[76.5836,9.34842],[76.58555,9.3483],[76.58696,9.35028],[76.58766,9.3516],[76.58831,9.35159],[76.58887,9.35107],[76.59039,9.35063],[76.59169,9.35099],[76.59418,9.35233],[76.59494,9.35105],[76.59642,9.34792],[76.59849,9.34752],[76.6009,9.34762],[76.6035,9.346],[76.60681,9.34531],[76.60836,9.34388],[76.61146,9.34419],[76.61414,9.34274],[76.61553,9.34233],[76.6168,9.34195],[76.61887,9.34084],[76.61888,9.34084],[76.61903,9.34075],[76.61913,9.3407],[76.62037,9.34],[76.62475,9.33927],[76.62699,9.33893],[76.62785,9.3415],[76.62798,9.34258],[76.63577,9.34241],[76.64207,9.34133],[76.6413,9.33852],[76.64039,9.33532],[76.64125,9.33241],[76.63983,9.33118],[76.63847,9.3293],[76.63639,9.32828],[76.63535,9.32731],[76.63568,9.32622],[76.63877,9.32531],[76.64009,9.32281],[76.64069,9.32168],[76.64168,9.31834],[76.64249,9.31557],[76.64295,9.31403],[76.64333,9.31274],[76.64361,9.31178],[76.64789,9.31114],[76.64865,9.31103],[76.6502,9.30874],[76.64886,9.30573],[76.65025,9.30169],[76.65233,9.29465],[76.65237,9.29325],[76.65224,9.29259],[76.65163,9.28947],[76.65981,9.28864],[76.66434,9.28996],[76.67047,9.2895],[76.67231,9.28839],[76.67369,9.28787],[76.67423,9.28725],[76.67509,9.28375],[76.67564,9.28206],[76.67511,9.27922],[76.67487,9.27905],[76.66762,9.27374],[76.66796,9.26918],[76.66495,9.26659],[76.66188,9.26724],[76.66183,9.26387],[76.65473,9.26177],[76.65382,9.2609],[76.65316,9.25916],[76.65292,9.25852],[76.65633,9.25674],[76.65717,9.24902],[76.65671,9.24356],[76.65669,9.24355],[76.65657,9.24336],[76.65559,9.24186],[76.65388,9.24055],[76.65396,9.23894],[76.65384,9.23742],[76.65104,9.23665],[76.64971,9.23616],[76.64855,9.23646],[76.64749,9.2376],[76.64642,9.23734],[76.64545,9.23663],[76.64225,9.2343],[76.63918,9.23406],[76.63934,9.23079],[76.64218,9.22786],[76.64533,9.22305],[76.64625,9.21035],[76.64664,9.20966],[76.6473,9.20849],[76.64763,9.20768],[76.64883,9.20621],[76.65066,9.20482],[76.65143,9.20434],[76.65259,9.20399],[76.65647,9.20441],[76.6574,9.2046],[76.65763,9.20373],[76.65782,9.20346],[76.65868,9.20351],[76.65899,9.20351],[76.66016,9.20218],[76.66032,9.20174],[76.66069,9.20136],[76.66188,9.2009],[76.66346,9.20048],[76.66405,9.20047],[76.66597,9.20016],[76.66722,9.19991],[76.66801,9.20011],[76.66815,9.20008],[76.66831,9.20004],[76.66893,9.19892],[76.66935,9.19807],[76.67081,9.19614],[76.67119,9.1957],[76.67135,9.19534],[76.67165,9.19514],[76.67264,9.19473],[76.6738,9.19489],[76.67484,9.19492],[76.6752,9.19484],[76.67698,9.1939],[76.67708,9.19305],[76.67694,9.19196],[76.67659,9.19112],[76.67617,9.19072],[76.67594,9.19026],[76.67595,9.18934],[76.67796,9.18429],[76.68097,9.1826],[76.68367,9.18124],[76.68759,9.18044],[76.69113,9.17865],[76.68714,9.16979],[76.67869,9.17375],[76.67268,9.17057],[76.67117,9.16532],[76.67167,9.16165],[76.67281,9.1546],[76.66852,9.15197],[76.66145,9.15059],[76.65852,9.15095],[76.65313,9.15277],[76.6516,9.15114],[76.64775,9.15095],[76.6391,9.15116],[76.63749,9.14941],[76.6359,9.14769],[76.63642,9.14477],[76.6346,9.14234],[76.6359,9.13994],[76.6367,9.13646],[76.63638,9.13055],[76.63558,9.12807],[76.63376,9.12591],[76.63326,9.12466],[76.63378,9.12273],[76.63445,9.12222],[76.6352,9.12263],[76.63603,9.12324],[76.63747,9.12407],[76.64054,9.12392],[76.64442,9.12347],[76.6446,9.12248],[76.64477,9.12157],[76.64668,9.11877],[76.6476,9.1182],[76.64966,9.11699],[76.65206,9.11557],[76.65275,9.11538],[76.65354,9.1154],[76.65468,9.11585],[76.65545,9.11536],[76.65616,9.11489],[76.65715,9.11572],[76.65841,9.11604],[76.66084,9.11621],[76.66309,9.11621],[76.66633,9.1175],[76.66813,9.11792],[76.66832,9.11794],[76.66847,9.11795],[76.66987,9.11805],[76.67103,9.11841],[76.67309,9.11854],[76.67429,9.11555],[76.67592,9.11453],[76.67571,9.11292],[76.67614,9.11102],[76.67648,9.1093],[76.67652,9.10606],[76.67755,9.10625],[76.6783,9.10462],[76.67706,9.10333],[76.67682,9.10127],[76.67717,9.09968],[76.67775,9.09544],[76.67764,9.09286],[76.67695,9.09068],[76.67676,9.08909],[76.67582,9.08688],[76.6747,9.08496],[76.67418,9.08445],[76.67313,9.08315],[76.6721,9.08199],[76.67247,9.08076],[76.67337,9.07989],[76.67474,9.07907],[76.67539,9.0787],[76.67601,9.07936],[76.67687,9.08203],[76.67745,9.08252],[76.67933,9.08349],[76.68079,9.08311],[76.68264,9.08273],[76.68337,9.08332],[76.68375,9.08549],[76.68461,9.0868],[76.68556,9.08765],[76.68637,9.08888],[76.688,9.08994],[76.69011,9.09044],[76.69285,9.09044],[76.69419,9.09012],[76.69551,9.08981],[76.69895,9.08938],[76.7006,9.08858],[76.70208,9.08786],[76.70465,9.08786],[76.70809,9.08752],[76.71079,9.08638],[76.71285,9.08481],[76.71577,9.08362],[76.72002,9.0821],[76.72388,9.08176],[76.72487,9.08273],[76.7262,9.084],[76.72834,9.08417],[76.73096,9.08332],[76.73251,9.08248],[76.73401,9.08193],[76.73495,9.08222],[76.73551,9.08332],[76.73658,9.0854],[76.73706,9.08663],[76.73774,9.08667],[76.73847,9.08633],[76.73989,9.08561],[76.74109,9.08447],[76.74263,9.08307],[76.74388,9.08188],[76.74517,9.0807],[76.74675,9.08074],[76.74826,9.08142],[76.74976,9.08303],[76.75079,9.08472],[76.75122,9.08629],[76.75306,9.08879],[76.75444,9.08896],[76.75555,9.08883],[76.75705,9.08743],[76.75774,9.08489],[76.75774,9.08282],[76.75723,9.07981],[76.7571,9.07591],[76.75753,9.07442],[76.75903,9.07324],[76.7607,9.07349],[76.76268,9.07455],[76.76504,9.07498],[76.76778,9.07515],[76.77092,9.07481],[76.77118,9.07535],[76.77156,9.07612],[76.771,9.07752],[76.77097,9.0786],[76.77087,9.08146],[76.77001,9.08489],[76.76924,9.08697],[76.76826,9.08871],[76.7677,9.08984],[76.76718,9.09091],[76.76675,9.09311],[76.76637,9.09566],[76.76821,9.09964],[76.76937,9.1015],[76.77104,9.10222],[76.77298,9.10163],[76.77396,9.10239],[76.77336,9.104],[76.77422,9.10574],[76.77589,9.10638],[76.77697,9.10731],[76.77624,9.10922],[76.77705,9.11002],[76.77963,9.11078],[76.78113,9.11095],[76.78276,9.11146],[76.78409,9.11489],[76.78701,9.1146],[76.78963,9.11303],[76.79255,9.10994],[76.79413,9.11002],[76.79671,9.11104],[76.79821,9.1107],[76.80117,9.11019],[76.80276,9.11036],[76.80684,9.11002],[76.80958,9.10883],[76.81349,9.10625],[76.81529,9.10345],[76.81782,9.10036],[76.81937,9.09816],[76.82087,9.09727],[76.8225,9.09566],[76.82349,9.09366],[76.82653,9.09311],[76.82816,9.09358],[76.82937,9.09468],[76.83383,9.09468],[76.83606,9.09362],[76.83778,9.09358],[76.83971,9.09328],[76.8416,9.09303],[76.84319,9.09337],[76.84507,9.09438],[76.84589,9.09629],[76.84597,9.0993],[76.84683,9.09964],[76.84954,9.09972],[76.85117,9.09994],[76.8519,9.10074],[76.85173,9.10142],[76.84924,9.10286],[76.84984,9.10371],[76.851,9.10502],[76.85104,9.10672],[76.85108,9.11307],[76.85203,9.11375],[76.85421,9.11439],[76.8549,9.11519],[76.85597,9.1168],[76.8576,9.11748],[76.85881,9.11811],[76.86074,9.11773],[76.86267,9.11701],[76.86426,9.11591],[76.86589,9.11633],[76.86653,9.12074],[76.86863,9.12307],[76.87018,9.12464],[76.87129,9.12667],[76.87237,9.12739],[76.87378,9.12824],[76.8746,9.12905],[76.87554,9.1304],[76.87623,9.13205],[76.88224,9.12788],[76.88348,9.12716],[76.88449,9.12631],[76.88466,9.12504],[76.88468,9.12389],[76.88468,9.12352],[76.88537,9.12278],[76.88668,9.12288],[76.88863,9.12356],[76.89228,9.12417],[76.8931,9.12479],[76.89434,9.126],[76.89552,9.12697],[76.89657,9.12833],[76.89732,9.12994],[76.8979,9.1308],[76.89801,9.13078],[76.89883,9.13061],[76.89992,9.1297],[76.90086,9.12835],[76.90209,9.12623],[76.90357,9.12602],[76.90571,9.12663],[76.90752,9.1265],[76.91129,9.12621],[76.91294,9.12608],[76.91385,9.12602],[76.91614,9.12521],[76.92088,9.12392],[76.92382,9.12345],[76.92442,9.12235],[76.92468,9.12078],[76.92528,9.11945],[76.92588,9.11911],[76.92732,9.11915],[76.92992,9.11926],[76.93346,9.11898],[76.93663,9.1182],[76.93867,9.11828],[76.94052,9.11881],[76.94271,9.11903],[76.94537,9.11867],[76.94728,9.11792],[76.94897,9.11797],[76.95384,9.12326],[76.95683,9.12714],[76.95848,9.1275],[76.95934,9.1282],[76.95974,9.12981],[76.96011,9.13076],[76.9588,9.13112],[76.95721,9.13108],[76.95612,9.13123],[76.95509,9.1315],[76.95414,9.13184],[76.95262,9.1321],[76.95148,9.13186],[76.94951,9.1314],[76.94775,9.1321],[76.94685,9.13324],[76.94582,9.13508],[76.945,9.13633],[76.94176,9.13858],[76.94065,9.13919],[76.93951,9.13958],[76.93818,9.13894],[76.93721,9.1378],[76.93616,9.13678],[76.93513,9.13739],[76.93329,9.13835],[76.93178,9.13894],[76.93026,9.13894],[76.92906,9.13883],[76.92751,9.139],[76.92651,9.13996],[76.92687,9.14474],[76.92706,9.1472],[76.92636,9.14917],[76.9258,9.15106],[76.92598,9.15426],[76.92601,9.15481],[76.92635,9.15596],[76.92739,9.15945],[76.92811,9.16528],[76.92814,9.16684],[76.92792,9.16862],[76.92781,9.16998],[76.92803,9.17055],[76.92829,9.17127],[76.9288,9.17241],[76.92966,9.17379],[76.93095,9.17404],[76.93223,9.17356],[76.93384,9.17231],[76.93496,9.17152],[76.9365,9.17029],[76.93771,9.17004],[76.9402,9.1693],[76.94247,9.16692],[76.94522,9.1643],[76.94741,9.16252],[76.94938,9.16063],[76.95084,9.15959],[76.95221,9.15904],[76.95537,9.15699],[76.9573,9.15551],[76.96129,9.15368],[76.96275,9.15265],[76.96414,9.15214],[76.96494,9.1522],[76.96655,9.1522],[76.96735,9.15231],[76.96777,9.15237],[76.96906,9.15186],[76.97015,9.15112],[76.97144,9.15021],[76.973,9.15055],[76.97464,9.15008],[76.97676,9.14949],[76.97845,9.14924],[76.98024,9.14913],[76.982,9.14811],[76.98292,9.14731],[76.98453,9.1464],[76.98712,9.14631],[76.98968,9.14527],[76.99054,9.14398],[76.99114,9.14277],[76.99206,9.14161],[76.99326,9.14061],[76.99446,9.14008],[76.99605,9.14059],[76.99826,9.14047],[76.9998,9.1397],[77.0006,9.13873],[77.00122,9.13837],[77.00272,9.13813],[77.00375,9.1378],[77.00528,9.13799],[77.00641,9.13864],[77.00757,9.1397],[77.00854,9.14002],[77.00983,9.13936],[77.0118,9.13803],[77.0139,9.13705],[77.01626,9.13568],[77.0174,9.13428],[77.01766,9.13265],[77.01773,9.13138],[77.01899,9.13067],[77.0208,9.13042],[77.02188,9.13022],[77.02288,9.12991],[77.0243,9.12879],[77.02522,9.12828],[77.02569,9.12825],[77.02608,9.12823],[77.02699,9.1283],[77.028,9.1289],[77.02891,9.12913],[77.02968,9.12906],[77.0303,9.12835],[77.03075,9.12771],[77.03227,9.12669],[77.03427,9.12598],[77.0354,9.12585],[77.0366,9.12538],[77.03763,9.12471],[77.03903,9.12443],[77.04033,9.12418],[77.04204,9.12413],[77.04375,9.12394],[77.04462,9.12324],[77.04535,9.12276],[77.04614,9.12275],[77.04704,9.12328],[77.04813,9.124],[77.04884,9.12472],[77.04977,9.12596],[77.05027,9.12693],[77.05171,9.12791],[77.05274,9.12807],[77.05369,9.12777],[77.05478,9.127],[77.05567,9.12568],[77.05634,9.12305],[77.05678,9.12102],[77.05705,9.11968],[77.05715,9.11885],[77.05745,9.11809],[77.05817,9.1173],[77.05861,9.11708],[77.05929,9.11711],[77.05983,9.11738],[77.06021,9.11786],[77.06058,9.11828],[77.06113,9.11861],[77.06204,9.11873],[77.06289,9.11873],[77.06452,9.11888],[77.06526,9.11879],[77.06566,9.11833],[77.06617,9.11757],[77.06675,9.11635],[77.06701,9.1149],[77.06742,9.11422],[77.06784,9.11374],[77.06869,9.11346],[77.06944,9.11334],[77.07042,9.11307],[77.07147,9.11286],[77.07246,9.11303],[77.07354,9.11323],[77.07485,9.11327],[77.07664,9.11332],[77.07711,9.1133],[77.07852,9.11326],[77.07979,9.11254],[77.08017,9.1118],[77.08029,9.11097],[77.08038,9.10985],[77.08113,9.10879],[77.08325,9.10775],[77.08508,9.10719],[77.08757,9.10642],[77.08942,9.10559],[77.09091,9.10501],[77.09332,9.10372],[77.09452,9.10283],[77.09516,9.10232],[77.09568,9.10218],[77.09689,9.10226],[77.09774,9.10195],[77.09777,9.10124],[77.09881,9.09988],[77.1,9.09923],[77.10183,9.09915],[77.10286,9.09925],[77.10371,9.09897],[77.10449,9.09836],[77.10514,9.09728],[77.10522,9.09667],[77.10573,9.09609],[77.10629,9.09545],[77.10691,9.09497],[77.10773,9.0948],[77.10856,9.09454],[77.10921,9.09411],[77.10988,9.09361],[77.11043,9.09345],[77.11108,9.09341],[77.11154,9.09373],[77.11222,9.09408],[77.1131,9.09387],[77.1141,9.09358],[77.11613,9.0941],[77.11823,9.0945],[77.12026,9.09459],[77.12178,9.09413],[77.12337,9.09314],[77.12568,9.0917],[77.12922,9.0895],[77.13065,9.08827],[77.13279,9.08712],[77.13438,9.08657],[77.13732,9.08614],[77.13938,9.08579],[77.14082,9.08564],[77.14206,9.08551],[77.14308,9.0852],[77.1436,9.0846],[77.1442,9.08365],[77.14531,9.08336],[77.14674,9.08339],[77.1488,9.0838],[77.15063,9.08412],[77.15139,9.08439],[77.1521,9.08495],[77.15264,9.08601],[77.15288,9.08666],[77.15321,9.08708],[77.15358,9.08735],[77.15409,9.08741],[77.15471,9.08737],[77.15537,9.08698],[77.15562,9.08634],[77.15554,9.08507],[77.15526,9.08433],[77.15468,9.08385],[77.15412,9.08326],[77.1539,9.0824],[77.15412,9.08203],[77.1544,9.082],[77.15506,9.08194],[77.15609,9.08186],[77.15698,9.08177],[77.15776,9.08161],[77.15843,9.08122],[77.15954,9.08121],[77.15998,9.08133],[77.16022,9.08178],[77.16039,9.08212],[77.16071,9.08237],[77.16122,9.0824],[77.16165,9.08228],[77.16189,9.08211],[77.16182,9.08161],[77.16187,9.08111],[77.16208,9.08095],[77.16245,9.08075],[77.16294,9.08048],[77.16334,9.07976],[77.16426,9.07921],[77.16489,9.07905],[77.16576,9.07879],[77.16643,9.0786],[77.16701,9.07849],[77.16769,9.07854],[77.16819,9.0787],[77.16858,9.07865],[77.16906,9.07839],[77.16953,9.07802],[77.16999,9.07782],[77.17046,9.07791],[77.17085,9.0781],[77.17146,9.0784],[77.17173,9.07872],[77.17205,9.07928],[77.17325,9.07949],[77.17386,9.07941],[77.17441,9.07936],[77.17501,9.07922],[77.17543,9.07874],[77.1758,9.0777],[77.17607,9.07764],[77.17669,9.07757],[77.17735,9.07753],[77.17791,9.07742],[77.17842,9.07707],[77.17898,9.07663],[77.17923,9.07641],[77.17992,9.07625],[77.18096,9.07623],[77.18201,9.0761],[77.18286,9.07599],[77.18342,9.07596],[77.18435,9.07608],[77.18513,9.07646],[77.19097,9.07604],[77.20161,9.07243],[77.20768,9.07218],[77.20804,9.07267],[77.20815,9.07299],[77.2088,9.07386],[77.20909,9.0751],[77.20752,9.07727],[77.20551,9.08188],[77.20648,9.0867],[77.20962,9.09037],[77.21052,9.09531],[77.21199,9.101],[77.21409,9.09987],[77.21688,9.10125],[77.21853,9.10341],[77.22161,9.10654],[77.22396,9.10711],[77.22697,9.10915],[77.22819,9.11419],[77.23048,9.11742],[77.23477,9.11938],[77.23921,9.1216],[77.24156,9.12511],[77.24693,9.12483],[77.24816,9.12724],[77.24941,9.12964],[77.25117,9.13355],[77.25287,9.1388],[77.25703,9.14268],[77.25948,9.1438],[77.25982,9.14557],[77.26068,9.14816],[77.2637,9.15113],[77.26714,9.15394],[77.26563,9.15638],[77.26587,9.16054],[77.26491,9.16297],[77.26694,9.16865],[77.26754,9.17359],[77.26578,9.17642],[77.26509,9.18184],[77.26273,9.18272],[77.25939,9.18449],[77.25548,9.18654],[77.2521,9.18861],[77.25288,9.19145],[77.25441,9.19323],[77.25596,9.19646],[77.25665,9.19958],[77.25968,9.19829],[77.26398,9.19871],[77.26624,9.20022],[77.26968,9.201],[77.27077,9.20194],[77.27054,9.20489],[77.27509,9.21039],[77.27712,9.21285],[77.27893,9.21504],[77.28185,9.21696],[77.28171,9.22024],[77.27918,9.22196],[77.27834,9.22364],[77.27717,9.22683],[77.27514,9.23034],[77.27459,9.23297],[77.2741,9.23549],[77.27818,9.23807],[77.27929,9.24167],[77.27919,9.24418],[77.27779,9.24717],[77.2784,9.25004],[77.27954,9.25206],[77.28185,9.25471],[77.28277,9.25729],[77.28282,9.25968],[77.28162,9.26281],[77.283,9.26629],[77.283,9.26995],[77.28242,9.27253],[77.28136,9.27325],[77.27596,9.27576],[77.27482,9.27786],[77.27292,9.27934],[77.26253,9.28147],[77.25577,9.28689],[77.25371,9.28655],[77.2519,9.28751],[77.24926,9.28947],[77.24729,9.28892],[77.24553,9.28747],[77.24514,9.28647],[77.24416,9.28413],[77.24326,9.28307],[77.2421,9.28417],[77.24111,9.28473],[77.23975,9.28369],[77.23701,9.28616],[77.23659,9.28797],[77.23693,9.29111],[77.23454,9.29418],[77.23012,9.29564],[77.22668,9.29613],[77.22459,9.29708],[77.22524,9.30096],[77.22631,9.30546],[77.22601,9.30774],[77.22507,9.3101],[77.2278,9.3154],[77.23037,9.31899],[77.23522,9.32366],[77.23474,9.32668],[77.23079,9.33004],[77.23288,9.33432],[77.23704,9.33712],[77.23819,9.34063],[77.23691,9.34394],[77.23691,9.34707],[77.23666,9.34805],[77.23666,9.34998],[77.23716,9.35099],[77.23783,9.35293],[77.23994,9.35504],[77.24175,9.35986],[77.24081,9.36389],[77.24128,9.36886],[77.24429,9.37271],[77.24671,9.37634],[77.24813,9.37735],[77.24651,9.37851],[77.24624,9.38339],[77.24484,9.38985],[77.24251,9.39185],[77.24076,9.39521],[77.23949,9.39811],[77.23682,9.40149],[77.23194,9.40326],[77.23111,9.405],[77.23129,9.40681],[77.23028,9.4084],[77.22837,9.41],[77.22981,9.41414],[77.22941,9.41925],[77.22027,9.42141],[77.22106,9.42365],[77.22053,9.42576],[77.22296,9.4297],[77.22429,9.43379],[77.22312,9.43531],[77.22023,9.43609],[77.21747,9.43781],[77.2175,9.43899],[77.21588,9.43894],[77.21537,9.44001],[77.21258,9.44411],[77.21073,9.44348],[77.20859,9.44551],[77.20948,9.44918],[77.20208,9.4526],[77.20055,9.45121],[77.19586,9.45386],[77.19228,9.45249],[77.19073,9.4519],[77.18787,9.46071],[77.18147,9.45895],[77.18012,9.46085],[77.18111,9.46408],[77.17886,9.46594],[77.17868,9.4705],[77.1752,9.46843],[77.17202,9.46403],[77.16864,9.46179],[77.16837,9.46647],[77.16675,9.46539],[77.16571,9.46596],[77.16639,9.46939],[77.16462,9.46926],[77.16245,9.46911],[77.15927,9.46909],[77.15603,9.47079],[77.15351,9.47],[77.15162,9.46872],[77.14502,9.46302],[77.14117,9.4613],[77.1389,9.46028],[77.13322,9.45987],[77.12504,9.46232],[77.11719,9.46364],[77.11396,9.46654],[77.11021,9.46795],[77.10204,9.46703],[77.09761,9.46424],[77.0929,9.46552],[77.08487,9.46003],[77.07797,9.45644],[77.06878,9.45456],[77.06494,9.4514],[77.06056,9.44795],[77.05892,9.44246],[77.05934,9.43766],[77.05978,9.43369],[77.06127,9.42623],[77.06596,9.42057],[77.0659,9.41722],[77.06062,9.41711],[77.05625,9.41874],[77.04927,9.41723],[77.04671,9.41462],[77.03918,9.41372],[77.03401,9.40998],[77.02035,9.40774],[77.01741,9.40858],[77.01047,9.41057],[77.01359,9.42078],[77.00899,9.42051],[77.00378,9.4202],[76.99838,9.4245],[76.98345,9.42392]]]}},{"type":"Feature","properties":{"district":"Thiruvananthapuram","name_ml":"തിരുവനന്തപുരം ജില്ല","wikidata":"Q162612","admin_level":5},"geometry":{"type":"MultiPolygon","coordinates":[[[[76.97548,8.38587],[76.97543,8.38586],[76.97536,8.38571],[76.97536,8.38558],[76.97542,8.38533],[76.97552,8.3852],[76.97558,8.38516],[76.97567,8.38513],[76.97572,8.38513],[76.97588,8.38527],[76.97591,8.38539],[76.97592,8.38544],[76.97577,8.38559],[76.97577,8.38565],[76.97582,8.38575],[76.97581,8.38576],[76.97578,8.38578],[76.97567,8.38577],[76.97561,8.38579],[76.97553,8.38586],[76.97548,8.38587]]],[[[77.02242,8.83084],[77.02204,8.83017],[77.02184,8.82982],[77.02119,8.82938],[77.01987,8.82848],[77.02003,8.82695],[77.02017,8.82563],[77.02019,8.82549],[77.01963,8.82344],[77.01937,8.82214],[77.01882,8.82024],[77.0197,8.81815],[77.02077,8.81718],[77.02043,8.81525],[77.01862,8.81563],[77.01603,8.81678],[77.01424,8.81708],[77.01324,8.81559],[77.01137,8.8153],[77.01035,8.81388],[77.00882,8.81267],[77.00918,8.81065],[77.00981,8.80893],[77.01006,8.80658],[77.0099,8.80346],[77.00945,8.80174],[77.0109,8.79967],[77.01101,8.79844],[77.0112,8.7968],[77.01118,8.79577],[77.01221,8.79494],[77.01325,8.79436],[77.0142,8.79333],[77.01517,8.79258],[77.01549,8.79061],[77.01571,8.78906],[77.01701,8.7873],[77.01826,8.78607],[77.01974,8.78468],[77.02137,8.77988],[77.02281,8.77866],[77.02294,8.77855],[77.02547,8.77573],[77.02596,8.7744],[77.02587,8.7738],[77.02469,8.77355],[77.02331,8.77317],[77.02225,8.77281],[77.01963,8.77201],[77.01771,8.77091],[77.01761,8.77085],[77.01642,8.77051],[77.01378,8.77073],[77.01187,8.77063],[77.011,8.77065],[77.00929,8.77053],[77.00803,8.77025],[77.00737,8.77023],[77.00635,8.77011],[77.00519,8.76972],[77.00338,8.7699],[77.00272,8.77027],[77.00215,8.77101],[77.00169,8.77227],[77.00137,8.77312],[76.99935,8.77855],[76.99856,8.78159],[76.99694,8.78331],[76.99685,8.7834],[76.9935,8.78584],[76.99343,8.78587],[76.99202,8.78653],[76.98737,8.78806],[76.98502,8.78827],[76.98367,8.78862],[76.98257,8.78853],[76.98173,8.78833],[76.97856,8.78648],[76.97573,8.78308],[76.97508,8.781],[76.97443,8.77761],[76.97397,8.7744],[76.97347,8.77395],[76.97202,8.77352],[76.96952,8.77233],[76.9674,8.7707],[76.96446,8.76962],[76.96335,8.7696],[76.9609,8.76949],[76.95878,8.77012],[76.95827,8.76978],[76.95569,8.77058],[76.95225,8.77085],[76.951,8.77068],[76.94997,8.76967],[76.94795,8.76985],[76.94537,8.76837],[76.94273,8.76558],[76.94022,8.76418],[76.93902,8.76349],[76.93851,8.76321],[76.93742,8.76262],[76.93674,8.76276],[76.93484,8.76179],[76.93422,8.76097],[76.93407,8.76092],[76.93368,8.76142],[76.933,8.76184],[76.93189,8.76236],[76.93168,8.76268],[76.93157,8.76303],[76.93122,8.7642],[76.93054,8.76498],[76.92915,8.76591],[76.92846,8.76638],[76.92825,8.76677],[76.92726,8.7676],[76.92694,8.76768],[76.92548,8.76878],[76.92306,8.7707],[76.92189,8.77124],[76.9198,8.7718],[76.91915,8.77211],[76.91769,8.77416],[76.91623,8.77535],[76.91607,8.77645],[76.91608,8.77721],[76.91611,8.77832],[76.91616,8.77954],[76.91609,8.78041],[76.91616,8.78066],[76.9164,8.78081],[76.91687,8.78096],[76.91725,8.78103],[76.91764,8.78149],[76.91777,8.78244],[76.91795,8.78279],[76.91846,8.78322],[76.91895,8.78355],[76.92009,8.78361],[76.92148,8.78415],[76.92205,8.78471],[76.92218,8.78498],[76.9216,8.78579],[76.92104,8.78657],[76.92013,8.78782],[76.9198,8.78842],[76.91915,8.78957],[76.91837,8.79098],[76.91806,8.79191],[76.9176,8.79235],[76.91631,8.79244],[76.91598,8.79262],[76.91546,8.79347],[76.91525,8.79402],[76.91479,8.79525],[76.91417,8.79656],[76.91342,8.7977],[76.91254,8.79821],[76.91158,8.79867],[76.91063,8.79911],[76.91016,8.79925],[76.90962,8.79939],[76.90848,8.79973],[76.90833,8.79998],[76.90831,8.80066],[76.90828,8.80118],[76.90825,8.80187],[76.90822,8.80232],[76.9082,8.80274],[76.90789,8.80335],[76.90688,8.80366],[76.90627,8.80405],[76.90536,8.8045],[76.9045,8.80491],[76.90406,8.80537],[76.90383,8.80637],[76.90368,8.80667],[76.90277,8.80761],[76.90218,8.80806],[76.90146,8.80861],[76.90138,8.80886],[76.90101,8.81],[76.90072,8.81004],[76.90054,8.81015],[76.90006,8.81032],[76.89916,8.81039],[76.89884,8.81017],[76.89838,8.80985],[76.89738,8.80933],[76.89693,8.80935],[76.89587,8.80941],[76.89548,8.80934],[76.89508,8.8088],[76.89476,8.80865],[76.8938,8.80882],[76.89301,8.80914],[76.89177,8.80964],[76.89147,8.80974],[76.89085,8.80961],[76.88996,8.80908],[76.88391,8.80412],[76.87976,8.80441],[76.87614,8.80758],[76.86778,8.80951],[76.85709,8.81591],[76.85649,8.81542],[76.85447,8.81379],[76.85091,8.81595],[76.85151,8.82002],[76.84866,8.82156],[76.84928,8.82431],[76.84597,8.82452],[76.84486,8.82605],[76.84683,8.83275],[76.84342,8.8345],[76.84113,8.83567],[76.84008,8.83744],[76.83794,8.83937],[76.82889,8.84377],[76.82666,8.84229],[76.82443,8.84309],[76.82323,8.8447],[76.82405,8.84685],[76.82272,8.85169],[76.82211,8.85386],[76.81993,8.85386],[76.81744,8.85798],[76.81656,8.85931],[76.81608,8.85927],[76.81538,8.85921],[76.8134,8.85522],[76.81139,8.85497],[76.81121,8.85433],[76.80761,8.85747],[76.80641,8.85721],[76.80626,8.85462],[76.8022,8.84848],[76.79911,8.8495],[76.79615,8.8545],[76.79606,8.85455],[76.7934,8.8562],[76.79216,8.85361],[76.78971,8.85327],[76.78907,8.85319],[76.78482,8.85717],[76.78267,8.86201],[76.78023,8.86086],[76.78156,8.8528],[76.77895,8.85009],[76.77757,8.84835],[76.77563,8.8436],[76.7807,8.84275],[76.78083,8.83957],[76.78224,8.83907],[76.78315,8.83874],[76.78332,8.83868],[76.78504,8.83571],[76.78778,8.83516],[76.79336,8.82718],[76.79113,8.82206],[76.78671,8.82253],[76.7831,8.81952],[76.78323,8.81862],[76.78791,8.81869],[76.78877,8.81782],[76.78877,8.81483],[76.79175,8.81455],[76.79179,8.81301],[76.78905,8.81288],[76.78823,8.81186],[76.78456,8.81144],[76.78242,8.81031],[76.77742,8.8098],[76.77476,8.81035],[76.77069,8.81083],[76.77025,8.80602],[76.76787,8.80389],[76.77019,8.7996],[76.76864,8.79842],[76.76092,8.8003],[76.76086,8.79569],[76.76059,8.79199],[76.76002,8.79152],[76.7591,8.79264],[76.75851,8.7943],[76.75854,8.79558],[76.75694,8.79545],[76.75303,8.79549],[76.74854,8.79555],[76.74684,8.79625],[76.74341,8.79473],[76.74001,8.79538],[76.73422,8.79903],[76.72791,8.7995],[76.72131,8.8034],[76.71268,8.79551],[76.70909,8.79511],[76.70895,8.79089],[76.70895,8.79085],[76.70871,8.79084],[76.70486,8.79083],[76.70478,8.79083],[76.69963,8.7908],[76.69178,8.79114],[76.69176,8.78888],[76.69177,8.78873],[76.692,8.78822],[76.69212,8.78787],[76.69216,8.78762],[76.6922,8.78729],[76.69222,8.78688],[76.69215,8.78625],[76.69079,8.78175],[76.68974,8.77969],[76.68912,8.77846],[76.68539,8.77893],[76.68345,8.7785],[76.68295,8.77838],[76.68234,8.77833],[76.68097,8.77884],[76.68043,8.78048],[76.67912,8.78096],[76.67821,8.78364],[76.67815,8.78383],[76.67848,8.7857],[76.67809,8.78636],[76.67714,8.7888],[76.67681,8.78875],[76.67432,8.78868],[76.67043,8.788],[76.67178,8.78536],[76.67324,8.7815],[76.67767,8.77485],[76.68041,8.77116],[76.68087,8.77055],[76.68213,8.76873],[76.68276,8.7678],[76.68333,8.76691],[76.68352,8.76653],[76.68356,8.76632],[76.68355,8.76619],[76.68351,8.7661],[76.68343,8.76593],[76.68338,8.76591],[76.68334,8.76581],[76.68338,8.76568],[76.68349,8.76561],[76.68355,8.76554],[76.68362,8.76539],[76.6837,8.76528],[76.68396,8.76498],[76.68429,8.76458],[76.68455,8.76429],[76.68474,8.76405],[76.68484,8.76397],[76.68486,8.76394],[76.68485,8.76388],[76.68532,8.76308],[76.68553,8.76275],[76.68567,8.7624],[76.68583,8.76213],[76.6859,8.762],[76.68636,8.76145],[76.68669,8.76101],[76.68708,8.76051],[76.68748,8.76003],[76.68756,8.75984],[76.68755,8.75968],[76.6875,8.75961],[76.68749,8.75954],[76.68754,8.7595],[76.6876,8.75944],[76.68779,8.75918],[76.68789,8.75899],[76.68795,8.75885],[76.68797,8.75879],[76.68798,8.75865],[76.6882,8.75817],[76.68875,8.75718],[76.68937,8.75632],[76.68975,8.7557],[76.68996,8.75549],[76.69025,8.75514],[76.69055,8.75466],[76.69081,8.75416],[76.6909,8.754],[76.69099,8.75375],[76.69123,8.75352],[76.6918,8.75292],[76.69233,8.75231],[76.69282,8.75171],[76.69318,8.75123],[76.69346,8.75096],[76.69378,8.75062],[76.69426,8.74991],[76.69451,8.74959],[76.69473,8.74924],[76.69498,8.74878],[76.69534,8.74809],[76.69558,8.74768],[76.69585,8.74732],[76.6961,8.74695],[76.69646,8.74648],[76.69664,8.74608],[76.69682,8.74569],[76.69699,8.7454],[76.69719,8.74506],[76.69763,8.74453],[76.69799,8.74402],[76.69834,8.74349],[76.69866,8.74304],[76.69869,8.7429],[76.69874,8.74275],[76.69876,8.74213],[76.69915,8.74119],[76.69932,8.74098],[76.69945,8.7406],[76.69952,8.74007],[76.69946,8.73925],[76.69967,8.73834],[76.70014,8.73796],[76.70075,8.73775],[76.70104,8.73749],[76.70192,8.73676],[76.70278,8.73599],[76.70349,8.73528],[76.70416,8.73461],[76.70432,8.73441],[76.70446,8.73424],[76.70476,8.73379],[76.70482,8.73369],[76.70504,8.73338],[76.70549,8.73281],[76.70627,8.732],[76.70663,8.7315],[76.7068,8.73118],[76.70736,8.73031],[76.70787,8.72971],[76.70836,8.72908],[76.70889,8.72842],[76.70932,8.72806],[76.71008,8.72709],[76.71127,8.72564],[76.71231,8.72452],[76.71283,8.72383],[76.71358,8.72277],[76.71414,8.72217],[76.71487,8.72148],[76.71525,8.72109],[76.71552,8.72079],[76.71572,8.72056],[76.71577,8.72049],[76.71624,8.71984],[76.71665,8.71927],[76.71718,8.71874],[76.71752,8.7184],[76.71776,8.71816],[76.71817,8.71763],[76.71849,8.71705],[76.71918,8.71615],[76.72014,8.71501],[76.72085,8.71428],[76.72128,8.7138],[76.72169,8.71332],[76.72237,8.71249],[76.72298,8.71161],[76.72331,8.71124],[76.72366,8.71086],[76.724,8.71038],[76.72431,8.70997],[76.7298,8.70331],[76.73112,8.70171],[76.73605,8.69725],[76.73775,8.69516],[76.73712,8.69384],[76.7445,8.68498],[76.75035,8.67779],[76.7514,8.67666],[76.75166,8.67629],[76.75215,8.67549],[76.75329,8.67415],[76.75546,8.67153],[76.75621,8.67065],[76.75834,8.66828],[76.75959,8.66665],[76.7607,8.66526],[76.76174,8.66406],[76.76598,8.65905],[76.76732,8.65749],[76.76753,8.65724],[76.76975,8.65464],[76.7717,8.65223],[76.77284,8.65085],[76.77395,8.64947],[76.77543,8.64774],[76.77693,8.64582],[76.77851,8.64372],[76.78255,8.63845],[76.78451,8.6361],[76.78414,8.63574],[76.784,8.63563],[76.78416,8.6355],[76.78441,8.63528],[76.78507,8.63433],[76.78537,8.63371],[76.78546,8.63319],[76.78551,8.63314],[76.78556,8.63309],[76.78571,8.63281],[76.78632,8.63208],[76.78466,8.63037],[76.78487,8.63027],[76.78546,8.62999],[76.78704,8.62908],[76.78921,8.62738],[76.7919,8.62479],[76.79297,8.62358],[76.79367,8.6228],[76.79479,8.62132],[76.79641,8.61935],[76.79708,8.61855],[76.80046,8.61447],[76.80436,8.6097],[76.81041,8.60234],[76.81237,8.59995],[76.8139,8.59805],[76.81548,8.59609],[76.81644,8.5948],[76.81779,8.59314],[76.81819,8.59263],[76.81921,8.59133],[76.82052,8.58973],[76.82109,8.58901],[76.82134,8.58868],[76.822,8.58781],[76.82295,8.58667],[76.82329,8.5863],[76.82364,8.58582],[76.82439,8.58492],[76.82464,8.58458],[76.82475,8.58446],[76.8249,8.58429],[76.82497,8.58421],[76.82507,8.58407],[76.82538,8.58368],[76.82559,8.58343],[76.82626,8.58259],[76.8273,8.58128],[76.8275,8.58106],[76.83237,8.57509],[76.8333,8.57399],[76.83336,8.57391],[76.8336,8.57363],[76.83373,8.57346],[76.83409,8.57303],[76.83446,8.57256],[76.83476,8.5722],[76.83516,8.57172],[76.83534,8.5715],[76.83555,8.57124],[76.83587,8.57085],[76.83619,8.57045],[76.83642,8.57017],[76.83684,8.56969],[76.83715,8.56932],[76.83734,8.56908],[76.83751,8.5689],[76.83762,8.56875],[76.83789,8.56843],[76.83814,8.56812],[76.83832,8.56791],[76.8385,8.56769],[76.83867,8.56748],[76.83907,8.56698],[76.83928,8.56675],[76.83946,8.56655],[76.83974,8.5662],[76.84083,8.56487],[76.84211,8.56335],[76.84267,8.56269],[76.84315,8.56211],[76.8436,8.56156],[76.84376,8.56135],[76.84416,8.56088],[76.84491,8.55997],[76.8453,8.5595],[76.84564,8.55909],[76.8461,8.55852],[76.84665,8.55787],[76.84678,8.55773],[76.84714,8.55729],[76.84971,8.55411],[76.84983,8.55397],[76.85084,8.55276],[76.85138,8.5521],[76.85189,8.55149],[76.85251,8.55074],[76.85317,8.54991],[76.85361,8.54931],[76.85406,8.54876],[76.85457,8.54813],[76.85501,8.54756],[76.85547,8.54696],[76.85583,8.54648],[76.85611,8.54612],[76.85641,8.54575],[76.85661,8.54553],[76.85684,8.54526],[76.85706,8.54496],[76.85735,8.54454],[76.85819,8.54349],[76.85853,8.54307],[76.85884,8.54275],[76.85914,8.5424],[76.85934,8.54223],[76.86021,8.54118],[76.8611,8.54005],[76.86281,8.53793],[76.86499,8.53513],[76.86606,8.53379],[76.8667,8.53294],[76.86708,8.53248],[76.86783,8.53151],[76.86993,8.52894],[76.87092,8.52766],[76.87157,8.52683],[76.87277,8.52529],[76.87658,8.52038],[76.87725,8.51957],[76.8779,8.51875],[76.88008,8.51597],[76.88163,8.51395],[76.88434,8.51041],[76.88461,8.51005],[76.88496,8.50962],[76.8857,8.50866],[76.88674,8.50746],[76.88762,8.50644],[76.88895,8.5048],[76.88939,8.50426],[76.88971,8.50385],[76.88992,8.50361],[76.89013,8.50338],[76.89046,8.50298],[76.89089,8.50241],[76.89148,8.50175],[76.89204,8.50105],[76.89403,8.49856],[76.8953,8.49712],[76.89549,8.49694],[76.89561,8.49678],[76.89638,8.49594],[76.89683,8.4954],[76.8981,8.49391],[76.89865,8.49332],[76.89921,8.49265],[76.90003,8.49165],[76.90037,8.4913],[76.90088,8.49076],[76.90224,8.48921],[76.90334,8.48796],[76.90426,8.48692],[76.90556,8.48541],[76.90642,8.48442],[76.9074,8.48333],[76.90804,8.48266],[76.90825,8.48243],[76.90837,8.48231],[76.90851,8.48216],[76.90889,8.48169],[76.91017,8.48025],[76.91084,8.47946],[76.91105,8.47925],[76.9117,8.47844],[76.91184,8.47828],[76.91225,8.47779],[76.91256,8.47745],[76.91326,8.47665],[76.91341,8.47645],[76.91375,8.47608],[76.91427,8.47548],[76.91452,8.4752],[76.91522,8.47447],[76.91555,8.47404],[76.91606,8.47345],[76.91644,8.47301],[76.91663,8.4728],[76.91677,8.47268],[76.91766,8.47172],[76.91801,8.47131],[76.9184,8.47085],[76.91892,8.47029],[76.91924,8.46993],[76.91974,8.46934],[76.92016,8.46885],[76.92055,8.46842],[76.92074,8.46819],[76.92108,8.46781],[76.92146,8.46735],[76.92172,8.4671],[76.92202,8.46679],[76.92221,8.46655],[76.92266,8.46604],[76.92333,8.46521],[76.92386,8.46461],[76.92437,8.46406],[76.92485,8.46362],[76.92489,8.46357],[76.92585,8.46252],[76.92671,8.46157],[76.92708,8.46121],[76.92741,8.46084],[76.92795,8.46024],[76.92838,8.45978],[76.92883,8.45928],[76.92926,8.45884],[76.92966,8.45841],[76.93009,8.45796],[76.93036,8.45763],[76.93054,8.45741],[76.93071,8.45725],[76.93078,8.45719],[76.93104,8.45694],[76.93125,8.45673],[76.93131,8.45665],[76.93133,8.45654],[76.93138,8.45645],[76.93174,8.45601],[76.93236,8.45523],[76.93264,8.45496],[76.93319,8.45436],[76.93362,8.45391],[76.93402,8.45341],[76.93483,8.45236],[76.93507,8.45207],[76.9354,8.45173],[76.93586,8.45119],[76.93648,8.45046],[76.93685,8.45009],[76.93744,8.44945],[76.93793,8.4489],[76.93814,8.44861],[76.93841,8.44816],[76.9386,8.4479],[76.93897,8.44744],[76.93921,8.44716],[76.94005,8.44616],[76.94041,8.44572],[76.94076,8.44526],[76.94109,8.44487],[76.94169,8.4442],[76.94229,8.44349],[76.94244,8.44332],[76.94257,8.44314],[76.94292,8.44254],[76.94303,8.44236],[76.94314,8.44214],[76.94326,8.44197],[76.94364,8.44149],[76.9439,8.44119],[76.94406,8.44088],[76.94457,8.44027],[76.94486,8.43989],[76.9451,8.43941],[76.94533,8.43914],[76.94557,8.43886],[76.94594,8.43837],[76.94635,8.43799],[76.94665,8.43759],[76.94692,8.43731],[76.94717,8.43701],[76.94753,8.43669],[76.94793,8.43625],[76.94825,8.43589],[76.94855,8.43561],[76.94887,8.43532],[76.94932,8.43493],[76.94963,8.43469],[76.95001,8.43431],[76.95075,8.43354],[76.95102,8.43323],[76.95161,8.43257],[76.95192,8.43215],[76.95234,8.43162],[76.95287,8.43109],[76.95326,8.43063],[76.95358,8.4303],[76.95391,8.42981],[76.95442,8.42925],[76.95506,8.42844],[76.95539,8.42806],[76.95582,8.42759],[76.95655,8.42675],[76.95704,8.42628],[76.95743,8.42593],[76.95765,8.4256],[76.95779,8.42539],[76.95786,8.425],[76.95779,8.42487],[76.95773,8.42479],[76.95766,8.42467],[76.95768,8.42462],[76.95799,8.42409],[76.95808,8.42397],[76.95807,8.42391],[76.9581,8.42387],[76.95825,8.42384],[76.95843,8.42365],[76.95871,8.4233],[76.95885,8.42314],[76.95896,8.42299],[76.95897,8.42291],[76.95893,8.42282],[76.95892,8.42278],[76.95893,8.42277],[76.95896,8.42276],[76.95902,8.42278],[76.95908,8.42276],[76.95939,8.42241],[76.95957,8.42222],[76.95981,8.42187],[76.96017,8.42138],[76.96062,8.42077],[76.96148,8.41968],[76.96175,8.41931],[76.962,8.419],[76.96218,8.41873],[76.96243,8.41829],[76.96268,8.41781],[76.96276,8.41768],[76.96303,8.41734],[76.96326,8.41709],[76.96339,8.4168],[76.96361,8.4165],[76.9637,8.41623],[76.96373,8.41604],[76.96384,8.41582],[76.96393,8.41569],[76.96435,8.41518],[76.96456,8.41486],[76.96499,8.41426],[76.96522,8.4139],[76.96532,8.41371],[76.96541,8.41355],[76.96566,8.413],[76.96588,8.41255],[76.96598,8.41233],[76.96611,8.41219],[76.9663,8.41193],[76.96645,8.41169],[76.96677,8.41118],[76.96688,8.411],[76.96696,8.41087],[76.96699,8.41082],[76.96707,8.41069],[76.96721,8.41044],[76.96734,8.41017],[76.96762,8.40977],[76.96787,8.40953],[76.96802,8.40927],[76.96815,8.40889],[76.96822,8.40879],[76.96824,8.40875],[76.96833,8.40866],[76.96844,8.40852],[76.96855,8.40836],[76.96872,8.40809],[76.96895,8.4077],[76.96929,8.40694],[76.96988,8.40585],[76.9702,8.40516],[76.97028,8.4049],[76.97047,8.40453],[76.97059,8.40428],[76.97069,8.40394],[76.97085,8.40329],[76.97098,8.40286],[76.97109,8.40253],[76.97116,8.40238],[76.97124,8.40215],[76.97129,8.402],[76.97134,8.40184],[76.97149,8.40153],[76.97169,8.40117],[76.9719,8.40087],[76.97203,8.40053],[76.97213,8.40041],[76.97201,8.40036],[76.97193,8.40023],[76.97194,8.40002],[76.97194,8.39974],[76.97206,8.3995],[76.97216,8.39935],[76.97222,8.39928],[76.97228,8.39917],[76.97231,8.39903],[76.97236,8.39889],[76.97254,8.39856],[76.97271,8.39825],[76.97286,8.39801],[76.97284,8.39788],[76.97274,8.3977],[76.97275,8.39759],[76.97278,8.39751],[76.97293,8.39744],[76.97299,8.39734],[76.9731,8.39668],[76.9731,8.39641],[76.97307,8.39605],[76.97303,8.39586],[76.9729,8.39549],[76.97283,8.39527],[76.97268,8.39503],[76.97238,8.39464],[76.97231,8.39465],[76.97215,8.39472],[76.97207,8.3947],[76.97192,8.39461],[76.97161,8.39455],[76.97149,8.3946],[76.97132,8.3948],[76.97126,8.3949],[76.97116,8.39495],[76.97099,8.39491],[76.97092,8.3948],[76.97082,8.39439],[76.97082,8.39432],[76.97083,8.39428],[76.97087,8.39425],[76.97089,8.39421],[76.97092,8.39413],[76.97089,8.39394],[76.97088,8.39372],[76.97086,8.39349],[76.97088,8.39332],[76.97091,8.39325],[76.97107,8.39303],[76.97111,8.3929],[76.97114,8.39273],[76.97118,8.39266],[76.97122,8.3926],[76.97123,8.39254],[76.97121,8.3923],[76.97121,8.39222],[76.97124,8.39202],[76.97128,8.39195],[76.97133,8.39192],[76.9714,8.39191],[76.97154,8.39188],[76.97159,8.3918],[76.97163,8.39178],[76.97175,8.39177],[76.97178,8.39175],[76.9718,8.39172],[76.97178,8.39164],[76.97178,8.39159],[76.97183,8.39152],[76.97189,8.3915],[76.97196,8.39149],[76.97199,8.39145],[76.97202,8.39127],[76.972,8.39114],[76.97202,8.39106],[76.97208,8.39102],[76.9722,8.39103],[76.97225,8.39101],[76.97228,8.39096],[76.97229,8.39085],[76.97234,8.39076],[76.97239,8.3907],[76.97251,8.3906],[76.97259,8.39054],[76.97261,8.39056],[76.97277,8.39067],[76.97272,8.39033],[76.97294,8.39015],[76.97302,8.39007],[76.97309,8.38997],[76.97317,8.38992],[76.97334,8.38982],[76.97347,8.3898],[76.97363,8.38985],[76.97368,8.3899],[76.97374,8.38992],[76.9738,8.39],[76.97386,8.39018],[76.97397,8.39019],[76.97436,8.39005],[76.97462,8.38993],[76.97481,8.3898],[76.97498,8.38964],[76.97523,8.38937],[76.9757,8.38889],[76.9759,8.38862],[76.97597,8.38852],[76.97609,8.38825],[76.97619,8.388],[76.97622,8.38779],[76.97622,8.38769],[76.9762,8.38753],[76.97617,8.38743],[76.97604,8.38715],[76.97596,8.38713],[76.97592,8.38713],[76.97569,8.38726],[76.97565,8.38727],[76.97559,8.38725],[76.97554,8.38715],[76.97551,8.38705],[76.97547,8.38698],[76.9754,8.38688],[76.9754,8.38681],[76.97544,8.38677],[76.97556,8.38673],[76.97563,8.38669],[76.97573,8.38662],[76.97578,8.38647],[76.97576,8.38629],[76.97577,8.38621],[76.97579,8.38611],[76.97585,8.38605],[76.97597,8.38608],[76.97611,8.38621],[76.97623,8.38638],[76.9765,8.38636],[76.97679,8.38634],[76.977,8.3863],[76.97729,8.38625],[76.97777,8.38609],[76.97845,8.38564],[76.97866,8.38552],[76.97879,8.38542],[76.979,8.38521],[76.97925,8.38494],[76.97957,8.38449],[76.97961,8.38425],[76.97965,8.38401],[76.97959,8.38364],[76.97941,8.38362],[76.97908,8.38342],[76.97893,8.38323],[76.97889,8.38314],[76.97884,8.38289],[76.97885,8.38277],[76.97891,8.38262],[76.97906,8.38252],[76.97915,8.38246],[76.97922,8.38228],[76.97925,8.38226],[76.97952,8.38232],[76.9796,8.38233],[76.97966,8.38231],[76.97985,8.38211],[76.97991,8.38195],[76.97994,8.3819],[76.98003,8.3819],[76.98021,8.38195],[76.98027,8.38199],[76.98032,8.3821],[76.9804,8.38246],[76.98046,8.38262],[76.98059,8.38266],[76.98075,8.38263],[76.9809,8.38255],[76.98109,8.3823],[76.98118,8.38223],[76.9813,8.3822],[76.98149,8.38223],[76.98157,8.38221],[76.98162,8.38214],[76.98159,8.38205],[76.98155,8.38196],[76.98152,8.3819],[76.98156,8.38186],[76.98159,8.38184],[76.98173,8.38192],[76.98217,8.38171],[76.98253,8.38149],[76.98303,8.38119],[76.98314,8.38114],[76.9832,8.38114],[76.98323,8.38107],[76.98324,8.38097],[76.98332,8.38087],[76.9836,8.38072],[76.98378,8.38073],[76.98399,8.38067],[76.98417,8.38054],[76.98446,8.3803],[76.98477,8.37997],[76.98477,8.37967],[76.98477,8.37951],[76.9848,8.37935],[76.98486,8.37924],[76.98507,8.37907],[76.98514,8.3789],[76.98509,8.37876],[76.98509,8.37853],[76.98523,8.37814],[76.9853,8.37782],[76.98546,8.37745],[76.98551,8.37727],[76.98556,8.3772],[76.9857,8.37706],[76.98589,8.37679],[76.98608,8.37654],[76.98632,8.37626],[76.98642,8.3761],[76.98646,8.37588],[76.98647,8.37575],[76.98651,8.37567],[76.98662,8.37563],[76.98672,8.37563],[76.98685,8.37573],[76.98697,8.37593],[76.98704,8.37599],[76.9871,8.37605],[76.98718,8.37611],[76.98723,8.37614],[76.98731,8.37622],[76.98736,8.37625],[76.98754,8.37625],[76.98754,8.37658],[76.98733,8.37662],[76.98731,8.37674],[76.98733,8.37685],[76.98736,8.37691],[76.9878,8.37752],[76.98789,8.37761],[76.98834,8.37794],[76.98852,8.37802],[76.98852,8.37804],[76.98819,8.37843],[76.98869,8.37894],[76.98874,8.37895],[76.98881,8.3789],[76.98944,8.3782],[76.98951,8.37825],[76.98966,8.37835],[76.98981,8.37836],[76.9907,8.37826],[76.99124,8.37818],[76.99159,8.37812],[76.99194,8.37805],[76.99205,8.37798],[76.99215,8.37786],[76.99224,8.37765],[76.99234,8.37757],[76.99246,8.37743],[76.99217,8.37717],[76.99244,8.37686],[76.99246,8.37684],[76.99252,8.37678],[76.99256,8.37674],[76.99284,8.37668],[76.99332,8.37654],[76.99384,8.37626],[76.9944,8.37583],[76.995,8.37517],[76.99518,8.37492],[76.99361,8.37306],[76.99371,8.37295],[76.99387,8.37273],[76.99428,8.3722],[76.99439,8.3721],[76.99442,8.37209],[76.99446,8.37209],[76.99472,8.37228],[76.99487,8.37236],[76.99511,8.37237],[76.9955,8.37228],[76.99572,8.3722],[76.9963,8.37189],[76.99687,8.37151],[76.99739,8.37114],[76.99782,8.37083],[76.99871,8.37057],[76.99941,8.37043],[77.00013,8.37024],[77.00083,8.36999],[77.00154,8.3696],[77.00204,8.36928],[77.00214,8.36921],[77.00274,8.36864],[77.00289,8.36837],[77.00289,8.36823],[77.0029,8.3681],[77.00297,8.36793],[77.00318,8.3676],[77.00328,8.36727],[77.00328,8.36698],[77.00328,8.36668],[77.00318,8.36642],[77.00318,8.36632],[77.00323,8.36618],[77.00346,8.36582],[77.00352,8.36575],[77.00375,8.36549],[77.00401,8.3652],[77.00446,8.36493],[77.0046,8.36485],[77.00486,8.36465],[77.00587,8.36385],[77.00674,8.36314],[77.00675,8.36311],[77.00674,8.36307],[77.00667,8.363],[77.00662,8.36295],[77.00663,8.36292],[77.00666,8.36285],[77.00696,8.36262],[77.00697,8.36259],[77.00695,8.36255],[77.00688,8.36248],[77.00685,8.36238],[77.0069,8.36222],[77.00716,8.36202],[77.00788,8.36135],[77.00825,8.36092],[77.00832,8.36067],[77.00828,8.3605],[77.00824,8.36011],[77.00829,8.36],[77.00855,8.35964],[77.00868,8.35941],[77.00876,8.35911],[77.00877,8.35886],[77.00873,8.3586],[77.0087,8.3584],[77.00872,8.35828],[77.00884,8.35812],[77.00884,8.35807],[77.00882,8.35803],[77.00866,8.35801],[77.00864,8.35796],[77.00881,8.35768],[77.00892,8.35763],[77.00909,8.35756],[77.0092,8.35747],[77.00929,8.35735],[77.00939,8.35716],[77.00944,8.3571],[77.00951,8.35708],[77.00964,8.35704],[77.00976,8.35697],[77.0102,8.35673],[77.01041,8.35671],[77.01063,8.3566],[77.01082,8.35651],[77.01105,8.35633],[77.01111,8.35629],[77.01145,8.3562],[77.01208,8.35597],[77.0139,8.35521],[77.01507,8.35464],[77.01601,8.35416],[77.01791,8.35301],[77.01888,8.35252],[77.0205,8.3515],[77.02239,8.35016],[77.02303,8.34975],[77.02464,8.34857],[77.02556,8.34792],[77.02578,8.34778],[77.02681,8.34701],[77.02774,8.34632],[77.028,8.34611],[77.02818,8.34598],[77.02837,8.34589],[77.02848,8.34582],[77.02861,8.34564],[77.02907,8.34537],[77.0294,8.34512],[77.03055,8.34434],[77.0308,8.34416],[77.03146,8.34366],[77.03229,8.34304],[77.0331,8.34249],[77.03358,8.34213],[77.03417,8.34168],[77.0344,8.3415],[77.03546,8.34069],[77.0362,8.34013],[77.03642,8.33995],[77.03687,8.33967],[77.03716,8.33943],[77.03779,8.33889],[77.03861,8.33828],[77.04077,8.33653],[77.0416,8.33592],[77.04204,8.33558],[77.0428,8.33496],[77.04302,8.33476],[77.04407,8.33387],[77.04476,8.33333],[77.04508,8.33302],[77.04688,8.33156],[77.04724,8.33125],[77.04752,8.33094],[77.0481,8.33047],[77.04896,8.3298],[77.04937,8.32943],[77.05017,8.32876],[77.05121,8.32783],[77.05162,8.32748],[77.0521,8.32714],[77.05294,8.32642],[77.05356,8.3259],[77.05445,8.32512],[77.05522,8.32451],[77.05642,8.32354],[77.05709,8.32296],[77.05751,8.32256],[77.05769,8.32247],[77.0583,8.32194],[77.05864,8.32168],[77.05955,8.32093],[77.0603,8.32035],[77.06083,8.31994],[77.06217,8.31894],[77.0627,8.3186],[77.06457,8.31735],[77.06627,8.31601],[77.0697,8.31344],[77.07167,8.31193],[77.07299,8.31092],[77.07477,8.30942],[77.07632,8.30787],[77.07641,8.30778],[77.07798,8.30641],[77.07932,8.30555],[77.07968,8.30535],[77.08362,8.30262],[77.08602,8.30085],[77.09779,8.29246],[77.09862,8.29489],[77.09967,8.29796],[77.10135,8.29894],[77.10197,8.30261],[77.10325,8.30645],[77.11317,8.30459],[77.11424,8.30777],[77.11446,8.30849],[77.1145,8.30864],[77.11554,8.30893],[77.11642,8.3094],[77.11654,8.31004],[77.11757,8.31004],[77.11842,8.31008],[77.11947,8.30994],[77.11975,8.30969],[77.12062,8.30942],[77.1212,8.30924],[77.12321,8.30965],[77.12346,8.31012],[77.12437,8.31236],[77.12145,8.31422],[77.11943,8.31682],[77.11883,8.32115],[77.12285,8.32209],[77.12441,8.32127],[77.12947,8.32217],[77.12896,8.32548],[77.13681,8.32633],[77.14339,8.32888],[77.14402,8.32931],[77.14668,8.33111],[77.14876,8.33203],[77.15132,8.32798],[77.15434,8.32752],[77.15943,8.32849],[77.16801,8.33223],[77.17256,8.31919],[77.17294,8.31943],[77.1733,8.31965],[77.18011,8.32386],[77.16986,8.33745],[77.16694,8.34425],[77.16831,8.34476],[77.17526,8.34968],[77.17458,8.35299],[77.17269,8.35953],[77.17203,8.35986],[77.17003,8.36085],[77.16994,8.36089],[77.16805,8.36446],[77.16591,8.36123],[77.16333,8.36151],[77.16273,8.36157],[77.15973,8.3597],[77.15703,8.35984],[77.15678,8.35728],[77.15209,8.35464],[77.15202,8.35717],[77.15279,8.36013],[77.15518,8.36297],[77.1555,8.36486],[77.15558,8.36531],[77.15568,8.36545],[77.15694,8.3673],[77.15977,8.36858],[77.1608,8.37308],[77.15955,8.38091],[77.15847,8.38142],[77.15566,8.38237],[77.15498,8.38087],[77.15344,8.38117],[77.15237,8.3812],[77.15166,8.38098],[77.15142,8.38171],[77.15123,8.38505],[77.1527,8.38659],[77.15389,8.38785],[77.16024,8.39002],[77.16604,8.38738],[77.16827,8.38484],[77.18217,8.39694],[77.18243,8.40363],[77.18247,8.40471],[77.18589,8.40759],[77.19136,8.41392],[77.19314,8.41598],[77.19628,8.41942],[77.19676,8.41995],[77.19655,8.42672],[77.19745,8.43047],[77.19961,8.43287],[77.20095,8.43436],[77.20204,8.43652],[77.20335,8.43923],[77.20402,8.4406],[77.20591,8.44452],[77.20659,8.44469],[77.20923,8.44533],[77.21545,8.44533],[77.22071,8.44599],[77.22538,8.44687],[77.22741,8.44788],[77.22704,8.44923],[77.22607,8.4528],[77.22523,8.45986],[77.22361,8.46312],[77.22018,8.46541],[77.2132,8.47036],[77.21245,8.47453],[77.21137,8.47749],[77.21018,8.4809],[77.21095,8.48435],[77.2129,8.48594],[77.21209,8.48829],[77.21069,8.49239],[77.20798,8.49467],[77.20153,8.4985],[77.20222,8.50164],[77.20381,8.50262],[77.21057,8.50676],[77.2138,8.51255],[77.21587,8.51258],[77.2208,8.51231],[77.22358,8.51159],[77.23023,8.50875],[77.23458,8.50341],[77.23825,8.49809],[77.23936,8.49648],[77.24401,8.49769],[77.24494,8.49926],[77.24791,8.50231],[77.25016,8.50447],[77.2535,8.50601],[77.25645,8.50523],[77.25743,8.50666],[77.25993,8.50616],[77.26118,8.50633],[77.26264,8.50756],[77.26417,8.50946],[77.2645,8.51245],[77.26575,8.51334],[77.26587,8.51502],[77.26574,8.51799],[77.26702,8.52089],[77.26821,8.52275],[77.26952,8.52544],[77.27089,8.52934],[77.27153,8.53074],[77.27409,8.53394],[77.27416,8.53686],[77.27642,8.54013],[77.27862,8.54195],[77.28125,8.5435],[77.28278,8.54553],[77.28343,8.54758],[77.28169,8.55079],[77.28042,8.55188],[77.27862,8.55396],[77.27683,8.55555],[77.27504,8.55812],[77.274,8.5611],[77.27437,8.56384],[77.2749,8.56553],[77.273,8.56781],[77.27164,8.57043],[77.27027,8.57308],[77.269,8.57885],[77.26799,8.58],[77.2674,8.58065],[77.2672,8.58107],[77.26779,8.58532],[77.2662,8.58679],[77.26211,8.59014],[77.2588,8.59015],[77.25749,8.59074],[77.25784,8.59271],[77.25687,8.59517],[77.25536,8.59793],[77.2533,8.59836],[77.25113,8.59914],[77.24922,8.60129],[77.24631,8.60355],[77.24594,8.60658],[77.2444,8.60843],[77.24404,8.61032],[77.24434,8.6116],[77.2457,8.61416],[77.24568,8.61554],[77.24626,8.61671],[77.24466,8.61876],[77.24343,8.62049],[77.24153,8.62184],[77.23917,8.62468],[77.23856,8.62887],[77.23635,8.63077],[77.23436,8.63061],[77.23229,8.63222],[77.2324,8.63407],[77.23062,8.63714],[77.22585,8.63873],[77.2223,8.64269],[77.21894,8.64631],[77.21552,8.64836],[77.2141,8.65027],[77.21359,8.65096],[77.21165,8.65555],[77.21158,8.65836],[77.21268,8.66082],[77.20743,8.66385],[77.20338,8.66633],[77.20016,8.66903],[77.20172,8.67137],[77.20345,8.67182],[77.20757,8.6726],[77.20693,8.67556],[77.20727,8.6782],[77.20711,8.68246],[77.20586,8.68645],[77.20037,8.6911],[77.19761,8.69597],[77.19703,8.70029],[77.19607,8.70307],[77.19534,8.7074],[77.19306,8.70996],[77.18902,8.71082],[77.18672,8.71229],[77.18609,8.71442],[77.18598,8.71479],[77.18584,8.71525],[77.18567,8.71525],[77.18499,8.71525],[77.18304,8.71638],[77.18194,8.7182],[77.1815,8.71891],[77.18029,8.72043],[77.17902,8.72381],[77.18001,8.72623],[77.17999,8.72634],[77.17901,8.73074],[77.17893,8.73088],[77.17667,8.73457],[77.17517,8.73703],[77.17177,8.74028],[77.17177,8.74043],[77.17174,8.74462],[77.1718,8.74473],[77.17348,8.74781],[77.17355,8.74793],[77.17632,8.74384],[77.18172,8.74179],[77.18198,8.74173],[77.18473,8.74104],[77.19027,8.74219],[77.19202,8.74162],[77.19313,8.74281],[77.19518,8.7462],[77.19538,8.74654],[77.19556,8.74667],[77.1978,8.74834],[77.19808,8.75149],[77.19865,8.75435],[77.19981,8.75823],[77.19986,8.75881],[77.20009,8.76172],[77.20003,8.76186],[77.19805,8.7664],[77.19921,8.76873],[77.19983,8.76999],[77.19934,8.77201],[77.19862,8.7721],[77.19256,8.77281],[77.19136,8.77295],[77.18942,8.77434],[77.18363,8.7785],[77.17816,8.78131],[77.17768,8.78157],[77.17488,8.783],[77.16874,8.78826],[77.16861,8.78834],[77.16178,8.79033],[77.15679,8.79547],[77.14912,8.80009],[77.14901,8.80006],[77.14728,8.80119],[77.14706,8.80129],[77.14299,8.80301],[77.13794,8.80514],[77.13333,8.80708],[77.13321,8.80713],[77.12978,8.81011],[77.12238,8.81654],[77.11656,8.8216],[77.11398,8.82384],[77.11381,8.82391],[77.10905,8.82588],[77.10836,8.82616],[77.10055,8.82939],[77.09622,8.83118],[77.09257,8.83268],[77.09223,8.83291],[77.08994,8.83442],[77.08501,8.83769],[77.08094,8.84038],[77.07164,8.84075],[77.06592,8.84097],[77.0658,8.84102],[77.05459,8.84583],[77.05167,8.84708],[77.03675,8.8441],[77.0332,8.8423],[77.03211,8.84102],[77.03122,8.84015],[77.03102,8.83966],[77.03033,8.83792],[77.02956,8.83597],[77.02895,8.83443],[77.0289,8.83442],[77.02425,8.83351],[77.02242,8.83084]]]]}},{"type":"Feature","properties":{"district":"Thrissur","name_ml":"തൃശൂര് ജില്ല","wikidata":"Q2429655","admin_level":5},"geometry":{"type":"Polygon","coordinates":[[[76.45679,10.70073],[76.45733,10.70097],[76.45872,10.70294],[76.46097,10.70612],[76.46196,10.70993],[76.46231,10.71127],[76.46311,10.71439],[76.4657,10.71813],[76.4642,10.72112],[76.47002,10.72503],[76.47093,10.72785],[76.47202,10.7301],[76.47406,10.73692],[76.47125,10.74243],[76.46837,10.74367],[76.46694,10.74529],[76.46672,10.7457],[76.46682,10.74723],[76.46842,10.75098],[76.46536,10.75241],[76.45639,10.75157],[76.45052,10.75074],[76.44261,10.74963],[76.43184,10.75165],[76.42986,10.75123],[76.4215,10.74946],[76.41873,10.74945],[76.41691,10.74944],[76.41073,10.74942],[76.40914,10.74941],[76.40335,10.74663],[76.40172,10.74611],[76.39987,10.74602],[76.39611,10.74646],[76.39457,10.74743],[76.39363,10.74836],[76.39342,10.7493],[76.39229,10.75439],[76.39121,10.75853],[76.39071,10.76044],[76.38852,10.76619],[76.38381,10.76798],[76.38095,10.76776],[76.37791,10.76752],[76.36914,10.76588],[76.36641,10.76391],[76.3632,10.76179],[76.3603,10.75366],[76.35811,10.74541],[76.35451,10.74312],[76.35035,10.74436],[76.3496,10.74473],[76.3412,10.74882],[76.33498,10.74954],[76.32986,10.74629],[76.3237,10.74569],[76.31948,10.74666],[76.31541,10.7476],[76.30882,10.75019],[76.30627,10.75119],[76.29887,10.75329],[76.29744,10.7537],[76.29035,10.7558],[76.28884,10.75625],[76.28409,10.75367],[76.28289,10.75346],[76.27795,10.75258],[76.27569,10.75264],[76.26494,10.75291],[76.26433,10.75257],[76.26032,10.75031],[76.25354,10.74744],[76.24879,10.74799],[76.24758,10.74813],[76.2458,10.7493],[76.24473,10.75001],[76.24562,10.75506],[76.24606,10.75759],[76.24615,10.76151],[76.24632,10.7686],[76.2434,10.77269],[76.23975,10.77332],[76.23669,10.77284],[76.23173,10.77206],[76.22891,10.77512],[76.22595,10.77834],[76.2246,10.77981],[76.21945,10.78159],[76.21,10.77757],[76.1982,10.78172],[76.19727,10.78209],[76.1887,10.7824],[76.18916,10.77927],[76.19601,10.77449],[76.20085,10.7711],[76.20598,10.7686],[76.20295,10.75575],[76.20185,10.7545],[76.19714,10.75427],[76.19456,10.75232],[76.1929,10.751],[76.19162,10.74998],[76.19122,10.74301],[76.18762,10.7398],[76.1852,10.73704],[76.18066,10.73128],[76.17954,10.72926],[76.17156,10.71484],[76.16435,10.70881],[76.16206,10.70654],[76.16145,10.70727],[76.15946,10.7097],[76.15783,10.718],[76.15542,10.71771],[76.15452,10.71315],[76.15298,10.71219],[76.15207,10.71363],[76.15059,10.71595],[76.14982,10.71646],[76.14439,10.72104],[76.14077,10.71935],[76.13942,10.71941],[76.13706,10.71952],[76.1356,10.72199],[76.13307,10.72251],[76.13244,10.72152],[76.13092,10.71735],[76.13025,10.71535],[76.12785,10.71511],[76.12792,10.71438],[76.12676,10.71338],[76.12518,10.71204],[76.12268,10.71051],[76.12066,10.71211],[76.11884,10.71357],[76.11798,10.71414],[76.11399,10.71678],[76.10985,10.71872],[76.10663,10.7213],[76.10465,10.72289],[76.10305,10.72382],[76.09948,10.72589],[76.09516,10.7281],[76.0934,10.72732],[76.09105,10.72771],[76.09077,10.72763],[76.08905,10.72709],[76.08706,10.72749],[76.08593,10.72739],[76.08292,10.72709],[76.07752,10.72767],[76.07725,10.7277],[76.0744,10.72922],[76.06962,10.72989],[76.06997,10.72906],[76.07085,10.72816],[76.07083,10.72688],[76.06999,10.72639],[76.06974,10.72625],[76.06824,10.72639],[76.06652,10.72785],[76.06419,10.72866],[76.06342,10.72847],[76.0633,10.72834],[76.06301,10.72803],[76.06318,10.7266],[76.06371,10.7246],[76.06421,10.72291],[76.06237,10.7211],[76.06232,10.72102],[76.06192,10.72041],[76.06131,10.7195],[76.06132,10.7187],[76.05894,10.71661],[76.0574,10.7142],[76.05663,10.71301],[76.05635,10.71135],[76.05239,10.70683],[76.05184,10.70623],[76.05203,10.70444],[76.05042,10.7043],[76.04999,10.70426],[76.04924,10.70452],[76.04881,10.70478],[76.04875,10.70522],[76.04906,10.70611],[76.04903,10.70673],[76.0486,10.70701],[76.0481,10.70672],[76.0473,10.70649],[76.04624,10.70677],[76.04585,10.70662],[76.0455,10.70578],[76.04487,10.70529],[76.04415,10.70548],[76.04407,10.70647],[76.04357,10.70703],[76.04289,10.70682],[76.04215,10.7056],[76.0415,10.70502],[76.04097,10.70539],[76.04058,10.70669],[76.04012,10.70713],[76.03968,10.70722],[76.03907,10.70647],[76.03853,10.70589],[76.03787,10.70381],[76.03599,10.70212],[76.03425,10.70087],[76.03269,10.70056],[76.03211,10.69949],[76.03074,10.69903],[76.03029,10.69892],[76.0294,10.69858],[76.02651,10.6984],[76.02551,10.69683],[76.02434,10.69652],[76.02124,10.69682],[76.01995,10.69674],[76.01608,10.6946],[76.01325,10.69101],[76.01252,10.69008],[76.00802,10.6894],[76.00662,10.68978],[76.00548,10.69066],[76.00444,10.69103],[76.0042,10.69112],[76.00183,10.69193],[76.00073,10.69409],[76.00063,10.69713],[75.99995,10.69643],[75.99939,10.69412],[75.99723,10.69225],[75.99492,10.69199],[75.99232,10.69115],[75.99159,10.69097],[75.99014,10.69061],[75.98864,10.69039],[75.98713,10.69017],[75.98696,10.69015],[75.98654,10.68979],[75.98537,10.68915],[75.98464,10.68693],[75.9849,10.68495],[75.9835,10.68509],[75.98172,10.6862],[75.98172,10.68664],[75.98173,10.68824],[75.9815,10.68996],[75.98113,10.69157],[75.98038,10.69244],[75.97973,10.69263],[75.97944,10.69264],[75.97818,10.69267],[75.97807,10.69116],[75.97666,10.69065],[75.97463,10.69199],[75.97309,10.69026],[75.97182,10.68999],[75.97017,10.68964],[75.96973,10.68975],[75.96783,10.69023],[75.96653,10.68909],[75.96524,10.68798],[75.96152,10.68428],[75.95735,10.68412],[75.95787,10.68282],[75.95823,10.68194],[75.95856,10.68122],[75.95863,10.68106],[75.95876,10.68074],[75.95925,10.67961],[75.95955,10.67893],[75.96001,10.67785],[75.96016,10.67766],[75.96071,10.67645],[75.96086,10.6761],[75.96142,10.67485],[75.96178,10.67408],[75.96221,10.67313],[75.96287,10.67164],[75.96319,10.67093],[75.9635,10.67015],[75.96372,10.66962],[75.96394,10.66914],[75.96415,10.66872],[75.96425,10.66847],[75.96442,10.66801],[75.96465,10.66746],[75.96475,10.66724],[75.96545,10.6657],[75.96626,10.66388],[75.96727,10.66148],[75.96769,10.66052],[75.9688,10.65799],[75.96995,10.65525],[75.97109,10.6525],[75.97143,10.6517],[75.97269,10.64873],[75.97403,10.64567],[75.97449,10.64463],[75.97542,10.64236],[75.97632,10.64017],[75.97682,10.63896],[75.97746,10.63744],[75.97888,10.63405],[75.97904,10.63363],[75.97942,10.6327],[75.97968,10.63205],[75.97987,10.63158],[75.98131,10.62814],[75.982,10.62636],[75.98269,10.6248],[75.98324,10.62356],[75.98373,10.62232],[75.98437,10.62092],[75.98475,10.62012],[75.98506,10.61949],[75.9857,10.6182],[75.98612,10.6173],[75.98663,10.61626],[75.98706,10.61529],[75.9877,10.61389],[75.98802,10.61322],[75.98809,10.61307],[75.98845,10.61225],[75.9889,10.61126],[75.98912,10.61086],[75.98919,10.61074],[75.98929,10.61061],[75.98947,10.61015],[75.99107,10.60649],[75.99187,10.60481],[75.99251,10.60336],[75.99313,10.60226],[75.9934,10.60169],[75.99383,10.60075],[75.99426,10.59981],[75.9957,10.59641],[75.99625,10.5951],[75.99679,10.59388],[75.9972,10.59302],[75.99767,10.59205],[75.99783,10.59167],[75.99785,10.59161],[75.99826,10.59066],[75.9991,10.58877],[75.99936,10.58821],[76.00034,10.58636],[76.0009,10.58527],[76.00116,10.58474],[76.0017,10.5837],[76.00218,10.58279],[76.00278,10.58165],[76.00306,10.58112],[76.00387,10.5796],[76.00463,10.57809],[76.00492,10.57752],[76.00565,10.57596],[76.00662,10.57369],[76.00728,10.57257],[76.00781,10.57162],[76.00982,10.56775],[76.01007,10.56694],[76.01084,10.56527],[76.01141,10.56413],[76.01206,10.56284],[76.01309,10.56104],[76.01358,10.56021],[76.01435,10.55882],[76.01469,10.5581],[76.01473,10.55802],[76.01513,10.55732],[76.01549,10.55673],[76.01577,10.55607],[76.01596,10.55585],[76.01604,10.55541],[76.01607,10.55504],[76.01602,10.5549],[76.01614,10.55463],[76.01638,10.55398],[76.01659,10.55347],[76.01668,10.55327],[76.01691,10.55276],[76.01703,10.55243],[76.01718,10.55192],[76.01736,10.55143],[76.01782,10.5502],[76.01792,10.54993],[76.01812,10.5494],[76.0184,10.54874],[76.01859,10.54834],[76.01894,10.54755],[76.01908,10.54719],[76.01923,10.5469],[76.01929,10.54677],[76.01938,10.54657],[76.01956,10.54614],[76.01999,10.5451],[76.02055,10.54393],[76.02073,10.54351],[76.02079,10.54324],[76.02091,10.54284],[76.02098,10.54259],[76.02103,10.54247],[76.02109,10.54232],[76.02121,10.54201],[76.0215,10.54143],[76.02167,10.54106],[76.02192,10.54053],[76.02221,10.53984],[76.02251,10.53924],[76.02286,10.53868],[76.02318,10.53824],[76.02337,10.53791],[76.02353,10.53765],[76.02357,10.53741],[76.02366,10.53707],[76.02374,10.53682],[76.0239,10.53642],[76.02422,10.53575],[76.02464,10.53497],[76.02495,10.5344],[76.02519,10.53379],[76.02536,10.53347],[76.0255,10.53312],[76.02577,10.53246],[76.02588,10.53218],[76.02603,10.532],[76.0262,10.53178],[76.02627,10.53163],[76.02633,10.53141],[76.02635,10.53122],[76.02636,10.53091],[76.02654,10.53052],[76.0267,10.52999],[76.02697,10.52925],[76.02745,10.52817],[76.02793,10.52711],[76.02843,10.52596],[76.02905,10.52462],[76.03035,10.5219],[76.03093,10.52065],[76.03105,10.52039],[76.03177,10.51883],[76.03316,10.51601],[76.03385,10.51455],[76.03413,10.51422],[76.03422,10.51418],[76.03428,10.51411],[76.0344,10.51389],[76.03446,10.5137],[76.03456,10.51355],[76.03473,10.51344],[76.03485,10.51337],[76.03508,10.51309],[76.03525,10.51268],[76.03545,10.51233],[76.0359,10.51176],[76.03609,10.51149],[76.03628,10.51133],[76.03636,10.51124],[76.03656,10.51097],[76.03664,10.51082],[76.03666,10.51071],[76.03661,10.5105],[76.03652,10.51018],[76.03665,10.51014],[76.03671,10.51012],[76.03859,10.50809],[76.03986,10.50672],[76.03948,10.50646],[76.03951,10.50639],[76.03954,10.50632],[76.03968,10.50624],[76.03982,10.50613],[76.03991,10.50598],[76.04031,10.50538],[76.04066,10.50479],[76.0411,10.50405],[76.04189,10.5029],[76.04286,10.50146],[76.04338,10.50049],[76.0447,10.49791],[76.04512,10.49711],[76.04578,10.49585],[76.04634,10.49473],[76.04639,10.49464],[76.04738,10.49273],[76.04823,10.49121],[76.04944,10.48884],[76.04952,10.4888],[76.04959,10.48877],[76.04966,10.48868],[76.04967,10.48859],[76.04965,10.4885],[76.04992,10.48806],[76.05011,10.48782],[76.0507,10.48679],[76.05126,10.48568],[76.05129,10.48564],[76.05134,10.48567],[76.0514,10.48566],[76.05149,10.48559],[76.05157,10.48548],[76.05159,10.48541],[76.05159,10.4853],[76.05153,10.48522],[76.05165,10.48493],[76.05182,10.48448],[76.05224,10.4838],[76.05261,10.48316],[76.05326,10.48195],[76.05364,10.48129],[76.05407,10.48049],[76.05416,10.48026],[76.05417,10.48019],[76.05421,10.47988],[76.05425,10.47972],[76.05428,10.47961],[76.05439,10.47934],[76.05454,10.47902],[76.05582,10.47638],[76.05652,10.47502],[76.05687,10.47445],[76.05724,10.47369],[76.05759,10.47304],[76.05803,10.47214],[76.05866,10.47103],[76.05867,10.471],[76.05874,10.47089],[76.05892,10.47056],[76.05912,10.47018],[76.0594,10.46963],[76.05941,10.4696],[76.05963,10.46917],[76.06023,10.468],[76.06079,10.46699],[76.06097,10.4669],[76.06111,10.46679],[76.06126,10.46657],[76.06145,10.4662],[76.06191,10.46523],[76.06197,10.46511],[76.06205,10.46495],[76.06212,10.46483],[76.06224,10.46474],[76.06254,10.46434],[76.06287,10.46371],[76.06323,10.46296],[76.06353,10.46232],[76.06371,10.46204],[76.06376,10.46196],[76.06383,10.46184],[76.06383,10.46184],[76.06389,10.46173],[76.064,10.46154],[76.06473,10.46021],[76.06474,10.46019],[76.06496,10.45975],[76.06527,10.45906],[76.0655,10.45854],[76.0655,10.45852],[76.06597,10.45719],[76.0661,10.45698],[76.06652,10.45615],[76.06674,10.45567],[76.06699,10.4551],[76.06761,10.4537],[76.06823,10.4524],[76.06884,10.4511],[76.06926,10.45014],[76.06954,10.44956],[76.07002,10.44848],[76.07047,10.44748],[76.07059,10.44718],[76.07064,10.44702],[76.07066,10.44698],[76.07075,10.44674],[76.07095,10.44623],[76.07138,10.44516],[76.07236,10.44294],[76.07264,10.44236],[76.07271,10.44221],[76.07323,10.44103],[76.07389,10.43953],[76.07405,10.43919],[76.07436,10.43851],[76.07501,10.43693],[76.07588,10.43481],[76.07608,10.43432],[76.07609,10.4343],[76.07663,10.43297],[76.07773,10.43026],[76.07837,10.4286],[76.0792,10.42678],[76.07999,10.42487],[76.08031,10.42415],[76.08058,10.42354],[76.08112,10.42224],[76.08159,10.42104],[76.08209,10.41977],[76.08317,10.41696],[76.08392,10.41506],[76.08411,10.41456],[76.08442,10.41385],[76.08457,10.41337],[76.08489,10.41261],[76.08517,10.41189],[76.08577,10.41056],[76.08617,10.4097],[76.08627,10.40947],[76.08658,10.40875],[76.08701,10.40772],[76.08717,10.40733],[76.08731,10.40697],[76.08733,10.40692],[76.08761,10.40624],[76.08806,10.40521],[76.08822,10.40484],[76.08917,10.40245],[76.08975,10.40106],[76.0902,10.39979],[76.09049,10.39908],[76.09108,10.39763],[76.09173,10.3959],[76.09237,10.39416],[76.0926,10.39354],[76.09331,10.39167],[76.09358,10.39096],[76.09411,10.38967],[76.0951,10.38723],[76.09618,10.38436],[76.09719,10.38202],[76.09744,10.38139],[76.09761,10.38096],[76.09763,10.3809],[76.09831,10.37902],[76.09904,10.37706],[76.09972,10.37541],[76.1,10.37462],[76.10028,10.37371],[76.10117,10.37128],[76.1021,10.36898],[76.10267,10.36758],[76.10309,10.36653],[76.10406,10.36396],[76.10408,10.36392],[76.10493,10.36169],[76.10581,10.35949],[76.10666,10.35721],[76.10732,10.35548],[76.10804,10.35343],[76.10868,10.35169],[76.10874,10.35153],[76.10931,10.34992],[76.10987,10.34839],[76.11043,10.34711],[76.11087,10.34602],[76.11108,10.34536],[76.11137,10.34457],[76.1116,10.34355],[76.11177,10.3434],[76.11206,10.34266],[76.11273,10.34062],[76.11301,10.3398],[76.11323,10.33901],[76.1135,10.33832],[76.11395,10.33718],[76.11439,10.33608],[76.11492,10.33474],[76.1156,10.33287],[76.11598,10.33181],[76.11627,10.33098],[76.11654,10.33025],[76.11701,10.32853],[76.11728,10.32772],[76.11767,10.32649],[76.11794,10.32572],[76.11828,10.32477],[76.11917,10.3223],[76.12005,10.31993],[76.12066,10.31813],[76.12088,10.31753],[76.12152,10.31582],[76.12186,10.31492],[76.12197,10.31464],[76.12214,10.31414],[76.12245,10.31338],[76.12253,10.31316],[76.1226,10.31292],[76.12272,10.31267],[76.12302,10.3121],[76.12317,10.31176],[76.12325,10.31156],[76.12327,10.3115],[76.12329,10.31145],[76.12327,10.31138],[76.12326,10.3113],[76.12327,10.31118],[76.12353,10.31041],[76.12366,10.31008],[76.12389,10.30935],[76.1241,10.30867],[76.1242,10.30827],[76.1244,10.30752],[76.12444,10.30748],[76.12447,10.30746],[76.12454,10.30735],[76.12462,10.30716],[76.12465,10.30699],[76.12466,10.30691],[76.12463,10.30686],[76.12461,10.30682],[76.12463,10.30664],[76.12473,10.30617],[76.12514,10.30454],[76.12524,10.30413],[76.12545,10.30329],[76.12558,10.30272],[76.12561,10.3026],[76.12571,10.30234],[76.12579,10.30224],[76.12586,10.30219],[76.12591,10.30218],[76.12596,10.30218],[76.12603,10.30213],[76.1261,10.30196],[76.1262,10.3017],[76.12624,10.30152],[76.12622,10.30148],[76.12617,10.30143],[76.12614,10.30134],[76.12617,10.30123],[76.12626,10.30102],[76.12644,10.30038],[76.12687,10.29906],[76.12702,10.29888],[76.12709,10.29876],[76.12713,10.29868],[76.12722,10.29863],[76.12728,10.29854],[76.12735,10.29838],[76.12737,10.29823],[76.12736,10.29816],[76.1273,10.2981],[76.1273,10.29802],[76.12742,10.29773],[76.12804,10.29546],[76.12817,10.29497],[76.12826,10.29468],[76.12832,10.29442],[76.12837,10.29415],[76.12848,10.29386],[76.12856,10.29381],[76.1286,10.29372],[76.12863,10.29357],[76.12865,10.29334],[76.12863,10.29321],[76.12863,10.29308],[76.12871,10.29279],[76.12881,10.29237],[76.12893,10.29203],[76.12904,10.29183],[76.12909,10.29168],[76.12918,10.29142],[76.12918,10.29118],[76.12924,10.29087],[76.12936,10.29046],[76.12948,10.29005],[76.12963,10.28951],[76.12974,10.2892],[76.12981,10.28895],[76.12991,10.28856],[76.12998,10.28832],[76.1301,10.28803],[76.13013,10.28787],[76.13015,10.28767],[76.13018,10.2874],[76.1302,10.28708],[76.13023,10.28679],[76.13029,10.28646],[76.13037,10.28615],[76.13041,10.2861],[76.13054,10.28601],[76.13063,10.28582],[76.13071,10.28556],[76.13074,10.28537],[76.13069,10.28524],[76.13071,10.28504],[76.13082,10.28466],[76.13092,10.28426],[76.13099,10.28388],[76.13107,10.28347],[76.13108,10.28332],[76.13109,10.28299],[76.13108,10.28282],[76.13107,10.28267],[76.1312,10.28216],[76.13129,10.28185],[76.13138,10.28152],[76.13147,10.28118],[76.13154,10.28077],[76.13157,10.28062],[76.13161,10.28028],[76.13168,10.27997],[76.13181,10.27955],[76.13193,10.27924],[76.13213,10.2788],[76.13225,10.27849],[76.13232,10.27845],[76.13238,10.27842],[76.13254,10.27821],[76.13261,10.27792],[76.13271,10.27767],[76.13279,10.27748],[76.13287,10.27725],[76.13291,10.27702],[76.13287,10.27693],[76.13284,10.27686],[76.13286,10.27675],[76.13291,10.27667],[76.13294,10.27662],[76.133,10.27657],[76.13307,10.27645],[76.13313,10.27625],[76.13321,10.27602],[76.13324,10.27587],[76.13326,10.27566],[76.13326,10.27552],[76.13331,10.2754],[76.13331,10.27536],[76.13326,10.27514],[76.13326,10.27506],[76.13327,10.27499],[76.13333,10.27488],[76.13334,10.27485],[76.1334,10.27469],[76.13346,10.27461],[76.1335,10.27443],[76.13353,10.27426],[76.13353,10.27424],[76.13362,10.27388],[76.13369,10.27364],[76.13377,10.27333],[76.13395,10.27275],[76.13406,10.27237],[76.13407,10.27236],[76.13412,10.27218],[76.13413,10.27217],[76.13417,10.27213],[76.13417,10.27212],[76.13419,10.27211],[76.13424,10.27199],[76.13426,10.27187],[76.13427,10.27183],[76.13426,10.27176],[76.13427,10.27168],[76.13437,10.27118],[76.1345,10.27061],[76.13468,10.26997],[76.13477,10.26963],[76.13493,10.26922],[76.13498,10.26895],[76.13496,10.26866],[76.13495,10.26823],[76.13501,10.26794],[76.13514,10.26753],[76.13539,10.2669],[76.13555,10.26655],[76.13569,10.26603],[76.13594,10.26502],[76.13629,10.26373],[76.13646,10.26324],[76.1365,10.26319],[76.13655,10.26318],[76.13664,10.26315],[76.13669,10.26308],[76.13669,10.26297],[76.13666,10.2629],[76.13661,10.26279],[76.13734,10.25986],[76.13742,10.25961],[76.1383,10.25661],[76.13841,10.25648],[76.13854,10.25633],[76.13908,10.25469],[76.13936,10.254],[76.13948,10.25371],[76.13967,10.25324],[76.13971,10.253],[76.13967,10.25272],[76.13974,10.25249],[76.13984,10.2523],[76.14002,10.25171],[76.14005,10.25151],[76.14015,10.25122],[76.14028,10.25069],[76.14042,10.25008],[76.14076,10.24887],[76.1409,10.24847],[76.14113,10.24771],[76.14124,10.24733],[76.1412,10.24712],[76.14139,10.24657],[76.14214,10.24435],[76.14248,10.24333],[76.14287,10.24217],[76.14306,10.24146],[76.14314,10.24135],[76.14327,10.24126],[76.14342,10.24119],[76.14354,10.24103],[76.14363,10.24084],[76.14368,10.24064],[76.14369,10.24042],[76.14364,10.24028],[76.14355,10.24015],[76.14348,10.24012],[76.14346,10.24006],[76.14351,10.23986],[76.14378,10.23894],[76.14533,10.23393],[76.14546,10.23364],[76.14551,10.23357],[76.14558,10.23348],[76.14566,10.23343],[76.14573,10.23325],[76.14583,10.23314],[76.14589,10.23297],[76.14585,10.23284],[76.14581,10.23275],[76.14585,10.23258],[76.14582,10.23238],[76.14583,10.23216],[76.14635,10.23069],[76.14715,10.22817],[76.1474,10.22739],[76.14767,10.22659],[76.14799,10.22576],[76.14812,10.22553],[76.14823,10.22545],[76.14829,10.22531],[76.14832,10.22517],[76.14843,10.22507],[76.14856,10.22496],[76.14865,10.22478],[76.14876,10.22448],[76.14883,10.2242],[76.14886,10.22403],[76.14886,10.2238],[76.14885,10.22371],[76.14883,10.22363],[76.14888,10.22351],[76.1489,10.22343],[76.14888,10.22326],[76.1488,10.22326],[76.14879,10.22318],[76.14884,10.22301],[76.14922,10.22176],[76.14942,10.22108],[76.14974,10.22019],[76.15052,10.21776],[76.15058,10.21766],[76.15067,10.2176],[76.15072,10.21749],[76.15076,10.21738],[76.15073,10.2172],[76.15075,10.21707],[76.15105,10.21616],[76.15154,10.21472],[76.15208,10.21284],[76.15256,10.21143],[76.15265,10.21127],[76.1527,10.21125],[76.15283,10.21122],[76.15294,10.21115],[76.153,10.21106],[76.15304,10.21089],[76.15295,10.21063],[76.15293,10.21036],[76.15321,10.20958],[76.15353,10.20864],[76.15406,10.20706],[76.15434,10.20634],[76.15458,10.20574],[76.15506,10.20442],[76.15617,10.20116],[76.15642,10.2005],[76.15687,10.19891],[76.15744,10.19683],[76.15782,10.19543],[76.15855,10.19301],[76.15889,10.19172],[76.15926,10.19029],[76.15937,10.18981],[76.1596,10.18896],[76.15993,10.18765],[76.16009,10.18708],[76.16021,10.18667],[76.16075,10.1847],[76.16145,10.18212],[76.16241,10.17835],[76.16243,10.17803],[76.16236,10.17791],[76.16218,10.17775],[76.16201,10.17767],[76.1619,10.17755],[76.16189,10.17745],[76.16193,10.17735],[76.16203,10.17728],[76.16213,10.17726],[76.1622,10.17727],[76.16284,10.1769],[76.16652,10.18292],[76.16755,10.1839],[76.16997,10.18621],[76.17461,10.18643],[76.18175,10.18992],[76.19182,10.19276],[76.20172,10.19498],[76.20314,10.19494],[76.21336,10.19466],[76.21419,10.19972],[76.21495,10.20032],[76.21838,10.20301],[76.22176,10.20546],[76.22047,10.20703],[76.22113,10.20726],[76.23006,10.20497],[76.2321,10.20475],[76.2397,10.20397],[76.24246,10.20358],[76.25208,10.20222],[76.25681,10.20234],[76.26057,10.20243],[76.26152,10.20246],[76.26306,10.20048],[76.26166,10.199],[76.26031,10.19717],[76.26334,10.18936],[76.26924,10.18536],[76.27292,10.18398],[76.2737,10.17961],[76.27404,10.17526],[76.27656,10.17515],[76.2809,10.17477],[76.28386,10.17591],[76.28496,10.17634],[76.28565,10.17698],[76.28711,10.17828],[76.28854,10.17786],[76.29194,10.17687],[76.2958,10.1761],[76.29825,10.17676],[76.29954,10.1803],[76.30052,10.18489],[76.30103,10.18506],[76.30267,10.18561],[76.31172,10.18253],[76.31189,10.18562],[76.3119,10.18573],[76.3119,10.18578],[76.31191,10.18591],[76.31219,10.19102],[76.31179,10.1993],[76.31165,10.20236],[76.31146,10.20623],[76.3197,10.20766],[76.32794,10.20886],[76.32954,10.20909],[76.33175,10.21087],[76.33321,10.21204],[76.3358,10.21412],[76.33712,10.2213],[76.33955,10.22696],[76.33992,10.22782],[76.34305,10.23148],[76.34556,10.23245],[76.35032,10.23428],[76.35679,10.23673],[76.35947,10.23774],[76.36229,10.23862],[76.36652,10.23995],[76.37348,10.24115],[76.37424,10.2417],[76.37914,10.2452],[76.37867,10.25479],[76.38828,10.25516],[76.39172,10.2553],[76.38897,10.26366],[76.39252,10.26705],[76.39431,10.26708],[76.39853,10.26716],[76.39973,10.27084],[76.4009,10.27367],[76.40193,10.27666],[76.40621,10.27826],[76.41292,10.28076],[76.41222,10.28927],[76.41637,10.28902],[76.41625,10.29393],[76.41961,10.29296],[76.42528,10.29115],[76.42599,10.29041],[76.42737,10.28898],[76.43083,10.28885],[76.43328,10.29109],[76.43522,10.29323],[76.43609,10.29419],[76.44158,10.2944],[76.44389,10.29411],[76.4471,10.29524],[76.44895,10.29543],[76.45759,10.29693],[76.46321,10.29541],[76.4673,10.29448],[76.47317,10.29153],[76.47609,10.29347],[76.48295,10.29203],[76.48793,10.29465],[76.49523,10.29313],[76.4966,10.28756],[76.51471,10.28891],[76.52484,10.28536],[76.53531,10.28764],[76.54441,10.29001],[76.54951,10.2863],[76.55294,10.28467],[76.55486,10.28377],[76.55889,10.28526],[76.5728,10.28538],[76.5734,10.28773],[76.56906,10.29045],[76.56619,10.2935],[76.57203,10.29915],[76.57436,10.30141],[76.57784,10.30322],[76.5813,10.30176],[76.58689,10.29938],[76.59127,10.29279],[76.60423,10.28156],[76.61865,10.28127],[76.62167,10.27432],[76.62985,10.27291],[76.64157,10.27548],[76.64608,10.28139],[76.65843,10.28131],[76.66084,10.2813],[76.66496,10.27468],[76.67483,10.27105],[76.68672,10.26771],[76.6873,10.26753],[76.69594,10.26479],[76.70796,10.27037],[76.72993,10.27037],[76.73711,10.27318],[76.74384,10.27656],[76.74712,10.27848],[76.75131,10.27799],[76.75178,10.27793],[76.7586,10.26978],[76.76298,10.26923],[76.76483,10.26913],[76.77368,10.2712],[76.77408,10.2758],[76.7774,10.27694],[76.78317,10.27759],[76.78684,10.2778],[76.79295,10.28054],[76.79418,10.27994],[76.79427,10.27755],[76.79842,10.27852],[76.80353,10.28494],[76.80997,10.28612],[76.81795,10.28367],[76.82625,10.28128],[76.82861,10.27636],[76.8331,10.27595],[76.83576,10.28397],[76.841,10.28367],[76.84254,10.27958],[76.84494,10.28118],[76.84855,10.28017],[76.85698,10.27552],[76.86093,10.27295],[76.8652,10.27335],[76.8669,10.2693],[76.87124,10.27146],[76.87187,10.27174],[76.87703,10.26937],[76.8799,10.26702],[76.8769,10.26258],[76.87835,10.26104],[76.88823,10.25791],[76.8943,10.25836],[76.89655,10.25739],[76.89608,10.25397],[76.90063,10.25328],[76.89884,10.25981],[76.89788,10.2633],[76.89181,10.2634],[76.88396,10.27096],[76.87391,10.27683],[76.87355,10.27887],[76.87295,10.28228],[76.87327,10.28675],[76.87463,10.29175],[76.87441,10.29379],[76.87407,10.29606],[76.87354,10.29763],[76.87178,10.29842],[76.86939,10.29879],[76.86957,10.29729],[76.8672,10.29539],[76.86521,10.29614],[76.86414,10.29572],[76.86303,10.29481],[76.8634,10.29302],[76.86224,10.29221],[76.86082,10.29204],[76.86019,10.29198],[76.85951,10.29212],[76.85825,10.29297],[76.85836,10.29326],[76.85867,10.29372],[76.85819,10.2941],[76.85762,10.29405],[76.85708,10.29357],[76.85627,10.29389],[76.85526,10.29327],[76.85443,10.29257],[76.85373,10.2926],[76.85341,10.29219],[76.85307,10.29129],[76.85186,10.29068],[76.85102,10.29071],[76.85079,10.2882],[76.85229,10.2866],[76.85192,10.28492],[76.85114,10.28487],[76.85059,10.28557],[76.85009,10.28563],[76.8496,10.28556],[76.84912,10.28503],[76.84825,10.2851],[76.84831,10.28628],[76.84887,10.28683],[76.84849,10.28745],[76.84747,10.28804],[76.84551,10.28818],[76.84478,10.28844],[76.84435,10.28935],[76.84366,10.28884],[76.84321,10.2888],[76.84186,10.29065],[76.84204,10.29301],[76.84229,10.29334],[76.84319,10.29339],[76.84399,10.29365],[76.84497,10.29438],[76.84519,10.29519],[76.84034,10.3],[76.83528,10.30269],[76.83289,10.30301],[76.83134,10.30352],[76.82971,10.3058],[76.82944,10.30749],[76.83052,10.31361],[76.83048,10.31804],[76.83069,10.3229],[76.83174,10.32547],[76.83701,10.33848],[76.83108,10.33704],[76.82791,10.33806],[76.8261,10.33898],[76.8231,10.34076],[76.82113,10.34304],[76.81958,10.34549],[76.81769,10.34869],[76.81392,10.3481],[76.80997,10.34658],[76.80774,10.34574],[76.80593,10.34405],[76.80551,10.34067],[76.80525,10.33763],[76.80207,10.33755],[76.80127,10.33748],[76.79469,10.33687],[76.78903,10.33586],[76.78637,10.3362],[76.78259,10.33797],[76.78113,10.34008],[76.77967,10.34169],[76.77684,10.3416],[76.77409,10.3389],[76.77203,10.3351],[76.76963,10.33493],[76.76559,10.33586],[76.76259,10.33713],[76.7583,10.3362],[76.75401,10.33628],[76.75109,10.3389],[76.75083,10.34084],[76.75169,10.3427],[76.75349,10.34523],[76.7516,10.34743],[76.75813,10.34794],[76.7601,10.3503],[76.76474,10.35613],[76.76491,10.3606],[76.76242,10.36237],[76.76087,10.36187],[76.75761,10.36128],[76.75435,10.36128],[76.75195,10.36263],[76.74989,10.36423],[76.74783,10.36651],[76.74379,10.36727],[76.73899,10.3682],[76.73521,10.36811],[76.72791,10.36963],[76.72294,10.37242],[76.72113,10.37301],[76.71624,10.37335],[76.71358,10.37301],[76.71075,10.37242],[76.70654,10.37031],[76.70517,10.3671],[76.70277,10.36465],[76.70011,10.36381],[76.69684,10.36372],[76.69418,10.36372],[76.68989,10.36372],[76.68672,10.36465],[76.6838,10.36609],[76.68277,10.36786],[76.67882,10.36947],[76.67676,10.37048],[76.67521,10.37225],[76.67178,10.3736],[76.66903,10.3747],[76.66758,10.37656],[76.66434,10.38221],[76.66333,10.38346],[76.66221,10.38477],[76.66178,10.38597],[76.66067,10.38572],[76.65992,10.38555],[76.65867,10.38481],[76.65751,10.3839],[76.65766,10.38268],[76.65766,10.38078],[76.65726,10.38013],[76.65672,10.37934],[76.65573,10.37848],[76.65464,10.37795],[76.65361,10.37755],[76.65275,10.37846],[76.65165,10.37998],[76.64957,10.38171],[76.64631,10.38278],[76.6444,10.38325],[76.64296,10.38306],[76.64146,10.3823],[76.64069,10.38164],[76.63942,10.38086],[76.63775,10.38086],[76.63638,10.3811],[76.63466,10.38008],[76.63395,10.37854],[76.63243,10.37751],[76.63116,10.37704],[76.62951,10.3773],[76.62898,10.37771],[76.6285,10.37827],[76.62809,10.37977],[76.62912,10.38074],[76.63028,10.38133],[76.63075,10.3823],[76.62904,10.38335],[76.62809,10.38386],[76.62663,10.38306],[76.62599,10.38128],[76.62552,10.37972],[76.62243,10.37989],[76.62214,10.38005],[76.62106,10.38065],[76.61994,10.38302],[76.61972,10.38377],[76.6193,10.38513],[76.61882,10.38728],[76.61878,10.38926],[76.61822,10.39108],[76.61586,10.39112],[76.61427,10.39256],[76.6129,10.39492],[76.61093,10.39699],[76.60968,10.39914],[76.60775,10.39969],[76.60668,10.40036],[76.60672,10.40302],[76.60681,10.40425],[76.60642,10.40509],[76.60548,10.40665],[76.60436,10.40767],[76.60419,10.40957],[76.6044,10.4118],[76.60376,10.4132],[76.60282,10.41522],[76.60161,10.41737],[76.59994,10.4194],[76.59647,10.42046],[76.59513,10.42442],[76.59475,10.4262],[76.59312,10.42759],[76.5914,10.42915],[76.59059,10.43151],[76.58956,10.43417],[76.58877,10.43479],[76.58681,10.43633],[76.58642,10.43639],[76.58473,10.4366],[76.58244,10.43702],[76.58114,10.43725],[76.5755,10.43755],[76.57084,10.43747],[76.5669,10.43713],[76.56353,10.43618],[76.56102,10.43595],[76.55979,10.43506],[76.55715,10.43559],[76.55655,10.44029],[76.55638,10.44133],[76.5563,10.44272],[76.556,10.44462],[76.55516,10.44605],[76.55303,10.44702],[76.54872,10.44681],[76.54487,10.44685],[76.54394,10.44686],[76.54196,10.44713],[76.53928,10.44766],[76.53636,10.44882],[76.53557,10.4497],[76.53475,10.45367],[76.5346,10.45426],[76.53428,10.45517],[76.53269,10.45874],[76.53071,10.46032],[76.52937,10.46139],[76.52688,10.46285],[76.52596,10.46355],[76.52501,10.46507],[76.5245,10.46682],[76.52351,10.46836],[76.52207,10.4691],[76.52035,10.46992],[76.51931,10.47039],[76.51654,10.47165],[76.51392,10.47266],[76.50892,10.47296],[76.50686,10.4733],[76.50467,10.47414],[76.50312,10.47511],[76.50216,10.47725],[76.50197,10.47768],[76.50003,10.47882],[76.49583,10.4792],[76.49334,10.47878],[76.49107,10.47853],[76.48978,10.47882],[76.48862,10.48013],[76.48617,10.48116],[76.48496,10.48106],[76.48246,10.48064],[76.47903,10.48178],[76.47768,10.48415],[76.47613,10.48711],[76.47476,10.48747],[76.47205,10.49275],[76.47072,10.49701],[76.46939,10.49769],[76.4672,10.49916],[76.46665,10.503],[76.46484,10.50436],[76.46085,10.50735],[76.46017,10.50807],[76.45957,10.50895],[76.45905,10.51085],[76.45866,10.51203],[76.45738,10.51347],[76.45437,10.51727],[76.4503,10.52161],[76.44781,10.52245],[76.44656,10.52279],[76.44334,10.52321],[76.44184,10.52385],[76.4409,10.52507],[76.43901,10.52967],[76.43755,10.53043],[76.43669,10.53089],[76.43463,10.53267],[76.43364,10.5341],[76.43279,10.53583],[76.43223,10.5379],[76.43227,10.53963],[76.43278,10.54161],[76.43386,10.54587],[76.43476,10.54802],[76.43502,10.5488],[76.43592,10.55165],[76.43785,10.55768],[76.436,10.55663],[76.4348,10.5565],[76.4336,10.55739],[76.43309,10.55785],[76.43158,10.55836],[76.43064,10.55912],[76.43061,10.56011],[76.4306,10.56034],[76.43055,10.56169],[76.43051,10.56351],[76.42785,10.56439],[76.42686,10.56536],[76.42665,10.56676],[76.42605,10.56815],[76.42566,10.56996],[76.42407,10.57266],[76.42279,10.57291],[76.42098,10.57283],[76.42013,10.57431],[76.4206,10.57764],[76.41983,10.57798],[76.41734,10.57793],[76.41446,10.57819],[76.41163,10.57857],[76.4091,10.57941],[76.40854,10.58076],[76.40725,10.58304],[76.40639,10.58498],[76.40511,10.58802],[76.40425,10.58966],[76.40326,10.59152],[76.40314,10.592],[76.40253,10.59432],[76.4024,10.59481],[76.40296,10.59755],[76.40357,10.59872],[76.40403,10.59962],[76.40635,10.59974],[76.40768,10.59835],[76.41051,10.59561],[76.41257,10.5954],[76.41407,10.59699],[76.4142,10.59713],[76.41489,10.59924],[76.41472,10.6016],[76.41257,10.60236],[76.41313,10.60384],[76.4136,10.60502],[76.41425,10.60586],[76.41562,10.60519],[76.41867,10.60552],[76.42161,10.60688],[76.42518,10.60999],[76.42729,10.614],[76.42763,10.61466],[76.42549,10.6197],[76.42558,10.62623],[76.42201,10.62868],[76.42109,10.62161],[76.41794,10.62185],[76.41837,10.6263],[76.41845,10.62716],[76.41849,10.62782],[76.41855,10.62917],[76.41856,10.62942],[76.41877,10.6326],[76.41878,10.63275],[76.41907,10.63337],[76.42146,10.63851],[76.42175,10.63997],[76.42196,10.64106],[76.42278,10.64518],[76.42365,10.6474],[76.42446,10.64947],[76.42607,10.64856],[76.42765,10.64957],[76.4283,10.64947],[76.42922,10.64884],[76.43082,10.64863],[76.43309,10.65033],[76.43415,10.65167],[76.43477,10.65378],[76.4348,10.65412],[76.43579,10.65557],[76.43679,10.65702],[76.4421,10.6639],[76.44871,10.66263],[76.45055,10.66438],[76.4512,10.66499],[76.45169,10.67349],[76.45142,10.67571],[76.44886,10.68176],[76.44808,10.68362],[76.44789,10.68422],[76.4462,10.68972],[76.4449,10.69131],[76.44047,10.69677],[76.44596,10.70008],[76.44655,10.70033],[76.45053,10.70204],[76.45122,10.70234],[76.4548,10.69985],[76.45679,10.70073]]]}},{"type":"Feature","properties":{"district":"Wayanad","name_ml":"വയനാട്","wikidata":"Q1364427","admin_level":5},"geometry":{"type":"Polygon","coordinates":[[[76.03863,11.50515],[76.0405,11.50572],[76.04198,11.50602],[76.04354,11.50614],[76.04465,11.50781],[76.04649,11.50667],[76.04757,11.50595],[76.04901,11.50484],[76.05094,11.50417],[76.05355,11.50337],[76.05467,11.5037],[76.05594,11.50539],[76.0565,11.50824],[76.05763,11.50919],[76.05909,11.50947],[76.06146,11.51029],[76.06307,11.51046],[76.06363,11.51147],[76.06485,11.51334],[76.06623,11.51453],[76.0673,11.51558],[76.06758,11.5171],[76.06933,11.51773],[76.07139,11.51805],[76.07226,11.52043],[76.07261,11.52208],[76.07422,11.52334],[76.07515,11.52412],[76.0756,11.5249],[76.0761,11.52496],[76.07714,11.52417],[76.08126,11.51925],[76.08213,11.51716],[76.08234,11.51522],[76.08357,11.51436],[76.08584,11.51392],[76.08619,11.51428],[76.08853,11.51346],[76.08964,11.51227],[76.08959,11.51123],[76.08893,11.50867],[76.0889,11.50717],[76.08888,11.50586],[76.08939,11.50356],[76.09103,11.50028],[76.09148,11.49901],[76.09105,11.49721],[76.09096,11.49585],[76.09147,11.49419],[76.09231,11.49311],[76.0909,11.49238],[76.09,11.49138],[76.08928,11.49055],[76.08841,11.48929],[76.08814,11.48774],[76.08906,11.48692],[76.08967,11.48654],[76.09005,11.48573],[76.09128,11.48309],[76.0922,11.48196],[76.09281,11.48226],[76.0945,11.48271],[76.09612,11.48367],[76.09826,11.48362],[76.0989,11.4836],[76.10179,11.48348],[76.10412,11.48252],[76.10612,11.48192],[76.10695,11.481],[76.10839,11.48037],[76.11196,11.48035],[76.1123,11.47963],[76.11299,11.4787],[76.11372,11.47747],[76.11479,11.47662],[76.11631,11.47615],[76.1189,11.47625],[76.1222,11.47493],[76.12325,11.47422],[76.12415,11.47361],[76.12458,11.47117],[76.12467,11.4694],[76.12527,11.46831],[76.12589,11.46693],[76.12793,11.46605],[76.1282,11.4654],[76.12907,11.46464],[76.12976,11.46402],[76.13095,11.46396],[76.13198,11.46265],[76.13261,11.46139],[76.13335,11.46104],[76.13537,11.46025],[76.13688,11.4589],[76.13768,11.45789],[76.14041,11.45587],[76.14215,11.45341],[76.14334,11.45136],[76.14385,11.45187],[76.1462,11.45192],[76.14825,11.45301],[76.15088,11.45227],[76.1529,11.45367],[76.15693,11.45539],[76.15774,11.45638],[76.15816,11.45678],[76.1589,11.45698],[76.15983,11.45601],[76.16129,11.45601],[76.16314,11.45777],[76.16471,11.45959],[76.16603,11.46198],[76.16741,11.46414],[76.16907,11.46624],[76.17103,11.4671],[76.17304,11.46755],[76.17534,11.46828],[76.17729,11.47094],[76.18001,11.47154],[76.18139,11.47347],[76.18291,11.47496],[76.18525,11.47528],[76.18623,11.47563],[76.18656,11.47766],[76.18593,11.47915],[76.18428,11.48127],[76.18299,11.48244],[76.18208,11.48338],[76.18203,11.4837],[76.18236,11.48417],[76.18252,11.48419],[76.18281,11.48432],[76.18302,11.48434],[76.18332,11.48418],[76.18378,11.48412],[76.18405,11.48402],[76.18427,11.48397],[76.18446,11.48392],[76.18478,11.48404],[76.18495,11.48433],[76.18515,11.48457],[76.18524,11.48469],[76.18528,11.48495],[76.18495,11.4855],[76.18511,11.4859],[76.18511,11.48599],[76.18507,11.48642],[76.18505,11.48665],[76.18506,11.48676],[76.18514,11.48728],[76.18515,11.4874],[76.18521,11.48783],[76.18508,11.48819],[76.18501,11.48837],[76.18534,11.48829],[76.18552,11.48831],[76.18576,11.48834],[76.18594,11.48853],[76.18577,11.48899],[76.18571,11.48915],[76.18566,11.48946],[76.18592,11.48977],[76.18622,11.48975],[76.18656,11.48972],[76.18665,11.48972],[76.18721,11.49035],[76.18734,11.49034],[76.18813,11.49028],[76.18836,11.49046],[76.1883,11.49076],[76.18787,11.49095],[76.18768,11.49143],[76.18826,11.49177],[76.18884,11.49209],[76.18956,11.49266],[76.18996,11.49318],[76.18867,11.49459],[76.18983,11.495],[76.18989,11.49519],[76.18997,11.49544],[76.19058,11.4954],[76.19083,11.4955],[76.19104,11.49559],[76.19114,11.49563],[76.19118,11.49593],[76.19124,11.4964],[76.19126,11.49651],[76.19185,11.49681],[76.19193,11.49685],[76.19206,11.49731],[76.19238,11.49765],[76.1925,11.49777],[76.1929,11.49872],[76.19395,11.49982],[76.19472,11.50037],[76.1951,11.5008],[76.19543,11.50116],[76.19572,11.50139],[76.19609,11.50168],[76.19619,11.50176],[76.19651,11.50194],[76.19671,11.50204],[76.19704,11.50222],[76.19703,11.50346],[76.19703,11.50389],[76.19772,11.50447],[76.198,11.50471],[76.19821,11.50489],[76.19928,11.50602],[76.19965,11.50642],[76.2002,11.50701],[76.20034,11.50706],[76.20055,11.50714],[76.20076,11.5073],[76.20079,11.50732],[76.20115,11.50754],[76.20173,11.50761],[76.20234,11.50756],[76.2025,11.50747],[76.20264,11.5074],[76.20349,11.50716],[76.20427,11.50704],[76.20497,11.50716],[76.20569,11.50743],[76.20612,11.50762],[76.20619,11.50765],[76.20624,11.50769],[76.20671,11.50806],[76.20738,11.50866],[76.20798,11.509],[76.20848,11.50921],[76.20911,11.50949],[76.21026,11.5096],[76.21102,11.50962],[76.21172,11.50967],[76.21235,11.50985],[76.21307,11.51018],[76.21388,11.51036],[76.21462,11.5103],[76.2148,11.51032],[76.21526,11.51037],[76.21573,11.51022],[76.2164,11.5101],[76.21696,11.5103],[76.21764,11.51074],[76.21818,11.51096],[76.21898,11.51124],[76.21963,11.51164],[76.22011,11.51182],[76.22106,11.51177],[76.22131,11.5121],[76.22269,11.51246],[76.22337,11.51249],[76.22399,11.51238],[76.22425,11.51229],[76.22451,11.51236],[76.22494,11.51255],[76.22514,11.51288],[76.22595,11.51317],[76.22658,11.5138],[76.22661,11.51497],[76.22661,11.5156],[76.22695,11.51598],[76.2272,11.51692],[76.2272,11.51871],[76.22726,11.51912],[76.22754,11.5197],[76.22786,11.52021],[76.22774,11.52085],[76.22765,11.52118],[76.22775,11.52159],[76.22811,11.522],[76.22831,11.52254],[76.2285,11.52315],[76.22883,11.52356],[76.22909,11.52387],[76.22911,11.5247],[76.22935,11.52499],[76.22971,11.52536],[76.22995,11.52542],[76.23025,11.52566],[76.23024,11.52603],[76.23044,11.52629],[76.23107,11.52665],[76.23148,11.52678],[76.23176,11.52703],[76.23197,11.52727],[76.23205,11.52786],[76.2323,11.52806],[76.2326,11.52814],[76.23308,11.52867],[76.23334,11.52896],[76.23352,11.52901],[76.23379,11.52911],[76.23403,11.52928],[76.23453,11.52911],[76.23485,11.52903],[76.23519,11.52903],[76.23544,11.52902],[76.2357,11.5288],[76.23592,11.52875],[76.23617,11.52859],[76.23629,11.52839],[76.23654,11.52828],[76.23683,11.5278],[76.23707,11.52766],[76.23772,11.52745],[76.23847,11.52706],[76.23882,11.52666],[76.24976,11.52617],[76.24987,11.52754],[76.25048,11.5356],[76.24705,11.53894],[76.2448,11.54047],[76.24447,11.5415],[76.24409,11.54275],[76.24578,11.54529],[76.24331,11.54703],[76.24198,11.54998],[76.24211,11.5506],[76.24263,11.55305],[76.24044,11.55576],[76.23445,11.56605],[76.23289,11.5685],[76.23357,11.57073],[76.2355,11.57199],[76.23569,11.57211],[76.24505,11.57821],[76.246,11.57884],[76.24621,11.57897],[76.25032,11.58165],[76.25078,11.58195],[76.2538,11.58473],[76.25473,11.58557],[76.2553,11.5861],[76.25628,11.587],[76.25923,11.58861],[76.26288,11.59061],[76.26537,11.59397],[76.27162,11.59365],[76.27426,11.59351],[76.27469,11.59616],[76.27838,11.60032],[76.2806,11.59829],[76.28604,11.59028],[76.29515,11.59054],[76.29557,11.58984],[76.29658,11.58819],[76.29872,11.583],[76.29938,11.57813],[76.29991,11.57477],[76.30022,11.57279],[76.30213,11.57081],[76.30983,11.57678],[76.31578,11.57632],[76.3185,11.58267],[76.32494,11.58834],[76.32775,11.59021],[76.33498,11.59503],[76.3397,11.59252],[76.34071,11.58674],[76.34414,11.58769],[76.34853,11.58875],[76.35324,11.58888],[76.35494,11.58893],[76.3584,11.59223],[76.35991,11.59353],[76.36996,11.59858],[76.3702,11.59868],[76.37751,11.60173],[76.37822,11.60854],[76.38315,11.61188],[76.38282,11.61563],[76.38278,11.61616],[76.38296,11.62393],[76.38824,11.62941],[76.3965,11.6316],[76.40401,11.63338],[76.42632,11.63296],[76.43029,11.6301],[76.43268,11.63149],[76.43508,11.63582],[76.44098,11.64028],[76.44353,11.64474],[76.43957,11.65227],[76.43932,11.65256],[76.43589,11.65649],[76.43585,11.65657],[76.43561,11.65696],[76.43331,11.66077],[76.43266,11.66352],[76.43182,11.66508],[76.43128,11.66608],[76.42987,11.66646],[76.42956,11.66654],[76.42847,11.66993],[76.42722,11.67006],[76.42652,11.67095],[76.42416,11.67121],[76.42082,11.67218],[76.41909,11.67083],[76.41621,11.67255],[76.41494,11.67493],[76.41546,11.67622],[76.41462,11.67704],[76.41442,11.67882],[76.41316,11.6802],[76.41403,11.68175],[76.41391,11.68182],[76.41333,11.68213],[76.41213,11.68277],[76.41217,11.68294],[76.41229,11.68359],[76.41261,11.68435],[76.41284,11.68536],[76.41263,11.68631],[76.41219,11.68635],[76.4115,11.68641],[76.41072,11.68701],[76.41117,11.68739],[76.41077,11.68789],[76.41036,11.6879],[76.40998,11.68772],[76.40969,11.68771],[76.40929,11.6877],[76.40871,11.68851],[76.40842,11.68964],[76.40909,11.68998],[76.40974,11.6903],[76.40972,11.69246],[76.41162,11.69525],[76.41146,11.69581],[76.41038,11.69954],[76.40918,11.7016],[76.40853,11.7027],[76.4096,11.7055],[76.40896,11.70586],[76.40757,11.70562],[76.40535,11.70523],[76.40394,11.70685],[76.40338,11.70748],[76.40349,11.70945],[76.40336,11.71141],[76.40598,11.71127],[76.40796,11.71464],[76.41076,11.71556],[76.41268,11.71488],[76.4126,11.71288],[76.41262,11.71157],[76.41334,11.71068],[76.41436,11.71151],[76.41717,11.71765],[76.42399,11.72006],[76.425,11.72271],[76.42681,11.72646],[76.42532,11.73062],[76.42228,11.73761],[76.41824,11.74093],[76.4221,11.74159],[76.42174,11.74413],[76.42113,11.74312],[76.42075,11.74306],[76.42034,11.74328],[76.41943,11.74407],[76.41844,11.74373],[76.41753,11.74237],[76.41601,11.74179],[76.41391,11.74009],[76.41337,11.73965],[76.41282,11.7395],[76.41188,11.74],[76.41045,11.74122],[76.41031,11.74205],[76.41194,11.74254],[76.41238,11.74429],[76.41232,11.74888],[76.4128,11.75291],[76.41464,11.75355],[76.41574,11.755],[76.41562,11.75633],[76.41469,11.75765],[76.41327,11.75842],[76.41258,11.75842],[76.41129,11.75913],[76.40977,11.75835],[76.40563,11.75663],[76.40082,11.75239],[76.39874,11.75165],[76.37999,11.74283],[76.36349,11.7464],[76.35412,11.73703],[76.34252,11.73748],[76.31777,11.75129],[76.30774,11.78297],[76.29123,11.79145],[76.27964,11.81018],[76.26077,11.80589],[76.25198,11.80215],[76.22662,11.80542],[76.21772,11.81574],[76.21382,11.82451],[76.21113,11.82743],[76.21014,11.83113],[76.21175,11.83859],[76.21214,11.84037],[76.21044,11.84541],[76.20844,11.85148],[76.20482,11.86247],[76.20258,11.86264],[76.20051,11.86644],[76.19902,11.86745],[76.19599,11.8693],[76.19115,11.87214],[76.19076,11.87237],[76.19011,11.87246],[76.18812,11.87263],[76.1855,11.87259],[76.18424,11.87244],[76.18152,11.87196],[76.1737,11.87204],[76.173,11.87192],[76.17269,11.87181],[76.17211,11.87161],[76.17037,11.87115],[76.16931,11.87048],[76.16871,11.86987],[76.16638,11.86884],[76.16479,11.8685],[76.16238,11.86991],[76.15944,11.87108],[76.15736,11.87129],[76.15528,11.87128],[76.15206,11.86959],[76.14991,11.86799],[76.14932,11.86755],[76.14902,11.86747],[76.14836,11.86751],[76.14788,11.86753],[76.14775,11.86769],[76.14699,11.86782],[76.14555,11.86773],[76.14463,11.86719],[76.14209,11.86432],[76.13965,11.86139],[76.1357,11.85878],[76.13448,11.85755],[76.13399,11.85678],[76.13304,11.85531],[76.13074,11.85406],[76.12852,11.85466],[76.12695,11.85507],[76.12535,11.85466],[76.12291,11.85416],[76.12191,11.85299],[76.12056,11.8514],[76.11958,11.85313],[76.11752,11.85554],[76.1155,11.8579],[76.11503,11.86262],[76.11501,11.86314],[76.11461,11.87272],[76.11317,11.90777],[76.11207,11.93421],[76.11192,11.9478],[76.11198,11.95825],[76.11157,11.97912],[76.09729,11.96965],[76.07903,11.96914],[76.07152,11.96414],[76.05517,11.95324],[76.03621,11.9406],[76.02807,11.94032],[76.01034,11.93971],[76.00455,11.93123],[76.00043,11.93169],[75.97426,11.93457],[75.97159,11.93581],[75.97108,11.93576],[75.97042,11.93617],[75.96471,11.93862],[75.96203,11.94003],[75.95722,11.94286],[75.95519,11.94284],[75.95367,11.94165],[75.94876,11.94201],[75.94474,11.94183],[75.9383,11.94166],[75.93849,11.94028],[75.93836,11.93931],[75.93719,11.93701],[75.93678,11.9354],[75.9366,11.93418],[75.93502,11.93473],[75.93246,11.93531],[75.93011,11.93555],[75.92796,11.9348],[75.92571,11.93265],[75.92531,11.93205],[75.92501,11.9308],[75.92517,11.92929],[75.92579,11.92734],[75.92606,11.92629],[75.92611,11.92541],[75.92597,11.9244],[75.92523,11.92258],[75.92503,11.92184],[75.92495,11.92087],[75.92528,11.92001],[75.92661,11.91943],[75.92745,11.91906],[75.92805,11.91876],[75.92901,11.91811],[75.92976,11.91748],[75.93074,11.91651],[75.9312,11.9158],[75.93156,11.91451],[75.93181,11.91395],[75.93229,11.91323],[75.93302,11.91307],[75.93406,11.91265],[75.93484,11.91232],[75.93552,11.91168],[75.93611,11.91039],[75.93657,11.90897],[75.93674,11.90783],[75.93706,11.9062],[75.93742,11.90482],[75.93763,11.9045],[75.93824,11.90383],[75.93803,11.90304],[75.93778,11.90261],[75.93697,11.90163],[75.93599,11.90022],[75.93541,11.89791],[75.93552,11.89415],[75.93571,11.89208],[75.93528,11.88984],[75.93442,11.8883],[75.93302,11.88586],[75.93201,11.8847],[75.93103,11.88397],[75.92915,11.88261],[75.92644,11.88192],[75.92528,11.88097],[75.92335,11.88064],[75.92146,11.8808],[75.91946,11.88048],[75.91854,11.87987],[75.91728,11.87867],[75.91668,11.87826],[75.91515,11.87752],[75.91378,11.87693],[75.91227,11.87614],[75.91173,11.87551],[75.91189,11.87431],[75.91234,11.87372],[75.91293,11.87338],[75.91376,11.8732],[75.91483,11.87271],[75.91625,11.87196],[75.91748,11.87127],[75.91874,11.87098],[75.92025,11.87041],[75.92053,11.87015],[75.9214,11.86943],[75.92194,11.86882],[75.92318,11.86704],[75.9243,11.86589],[75.9256,11.86462],[75.92637,11.86373],[75.92714,11.86321],[75.92788,11.86294],[75.92852,11.86234],[75.92886,11.86201],[75.92987,11.86052],[75.93039,11.85933],[75.93042,11.85863],[75.93011,11.85807],[75.92931,11.85786],[75.9288,11.85679],[75.92757,11.85412],[75.92719,11.85311],[75.92647,11.852],[75.92612,11.85033],[75.92625,11.84867],[75.92646,11.84783],[75.92691,11.84713],[75.92717,11.84627],[75.92753,11.84478],[75.92728,11.84327],[75.92685,11.84291],[75.92594,11.8431],[75.92566,11.84431],[75.92563,11.84497],[75.92548,11.84579],[75.92541,11.84696],[75.92379,11.8473],[75.9219,11.84707],[75.9207,11.84709],[75.91954,11.8469],[75.91774,11.84631],[75.91587,11.8457],[75.91317,11.84616],[75.91158,11.84595],[75.90967,11.84564],[75.90778,11.84503],[75.90626,11.84444],[75.90422,11.84385],[75.9004,11.84328],[75.89538,11.84312],[75.89375,11.8432],[75.8925,11.84331],[75.89132,11.84356],[75.8901,11.84459],[75.88991,11.84481],[75.88905,11.84581],[75.88772,11.84688],[75.88641,11.84755],[75.88461,11.84606],[75.88248,11.84557],[75.88122,11.84606],[75.8804,11.84667],[75.87946,11.84738],[75.87765,11.8478],[75.87737,11.84787],[75.87613,11.84818],[75.87278,11.84906],[75.86513,11.84979],[75.86463,11.84984],[75.86356,11.84984],[75.86208,11.85007],[75.86079,11.85055],[75.85937,11.85009],[75.85384,11.84994],[75.83515,11.85248],[75.83433,11.85253],[75.83287,11.8524],[75.83156,11.8525],[75.82897,11.85227],[75.82839,11.85232],[75.82631,11.8525],[75.82525,11.85278],[75.82392,11.85307],[75.82289,11.85358],[75.82182,11.85561],[75.82096,11.85719],[75.82036,11.85832],[75.8192,11.8587],[75.8185,11.85803],[75.81792,11.85725],[75.81742,11.85635],[75.81656,11.85624],[75.81481,11.85662],[75.81322,11.85712],[75.81137,11.8571],[75.80983,11.85702],[75.80856,11.85658],[75.80843,11.85656],[75.80691,11.85563],[75.80601,11.85477],[75.80545,11.85379],[75.80511,11.85227],[75.80565,11.85124],[75.80588,11.8508],[75.80554,11.84791],[75.80302,11.84591],[75.80062,11.84524],[75.79463,11.84564],[75.7924,11.84503],[75.79146,11.84364],[75.79011,11.84108],[75.79,11.83606],[75.79028,11.83518],[75.79099,11.83365],[75.79219,11.83245],[75.79311,11.83144],[75.7944,11.83056],[75.79558,11.83033],[75.7968,11.82942],[75.79779,11.82814],[75.79826,11.8272],[75.7983,11.82564],[75.79854,11.82396],[75.79848,11.82184],[75.7983,11.82025],[75.79657,11.81854],[75.7924,11.81539],[75.78852,11.81321],[75.78391,11.81191],[75.78144,11.81046],[75.78075,11.80806],[75.78037,11.8075],[75.7797,11.80664],[75.77891,11.80609],[75.77805,11.80552],[75.7765,11.80487],[75.77502,11.80437],[75.77316,11.80399],[75.7771,11.80143],[75.77858,11.80048],[75.78103,11.79907],[75.78186,11.79833],[75.78275,11.79754],[75.78837,11.79399],[75.79129,11.79246],[75.79367,11.7908],[75.79381,11.79047],[75.79446,11.78899],[75.79401,11.78563],[75.79401,11.78469],[75.7933,11.78296],[75.79257,11.77994],[75.79026,11.77685],[75.78876,11.77601],[75.78822,11.77511],[75.78845,11.77372],[75.78948,11.77273],[75.78963,11.77237],[75.78996,11.77152],[75.78858,11.76706],[75.78845,11.76559],[75.78816,11.76514],[75.78749,11.7641],[75.78597,11.76349],[75.7847,11.76307],[75.78395,11.76141],[75.78431,11.75967],[75.78584,11.75841],[75.78899,11.75776],[75.79296,11.75488],[75.79423,11.75376],[75.79584,11.75341],[75.79815,11.75303],[75.80017,11.75196],[75.80034,11.75114],[75.80011,11.74897],[75.79888,11.74792],[75.79772,11.74673],[75.79594,11.74593],[75.79407,11.74445],[75.79407,11.743],[75.79453,11.74276],[75.7953,11.74282],[75.79654,11.74282],[75.79749,11.74287],[75.79908,11.74297],[75.80168,11.74362],[75.80191,11.74368],[75.80294,11.74351],[75.80476,11.74286],[75.80652,11.74246],[75.80845,11.74211],[75.81099,11.74223],[75.81144,11.74049],[75.81187,11.73982],[75.81264,11.73984],[75.81399,11.73984],[75.81506,11.73931],[75.81614,11.73799],[75.81759,11.73612],[75.81953,11.73406],[75.82118,11.73391],[75.82225,11.73305],[75.82304,11.73112],[75.82384,11.72939],[75.82485,11.72776],[75.82581,11.72738],[75.82747,11.72696],[75.82772,11.72574],[75.82927,11.72513],[75.83062,11.72456],[75.83092,11.72324],[75.83156,11.72179],[75.83289,11.72007],[75.83549,11.71965],[75.83721,11.71967],[75.83873,11.71925],[75.841,11.71803],[75.84339,11.71584],[75.84536,11.7141],[75.846,11.71223],[75.84583,11.70988],[75.84592,11.70746],[75.8465,11.70622],[75.85051,11.70448],[75.85176,11.70366],[75.85392,11.70269],[75.85652,11.70233],[75.85856,11.70307],[75.8615,11.70414],[75.86274,11.70471],[75.86384,11.70462],[75.86493,11.70366],[75.86592,11.7028],[75.86619,11.70268],[75.86757,11.7021],[75.87002,11.70183],[75.87291,11.70177],[75.87353,11.70181],[75.87435,11.70256],[75.87517,11.70357],[75.87605,11.70429],[75.87735,11.70429],[75.87845,11.70343],[75.88019,11.70183],[75.88113,11.70071],[75.88216,11.69937],[75.8851,11.69925],[75.88632,11.6992],[75.88776,11.69916],[75.88925,11.69924],[75.88965,11.69927],[75.89077,11.6995],[75.8922,11.69954],[75.89381,11.69912],[75.89684,11.69872],[75.89836,11.69872],[75.89965,11.69887],[75.90062,11.69857],[75.90188,11.69748],[75.90345,11.69641],[75.9039,11.69611],[75.90469,11.69559],[75.9063,11.695],[75.90819,11.69445],[75.9104,11.69307],[75.91392,11.69136],[75.91476,11.68975],[75.91551,11.68895],[75.91529,11.68762],[75.91375,11.68617],[75.91023,11.68382],[75.90881,11.68355],[75.90737,11.68292],[75.90645,11.68168],[75.90574,11.68065],[75.90461,11.6797],[75.90338,11.67907],[75.90188,11.6775],[75.90139,11.67556],[75.90177,11.67413],[75.90252,11.67216],[75.90396,11.66943],[75.9042,11.66899],[75.90499,11.66491],[75.90538,11.66319],[75.90549,11.66062],[75.90422,11.65797],[75.90334,11.65701],[75.90347,11.65585],[75.90349,11.65444],[75.90349,11.65266],[75.90308,11.65085],[75.90068,11.64728],[75.90006,11.64593],[75.89928,11.64442],[75.89795,11.6433],[75.89765,11.6424],[75.898,11.64143],[75.89845,11.64009],[75.89948,11.63774],[75.90006,11.63583],[75.90002,11.63501],[75.89979,11.63292],[75.89965,11.63212],[75.8997,11.63091],[75.89969,11.62974],[75.89958,11.62871],[75.89851,11.62701],[75.89826,11.62638],[75.89799,11.6255],[75.89807,11.62422],[75.89811,11.62361],[75.89817,11.62312],[75.89827,11.6226],[75.89875,11.62201],[75.90003,11.62095],[75.90139,11.61988],[75.90184,11.6176],[75.90198,11.61639],[75.90223,11.61567],[75.90289,11.6152],[75.90449,11.61437],[75.90517,11.6137],[75.90588,11.61248],[75.90629,11.61102],[75.90634,11.60934],[75.90708,11.60784],[75.90756,11.60614],[75.90811,11.60349],[75.90857,11.60245],[75.90922,11.6017],[75.91021,11.60105],[75.91271,11.60069],[75.9136,11.60063],[75.9147,11.60037],[75.91559,11.59983],[75.9166,11.59902],[75.91721,11.59801],[75.91788,11.59635],[75.91823,11.59508],[75.91905,11.59435],[75.92123,11.59372],[75.92282,11.59234],[75.92384,11.59209],[75.92461,11.59246],[75.92614,11.59234],[75.9268,11.59218],[75.92725,11.59286],[75.92768,11.5919],[75.92838,11.5911],[75.92947,11.59011],[75.93065,11.58953],[75.93168,11.58969],[75.93281,11.59005],[75.93373,11.5903],[75.93437,11.59035],[75.93488,11.58999],[75.93497,11.58994],[75.93579,11.58971],[75.93635,11.58953],[75.93732,11.5896],[75.93794,11.58962],[75.93837,11.58939],[75.93877,11.58837],[75.93922,11.58718],[75.94,11.5852],[75.94025,11.58437],[75.94047,11.58371],[75.94463,11.58164],[75.94601,11.58118],[75.94656,11.58081],[75.9472,11.57998],[75.94742,11.57991],[75.94811,11.5803],[75.95028,11.5808],[75.95089,11.58104],[75.9519,11.58085],[75.95268,11.58031],[75.95317,11.57985],[75.95365,11.57932],[75.95385,11.57904],[75.95406,11.57882],[75.95459,11.57804],[75.95507,11.57744],[75.95531,11.57683],[75.95571,11.5763],[75.95641,11.57609],[75.95712,11.57579],[75.95775,11.57535],[75.95814,11.57482],[75.95824,11.57421],[75.95817,11.57367],[75.95811,11.57335],[75.95727,11.57235],[75.95782,11.57152],[75.95806,11.57091],[75.95816,11.5703],[75.95802,11.56938],[75.95757,11.5686],[75.95766,11.5683],[75.95828,11.56785],[75.95869,11.5674],[75.95892,11.56679],[75.95886,11.56586],[75.95912,11.56473],[75.95922,11.56381],[75.9593,11.56335],[75.95942,11.56151],[75.95905,11.56043],[75.95876,11.55982],[75.95876,11.55951],[75.96161,11.55811],[75.96429,11.5567],[75.96528,11.55601],[75.96608,11.55544],[75.96879,11.55276],[75.97126,11.55072],[75.97294,11.54826],[75.97378,11.54718],[75.97449,11.54634],[75.97502,11.54581],[75.97671,11.54416],[75.97694,11.54393],[75.97917,11.54215],[75.97986,11.5416],[75.98112,11.54059],[75.98522,11.54059],[75.9883,11.53901],[75.99046,11.5376],[75.99256,11.53643],[75.99454,11.53679],[75.99616,11.53582],[75.99768,11.53265],[75.99897,11.52996],[75.99927,11.52852],[75.99952,11.52734],[76.00287,11.52556],[76.00441,11.52382],[76.00706,11.5226],[76.0101,11.52248],[76.01095,11.52241],[76.01121,11.5224],[76.01241,11.52231],[76.01419,11.52135],[76.01462,11.51899],[76.01688,11.5178],[76.01822,11.51641],[76.01877,11.51472],[76.021,11.51421],[76.02355,11.51453],[76.02447,11.51457],[76.02542,11.51461],[76.02787,11.51419],[76.03013,11.51265],[76.03178,11.51205],[76.03398,11.51133],[76.03582,11.50968],[76.03742,11.50851],[76.03827,11.50656],[76.03863,11.50515]]]}}]}