date,latitude,longitude,location_id,district,warning_timestamp,flood_probability,landslide_probability,coupled_prob_ma,tcdl_triggered_rules,tcdl_n_rules,flood_only_warning,landslide_only_warning,flood,landslide
2023-05-03,10.08408,76.5463,10.08408_76.5463,Ernakulam,2023-05-03,0.5353092,0.117061675,0.4947555661201477,R1_FLOOD_LEVEL,1,1,0,0,0
2023-05-04,10.08408,76.5463,10.08408_76.5463,Ernakulam,2023-05-04,0.5585136,0.11828012,0.5485490163167318,R1_FLOOD_LEVEL,1,1,0,0,0
2023-05-05,10.08408,76.5463,10.08408_76.5463,Ernakulam,2023-05-05,0.585803,0.11971642,0.6119428277015686,R1_FLOOD_LEVEL|R4_RISING_FLOOD,2,1,0,0,0
2023-05-06,10.08408,76.5463,10.08408_76.5463,Ernakulam,2023-05-06,0.5737403,0.116269805,0.6231410900751749,R1_FLOOD_LEVEL|R4_RISING_FLOOD,2,1,0,0,0
2023-05-07,10.08408,76.5463,10.08408_76.5463,Ernakulam,2023-05-07,0.57566684,0.085599825,0.6235601107279459,R1_FLOOD_LEVEL|R4_RISING_FLOOD,2,1,0,0,0
2023-05-08,10.08408,76.5463,10.08408_76.5463,Ernakulam,2023-05-08,0.5203664,0.11852699,0.6041690309842428,R1_FLOOD_LEVEL,1,1,0,0,0
2023-05-09,10.08408,76.5463,10.08408_76.5463,Ernakulam,2023-05-09,0.5259724,0.116356306,0.5901113947232565,R1_FLOOD_LEVEL,1,1,0,0,0
2023-05-10,10.08408,76.5463,10.08408_76.5463,Ernakulam,2023-05-10,0.5466662,0.09845047,0.5832138657569885,R1_FLOOD_LEVEL,1,1,0,0,0
2023-05-11,10.08408,76.5463,10.08408_76.5463,Ernakulam,2023-05-11,0.5694437,0.11852699,0.597633977731069,R1_FLOOD_LEVEL,1,1,0,0,0
2023-05-12,10.08408,76.5463,10.08408_76.5463,Ernakulam,2023-05-12,0.5592086,0.085599825,0.6029045581817627,R1_FLOOD_LEVEL,1,1,0,0,0
2023-05-13,10.08408,76.5463,10.08408_76.5463,Ernakulam,2023-05-13,0.57566684,0.08064206,0.6091008186340332,R1_FLOOD_LEVEL,1,1,0,0,0
2023-05-14,10.08408,76.5463,10.08408_76.5463,Ernakulam,2023-05-14,0.5637461,0.07210096,0.6006755431493124,R1_FLOOD_LEVEL,1,1,0,0,0
2023-05-15,10.08408,76.5463,10.08408_76.5463,Ernakulam,2023-05-15,0.53419185,0.072706014,0.5910483996073405,R1_FLOOD_LEVEL,1,1,0,0,0
2023-05-16,10.08408,76.5463,10.08408_76.5463,Ernakulam,2023-05-16,0.5281397,0.07289778,0.5752655267715454,R1_FLOOD_LEVEL,1,1,0,0,0
2023-05-19,10.08408,76.5463,10.08408_76.5463,Ernakulam,2023-05-19,0.5007342,0.12292664,0.46397372086842853,R1_FLOOD_LEVEL,1,1,0,0,0
2023-05-21,10.08408,76.5463,10.08408_76.5463,Ernakulam,2023-05-21,0.5606327,0.13427795,0.5268810788790385,R1_FLOOD_LEVEL,1,1,0,0,0
2023-05-28,10.08408,76.5463,10.08408_76.5463,Ernakulam,2023-05-28,0.55821085,0.19761196,0.49462127685546875,R1_FLOOD_LEVEL,1,1,0,0,0
2023-05-29,10.08408,76.5463,10.08408_76.5463,Ernakulam,2023-05-29,0.5353916,0.16536324,0.5581880211830139,R1_FLOOD_LEVEL,1,1,0,0,0
2023-05-30,10.08408,76.5463,10.08408_76.5463,Ernakulam,2023-05-30,0.5401815,0.14970368,0.6222508152325948,R1_FLOOD_LEVEL|R4_RISING_FLOOD|R5_RISING_LANDSLIDE|R7_JOINT_MODERATE,4,1,0,0,0
2023-05-31,10.08408,76.5463,10.08408_76.5463,Ernakulam,2023-05-31,0.56733376,0.32827827,0.643535832564036,R1_FLOOD_LEVEL|R4_RISING_FLOOD|R5_RISING_LANDSLIDE|R7_JOINT_MODERATE,4,1,0,0,0
2023-06-01,10.08408,76.5463,10.08408_76.5463,Ernakulam,2023-06-01,0.5635666,0.1700787,0.6520604491233826,R1_FLOOD_LEVEL|R4_RISING_FLOOD|R7_JOINT_MODERATE,3,1,0,0,0
2023-06-02,10.08408,76.5463,10.08408_76.5463,Ernakulam,2023-06-02,0.5729514,0.2082665,0.669684886932373,R1_FLOOD_LEVEL|R7_JOINT_MODERATE,2,1,0,0,0
2023-06-03,10.08408,76.5463,10.08408_76.5463,Ernakulam,2023-06-03,0.5729514,0.36375213,0.6759923895200094,R1_FLOOD_LEVEL|R7_JOINT_MODERATE,2,1,0,0,0
2023-06-04,10.08408,76.5463,10.08408_76.5463,Ernakulam,2023-06-04,0.5729514,0.17587765,0.6794140736262003,R1_FLOOD_LEVEL|R7_JOINT_MODERATE,2,1,0,0,0
2023-06-05,10.08408,76.5463,10.08408_76.5463,Ernakulam,2023-06-05,0.56049275,0.1516801,0.667836050192515,R1_FLOOD_LEVEL|R7_JOINT_MODERATE,2,1,0,0,0
2023-06-06,10.08408,76.5463,10.08408_76.5463,Ernakulam,2023-06-06,0.5523965,0.11613206,0.6265315214792887,R1_FLOOD_LEVEL,1,1,0,0,0
2023-06-07,10.08408,76.5463,10.08408_76.5463,Ernakulam,2023-06-07,0.56534773,0.42856973,0.6610538164774576,R1_FLOOD_LEVEL|R7_JOINT_MODERATE,2,1,0,0,0
2023-06-08,10.08408,76.5463,10.08408_76.5463,Ernakulam,2023-06-08,0.5550912,0.13459031,0.6569919387499491,R1_FLOOD_LEVEL|R7_JOINT_MODERATE,2,1,0,0,0
2023-06-09,10.08408,76.5463,10.08408_76.5463,Ernakulam,2023-06-09,0.56534773,0.14931193,0.665614902973175,R1_FLOOD_LEVEL|R5_RISING_LANDSLIDE|R6_ENV_PRECURSOR|R7_JOINT_MODERATE,4,1,0,0,0
2023-06-10,10.08408,76.5463,10.08408_76.5463,Ernakulam,2023-06-10,0.54263735,0.09771895,0.6108494997024536,R1_FLOOD_LEVEL,1,1,0,0,0
2023-06-11,10.08408,76.5463,10.08408_76.5463,Ernakulam,2023-06-11,0.50844216,0.09771895,0.5913511912027994,R1_FLOOD_LEVEL,1,1,0,0,0
2023-06-12,10.08408,76.5463,10.08408_76.5463,Ernakulam,2023-06-12,0.54497623,0.2744828,0.6045598189036051,R1_FLOOD_LEVEL,1,1,0,0,0
2023-06-13,10.08408,76.5463,10.08408_76.5463,Ernakulam,2023-06-13,0.56534773,0.1056807,0.6125437418619791,R1_FLOOD_LEVEL,1,1,0,0,0
2023-06-14,10.08408,76.5463,10.08408_76.5463,Ernakulam,2023-06-14,0.51884186,0.12779854,0.6204958955446879,R1_FLOOD_LEVEL|R6_ENV_PRECURSOR|R7_JOINT_MODERATE,3,1,0,0,0
2023-06-15,10.08408,76.5463,10.08408_76.5463,Ernakulam,2023-06-15,0.56534773,0.5041011,0.6586905717849731,R1_FLOOD_LEVEL|R2_LANDSLIDE_LEVEL|R5_RISING_LANDSLIDE|R7_JOINT_MODERATE,4,1,1,0,0
2023-06-16,10.08408,76.5463,10.08408_76.5463,Ernakulam,2023-06-16,0.5550912,0.15271707,0.6626086632410685,R1_FLOOD_LEVEL|R5_RISING_LANDSLIDE|R7_JOINT_MODERATE,3,1,0,0,0
2023-06-17,10.08408,76.5463,10.08408_76.5463,Ernakulam,2023-06-17,0.56534773,0.5659719,0.7396138310432434,R1_FLOOD_LEVEL|R2_LANDSLIDE_LEVEL|R5_RISING_LANDSLIDE|R7_JOINT_MODERATE,4,1,1,0,0
2023-06-18,10.08408,76.5463,10.08408_76.5463,Ernakulam,2023-06-18,0.54697585,0.1168026,0.6780917644500732,R1_FLOOD_LEVEL|R7_JOINT_MODERATE,2,1,0,0,0
2023-06-19,10.08408,76.5463,10.08408_76.5463,Ernakulam,2023-06-19,0.56586546,0.12910216,0.677717367808024,R1_FLOOD_LEVEL|R7_JOINT_MODERATE,2,1,0,0,0
2023-06-20,10.08408,76.5463,10.08408_76.5463,Ernakulam,2023-06-20,0.5827398,0.5739225,0.681339422861735,R1_FLOOD_LEVEL|R2_LANDSLIDE_LEVEL|R7_JOINT_MODERATE,3,1,1,0,0
2023-06-21,10.08408,76.5463,10.08408_76.5463,Ernakulam,2023-06-21,0.5827398,0.5739225,0.7554476261138916,R1_FLOOD_LEVEL|R2_LANDSLIDE_LEVEL|R5_RISING_LANDSLIDE|R6_ENV_PRECURSOR|R7_JOINT_MODERATE,5,1,1,0,0
2023-06-22,10.08408,76.5463,10.08408_76.5463,Ernakulam,2023-06-22,0.5827398,0.35380355,0.7915991942087809,R1_FLOOD_LEVEL|R3_SUSTAINED_JOINT|R5_RISING_LANDSLIDE|R7_JOINT_MODERATE,4,1,0,0,0
2023-06-23,10.08408,76.5463,10.08408_76.5463,Ernakulam,2023-06-23,0.5827398,0.26160645,0.748160163561503,R1_FLOOD_LEVEL|R3_SUSTAINED_JOINT|R5_RISING_LANDSLIDE|R7_JOINT_MODERATE,4,1,0,0,0
2023-06-24,10.08408,76.5463,10.08408_76.5463,Ernakulam,2023-06-24,0.5747424,0.123964086,0.6832415660222372,R1_FLOOD_LEVEL|R7_JOINT_MODERATE,2,1,0,0,0
2023-06-25,10.08408,76.5463,10.08408_76.5463,Ernakulam,2023-06-25,0.5747424,0.11926807,0.6482729514439901,R1_FLOOD_LEVEL|R7_JOINT_MODERATE,2,1,0,0,0
2023-06-26,10.08408,76.5463,10.08408_76.5463,Ernakulam,2023-06-26,0.5747424,0.12627435,0.6271208723386129,R1_FLOOD_LEVEL,1,1,0,0,0
2023-06-27,10.08408,76.5463,10.08408_76.5463,Ernakulam,2023-06-27,0.5747424,0.09693582,0.6232895453770956,R1_FLOOD_LEVEL,1,1,0,0,0
2023-06-28,10.08408,76.5463,10.08408_76.5463,Ernakulam,2023-06-28,0.52471197,0.075082004,0.6016013622283936,R1_FLOOD_LEVEL,1,1,0,1,0
2023-06-29,10.08408,76.5463,10.08408_76.5463,Ernakulam,2023-06-29,0.53656936,0.48391747,0.6457313696543375,R1_FLOOD_LEVEL|R5_RISING_LANDSLIDE|R6_ENV_PRECURSOR|R7_JOINT_MODERATE,4,1,0,0,0
2023-06-30,10.08408,76.5463,10.08408_76.5463,Ernakulam,2023-06-30,0.53656936,0.1250936,0.6385901967684428,R1_FLOOD_LEVEL|R5_RISING_LANDSLIDE|R6_ENV_PRECURSOR,3,1,0,0,0
2023-07-01,10.08408,76.5463,10.08408_76.5463,Ernakulam,2023-07-01,0.53656936,0.11380149,0.6482271750768026,R1_FLOOD_LEVEL|R5_RISING_LANDSLIDE|R7_JOINT_MODERATE,3,1,0,0,0
2023-07-02,10.08408,76.5463,10.08408_76.5463,Ernakulam,2023-07-02,0.5747424,0.36600187,0.6380791465441386,R1_FLOOD_LEVEL|R7_JOINT_MODERATE,2,1,0,0,0
2023-07-03,10.08408,76.5463,10.08408_76.5463,Ernakulam,2023-07-03,0.5832521,0.28589755,0.6740317145983378,R1_FLOOD_LEVEL|R7_JOINT_MODERATE,2,1,0,0,0
2023-07-04,10.08408,76.5463,10.08408_76.5463,Ernakulam,2023-07-04,0.6498652,0.7431194,0.7809479633967081,R1_FLOOD_LEVEL|R2_LANDSLIDE_LEVEL|R4_RISING_FLOOD|R5_RISING_LANDSLIDE|R7_JOINT_MODERATE,5,1,1,0,0
2023-07-05,10.08408,76.5463,10.08408_76.5463,Ernakulam,2023-07-05,0.651268,0.61023265,0.8255107005437216,R1_FLOOD_LEVEL|R2_LANDSLIDE_LEVEL|R3_SUSTAINED_JOINT|R4_RISING_FLOOD|R5_RISING_LANDSLIDE|R7_JOINT_MODERATE,6,1,1,0,0
2023-07-06,10.08408,76.5463,10.08408_76.5463,Ernakulam,2023-07-06,0.6607933,0.641166,0.8841379880905151,R1_FLOOD_LEVEL|R2_LANDSLIDE_LEVEL|R3_SUSTAINED_JOINT|R4_RISING_FLOOD|R5_RISING_LANDSLIDE|R7_JOINT_MODERATE,6,1,1,0,0
2023-07-07,10.08408,76.5463,10.08408_76.5463,Ernakulam,2023-07-07,0.6575667,0.45061833,0.8514100710550944,R1_FLOOD_LEVEL|R3_SUSTAINED_JOINT|R4_RISING_FLOOD|R5_RISING_LANDSLIDE|R7_JOINT_MODERATE,5,1,0,0,0
2023-07-08,10.08408,76.5463,10.08408_76.5463,Ernakulam,2023-07-08,0.6607933,0.19469509,0.8056632479031881,R1_FLOOD_LEVEL|R3_SUSTAINED_JOINT|R7_JOINT_MODERATE,3,1,0,0,0
2023-07-09,10.08408,76.5463,10.08408_76.5463,Ernakulam,2023-07-09,0.6498652,0.101571515,0.741379181543986,R1_FLOOD_LEVEL|R3_SUSTAINED_JOINT|R7_JOINT_MODERATE,3,1,0,0,0
2023-07-10,10.08408,76.5463,10.08408_76.5463,Ernakulam,2023-07-10,0.6114226,0.8000576,0.7781903346379598,R1_FLOOD_LEVEL|R2_LANDSLIDE_LEVEL|R3_SUSTAINED_JOINT|R7_JOINT_MODERATE,4,1,1,0,0
2023-07-11,10.08408,76.5463,10.08408_76.5463,Ernakulam,2023-07-11,0.59519285,0.49360257,0.8009141683578491,R1_FLOOD_LEVEL|R3_SUSTAINED_JOINT|R7_JOINT_MODERATE,3,1,0,0,0
2023-07-12,10.08408,76.5463,10.08408_76.5463,Ernakulam,2023-07-12,0.5827398,0.17322002,0.7907770673433939,R1_FLOOD_LEVEL|R3_SUSTAINED_JOINT|R5_RISING_LANDSLIDE|R7_JOINT_MODERATE,4,1,0,0,0
2023-07-13,10.08408,76.5463,10.08408_76.5463,Ernakulam,2023-07-13,0.5861106,0.31779402,0.7225554982821146,R1_FLOOD_LEVEL|R3_SUSTAINED_JOINT|R7_JOINT_MODERATE,3,1,0,0,0
2023-07-14,10.08408,76.5463,10.08408_76.5463,Ernakulam,2023-07-14,0.5832521,0.12396886,0.6691918770472208,R1_FLOOD_LEVEL|R7_JOINT_MODERATE,2,1,0,0,0
2023-07-15,10.08408,76.5463,10.08408_76.5463,Ernakulam,2023-07-15,0.5747424,0.1134837,0.6585200627644857,R1_FLOOD_LEVEL|R7_JOINT_MODERATE,2,1,0,0,0
2023-07-16,10.08408,76.5463,10.08408_76.5463,Ernakulam,2023-07-16,0.5747424,0.13873914,0.630553404490153,R1_FLOOD_LEVEL,1,1,0,0,0
2023-07-17,10.08408,76.5463,10.08408_76.5463,Ernakulam,2023-07-17,0.52911264,0.1021575,0.6113205750783285,R1_FLOOD_LEVEL,1,1,0,0,0
2023-07-18,10.08408,76.5463,10.08408_76.5463,Ernakulam,2023-07-18,0.54587716,0.08616248,0.5986550251642863,R1_FLOOD_LEVEL,1,1,0,0,0
2023-07-19,10.08408,76.5463,10.08408_76.5463,Ernakulam,2023-07-19,0.51905006,0.1015524,0.5767048398653666,R1_FLOOD_LEVEL,1,1,0,0,0
2023-07-23,10.08408,76.5463,10.08408_76.5463,Ernakulam,2023-07-23,0.57527,0.16882512,0.5737002889315287,R1_FLOOD_LEVEL,1,1,0,0,0
2023-07-24,10.08408,76.5463,10.08408_76.5463,Ernakulam,2023-07-24,0.62413025,0.45300466,0.6495925386746725,R1_FLOOD_LEVEL|R4_RISING_FLOOD|R5_RISING_LANDSLIDE|R7_JOINT_MODERATE,4,1,0,0,0
2023-07-25,10.08408,76.5463,10.08408_76.5463,Ernakulam,2023-07-25,0.62413025,0.14886783,0.7071537574132284,R1_FLOOD_LEVEL|R4_RISING_FLOOD|R5_RISING_LANDSLIDE|R6_ENV_PRECURSOR|R7_JOINT_MODERATE,5,1,0,0,0
2023-07-26,10.08408,76.5463,10.08408_76.5463,Ernakulam,2023-07-26,0.62413025,0.27390933,0.7338568965593973,R1_FLOOD_LEVEL|R3_SUSTAINED_JOINT|R4_RISING_FLOOD|R5_RISING_LANDSLIDE|R6_ENV_PRECURSOR|R7_JOINT_MODERATE,6,1,0,0,0
2023-07-27,10.08408,76.5463,10.08408_76.5463,Ernakulam,2023-07-27,0.60041475,0.1255764,0.6859209736188253,R1_FLOOD_LEVEL|R4_RISING_FLOOD|R7_JOINT_MODERATE,3,1,0,0,0
2023-07-28,10.08408,76.5463,10.08408_76.5463,Ernakulam,2023-07-28,0.57527,0.11770115,0.6676463087399801,R1_FLOOD_LEVEL|R7_JOINT_MODERATE,2,1,0,0,0
2023-07-30,10.08408,76.5463,10.08408_76.5463,Ernakulam,2023-07-30,0.5214318,0.11699008,0.576572060585022,R1_FLOOD_LEVEL,1,1,0,0,0
2023-09-01,10.08408,76.5463,10.08408_76.5463,Ernakulam,2023-09-01,0.51482713,0.09442247,0.47681641578674316,R1_FLOOD_LEVEL,1,1,0,0,0
2023-09-02,10.08408,76.5463,10.08408_76.5463,Ernakulam,2023-09-02,0.52243114,0.08836797,0.5213143030802408,R1_FLOOD_LEVEL,1,1,0,0,0
2023-09-03,10.08408,76.5463,10.08408_76.5463,Ernakulam,2023-09-03,0.52243114,0.08925459,0.5634425083796183,R1_FLOOD_LEVEL|R4_RISING_FLOOD,2,1,0,0,0
2023-09-04,10.08408,76.5463,10.08408_76.5463,Ernakulam,2023-09-04,0.52243114,0.10776011,0.5678610801696777,R1_FLOOD_LEVEL|R4_RISING_FLOOD,2,1,0,0,0
2023-09-23,10.08408,76.5463,10.08408_76.5463,Ernakulam,2023-09-23,0.5052563,0.14064232,0.532388707002004,R1_FLOOD_LEVEL,1,1,0,0,0
2023-09-29,10.08408,76.5463,10.08408_76.5463,Ernakulam,2023-09-29,0.51222426,0.10855874,0.5129766861597697,R1_FLOOD_LEVEL,1,1,0,0,0
2023-09-30,10.08408,76.5463,10.08408_76.5463,Ernakulam,2023-09-30,0.5446503,0.09186477,0.5485875606536865,R1_FLOOD_LEVEL,1,1,0,0,0
2023-10-01,10.08408,76.5463,10.08408_76.5463,Ernakulam,2023-10-01,0.62413025,0.13548557,0.608904222647349,R1_FLOOD_LEVEL|R4_RISING_FLOOD,2,1,0,0,0
2023-10-02,10.08408,76.5463,10.08408_76.5463,Ernakulam,2023-10-02,0.5762524,0.09291136,0.6257198055585226,R1_FLOOD_LEVEL|R4_RISING_FLOOD,2,1,0,0,0
2023-10-03,10.08408,76.5463,10.08408_76.5463,Ernakulam,2023-10-03,0.4727407,0.08073683,0.6019961436589559,R4_RISING_FLOOD,1,0,0,0,0
2023-10-14,10.08408,76.5463,10.08408_76.5463,Ernakulam,2023-10-14,0.49348584,0.24138273,0.5765504439671835,R5_RISING_LANDSLIDE,1,0,0,1,0
2023-11-04,10.08408,76.5463,10.08408_76.5463,Ernakulam,2023-11-04,0.4880197,0.24930534,0.5668363571166992,R5_RISING_LANDSLIDE,1,0,0,0,0
2023-11-05,10.08408,76.5463,10.08408_76.5463,Ernakulam,2023-11-05,0.638568,0.1205147,0.6303788224856058,R1_FLOOD_LEVEL|R4_RISING_FLOOD|R5_RISING_LANDSLIDE|R7_JOINT_MODERATE,4,1,0,1,0
2023-11-06,10.08408,76.5463,10.08408_76.5463,Ernakulam,2023-11-06,0.5623525,0.13650654,0.6399597525596619,R1_FLOOD_LEVEL|R4_RISING_FLOOD|R7_JOINT_MODERATE,3,1,0,0,0
2023-11-07,10.08408,76.5463,10.08408_76.5463,Ernakulam,2023-11-07,0.49309713,0.10940989,0.617592473824819,R4_RISING_FLOOD,1,0,0,0,0
2024-05-12,10.08408,76.5463,10.08408_76.5463,Ernakulam,2024-05-12,0.5170263,0.117061675,0.48160262902577716,R1_FLOOD_LEVEL,1,1,0,0,0
2024-05-13,10.08408,76.5463,10.08408_76.5463,Ernakulam,2024-05-13,0.501243,0.11768411,0.5229752461115519,R1_FLOOD_LEVEL,1,1,0,0,0
2024-05-14,10.08408,76.5463,10.08408_76.5463,Ernakulam,2024-05-14,0.5462942,0.099456824,0.5749737421671549,R1_FLOOD_LEVEL|R4_RISING_FLOOD,2,1,0,0,0
2024-05-15,10.08408,76.5463,10.08408_76.5463,Ernakulam,2024-05-15,0.5462942,0.099456824,0.580925186475118,R1_FLOOD_LEVEL|R4_RISING_FLOOD,2,1,0,0,0
2024-05-16,10.08408,76.5463,10.08408_76.5463,Ernakulam,2024-05-16,0.5320235,0.099456824,0.587134579817454,R1_FLOOD_LEVEL|R4_RISING_FLOOD,2,1,0,0,0
2024-05-17,10.08408,76.5463,10.08408_76.5463,Ernakulam,2024-05-17,0.5592644,0.099456824,0.5910279949506124,R1_FLOOD_LEVEL,1,1,0,0,0
2024-05-18,10.08408,76.5463,10.08408_76.5463,Ernakulam,2024-05-18,0.5320235,0.10051288,0.5869089166323344,R1_FLOOD_LEVEL,1,1,0,0,0
2024-05-19,10.08408,76.5463,10.08408_76.5463,Ernakulam,2024-05-19,0.5320235,0.10249837,0.5873833497365316,R1_FLOOD_LEVEL,1,1,0,1,0
2024-05-20,10.08408,76.5463,10.08408_76.5463,Ernakulam,2024-05-20,0.5589888,0.31440902,0.618899385134379,R1_FLOOD_LEVEL|R5_RISING_LANDSLIDE|R7_JOINT_MODERATE,3,1,0,1,0
2024-05-21,10.08408,76.5463,10.08408_76.5463,Ernakulam,2024-05-21,0.54642797,0.21323204,0.6402603387832642,R1_FLOOD_LEVEL|R5_RISING_LANDSLIDE|R6_ENV_PRECURSOR|R7_JOINT_MODERATE,4,1,0,1,0
2024-05-22,10.08408,76.5463,10.08408_76.5463,Ernakulam,2024-05-22,0.54642797,0.43115577,0.6942596435546875,R1_FLOOD_LEVEL|R5_RISING_LANDSLIDE|R6_ENV_PRECURSOR|R7_JOINT_MODERATE,4,1,0,1,0
2024-05-23,10.08408,76.5463,10.08408_76.5463,Ernakulam,2024-05-23,0.56548935,0.77181756,0.7619948387145996,R1_FLOOD_LEVEL|R2_LANDSLIDE_LEVEL|R3_SUSTAINED_JOINT|R5_RISING_LANDSLIDE|R6_ENV_PRECURSOR|R7_JOINT_MODERATE,6,1,1,0,0
2024-05-24,10.08408,76.5463,10.08408_76.5463,Ernakulam,2024-05-24,0.56100965,0.58426327,0.8201120297114054,R1_FLOOD_LEVEL|R2_LANDSLIDE_LEVEL|R3_SUSTAINED_JOINT|R5_RISING_LANDSLIDE|R6_ENV_PRECURSOR|R7_JOINT_MODERATE,6,1,1,0,0
2024-05-25,10.08408,76.5463,10.08408_76.5463,Ernakulam,2024-05-25,0.59519285,0.41964233,0.8278050025304159,R1_FLOOD_LEVEL|R3_SUSTAINED_JOINT|R5_RISING_LANDSLIDE|R7_JOINT_MODERATE,4,1,0,0,0
2024-05-26,10.08408,76.5463,10.08408_76.5463,Ernakulam,2024-05-26,0.56049067,0.39300486,0.77192755540212,R1_FLOOD_LEVEL|R3_SUSTAINED_JOINT|R7_JOINT_MODERATE,3,1,0,0,0
2024-05-27,10.08408,76.5463,10.08408_76.5463,Ernakulam,2024-05-27,0.5523944,0.15387465,0.7065188884735107,R1_FLOOD_LEVEL|R3_SUSTAINED_JOINT|R7_JOINT_MODERATE,3,1,0,0,0
2024-05-28,10.08408,76.5463,10.08408_76.5463,Ernakulam,2024-05-28,0.5523944,0.4049466,0.696046769618988,R1_FLOOD_LEVEL|R3_SUSTAINED_JOINT|R7_JOINT_MODERATE,3,1,0,1,0
2024-05-29,10.08408,76.5463,10.08408_76.5463,Ernakulam,2024-05-29,0.56100965,0.12559626,0.6570218404134115,R1_FLOOD_LEVEL|R7_JOINT_MODERATE,2,1,0,0,0
2024-05-30,10.08408,76.5463,10.08408_76.5463,Ernakulam,2024-05-30,0.5827398,0.10321971,0.6585350632667542,R1_FLOOD_LEVEL|R7_JOINT_MODERATE,2,1,0,0,0
2024-05-31,10.08408,76.5463,10.08408_76.5463,Ernakulam,2024-05-31,0.5747424,0.15353623,0.6273297468821207,R1_FLOOD_LEVEL,1,1,0,0,0
2024-06-01,10.08408,76.5463,10.08408_76.5463,Ernakulam,2024-06-01,0.5832521,0.3874597,0.6701897184054056,R1_FLOOD_LEVEL|R7_JOINT_MODERATE,2,1,0,0,0
2024-06-02,10.08408,76.5463,10.08408_76.5463,Ernakulam,2024-06-02,0.5832521,0.14020972,0.67548135916392,R1_FLOOD_LEVEL|R7_JOINT_MODERATE,2,1,0,0,0
2024-06-03,10.08408,76.5463,10.08408_76.5463,Ernakulam,2024-06-03,0.5876715,0.10455024,0.6723966201146444,R1_FLOOD_LEVEL|R5_RISING_LANDSLIDE|R7_JOINT_MODERATE,3,1,0,0,0
2024-06-04,10.08408,76.5463,10.08408_76.5463,Ernakulam,2024-06-04,0.5609989,0.11211016,0.6275600592295328,R1_FLOOD_LEVEL,1,1,0,0,0
2024-06-05,10.08408,76.5463,10.08408_76.5463,Ernakulam,2024-06-05,0.5747424,0.18115479,0.6309252778689066,R1_FLOOD_LEVEL,1,1,0,0,0
2024-06-06,10.08408,76.5463,10.08408_76.5463,Ernakulam,2024-06-06,0.5827398,0.4755189,0.6810500621795654,R1_FLOOD_LEVEL|R7_JOINT_MODERATE,2,1,0,0,0
2024-06-07,10.08408,76.5463,10.08408_76.5463,Ernakulam,2024-06-07,0.5827398,0.50937486,0.7427388032277426,R1_FLOOD_LEVEL|R2_LANDSLIDE_LEVEL|R5_RISING_LANDSLIDE|R7_JOINT_MODERATE,4,1,1,0,0
2024-06-08,10.08408,76.5463,10.08408_76.5463,Ernakulam,2024-06-08,0.5832521,0.29670084,0.7611127098401388,R1_FLOOD_LEVEL|R3_SUSTAINED_JOINT|R5_RISING_LANDSLIDE|R7_JOINT_MODERATE,4,1,0,0,0
2024-06-09,10.08408,76.5463,10.08408_76.5463,Ernakulam,2024-06-09,0.5861106,0.11032638,0.7113189101219177,R1_FLOOD_LEVEL|R3_SUSTAINED_JOINT|R7_JOINT_MODERATE,3,1,0,0,0
2024-06-10,10.08408,76.5463,10.08408_76.5463,Ernakulam,2024-06-10,0.5747424,0.09712114,0.6515729824701945,R1_FLOOD_LEVEL|R7_JOINT_MODERATE,2,1,0,0,0
2024-06-11,10.08408,76.5463,10.08408_76.5463,Ernakulam,2024-06-11,0.5747424,0.09613474,0.6211472749710083,R1_FLOOD_LEVEL,1,1,0,0,0
2024-06-12,10.08408,76.5463,10.08408_76.5463,Ernakulam,2024-06-12,0.5747424,0.10260806,0.6166818340619405,R1_FLOOD_LEVEL,1,1,0,0,0
2024-06-13,10.08408,76.5463,10.08408_76.5463,Ernakulam,2024-06-13,0.51905006,0.14543484,0.6076661944389343,R1_FLOOD_LEVEL,1,1,0,0,0
2024-06-14,10.08408,76.5463,10.08408_76.5463,Ernakulam,2024-06-14,0.51905006,0.09330786,0.5904335379600525,R1_FLOOD_LEVEL,1,1,0,0,0
2024-06-15,10.08408,76.5463,10.08408_76.5463,Ernakulam,2024-06-15,0.50017005,0.08062452,0.5644639929135641,R1_FLOOD_LEVEL,1,1,0,0,0
2024-06-17,10.08408,76.5463,10.08408_76.5463,Ernakulam,2024-06-17,0.50949484,0.2291428,0.5582559108734131,R1_FLOOD_LEVEL,1,1,0,0,0
2024-06-18,10.08408,76.5463,10.08408_76.5463,Ernakulam,2024-06-18,0.5690609,0.3740471,0.6215172012646993,R1_FLOOD_LEVEL|R5_RISING_LANDSLIDE,2,1,0,0,0
2024-06-19,10.08408,76.5463,10.08408_76.5463,Ernakulam,2024-06-19,0.5690609,0.19595744,0.6685498754183451,R1_FLOOD_LEVEL|R4_RISING_FLOOD|R5_RISING_LANDSLIDE|R7_JOINT_MODERATE,4,1,0,0,0
2024-06-20,10.08408,76.5463,10.08408_76.5463,Ernakulam,2024-06-20,0.52929586,0.14558648,0.6605277061462402,R1_FLOOD_LEVEL|R4_RISING_FLOOD|R5_RISING_LANDSLIDE|R7_JOINT_MODERATE,4,1,0,0,0
2024-06-21,10.08408,76.5463,10.08408_76.5463,Ernakulam,2024-06-21,0.5211159,0.14131981,0.613374133904775,R1_FLOOD_LEVEL,1,1,0,0,0
2024-06-23,10.08408,76.5463,10.08408_76.5463,Ernakulam,2024-06-23,0.57527,0.38930693,0.621836801369985,R1_FLOOD_LEVEL,1,1,0,0,0
2024-06-24,10.08408,76.5463,10.08408_76.5463,Ernakulam,2024-06-24,0.57527,0.12308574,0.6347556312878927,R1_FLOOD_LEVEL|R7_JOINT_MODERATE,2,1,0,0,0
2024-06-25,10.08408,76.5463,10.08408_76.5463,Ernakulam,2024-06-25,0.6073153,0.8516995,0.7699777285257975,R1_FLOOD_LEVEL|R2_LANDSLIDE_LEVEL|R4_RISING_FLOOD|R5_RISING_LANDSLIDE|R7_JOINT_MODERATE,5,1,1,0,0
2024-06-26,10.08408,76.5463,10.08408_76.5463,Ernakulam,2024-06-26,0.66637814,0.8497785,0.8397318919499716,R1_FLOOD_LEVEL|R2_LANDSLIDE_LEVEL|R3_SUSTAINED_JOINT|R4_RISING_FLOOD|R5_RISING_LANDSLIDE|R7_JOINT_MODERATE,6,1,1,0,0
2024-06-27,10.08408,76.5463,10.08408_76.5463,Ernakulam,2024-06-27,0.66491294,0.8321683,0.9451364080111185,R1_FLOOD_LEVEL|R2_LANDSLIDE_LEVEL|R3_SUSTAINED_JOINT|R4_RISING_FLOOD|R5_RISING_LANDSLIDE|R7_JOINT_MODERATE,6,1,1,0,0
2024-06-28,10.08408,76.5463,10.08408_76.5463,Ernakulam,2024-06-28,0.6531185,0.25004303,0.8778327902158102,R1_FLOOD_LEVEL|R3_SUSTAINED_JOINT|R4_RISING_FLOOD|R5_RISING_LANDSLIDE|R7_JOINT_MODERATE,5,1,0,0,0
2024-06-29,10.08408,76.5463,10.08408_76.5463,Ernakulam,2024-06-29,0.6114226,0.1302711,0.7818861802419027,R1_FLOOD_LEVEL|R3_SUSTAINED_JOINT|R7_JOINT_MODERATE,3,1,0,0,0
2024-06-30,10.08408,76.5463,10.08408_76.5463,Ernakulam,2024-06-30,0.6114226,0.6475344,0.754978875319163,R1_FLOOD_LEVEL|R2_LANDSLIDE_LEVEL|R3_SUSTAINED_JOINT|R7_JOINT_MODERATE,4,1,1,0,0
2024-07-01,10.08408,76.5463,10.08408_76.5463,Ernakulam,2024-07-01,0.6114226,0.8380767,0.8207210302352905,R1_FLOOD_LEVEL|R2_LANDSLIDE_LEVEL|R3_SUSTAINED_JOINT|R7_JOINT_MODERATE,4,1,1,0,0
2024-07-02,10.08408,76.5463,10.08408_76.5463,Ernakulam,2024-07-02,0.59519285,0.31394297,0.8407997687657675,R1_FLOOD_LEVEL|R3_SUSTAINED_JOINT|R5_RISING_LANDSLIDE|R7_JOINT_MODERATE,4,1,0,0,0
2024-07-03,10.08408,76.5463,10.08408_76.5463,Ernakulam,2024-07-03,0.59519285,0.10377834,0.7655208508173624,R1_FLOOD_LEVEL|R3_SUSTAINED_JOINT|R5_RISING_LANDSLIDE|R7_JOINT_MODERATE,4,1,0,0,0
2024-07-04,10.08408,76.5463,10.08408_76.5463,Ernakulam,2024-07-04,0.59519285,0.09712114,0.6646634737650553,R1_FLOOD_LEVEL|R7_JOINT_MODERATE,2,1,0,0,0
2024-07-05,10.08408,76.5463,10.08408_76.5463,Ernakulam,2024-07-05,0.59519285,0.16445553,0.6444922884305319,R1_FLOOD_LEVEL,1,1,0,0,0
2024-07-06,10.08408,76.5463,10.08408_76.5463,Ernakulam,2024-07-06,0.59519285,0.113822065,0.6458475391070048,R1_FLOOD_LEVEL,1,1,0,0,0
2024-07-07,10.08408,76.5463,10.08408_76.5463,Ernakulam,2024-07-07,0.57403624,0.106259644,0.6407778263092041,R1_FLOOD_LEVEL,1,1,0,0,0
2024-07-08,10.08408,76.5463,10.08408_76.5463,Ernakulam,2024-07-08,0.57403624,0.08720651,0.6239169637362162,R1_FLOOD_LEVEL,1,1,0,0,0
2024-07-09,10.08408,76.5463,10.08408_76.5463,Ernakulam,2024-07-09,0.59519285,0.08616248,0.6201846798261007,R1_FLOOD_LEVEL,1,1,0,0,0
2024-07-10,10.08408,76.5463,10.08408_76.5463,Ernakulam,2024-07-10,0.5695777,0.37083316,0.6568158666292826,R1_FLOOD_LEVEL|R7_JOINT_MODERATE,2,1,0,0,0
2024-07-11,10.08408,76.5463,10.08408_76.5463,Ernakulam,2024-07-11,0.5690609,0.12779854,0.6611329515775045,R1_FLOOD_LEVEL|R5_RISING_LANDSLIDE|R7_JOINT_MODERATE,3,1,0,0,0
2024-07-12,10.08408,76.5463,10.08408_76.5463,Ernakulam,2024-07-12,0.5832521,0.7705781,0.7525719205538431,R1_FLOOD_LEVEL|R2_LANDSLIDE_LEVEL|R5_RISING_LANDSLIDE|R7_JOINT_MODERATE,4,1,1,0,0
2024-07-13,10.08408,76.5463,10.08408_76.5463,Ernakulam,2024-07-13,0.59519285,0.14159961,0.7270121971766154,R1_FLOOD_LEVEL|R3_SUSTAINED_JOINT|R5_RISING_LANDSLIDE|R7_JOINT_MODERATE,4,1,0,0,0
2024-07-14,10.08408,76.5463,10.08408_76.5463,Ernakulam,2024-07-14,0.59519285,0.64674306,0.8046337763468424,R1_FLOOD_LEVEL|R2_LANDSLIDE_LEVEL|R3_SUSTAINED_JOINT|R5_RISING_LANDSLIDE|R7_JOINT_MODERATE,5,1,1,0,0
2024-07-15,10.08408,76.5463,10.08408_76.5463,Ernakulam,2024-07-15,0.6498652,0.84817624,0.8187845547993978,R1_FLOOD_LEVEL|R2_LANDSLIDE_LEVEL|R3_SUSTAINED_JOINT|R5_RISING_LANDSLIDE|R7_JOINT_MODERATE,5,1,1,0,0
2024-07-16,10.08408,76.5463,10.08408_76.5463,Ernakulam,2024-07-16,0.66608256,0.82858324,0.9155337413152059,R1_FLOOD_LEVEL|R2_LANDSLIDE_LEVEL|R3_SUSTAINED_JOINT|R4_RISING_FLOOD|R5_RISING_LANDSLIDE|R7_JOINT_MODERATE,6,1,1,0,0
2024-07-17,10.08408,76.5463,10.08408_76.5463,Ernakulam,2024-07-17,0.6628153,0.78676486,0.939234177271525,R1_FLOOD_LEVEL|R2_LANDSLIDE_LEVEL|R3_SUSTAINED_JOINT|R4_RISING_FLOOD|R5_RISING_LANDSLIDE|R7_JOINT_MODERATE,6,1,1,0,0
2024-07-18,10.08408,76.5463,10.08408_76.5463,Ernakulam,2024-07-18,0.66608256,0.54602885,0.9064241250356039,R1_FLOOD_LEVEL|R2_LANDSLIDE_LEVEL|R3_SUSTAINED_JOINT|R4_RISING_FLOOD|R5_RISING_LANDSLIDE|R7_JOINT_MODERATE,6,1,1,0,0
2024-07-19,10.08408,76.5463,10.08408_76.5463,Ernakulam,2024-07-19,0.65867543,0.34929165,0.8514695564905802,R1_FLOOD_LEVEL|R3_SUSTAINED_JOINT|R7_JOINT_MODERATE,3,1,0,0,0
2024-07-20,10.08408,76.5463,10.08408_76.5463,Ernakulam,2024-07-20,0.6531185,0.23040354,0.7864498496055603,R1_FLOOD_LEVEL|R3_SUSTAINED_JOINT|R7_JOINT_MODERATE,3,1,0,0,0
2024-07-21,10.08408,76.5463,10.08408_76.5463,Ernakulam,2024-07-21,0.6531185,0.09390561,0.7322103579839071,R1_FLOOD_LEVEL|R3_SUSTAINED_JOINT|R7_JOINT_MODERATE,3,1,0,0,0
2024-07-22,10.08408,76.5463,10.08408_76.5463,Ernakulam,2024-07-22,0.59519285,0.72390187,0.768989106019338,R1_FLOOD_LEVEL|R2_LANDSLIDE_LEVEL|R3_SUSTAINED_JOINT|R7_JOINT_MODERATE,4,1,1,0,0
2024-07-23,10.08408,76.5463,10.08408_76.5463,Ernakulam,2024-07-23,0.59519285,0.16509467,0.7453168233235677,R1_FLOOD_LEVEL|R3_SUSTAINED_JOINT|R7_JOINT_MODERATE,3,1,0,0,0
2024-07-24,10.08408,76.5463,10.08408_76.5463,Ernakulam,2024-07-24,0.59519285,0.17079546,0.7381966312726339,R1_FLOOD_LEVEL|R3_SUSTAINED_JOINT|R5_RISING_LANDSLIDE|R7_JOINT_MODERATE,4,1,0,0,0
2024-07-25,10.08408,76.5463,10.08408_76.5463,Ernakulam,2024-07-25,0.59519285,0.14830312,0.6605278253555298,R1_FLOOD_LEVEL,1,1,0,0,0
2024-07-26,10.08408,76.5463,10.08408_76.5463,Ernakulam,2024-07-26,0.6114226,0.10321971,0.65703018506368,R1_FLOOD_LEVEL,1,1,0,0,0
2024-07-27,10.08408,76.5463,10.08408_76.5463,Ernakulam,2024-07-27,0.6114226,0.114011675,0.6541611552238464,R1_FLOOD_LEVEL,1,1,0,0,0
2024-07-28,10.08408,76.5463,10.08408_76.5463,Ernakulam,2024-07-28,0.59519285,0.25960022,0.669179101785024,R1_FLOOD_LEVEL,1,1,0,0,0
2024-07-29,10.08408,76.5463,10.08408_76.5463,Ernakulam,2024-07-29,0.6421816,0.50275004,0.7260268727938334,R1_FLOOD_LEVEL|R2_LANDSLIDE_LEVEL|R5_RISING_LANDSLIDE|R7_JOINT_MODERATE,4,1,1,0,0
2024-07-30,10.08408,76.5463,10.08408_76.5463,Ernakulam,2024-07-30,0.67163104,0.7826128,0.8169908126195272,R1_FLOOD_LEVEL|R2_LANDSLIDE_LEVEL|R3_SUSTAINED_JOINT|R5_RISING_LANDSLIDE|R7_JOINT_MODERATE,5,1,1,0,0
2024-07-31,10.08408,76.5463,10.08408_76.5463,Ernakulam,2024-07-31,0.6628153,0.41450578,0.8510906100273132,R1_FLOOD_LEVEL|R3_SUSTAINED_JOINT|R4_RISING_FLOOD|R5_RISING_LANDSLIDE|R7_JOINT_MODERATE,5,1,0,0,0
2024-08-01,10.08408,76.5463,10.08408_76.5463,Ernakulam,2024-08-01,0.65867543,0.16448699,0.815338651339213,R1_FLOOD_LEVEL|R3_SUSTAINED_JOINT|R5_RISING_LANDSLIDE|R7_JOINT_MODERATE,4,1,0,0,0
2024-08-02,10.08408,76.5463,10.08408_76.5463,Ernakulam,2024-08-02,0.64104843,0.10395858,0.7319212357203165,R1_FLOOD_LEVEL|R3_SUSTAINED_JOINT|R7_JOINT_MODERATE,3,1,0,0,0
2024-08-03,10.08408,76.5463,10.08408_76.5463,Ernakulam,2024-08-03,0.6498652,0.09693582,0.6923297444979349,R1_FLOOD_LEVEL|R3_SUSTAINED_JOINT,2,1,0,0,0
2024-08-04,10.08408,76.5463,10.08408_76.5463,Ernakulam,2024-08-04,0.6498652,0.10395858,0.6828116973241171,R1_FLOOD_LEVEL,1,1,0,0,0
2024-08-05,10.08408,76.5463,10.08408_76.5463,Ernakulam,2024-08-05,0.6435238,0.3965336,0.718316396077474,R1_FLOOD_LEVEL|R7_JOINT_MODERATE,2,1,0,0,0
2024-08-06,10.08408,76.5463,10.08408_76.5463,Ernakulam,2024-08-06,0.6317389,0.2241728,0.7284787893295288,R1_FLOOD_LEVEL|R3_SUSTAINED_JOINT|R5_RISING_LANDSLIDE|R7_JOINT_MODERATE,4,1,0,0,0
2024-08-07,10.08408,76.5463,10.08408_76.5463,Ernakulam,2024-08-07,0.59519285,0.20916998,0.726345976193746,R1_FLOOD_LEVEL|R3_SUSTAINED_JOINT|R5_RISING_LANDSLIDE|R7_JOINT_MODERATE,4,1,0,0,0
2024-08-08,10.08408,76.5463,10.08408_76.5463,Ernakulam,2024-08-08,0.59519285,0.13690089,0.68159019947052,R1_FLOOD_LEVEL|R7_JOINT_MODERATE,2,1,0,0,0
2024-08-09,10.08408,76.5463,10.08408_76.5463,Ernakulam,2024-08-09,0.59519285,0.11744616,0.6577378312746683,R1_FLOOD_LEVEL,1,1,0,0,0
2024-08-10,10.08408,76.5463,10.08408_76.5463,Ernakulam,2024-08-10,0.59519285,0.14605702,0.6492216388384501,R1_FLOOD_LEVEL,1,1,0,0,0
2024-08-11,10.08408,76.5463,10.08408_76.5463,Ernakulam,2024-08-11,0.5861106,0.39970028,0.6828653216362,R1_FLOOD_LEVEL|R7_JOINT_MODERATE,2,1,0,0,0
2024-08-12,10.08408,76.5463,10.08408_76.5463,Ernakulam,2024-08-12,0.59519285,0.5412115,0.7400464018185934,R1_FLOOD_LEVEL|R2_LANDSLIDE_LEVEL|R5_RISING_LANDSLIDE|R7_JOINT_MODERATE,4,1,1,0,0
2024-08-13,10.08408,76.5463,10.08408_76.5463,Ernakulam,2024-08-13,0.64656264,0.51698965,0.7983691891034445,R1_FLOOD_LEVEL|R2_LANDSLIDE_LEVEL|R3_SUSTAINED_JOINT|R5_RISING_LANDSLIDE|R7_JOINT_MODERATE,5,1,1,0,0
2024-08-14,10.08408,76.5463,10.08408_76.5463,Ernakulam,2024-08-14,0.6283631,0.38345787,0.8048118154207865,R1_FLOOD_LEVEL|R3_SUSTAINED_JOINT|R5_RISING_LANDSLIDE|R7_JOINT_MODERATE,4,1,0,0,0
2024-08-15,10.08408,76.5463,10.08408_76.5463,Ernakulam,2024-08-15,0.6073153,0.19536193,0.7613957524299622,R1_FLOOD_LEVEL|R3_SUSTAINED_JOINT|R7_JOINT_MODERATE,3,1,0,0,0
2024-08-16,10.08408,76.5463,10.08408_76.5463,Ernakulam,2024-08-16,0.59519285,0.32402635,0.727087398370107,R1_FLOOD_LEVEL|R3_SUSTAINED_JOINT|R7_JOINT_MODERATE,3,1,0,0,0
2024-08-17,10.08408,76.5463,10.08408_76.5463,Ernakulam,2024-08-17,0.6498652,0.32053852,0.7241629560788473,R1_FLOOD_LEVEL|R3_SUSTAINED_JOINT|R7_JOINT_MODERATE,3,1,0,0,0
2024-08-18,10.08408,76.5463,10.08408_76.5463,Ernakulam,2024-08-18,0.6114226,0.26536137,0.7343313296635946,R1_FLOOD_LEVEL|R3_SUSTAINED_JOINT|R7_JOINT_MODERATE,3,1,0,0,0
2024-08-19,10.08408,76.5463,10.08408_76.5463,Ernakulam,2024-08-19,0.59519285,0.43525743,0.7493403752644857,R1_FLOOD_LEVEL|R3_SUSTAINED_JOINT|R7_JOINT_MODERATE,3,1,0,0,0
2024-08-20,10.08408,76.5463,10.08408_76.5463,Ernakulam,2024-08-20,0.59519285,0.11550067,0.7092908620834351,R1_FLOOD_LEVEL|R3_SUSTAINED_JOINT|R7_JOINT_MODERATE,3,1,0,0,0
2024-08-21,10.08408,76.5463,10.08408_76.5463,Ernakulam,2024-08-21,0.6192783,0.16294199,0.6982167959213257,R1_FLOOD_LEVEL|R3_SUSTAINED_JOINT|R7_JOINT_MODERATE,3,1,0,0,0
2024-08-22,10.08408,76.5463,10.08408_76.5463,Ernakulam,2024-08-22,0.59519285,0.13835073,0.6581534743309021,R1_FLOOD_LEVEL,1,1,0,1,0
2024-08-23,10.08408,76.5463,10.08408_76.5463,Ernakulam,2024-08-23,0.5516801,0.10373812,0.6435666680335999,R1_FLOOD_LEVEL,1,1,0,0,0
2024-08-24,10.08408,76.5463,10.08408_76.5463,Ernakulam,2024-08-24,0.53059995,0.1335015,0.614217221736908,R1_FLOOD_LEVEL,1,1,0,0,0
2024-08-25,10.08408,76.5463,10.08408_76.5463,Ernakulam,2024-08-25,0.57527,0.10499546,0.6037727197011312,R1_FLOOD_LEVEL,1,1,0,0,0
2024-08-30,10.08408,76.5463,10.08408_76.5463,Ernakulam,2024-08-30,0.62413025,0.30420008,0.5999971429506937,R1_FLOOD_LEVEL|R5_RISING_LANDSLIDE,2,1,0,0,0
2024-08-31,10.08408,76.5463,10.08408_76.5463,Ernakulam,2024-08-31,0.62413025,0.27076355,0.6732038656870524,R1_FLOOD_LEVEL|R4_RISING_FLOOD|R5_RISING_LANDSLIDE|R7_JOINT_MODERATE,4,1,0,0,0
2024-09-01,10.08408,76.5463,10.08408_76.5463,Ernakulam,2024-09-01,0.592426,0.16525643,0.7080507278442383,R1_FLOOD_LEVEL|R4_RISING_FLOOD|R5_RISING_LANDSLIDE|R7_JOINT_MODERATE,4,1,0,0,0
2024-09-02,10.08408,76.5463,10.08408_76.5463,Ernakulam,2024-09-02,0.553779,0.13331254,0.6663160721460978,R1_FLOOD_LEVEL|R4_RISING_FLOOD|R7_JOINT_MODERATE,3,1,0,0,0
2024-09-03,10.08408,76.5463,10.08408_76.5463,Ernakulam,2024-09-03,0.5301622,0.11894308,0.6196974515914917,R1_FLOOD_LEVEL,1,1,0,0,0
2024-10-12,10.08408,76.5463,10.08408_76.5463,Ernakulam,2024-10-12,0.52708864,0.2426866,0.5695677598317465,R1_FLOOD_LEVEL,1,1,0,0,0
2024-10-21,10.08408,76.5463,10.08408_76.5463,Ernakulam,2024-10-21,0.5477412,0.09785882,0.5396580100059509,R1_FLOOD_LEVEL,1,1,0,0,0
2024-10-24,10.08408,76.5463,10.08408_76.5463,Ernakulam,2024-10-24,0.5477412,0.13139713,0.542360266049703,R1_FLOOD_LEVEL,1,1,0,0,0
2023-05-06,10.47192,76.31575,10.47192_76.31575,Thrissur,2023-05-06,0.5606327,0.073662825,0.480962872505188,R1_FLOOD_LEVEL,1,1,0,0,0
2023-05-07,10.47192,76.31575,10.47192_76.31575,Thrissur,2023-05-07,0.5503535,0.07476152,0.528492252031962,R1_FLOOD_LEVEL,1,1,0,0,0
2023-05-08,10.47192,76.31575,10.47192_76.31575,Thrissur,2023-05-08,0.5606327,0.11631546,0.5962351560592651,R1_FLOOD_LEVEL|R4_RISING_FLOOD,2,1,0,0,0
2023-05-09,10.47192,76.31575,10.47192_76.31575,Thrissur,2023-05-09,0.54578847,0.07201702,0.5914023915926615,R1_FLOOD_LEVEL|R4_RISING_FLOOD,2,1,0,0,0
2023-05-10,10.47192,76.31575,10.47192_76.31575,Thrissur,2023-05-10,0.533311,0.072706014,0.5858264962832133,R1_FLOOD_LEVEL|R4_RISING_FLOOD,2,1,0,0,0
2023-05-11,10.47192,76.31575,10.47192_76.31575,Thrissur,2023-05-11,0.585803,0.087193176,0.589219888051351,R1_FLOOD_LEVEL,1,1,0,0,0
2023-05-12,10.47192,76.31575,10.47192_76.31575,Thrissur,2023-05-12,0.57239866,0.072706014,0.5975493590037028,R1_FLOOD_LEVEL,1,1,0,0,0
2023-05-30,10.47192,76.31575,10.47192_76.31575,Thrissur,2023-05-30,0.53602713,0.11718419,0.48005038499832153,R1_FLOOD_LEVEL,1,1,0,0,0
2023-05-31,10.47192,76.31575,10.47192_76.31575,Thrissur,2023-05-31,0.5737403,0.08930697,0.540017286936442,R1_FLOOD_LEVEL,1,1,0,0,0
2023-06-01,10.47192,76.31575,10.47192_76.31575,Thrissur,2023-06-01,0.58046234,0.096432835,0.6077084143956503,R1_FLOOD_LEVEL|R4_RISING_FLOOD,2,1,0,0,0
2023-06-02,10.47192,76.31575,10.47192_76.31575,Thrissur,2023-06-02,0.57596785,0.09026606,0.6156571308771769,R1_FLOOD_LEVEL|R4_RISING_FLOOD,2,1,0,0,0
2023-06-03,10.47192,76.31575,10.47192_76.31575,Thrissur,2023-06-03,0.57596785,0.082015775,0.6153027613957723,R1_FLOOD_LEVEL|R4_RISING_FLOOD,2,1,0,0,0
2023-06-04,10.47192,76.31575,10.47192_76.31575,Thrissur,2023-06-04,0.57596785,0.095357366,0.6137970685958862,R1_FLOOD_LEVEL,1,1,0,0,0
2023-06-05,10.47192,76.31575,10.47192_76.31575,Thrissur,2023-06-05,0.5614566,0.097007744,0.6103821198145548,R1_FLOOD_LEVEL,1,1,0,0,0
2023-06-06,10.47192,76.31575,10.47192_76.31575,Thrissur,2023-06-06,0.5614566,0.07210096,0.6044923861821493,R1_FLOOD_LEVEL,1,1,0,0,0
2023-06-07,10.47192,76.31575,10.47192_76.31575,Thrissur,2023-06-07,0.57221925,0.10818585,0.6051912506421407,R1_FLOOD_LEVEL,1,1,0,0,0
2023-06-08,10.47192,76.31575,10.47192_76.31575,Thrissur,2023-06-08,0.59380823,0.10420687,0.6159037351608276,R1_FLOOD_LEVEL,1,1,0,0,0
2023-06-09,10.47192,76.31575,10.47192_76.31575,Thrissur,2023-06-09,0.59380823,0.09606809,0.629155158996582,R1_FLOOD_LEVEL|R6_ENV_PRECURSOR,2,1,0,0,0
2023-06-10,10.47192,76.31575,10.47192_76.31575,Thrissur,2023-06-10,0.56209,0.1145712,0.6270761092503866,R1_FLOOD_LEVEL,1,1,0,0,0
2023-06-11,10.47192,76.31575,10.47192_76.31575,Thrissur,2023-06-11,0.5590138,0.099903665,0.6160540183385214,R1_FLOOD_LEVEL,1,1,0,0,0
2023-06-12,10.47192,76.31575,10.47192_76.31575,Thrissur,2023-06-12,0.56586546,0.21379697,0.6246713002522787,R1_FLOOD_LEVEL,1,1,0,0,0
2023-06-13,10.47192,76.31575,10.47192_76.31575,Thrissur,2023-06-13,0.567602,0.122383565,0.6274241407712301,R1_FLOOD_LEVEL,1,1,0,0,0
2023-06-14,10.47192,76.31575,10.47192_76.31575,Thrissur,2023-06-14,0.5815561,0.10427887,0.6347978313763937,R1_FLOOD_LEVEL,1,1,0,0,0
2023-06-15,10.47192,76.31575,10.47192_76.31575,Thrissur,2023-06-15,0.5815561,0.07640807,0.6197466651598612,R1_FLOOD_LEVEL,1,1,0,0,0
2023-06-16,10.47192,76.31575,10.47192_76.31575,Thrissur,2023-06-16,0.5815561,0.07715531,0.617520272731781,R1_FLOOD_LEVEL,1,1,0,0,0
2023-06-17,10.47192,76.31575,10.47192_76.31575,Thrissur,2023-06-17,0.57221925,0.0846784,0.6119376222292582,R1_FLOOD_LEVEL,1,1,0,0,0
2023-06-18,10.47192,76.31575,10.47192_76.31575,Thrissur,2023-06-18,0.57221925,0.07699243,0.6091464559237162,R1_FLOOD_LEVEL,1,1,0,0,0
2023-06-19,10.47192,76.31575,10.47192_76.31575,Thrissur,2023-06-19,0.5443554,0.076447636,0.5975954929987589,R1_FLOOD_LEVEL,1,1,0,0,0
2023-06-20,10.47192,76.31575,10.47192_76.31575,Thrissur,2023-06-20,0.6084978,0.28287828,0.6345295707384745,R1_FLOOD_LEVEL|R6_ENV_PRECURSOR,2,1,0,0,0
2023-06-21,10.47192,76.31575,10.47192_76.31575,Thrissur,2023-06-21,0.6084978,0.28228015,0.6724815567334493,R1_FLOOD_LEVEL|R5_RISING_LANDSLIDE|R6_ENV_PRECURSOR|R7_JOINT_MODERATE,4,1,0,0,0
2023-06-22,10.47192,76.31575,10.47192_76.31575,Thrissur,2023-06-22,0.6084978,0.16062514,0.7032130757967631,R1_FLOOD_LEVEL|R5_RISING_LANDSLIDE|R6_ENV_PRECURSOR|R7_JOINT_MODERATE,4,1,0,0,0
2023-06-23,10.47192,76.31575,10.47192_76.31575,Thrissur,2023-06-23,0.6084978,0.09488877,0.6786803007125854,R1_FLOOD_LEVEL|R7_JOINT_MODERATE,2,1,0,0,0
2023-06-24,10.47192,76.31575,10.47192_76.31575,Thrissur,2023-06-24,0.6084978,0.08246505,0.6526043017705282,R1_FLOOD_LEVEL,1,1,0,0,0
2023-06-25,10.47192,76.31575,10.47192_76.31575,Thrissur,2023-06-25,0.6084978,0.09537769,0.6440894603729248,R1_FLOOD_LEVEL,1,1,0,0,0
2023-06-26,10.47192,76.31575,10.47192_76.31575,Thrissur,2023-06-26,0.6084978,0.09708062,0.6443755030632019,R1_FLOOD_LEVEL,1,1,0,0,0
2023-06-27,10.47192,76.31575,10.47192_76.31575,Thrissur,2023-06-27,0.62047595,0.08974909,0.6489604512850443,R1_FLOOD_LEVEL,1,1,0,0,0
2023-06-28,10.47192,76.31575,10.47192_76.31575,Thrissur,2023-06-28,0.62047595,0.07512371,0.6500100493431091,R1_FLOOD_LEVEL,1,1,0,0,0
2023-06-29,10.47192,76.31575,10.47192_76.31575,Thrissur,2023-06-29,0.6084978,0.07512371,0.6471446752548218,R1_FLOOD_LEVEL,1,1,0,0,0
2023-06-30,10.47192,76.31575,10.47192_76.31575,Thrissur,2023-06-30,0.6084978,0.07512371,0.6416016817092896,R1_FLOOD_LEVEL,1,1,0,0,0
2023-07-01,10.47192,76.31575,10.47192_76.31575,Thrissur,2023-07-01,0.5935225,0.075703286,0.6333706776301066,R1_FLOOD_LEVEL,1,1,0,0,0
2023-07-02,10.47192,76.31575,10.47192_76.31575,Thrissur,2023-07-02,0.6148539,0.08914621,0.6371304392814636,R1_FLOOD_LEVEL,1,1,0,0,0
2023-07-03,10.47192,76.31575,10.47192_76.31575,Thrissur,2023-07-03,0.6215782,0.07436131,0.64106684923172,R1_FLOOD_LEVEL,1,1,0,0,0
2023-07-04,10.47192,76.31575,10.47192_76.31575,Thrissur,2023-07-04,0.62848496,0.2682936,0.6756888230641683,R1_FLOOD_LEVEL|R5_RISING_LANDSLIDE|R6_ENV_PRECURSOR,3,1,0,0,0
2023-07-05,10.47192,76.31575,10.47192_76.31575,Thrissur,2023-07-05,0.6453359,0.26676098,0.7059415777524313,R1_FLOOD_LEVEL|R5_RISING_LANDSLIDE|R6_ENV_PRECURSOR|R7_JOINT_MODERATE,4,1,0,0,0
2023-07-06,10.47192,76.31575,10.47192_76.31575,Thrissur,2023-07-06,0.65894175,0.38686737,0.7529975374539694,R1_FLOOD_LEVEL|R3_SUSTAINED_JOINT|R5_RISING_LANDSLIDE|R6_ENV_PRECURSOR|R7_JOINT_MODERATE,5,1,0,0,0
2023-07-07,10.47192,76.31575,10.47192_76.31575,Thrissur,2023-07-07,0.6565354,0.33261287,0.767202893892924,R1_FLOOD_LEVEL|R3_SUSTAINED_JOINT|R5_RISING_LANDSLIDE|R7_JOINT_MODERATE,4,1,0,0,0
2023-07-08,10.47192,76.31575,10.47192_76.31575,Thrissur,2023-07-08,0.6565354,0.12806073,0.7540606260299683,R1_FLOOD_LEVEL|R3_SUSTAINED_JOINT|R5_RISING_LANDSLIDE|R7_JOINT_MODERATE,4,1,0,0,0
2023-07-09,10.47192,76.31575,10.47192_76.31575,Thrissur,2023-07-09,0.63991964,0.1018315,0.7159609993298849,R1_FLOOD_LEVEL|R3_SUSTAINED_JOINT|R7_JOINT_MODERATE,3,1,0,0,0
2023-07-10,10.47192,76.31575,10.47192_76.31575,Thrissur,2023-07-10,0.63991964,0.3939267,0.7196239233016968,R1_FLOOD_LEVEL|R3_SUSTAINED_JOINT|R7_JOINT_MODERATE,3,1,0,0,0
2023-07-11,10.47192,76.31575,10.47192_76.31575,Thrissur,2023-07-11,0.6215782,0.1296576,0.7096651792526245,R1_FLOOD_LEVEL|R3_SUSTAINED_JOINT|R7_JOINT_MODERATE,3,1,0,0,0
2023-07-12,10.47192,76.31575,10.47192_76.31575,Thrissur,2023-07-12,0.6114226,0.096274436,0.7004136840502421,R1_FLOOD_LEVEL|R3_SUSTAINED_JOINT|R7_JOINT_MODERATE,3,1,0,0,0
2023-07-13,10.47192,76.31575,10.47192_76.31575,Thrissur,2023-07-13,0.59519285,0.10092798,0.6518417795499166,R1_FLOOD_LEVEL,1,1,0,0,0
2023-07-14,10.47192,76.31575,10.47192_76.31575,Thrissur,2023-07-14,0.6114226,0.085248776,0.6431434154510498,R1_FLOOD_LEVEL,1,1,0,0,0
2023-07-15,10.47192,76.31575,10.47192_76.31575,Thrissur,2023-07-15,0.6114226,0.085248776,0.6417153080304464,R1_FLOOD_LEVEL,1,1,0,0,0
2023-07-16,10.47192,76.31575,10.47192_76.31575,Thrissur,2023-07-16,0.6114226,0.07600846,0.6433514952659607,R1_FLOOD_LEVEL,1,1,0,0,0
2023-07-17,10.47192,76.31575,10.47192_76.31575,Thrissur,2023-07-17,0.59519285,0.08441658,0.6382904648780823,R1_FLOOD_LEVEL,1,1,0,0,0
2023-07-18,10.47192,76.31575,10.47192_76.31575,Thrissur,2023-07-18,0.59519285,0.07212124,0.6315703590710958,R1_FLOOD_LEVEL,1,1,0,0,0
2023-07-19,10.47192,76.31575,10.47192_76.31575,Thrissur,2023-07-19,0.57527,0.07961038,0.620945413907369,R1_FLOOD_LEVEL,1,1,0,0,0
2023-07-20,10.47192,76.31575,10.47192_76.31575,Thrissur,2023-07-20,0.5474477,0.12814221,0.6129698952039083,R1_FLOOD_LEVEL,1,1,0,0,0
2023-07-22,10.47192,76.31575,10.47192_76.31575,Thrissur,2023-07-22,0.57527,0.08819666,0.5860656301180521,R1_FLOOD_LEVEL,1,1,0,0,0
2023-07-23,10.47192,76.31575,10.47192_76.31575,Thrissur,2023-07-23,0.5958625,0.43376198,0.6413067181905111,R1_FLOOD_LEVEL|R5_RISING_LANDSLIDE|R7_JOINT_MODERATE,3,1,0,1,0
2023-07-24,10.47192,76.31575,10.47192_76.31575,Thrissur,2023-07-24,0.6072887,0.39566484,0.7155208388964335,R1_FLOOD_LEVEL|R4_RISING_FLOOD|R5_RISING_LANDSLIDE|R7_JOINT_MODERATE,4,1,0,0,0
2023-07-25,10.47192,76.31575,10.47192_76.31575,Thrissur,2023-07-25,0.613888,0.19578478,0.7411052187283834,R1_FLOOD_LEVEL|R3_SUSTAINED_JOINT|R4_RISING_FLOOD|R5_RISING_LANDSLIDE|R7_JOINT_MODERATE,5,1,0,0,0
2023-07-26,10.47192,76.31575,10.47192_76.31575,Thrissur,2023-07-26,0.6453359,0.15799302,0.7178413470586141,R1_FLOOD_LEVEL|R3_SUSTAINED_JOINT|R4_RISING_FLOOD|R7_JOINT_MODERATE,4,1,0,0,0
2023-07-27,10.47192,76.31575,10.47192_76.31575,Thrissur,2023-07-27,0.613888,0.077662185,0.6782425244649252,R1_FLOOD_LEVEL,1,1,0,0,0
2023-07-28,10.47192,76.31575,10.47192_76.31575,Thrissur,2023-07-28,0.592426,0.07764347,0.6564387083053589,R1_FLOOD_LEVEL,1,1,0,0,0
2023-07-29,10.47192,76.31575,10.47192_76.31575,Thrissur,2023-07-29,0.57527,0.07764347,0.6253977616628011,R1_FLOOD_LEVEL,1,1,0,0,0
2023-07-30,10.47192,76.31575,10.47192_76.31575,Thrissur,2023-07-30,0.56065774,0.07764347,0.6090295910835266,R1_FLOOD_LEVEL,1,1,0,0,0
2023-07-31,10.47192,76.31575,10.47192_76.31575,Thrissur,2023-07-31,0.5648775,0.07541854,0.6002370317776998,R1_FLOOD_LEVEL,1,1,0,0,0
2023-08-01,10.47192,76.31575,10.47192_76.31575,Thrissur,2023-08-01,0.5648775,0.07993429,0.5973741014798483,R1_FLOOD_LEVEL,1,1,0,0,0
2023-08-02,10.47192,76.31575,10.47192_76.31575,Thrissur,2023-08-02,0.53265584,0.07993429,0.5891217390696207,R1_FLOOD_LEVEL,1,1,0,0,0
2023-08-03,10.47192,76.31575,10.47192_76.31575,Thrissur,2023-08-03,0.50474286,0.075660124,0.5706284840901693,R1_FLOOD_LEVEL,1,1,0,0,0
2023-09-05,10.47192,76.31575,10.47192_76.31575,Thrissur,2023-09-05,0.503699,0.07460327,0.5354051987330118,R1_FLOOD_LEVEL,1,1,0,0,0
2023-09-06,10.47192,76.31575,10.47192_76.31575,Thrissur,2023-09-06,0.5015293,0.074749425,0.5371814171473185,R1_FLOOD_LEVEL,1,1,0,0,0
2023-09-07,10.47192,76.31575,10.47192_76.31575,Thrissur,2023-09-07,0.50598514,0.07289778,0.540503998597463,R1_FLOOD_LEVEL,1,1,0,0,0
2023-09-29,10.47192,76.31575,10.47192_76.31575,Thrissur,2023-09-29,0.6111059,0.10756743,0.5424002806345621,R1_FLOOD_LEVEL,1,1,0,0,0
2023-09-30,10.47192,76.31575,10.47192_76.31575,Thrissur,2023-09-30,0.6111059,0.091714546,0.6092198093732198,R1_FLOOD_LEVEL|R4_RISING_FLOOD,2,1,0,0,0
2023-10-01,10.47192,76.31575,10.47192_76.31575,Thrissur,2023-10-01,0.613888,0.10553508,0.6514492630958557,R1_FLOOD_LEVEL|R4_RISING_FLOOD,2,1,0,0,0
2023-10-02,10.47192,76.31575,10.47192_76.31575,Thrissur,2023-10-02,0.6111059,0.08962226,0.6491230130195618,R1_FLOOD_LEVEL|R4_RISING_FLOOD,2,1,0,0,0
2023-11-03,10.47192,76.31575,10.47192_76.31575,Thrissur,2023-11-03,0.5477412,0.08427539,0.5398253202438354,R1_FLOOD_LEVEL,1,1,0,0,0
2023-11-04,10.47192,76.31575,10.47192_76.31575,Thrissur,2023-11-04,0.5477412,0.20412455,0.5807603995005289,R1_FLOOD_LEVEL|R4_RISING_FLOOD,2,1,0,0,0
2023-11-05,10.47192,76.31575,10.47192_76.31575,Thrissur,2023-11-05,0.613888,0.10163039,0.6263475020726522,R1_FLOOD_LEVEL|R4_RISING_FLOOD,2,1,0,1,0
2023-11-06,10.47192,76.31575,10.47192_76.31575,Thrissur,2023-11-06,0.5686676,0.092111066,0.6338617006937662,R1_FLOOD_LEVEL|R4_RISING_FLOOD,2,1,0,0,0
2023-11-07,10.47192,76.31575,10.47192_76.31575,Thrissur,2023-11-07,0.5651686,0.075255856,0.6198063492774963,R1_FLOOD_LEVEL|R4_RISING_FLOOD,2,1,0,0,0
2023-11-08,10.47192,76.31575,10.47192_76.31575,Thrissur,2023-11-08,0.5477412,0.07687137,0.5962657531102499,R1_FLOOD_LEVEL,1,1,0,0,0
2023-11-09,10.47192,76.31575,10.47192_76.31575,Thrissur,2023-11-09,0.5477412,0.09187471,0.5898971557617188,R1_FLOOD_LEVEL,1,1,0,0,0
2023-11-10,10.47192,76.31575,10.47192_76.31575,Thrissur,2023-11-10,0.5803484,0.09422885,0.5972302953402201,R1_FLOOD_LEVEL,1,1,0,0,0
2023-11-11,10.47192,76.31575,10.47192_76.31575,Thrissur,2023-11-11,0.5803484,0.089630276,0.60904860496521,R1_FLOOD_LEVEL,1,1,0,0,0
2023-11-12,10.47192,76.31575,10.47192_76.31575,Thrissur,2023-11-12,0.5623525,0.07309394,0.6107318003972372,R1_FLOOD_LEVEL,1,1,0,0,0
2023-11-13,10.47192,76.31575,10.47192_76.31575,Thrissur,2023-11-13,0.5623525,0.07529301,0.6025360027949015,R1_FLOOD_LEVEL,1,1,0,0,0
2023-11-14,10.47192,76.31575,10.47192_76.31575,Thrissur,2023-11-14,0.52708864,0.07593492,0.5842150847117106,R1_FLOOD_LEVEL,1,1,0,0,0
2024-05-09,10.47192,76.31575,10.47192_76.31575,Thrissur,2024-05-09,0.5473636,0.07885918,0.4944944779078166,R1_FLOOD_LEVEL,1,1,0,0,0
2024-05-10,10.47192,76.31575,10.47192_76.31575,Thrissur,2024-05-10,0.5367102,0.122121654,0.5680742065111796,R1_FLOOD_LEVEL|R4_RISING_FLOOD,2,1,0,0,0
2024-05-11,10.47192,76.31575,10.47192_76.31575,Thrissur,2024-05-11,0.55325496,0.1056626,0.5922684272130331,R1_FLOOD_LEVEL|R4_RISING_FLOOD,2,1,0,0,0
2024-05-12,10.47192,76.31575,10.47192_76.31575,Thrissur,2024-05-12,0.55325496,0.12604612,0.601104199886322,R1_FLOOD_LEVEL|R4_RISING_FLOOD,2,1,0,0,0
2024-05-13,10.47192,76.31575,10.47192_76.31575,Thrissur,2024-05-13,0.5426244,0.12541655,0.6033371885617574,R1_FLOOD_LEVEL,1,1,0,0,0
2024-05-14,10.47192,76.31575,10.47192_76.31575,Thrissur,2024-05-14,0.5171836,0.12523516,0.5957338412602743,R1_FLOOD_LEVEL,1,1,0,0,0
2024-05-15,10.47192,76.31575,10.47192_76.31575,Thrissur,2024-05-15,0.5171836,0.105819084,0.5819702943166097,R1_FLOOD_LEVEL,1,1,0,0,0
2024-05-16,10.47192,76.31575,10.47192_76.31575,Thrissur,2024-05-16,0.51443684,0.09624312,0.5690309802691141,R1_FLOOD_LEVEL,1,1,0,0,0
2024-05-17,10.47192,76.31575,10.47192_76.31575,Thrissur,2024-05-17,0.54129595,0.100037895,0.5722091595331827,R1_FLOOD_LEVEL,1,1,0,0,0
2024-05-18,10.47192,76.31575,10.47192_76.31575,Thrissur,2024-05-18,0.53957665,0.09416788,0.5770954887072245,R1_FLOOD_LEVEL,1,1,0,0,0
2024-05-19,10.47192,76.31575,10.47192_76.31575,Thrissur,2024-05-19,0.55251247,0.08930697,0.5875312487284342,R1_FLOOD_LEVEL,1,1,0,1,0
2024-05-20,10.47192,76.31575,10.47192_76.31575,Thrissur,2024-05-20,0.58988476,0.1170166,0.6044283707936605,R1_FLOOD_LEVEL,1,1,0,1,0
2024-05-21,10.47192,76.31575,10.47192_76.31575,Thrissur,2024-05-21,0.6109698,0.13362913,0.6311022837956747,R1_FLOOD_LEVEL|R4_RISING_FLOOD|R6_ENV_PRECURSOR,3,1,0,1,0
2024-05-22,10.47192,76.31575,10.47192_76.31575,Thrissur,2024-05-22,0.6334997,0.2982699,0.6812154253323873,R1_FLOOD_LEVEL|R4_RISING_FLOOD|R5_RISING_LANDSLIDE|R6_ENV_PRECURSOR|R7_JOINT_MODERATE,5,1,0,1,0
2024-05-23,10.47192,76.31575,10.47192_76.31575,Thrissur,2024-05-23,0.60845906,0.35711893,0.7180189887682596,R1_FLOOD_LEVEL|R4_RISING_FLOOD|R5_RISING_LANDSLIDE|R7_JOINT_MODERATE,4,1,0,0,0
2024-05-24,10.47192,76.31575,10.47192_76.31575,Thrissur,2024-05-24,0.5845447,0.40283188,0.7476682662963867,R1_FLOOD_LEVEL|R3_SUSTAINED_JOINT|R5_RISING_LANDSLIDE|R7_JOINT_MODERATE,4,1,0,0,0
2024-05-25,10.47192,76.31575,10.47192_76.31575,Thrissur,2024-05-25,0.6432145,0.16706596,0.734336793422699,R1_FLOOD_LEVEL|R3_SUSTAINED_JOINT|R5_RISING_LANDSLIDE|R7_JOINT_MODERATE,4,1,0,0,0
2024-05-26,10.47192,76.31575,10.47192_76.31575,Thrissur,2024-05-26,0.59519285,0.10921794,0.6980432073275248,R1_FLOOD_LEVEL|R3_SUSTAINED_JOINT|R7_JOINT_MODERATE,3,1,0,0,0
2024-05-27,10.47192,76.31575,10.47192_76.31575,Thrissur,2024-05-27,0.55364305,0.08002053,0.6438623468081156,R1_FLOOD_LEVEL,1,1,0,0,0
2024-05-28,10.47192,76.31575,10.47192_76.31575,Thrissur,2024-05-28,0.59519285,0.25675735,0.6426319479942322,R1_FLOOD_LEVEL,1,1,0,0,0
2024-05-29,10.47192,76.31575,10.47192_76.31575,Thrissur,2024-05-29,0.6114226,0.083407916,0.6441079576810201,R1_FLOOD_LEVEL,1,1,0,0,0
2024-05-30,10.47192,76.31575,10.47192_76.31575,Thrissur,2024-05-30,0.6114226,0.08408182,0.6623526612917582,R1_FLOOD_LEVEL,1,1,0,0,0
2024-05-31,10.47192,76.31575,10.47192_76.31575,Thrissur,2024-05-31,0.6114226,0.089789495,0.6447468996047974,R1_FLOOD_LEVEL,1,1,0,1,0
2024-06-01,10.47192,76.31575,10.47192_76.31575,Thrissur,2024-06-01,0.6148031,0.2550586,0.6678194999694824,R1_FLOOD_LEVEL,1,1,0,0,0
2024-06-02,10.47192,76.31575,10.47192_76.31575,Thrissur,2024-06-02,0.6114226,0.13396955,0.6742812593777975,R1_FLOOD_LEVEL,1,1,0,0,0
2024-06-03,10.47192,76.31575,10.47192_76.31575,Thrissur,2024-06-03,0.6432145,0.087633505,0.6836706399917603,R1_FLOOD_LEVEL|R5_RISING_LANDSLIDE,2,1,0,0,0
2024-06-04,10.47192,76.31575,10.47192_76.31575,Thrissur,2024-06-04,0.59519285,0.0841845,0.6557441552480062,R1_FLOOD_LEVEL,1,1,0,0,0
2024-06-05,10.47192,76.31575,10.47192_76.31575,Thrissur,2024-06-05,0.59519285,0.08321383,0.6442102193832397,R1_FLOOD_LEVEL,1,1,0,0,0
2024-06-06,10.47192,76.31575,10.47192_76.31575,Thrissur,2024-06-06,0.59519285,0.22347909,0.6479361852010092,R1_FLOOD_LEVEL,1,1,0,0,0
2024-06-07,10.47192,76.31575,10.47192_76.31575,Thrissur,2024-06-07,0.6114226,0.22488973,0.6711156169573466,R1_FLOOD_LEVEL|R5_RISING_LANDSLIDE|R7_JOINT_MODERATE,3,1,0,0,0
2024-06-08,10.47192,76.31575,10.47192_76.31575,Thrissur,2024-06-08,0.6114226,0.24785802,0.6974010467529297,R1_FLOOD_LEVEL|R5_RISING_LANDSLIDE|R7_JOINT_MODERATE,3,1,0,0,0
2024-06-09,10.47192,76.31575,10.47192_76.31575,Thrissur,2024-06-09,0.6114226,0.087633505,0.6840064525604248,R1_FLOOD_LEVEL|R7_JOINT_MODERATE,2,1,0,0,0
2024-06-10,10.47192,76.31575,10.47192_76.31575,Thrissur,2024-06-10,0.59519285,0.07518467,0.6596125960350037,R1_FLOOD_LEVEL,1,1,0,0,0
2024-06-11,10.47192,76.31575,10.47192_76.31575,Thrissur,2024-06-11,0.6114226,0.07142764,0.6367603143056234,R1_FLOOD_LEVEL,1,1,0,0,0
2024-06-12,10.47192,76.31575,10.47192_76.31575,Thrissur,2024-06-12,0.59519285,0.074820876,0.6300956010818481,R1_FLOOD_LEVEL,1,1,0,0,0
2024-06-13,10.47192,76.31575,10.47192_76.31575,Thrissur,2024-06-13,0.59519285,0.09235344,0.6324122945467631,R1_FLOOD_LEVEL,1,1,0,0,0
2024-06-14,10.47192,76.31575,10.47192_76.31575,Thrissur,2024-06-14,0.59519285,0.08054332,0.6286188165346781,R1_FLOOD_LEVEL,1,1,0,0,0
2024-06-15,10.47192,76.31575,10.47192_76.31575,Thrissur,2024-06-15,0.5705276,0.075703286,0.6211385528246561,R1_FLOOD_LEVEL,1,1,0,0,0
2024-06-16,10.47192,76.31575,10.47192_76.31575,Thrissur,2024-06-16,0.5597552,0.076054975,0.6080251534779867,R1_FLOOD_LEVEL,1,1,0,0,0
2024-06-17,10.47192,76.31575,10.47192_76.31575,Thrissur,2024-06-17,0.57527,0.086086534,0.602703869342804,R1_FLOOD_LEVEL,1,1,0,0,0
2024-06-18,10.47192,76.31575,10.47192_76.31575,Thrissur,2024-06-18,0.59519285,0.2022754,0.6273822983105978,R1_FLOOD_LEVEL,1,1,0,0,0
2024-06-19,10.47192,76.31575,10.47192_76.31575,Thrissur,2024-06-19,0.59519285,0.12364573,0.6447181502978007,R1_FLOOD_LEVEL,1,1,0,0,0
2024-06-20,10.47192,76.31575,10.47192_76.31575,Thrissur,2024-06-20,0.57527,0.09776674,0.6463718016942342,R1_FLOOD_LEVEL,1,1,0,0,0
2024-06-21,10.47192,76.31575,10.47192_76.31575,Thrissur,2024-06-21,0.57527,0.07815349,0.6235013802846273,R1_FLOOD_LEVEL,1,1,0,0,0
2024-06-22,10.47192,76.31575,10.47192_76.31575,Thrissur,2024-06-22,0.592426,0.07724649,0.6163894136746725,R1_FLOOD_LEVEL,1,1,0,0,0
2024-06-23,10.47192,76.31575,10.47192_76.31575,Thrissur,2024-06-23,0.5958625,0.0937144,0.6220365961392721,R1_FLOOD_LEVEL,1,1,0,0,0
2024-06-24,10.47192,76.31575,10.47192_76.31575,Thrissur,2024-06-24,0.613888,0.10098752,0.6368420720100403,R1_FLOOD_LEVEL,1,1,0,0,0
2024-06-25,10.47192,76.31575,10.47192_76.31575,Thrissur,2024-06-25,0.62848496,0.35946217,0.6828823685646057,R1_FLOOD_LEVEL|R5_RISING_LANDSLIDE|R7_JOINT_MODERATE,3,1,0,0,0
2024-06-26,10.47192,76.31575,10.47192_76.31575,Thrissur,2024-06-26,0.6565354,0.45822442,0.7429434458414713,R1_FLOOD_LEVEL|R5_RISING_LANDSLIDE|R6_ENV_PRECURSOR|R7_JOINT_MODERATE,4,1,0,0,0
2024-06-27,10.47192,76.31575,10.47192_76.31575,Thrissur,2024-06-27,0.67047125,0.32537657,0.7845473289489746,R1_FLOOD_LEVEL|R3_SUSTAINED_JOINT|R4_RISING_FLOOD|R5_RISING_LANDSLIDE|R6_ENV_PRECURSOR|R7_JOINT_MODERATE,6,1,0,0,0
2024-06-28,10.47192,76.31575,10.47192_76.31575,Thrissur,2024-06-28,0.65975916,0.2548699,0.7793625791867574,R1_FLOOD_LEVEL|R3_SUSTAINED_JOINT|R4_RISING_FLOOD|R5_RISING_LANDSLIDE|R7_JOINT_MODERATE,5,1,0,0,0
2024-06-29,10.47192,76.31575,10.47192_76.31575,Thrissur,2024-06-29,0.6432145,0.09584125,0.7338592608769735,R1_FLOOD_LEVEL|R3_SUSTAINED_JOINT|R7_JOINT_MODERATE,3,1,0,0,0
2024-06-30,10.47192,76.31575,10.47192_76.31575,Thrissur,2024-06-30,0.6432145,0.19901109,0.7127014597256979,R1_FLOOD_LEVEL|R3_SUSTAINED_JOINT|R7_JOINT_MODERATE,3,1,0,0,0
2024-07-01,10.47192,76.31575,10.47192_76.31575,Thrissur,2024-07-01,0.6432145,0.35574862,0.7205895185470581,R1_FLOOD_LEVEL|R3_SUSTAINED_JOINT|R7_JOINT_MODERATE,3,1,0,0,0
2024-07-02,10.47192,76.31575,10.47192_76.31575,Thrissur,2024-07-02,0.6432145,0.19209032,0.732036272684733,R1_FLOOD_LEVEL|R3_SUSTAINED_JOINT|R7_JOINT_MODERATE,3,1,0,0,0
2024-07-03,10.47192,76.31575,10.47192_76.31575,Thrissur,2024-07-03,0.6215782,0.08188365,0.7114849289258321,R1_FLOOD_LEVEL|R3_SUSTAINED_JOINT|R7_JOINT_MODERATE,3,1,0,0,0
2024-07-04,10.47192,76.31575,10.47192_76.31575,Thrissur,2024-07-04,0.6148031,0.07212998,0.6689672072728475,R1_FLOOD_LEVEL,1,1,0,0,0
2024-07-05,10.47192,76.31575,10.47192_76.31575,Thrissur,2024-07-05,0.6148031,0.07435296,0.646198550860087,R1_FLOOD_LEVEL,1,1,0,0,0
2024-07-06,10.47192,76.31575,10.47192_76.31575,Thrissur,2024-07-06,0.6148031,0.08004422,0.6438889106114706,R1_FLOOD_LEVEL,1,1,0,0,0
2024-07-07,10.47192,76.31575,10.47192_76.31575,Thrissur,2024-07-07,0.6215782,0.07612148,0.6464878718058268,R1_FLOOD_LEVEL,1,1,0,0,0
2024-07-08,10.47192,76.31575,10.47192_76.31575,Thrissur,2024-07-08,0.6334997,0.079250924,0.6528550783793131,R1_FLOOD_LEVEL,1,1,0,0,0
2024-07-09,10.47192,76.31575,10.47192_76.31575,Thrissur,2024-07-09,0.6215782,0.08227259,0.6552137931187948,R1_FLOOD_LEVEL,1,1,0,0,0
2024-07-10,10.47192,76.31575,10.47192_76.31575,Thrissur,2024-07-10,0.6114226,0.13743332,0.6600277423858643,R1_FLOOD_LEVEL,1,1,0,0,0
2024-07-11,10.47192,76.31575,10.47192_76.31575,Thrissur,2024-07-11,0.6073153,0.08675691,0.6529738108317057,R1_FLOOD_LEVEL,1,1,0,0,0
2024-07-12,10.47192,76.31575,10.47192_76.31575,Thrissur,2024-07-12,0.6114226,0.2651238,0.673551062742869,R1_FLOOD_LEVEL|R5_RISING_LANDSLIDE|R7_JOINT_MODERATE,3,1,0,0,0
2024-07-13,10.47192,76.31575,10.47192_76.31575,Thrissur,2024-07-13,0.6215782,0.09261266,0.6708173553148905,R1_FLOOD_LEVEL,1,1,0,0,0
2024-07-14,10.47192,76.31575,10.47192_76.31575,Thrissur,2024-07-14,0.6334997,0.31568277,0.7067553798357645,R1_FLOOD_LEVEL|R5_RISING_LANDSLIDE|R7_JOINT_MODERATE,3,1,0,0,0
2024-07-15,10.47192,76.31575,10.47192_76.31575,Thrissur,2024-07-15,0.63991964,0.6445303,0.7592749198277792,R1_FLOOD_LEVEL|R2_LANDSLIDE_LEVEL|R3_SUSTAINED_JOINT|R5_RISING_LANDSLIDE|R7_JOINT_MODERATE,5,1,1,0,0
2024-07-16,10.47192,76.31575,10.47192_76.31575,Thrissur,2024-07-16,0.6705433,0.36726454,0.8042469620704651,R1_FLOOD_LEVEL|R3_SUSTAINED_JOINT|R5_RISING_LANDSLIDE|R7_JOINT_MODERATE,4,1,0,0,0
2024-07-17,10.47192,76.31575,10.47192_76.31575,Thrissur,2024-07-17,0.668391,0.39146394,0.8205824494361877,R1_FLOOD_LEVEL|R3_SUSTAINED_JOINT|R5_RISING_LANDSLIDE|R7_JOINT_MODERATE,4,1,0,0,0
2024-07-18,10.47192,76.31575,10.47192_76.31575,Thrissur,2024-07-18,0.668391,0.6214873,0.8214089274406433,R1_FLOOD_LEVEL|R2_LANDSLIDE_LEVEL|R3_SUSTAINED_JOINT|R5_RISING_LANDSLIDE|R7_JOINT_MODERATE,5,1,1,0,0
2024-07-19,10.47192,76.31575,10.47192_76.31575,Thrissur,2024-07-19,0.668391,0.18850315,0.8011953433354696,R1_FLOOD_LEVEL|R3_SUSTAINED_JOINT|R7_JOINT_MODERATE,3,1,0,0,0
2024-07-20,10.47192,76.31575,10.47192_76.31575,Thrissur,2024-07-20,0.636999,0.08407758,0.7576337854067484,R1_FLOOD_LEVEL|R3_SUSTAINED_JOINT|R7_JOINT_MODERATE,3,1,0,0,0
2024-07-21,10.47192,76.31575,10.47192_76.31575,Thrissur,2024-07-21,0.6432145,0.120220564,0.6948423385620117,R1_FLOOD_LEVEL|R3_SUSTAINED_JOINT,2,1,0,0,0
2024-07-22,10.47192,76.31575,10.47192_76.31575,Thrissur,2024-07-22,0.6432145,0.13292934,0.6814228296279907,R1_FLOOD_LEVEL,1,1,0,0,0
2024-07-23,10.47192,76.31575,10.47192_76.31575,Thrissur,2024-07-23,0.6215782,0.0934337,0.6778949300448099,R1_FLOOD_LEVEL,1,1,0,0,0
2024-07-24,10.47192,76.31575,10.47192_76.31575,Thrissur,2024-07-24,0.6114226,0.13333686,0.6702705423037211,R1_FLOOD_LEVEL,1,1,0,0,0
2024-07-25,10.47192,76.31575,10.47192_76.31575,Thrissur,2024-07-25,0.6334997,0.07907415,0.6608834067980448,R1_FLOOD_LEVEL,1,1,0,0,0
2024-07-26,10.47192,76.31575,10.47192_76.31575,Thrissur,2024-07-26,0.6432145,0.13648151,0.6725412607192993,R1_FLOOD_LEVEL,1,1,0,0,0
2024-07-27,10.47192,76.31575,10.47192_76.31575,Thrissur,2024-07-27,0.6432145,0.1859868,0.6879871487617493,R1_FLOOD_LEVEL,1,1,0,0,0
2024-07-28,10.47192,76.31575,10.47192_76.31575,Thrissur,2024-07-28,0.6215782,0.1944877,0.6988858977953593,R1_FLOOD_LEVEL|R5_RISING_LANDSLIDE|R7_JOINT_MODERATE,3,1,0,0,0
2024-07-29,10.47192,76.31575,10.47192_76.31575,Thrissur,2024-07-29,0.65764576,0.60994196,0.7570701837539673,R1_FLOOD_LEVEL|R2_LANDSLIDE_LEVEL|R3_SUSTAINED_JOINT|R5_RISING_LANDSLIDE|R7_JOINT_MODERATE,5,1,1,0,0
2024-07-30,10.47192,76.31575,10.47192_76.31575,Thrissur,2024-07-30,0.67163104,0.45470047,0.7941930492719015,R1_FLOOD_LEVEL|R3_SUSTAINED_JOINT|R5_RISING_LANDSLIDE|R7_JOINT_MODERATE,4,1,0,0,0
2024-07-31,10.47192,76.31575,10.47192_76.31575,Thrissur,2024-07-31,0.67163104,0.51032054,0.8422023256619772,R1_FLOOD_LEVEL|R2_LANDSLIDE_LEVEL|R3_SUSTAINED_JOINT|R5_RISING_LANDSLIDE|R7_JOINT_MODERATE,5,1,1,0,0
2024-08-01,10.47192,76.31575,10.47192_76.31575,Thrissur,2024-08-01,0.6684118,0.33868638,0.813620388507843,R1_FLOOD_LEVEL|R3_SUSTAINED_JOINT|R5_RISING_LANDSLIDE|R7_JOINT_MODERATE,4,1,0,0,0
2024-08-02,10.47192,76.31575,10.47192_76.31575,Thrissur,2024-08-02,0.6648533,0.16254131,0.7797496914863586,R1_FLOOD_LEVEL|R3_SUSTAINED_JOINT|R7_JOINT_MODERATE,3,1,0,0,0
2024-08-03,10.47192,76.31575,10.47192_76.31575,Thrissur,2024-08-03,0.65405273,0.07921735,0.7271674672762553,R1_FLOOD_LEVEL|R3_SUSTAINED_JOINT|R7_JOINT_MODERATE,3,1,0,0,0
2024-08-04,10.47192,76.31575,10.47192_76.31575,Thrissur,2024-08-04,0.63214123,0.09268657,0.6890076796213785,R1_FLOOD_LEVEL|R3_SUSTAINED_JOINT,2,1,0,0,0
2024-08-05,10.47192,76.31575,10.47192_76.31575,Thrissur,2024-08-05,0.63991964,0.07569153,0.6716230909029642,R1_FLOOD_LEVEL,1,1,0,0,0
2024-08-06,10.47192,76.31575,10.47192_76.31575,Thrissur,2024-08-06,0.6432145,0.086442284,0.6691557963689169,R1_FLOOD_LEVEL,1,1,0,0,0
2024-08-07,10.47192,76.31575,10.47192_76.31575,Thrissur,2024-08-07,0.6215782,0.24115396,0.6846889058748881,R1_FLOOD_LEVEL,1,1,0,0,0
2024-08-08,10.47192,76.31575,10.47192_76.31575,Thrissur,2024-08-08,0.6334997,0.22808027,0.7013277411460876,R1_FLOOD_LEVEL|R5_RISING_LANDSLIDE|R7_JOINT_MODERATE,3,1,0,0,0
2024-08-09,10.47192,76.31575,10.47192_76.31575,Thrissur,2024-08-09,0.6114226,0.07026576,0.6895512143770853,R1_FLOOD_LEVEL|R3_SUSTAINED_JOINT|R5_RISING_LANDSLIDE|R7_JOINT_MODERATE,4,1,0,0,0
2024-08-10,10.47192,76.31575,10.47192_76.31575,Thrissur,2024-08-10,0.6114226,0.15285523,0.6755453944206238,R1_FLOOD_LEVEL,1,1,0,0,0
2024-08-11,10.47192,76.31575,10.47192_76.31575,Thrissur,2024-08-11,0.59519285,0.2590927,0.6698734561602274,R1_FLOOD_LEVEL,1,1,0,0,0
2024-08-12,10.47192,76.31575,10.47192_76.31575,Thrissur,2024-08-12,0.59519285,0.26089194,0.6905659437179565,R1_FLOOD_LEVEL|R7_JOINT_MODERATE,2,1,0,0,0
2024-08-13,10.47192,76.31575,10.47192_76.31575,Thrissur,2024-08-13,0.592426,0.12076287,0.6808416446050009,R1_FLOOD_LEVEL|R7_JOINT_MODERATE,2,1,0,0,0
2024-08-14,10.47192,76.31575,10.47192_76.31575,Thrissur,2024-08-14,0.57527,0.27880737,0.6787124673525492,R1_FLOOD_LEVEL|R7_JOINT_MODERATE,2,1,0,0,0
2024-08-15,10.47192,76.31575,10.47192_76.31575,Thrissur,2024-08-15,0.57527,0.0748529,0.6474652886390686,R1_FLOOD_LEVEL,1,1,0,0,0
2024-08-16,10.47192,76.31575,10.47192_76.31575,Thrissur,2024-08-16,0.57527,0.123062655,0.6427628397941589,R1_FLOOD_LEVEL,1,1,0,0,0
2024-08-17,10.47192,76.31575,10.47192_76.31575,Thrissur,2024-08-17,0.57527,0.096491344,0.6169511477152506,R1_FLOOD_LEVEL,1,1,0,0,0
2024-08-18,10.47192,76.31575,10.47192_76.31575,Thrissur,2024-08-18,0.592426,0.10290241,0.6260525385538737,R1_FLOOD_LEVEL,1,1,0,0,0
2024-08-19,10.47192,76.31575,10.47192_76.31575,Thrissur,2024-08-19,0.57527,0.1889253,0.6353771289189657,R1_FLOOD_LEVEL,1,1,0,0,0
2024-08-20,10.47192,76.31575,10.47192_76.31575,Thrissur,2024-08-20,0.592426,0.09540574,0.640396515528361,R1_FLOOD_LEVEL,1,1,0,0,0
2024-08-21,10.47192,76.31575,10.47192_76.31575,Thrissur,2024-08-21,0.613888,0.23844254,0.6642588973045349,R1_FLOOD_LEVEL|R7_JOINT_MODERATE,2,1,0,0,0
2024-08-22,10.47192,76.31575,10.47192_76.31575,Thrissur,2024-08-22,0.5992826,0.082967766,0.656597912311554,R1_FLOOD_LEVEL,1,1,0,0,0
2024-08-23,10.47192,76.31575,10.47192_76.31575,Thrissur,2024-08-23,0.592426,0.08610045,0.6553336977958679,R1_FLOOD_LEVEL,1,1,0,0,0
2024-08-24,10.47192,76.31575,10.47192_76.31575,Thrissur,2024-08-24,0.57527,0.07954399,0.6230340798695883,R1_FLOOD_LEVEL,1,1,0,0,0
2024-08-25,10.47192,76.31575,10.47192_76.31575,Thrissur,2024-08-25,0.5214318,0.083953515,0.5993940830230713,R1_FLOOD_LEVEL,1,1,0,0,0
2024-08-27,10.47192,76.31575,10.47192_76.31575,Thrissur,2024-08-27,0.5016848,0.08809981,0.5460097392400106,R1_FLOOD_LEVEL,1,1,0,0,0
2024-08-29,10.47192,76.31575,10.47192_76.31575,Thrissur,2024-08-29,0.50966626,0.10645727,0.5393098592758179,R1_FLOOD_LEVEL,1,1,0,0,0
2024-08-30,10.47192,76.31575,10.47192_76.31575,Thrissur,2024-08-30,0.613888,0.13644034,0.5796375075976054,R1_FLOOD_LEVEL,1,1,0,0,0
2024-08-31,10.47192,76.31575,10.47192_76.31575,Thrissur,2024-08-31,0.613888,0.27672678,0.6497235496838888,R1_FLOOD_LEVEL|R4_RISING_FLOOD|R5_RISING_LANDSLIDE|R7_JOINT_MODERATE,4,1,0,0,0
2024-09-01,10.47192,76.31575,10.47192_76.31575,Thrissur,2024-09-01,0.613888,0.15950394,0.6875930627187093,R1_FLOOD_LEVEL|R4_RISING_FLOOD|R5_RISING_LANDSLIDE|R7_JOINT_MODERATE,4,1,0,0,0
2024-09-02,10.47192,76.31575,10.47192_76.31575,Thrissur,2024-09-02,0.6111059,0.14573698,0.6879973808924357,R1_FLOOD_LEVEL|R4_RISING_FLOOD|R5_RISING_LANDSLIDE|R7_JOINT_MODERATE,4,1,0,0,0
2024-09-03,10.47192,76.31575,10.47192_76.31575,Thrissur,2024-09-03,0.6111059,0.11768941,0.6667104164759318,R1_FLOOD_LEVEL,1,1,0,0,0
2024-10-08,10.47192,76.31575,10.47192_76.31575,Thrissur,2024-10-08,0.5446503,0.07653523,0.5400649110476176,R1_FLOOD_LEVEL,1,1,0,0,0
2024-10-09,10.47192,76.31575,10.47192_76.31575,Thrissur,2024-10-09,0.5446503,0.12525196,0.5652368267377218,R1_FLOOD_LEVEL|R4_RISING_FLOOD,2,1,0,0,0
2024-10-10,10.47192,76.31575,10.47192_76.31575,Thrissur,2024-10-10,0.54818237,0.07812029,0.5882209340731303,R1_FLOOD_LEVEL|R4_RISING_FLOOD,2,1,0,0,0
2024-10-11,10.47192,76.31575,10.47192_76.31575,Thrissur,2024-10-11,0.52708864,0.095005095,0.5857266187667847,R1_FLOOD_LEVEL,1,1,0,0,0
2024-10-12,10.47192,76.31575,10.47192_76.31575,Thrissur,2024-10-12,0.62848496,0.07653582,0.6041384339332581,R1_FLOOD_LEVEL,1,1,0,0,0
2024-10-13,10.47192,76.31575,10.47192_76.31575,Thrissur,2024-10-13,0.58078915,0.076901495,0.6139879822731018,R1_FLOOD_LEVEL,1,1,0,0,0
2024-10-14,10.47192,76.31575,10.47192_76.31575,Thrissur,2024-10-14,0.62848496,0.12674832,0.6485067208607992,R1_FLOOD_LEVEL|R4_RISING_FLOOD,2,1,0,0,0
2024-10-15,10.47192,76.31575,10.47192_76.31575,Thrissur,2024-10-15,0.5599886,0.08870124,0.6292063991228739,R1_FLOOD_LEVEL,1,1,0,0,0
2024-10-16,10.47192,76.31575,10.47192_76.31575,Thrissur,2024-10-16,0.5599886,0.08164952,0.6235024730364481,R1_FLOOD_LEVEL,1,1,0,0,0
2024-10-17,10.47192,76.31575,10.47192_76.31575,Thrissur,2024-10-17,0.5599886,0.07386611,0.5958080291748047,R1_FLOOD_LEVEL,1,1,0,0,0
2024-10-18,10.47192,76.31575,10.47192_76.31575,Thrissur,2024-10-18,0.52708864,0.07386611,0.5834755500157675,R1_FLOOD_LEVEL,1,1,0,0,0
2024-10-19,10.47192,76.31575,10.47192_76.31575,Thrissur,2024-10-19,0.52708864,0.074707754,0.5723100503285726,R1_FLOOD_LEVEL,1,1,0,0,0
2024-10-20,10.47192,76.31575,10.47192_76.31575,Thrissur,2024-10-20,0.5477412,0.08612184,0.5703767140706381,R1_FLOOD_LEVEL,1,1,0,0,0
2024-10-21,10.47192,76.31575,10.47192_76.31575,Thrissur,2024-10-21,0.5477412,0.08802186,0.5788863897323608,R1_FLOOD_LEVEL,1,1,0,0,0
2024-10-22,10.47192,76.31575,10.47192_76.31575,Thrissur,2024-10-22,0.5477412,0.0861004,0.5869737267494202,R1_FLOOD_LEVEL,1,1,0,0,0
2024-10-23,10.47192,76.31575,10.47192_76.31575,Thrissur,2024-10-23,0.5477412,0.08313564,0.5865235527356466,R1_FLOOD_LEVEL,1,1,0,0,0
2024-10-24,10.47192,76.31575,10.47192_76.31575,Thrissur,2024-10-24,0.5651686,0.10687024,0.5945533315340678,R1_FLOOD_LEVEL,1,1,0,0,0
2024-10-25,10.47192,76.31575,10.47192_76.31575,Thrissur,2024-10-25,0.5477412,0.09256729,0.595528244972229,R1_FLOOD_LEVEL,1,1,0,0,0
2024-10-26,10.47192,76.31575,10.47192_76.31575,Thrissur,2024-10-26,0.5329507,0.08667471,0.5915589332580566,R1_FLOOD_LEVEL,1,1,0,0,0
2024-10-27,10.47192,76.31575,10.47192_76.31575,Thrissur,2024-10-27,0.52600485,0.084383234,0.5763465960820516,R1_FLOOD_LEVEL,1,1,0,0,0
2024-11-03,10.47192,76.31575,10.47192_76.31575,Thrissur,2024-11-03,0.5092398,0.085578404,0.5388127168019613,R1_FLOOD_LEVEL,1,1,0,0,0
2024-11-04,10.47192,76.31575,10.47192_76.31575,Thrissur,2024-11-04,0.50223947,0.11599366,0.5545893510182699,R1_FLOOD_LEVEL,1,1,0,0,0
2023-06-04,10.79598,76.55899,10.79598_76.55899,Palakkad,2023-06-04,0.5170263,0.12967561,0.4893728494644165,R1_FLOOD_LEVEL,1,1,0,0,0
2023-06-12,10.79598,76.55899,10.79598_76.55899,Palakkad,2023-06-12,0.49434164,0.3712713,0.5624180833498637,R5_RISING_LANDSLIDE,1,0,0,0,0
2023-06-13,10.79598,76.55899,10.79598_76.55899,Palakkad,2023-06-13,0.49434164,0.100511745,0.5818521777788798,R5_RISING_LANDSLIDE,1,0,0,0,0
2023-06-14,10.79598,76.55899,10.79598_76.55899,Palakkad,2023-06-14,0.48393914,0.08330387,0.5847244461377462,R5_RISING_LANDSLIDE,1,0,0,0,0
2023-06-16,10.79598,76.55899,10.79598_76.55899,Palakkad,2023-06-16,0.5075094,0.07210096,0.5292549133300781,R1_FLOOD_LEVEL,1,1,0,0,0
2023-06-20,10.79598,76.55899,10.79598_76.55899,Palakkad,2023-06-20,0.50913215,0.41206604,0.5804904898007711,R1_FLOOD_LEVEL|R5_RISING_LANDSLIDE,2,1,0,0,0
2023-06-21,10.79598,76.55899,10.79598_76.55899,Palakkad,2023-06-21,0.5308692,0.6909354,0.6953973571459452,R1_FLOOD_LEVEL|R2_LANDSLIDE_LEVEL|R5_RISING_LANDSLIDE,3,1,1,0,0
2023-06-22,10.79598,76.55899,10.79598_76.55899,Palakkad,2023-06-22,0.5478956,0.3341333,0.7551230390866598,R1_FLOOD_LEVEL|R3_SUSTAINED_JOINT|R5_RISING_LANDSLIDE,3,1,0,0,0
2023-06-23,10.79598,76.55899,10.79598_76.55899,Palakkad,2023-06-23,0.5478956,0.2231277,0.7342465321222941,R1_FLOOD_LEVEL|R3_SUSTAINED_JOINT|R4_RISING_FLOOD|R5_RISING_LANDSLIDE|R7_JOINT_MODERATE,5,1,0,0,0
2023-06-24,10.79598,76.55899,10.79598_76.55899,Palakkad,2023-06-24,0.53975785,0.16732106,0.6548324823379517,R1_FLOOD_LEVEL|R7_JOINT_MODERATE,2,1,0,0,0
2023-06-25,10.79598,76.55899,10.79598_76.55899,Palakkad,2023-06-25,0.5478956,0.3031942,0.6501699090003967,R1_FLOOD_LEVEL|R7_JOINT_MODERATE,2,1,0,0,0
2023-06-26,10.79598,76.55899,10.79598_76.55899,Palakkad,2023-06-26,0.5478956,0.19995877,0.6466783285140991,R1_FLOOD_LEVEL|R7_JOINT_MODERATE,2,1,0,0,0
2023-06-27,10.79598,76.55899,10.79598_76.55899,Palakkad,2023-06-27,0.5478956,0.3098887,0.6704221963882446,R1_FLOOD_LEVEL|R7_JOINT_MODERATE,2,1,0,0,0
2023-06-28,10.79598,76.55899,10.79598_76.55899,Palakkad,2023-06-28,0.52940017,0.13500649,0.6397432486216227,R1_FLOOD_LEVEL|R7_JOINT_MODERATE,2,1,0,0,0
2023-07-01,10.79598,76.55899,10.79598_76.55899,Palakkad,2023-07-01,0.50115484,0.09980874,0.556558092435201,R1_FLOOD_LEVEL,1,1,0,0,0
2023-07-02,10.79598,76.55899,10.79598_76.55899,Palakkad,2023-07-02,0.50115484,0.08291924,0.5487484534581503,R1_FLOOD_LEVEL,1,1,0,0,0
2023-07-03,10.79598,76.55899,10.79598_76.55899,Palakkad,2023-07-03,0.51123923,0.2977016,0.5834022760391235,R1_FLOOD_LEVEL,1,1,0,0,0
2023-07-04,10.79598,76.55899,10.79598_76.55899,Palakkad,2023-07-04,0.50115484,0.33733517,0.6228985786437988,R1_FLOOD_LEVEL|R5_RISING_LANDSLIDE|R6_ENV_PRECURSOR,3,1,0,0,0
2023-07-05,10.79598,76.55899,10.79598_76.55899,Palakkad,2023-07-05,0.51715446,0.38917232,0.677080512046814,R1_FLOOD_LEVEL|R5_RISING_LANDSLIDE|R6_ENV_PRECURSOR,3,1,0,0,0
2023-07-06,10.79598,76.55899,10.79598_76.55899,Palakkad,2023-07-06,0.57527,0.62740093,0.738747795422872,R1_FLOOD_LEVEL|R2_LANDSLIDE_LEVEL|R5_RISING_LANDSLIDE,3,1,1,0,0
2023-07-07,10.79598,76.55899,10.79598_76.55899,Palakkad,2023-07-07,0.57527,0.32197803,0.7529447476069132,R1_FLOOD_LEVEL|R3_SUSTAINED_JOINT|R4_RISING_FLOOD|R5_RISING_LANDSLIDE|R7_JOINT_MODERATE,5,1,0,0,0
2023-07-08,10.79598,76.55899,10.79598_76.55899,Palakkad,2023-07-08,0.57527,0.14876711,0.7307418584823608,R1_FLOOD_LEVEL|R3_SUSTAINED_JOINT|R4_RISING_FLOOD|R7_JOINT_MODERATE,4,1,0,0,0
2023-07-09,10.79598,76.55899,10.79598_76.55899,Palakkad,2023-07-09,0.5292134,0.107887745,0.6434950431187948,R1_FLOOD_LEVEL|R7_JOINT_MODERATE,2,1,0,0,0
2023-07-10,10.79598,76.55899,10.79598_76.55899,Palakkad,2023-07-10,0.549303,0.38112652,0.6465123097101847,R1_FLOOD_LEVEL|R7_JOINT_MODERATE,2,1,0,0,0
2023-07-11,10.79598,76.55899,10.79598_76.55899,Palakkad,2023-07-11,0.51098275,0.2676892,0.6476561625798544,R1_FLOOD_LEVEL,1,1,0,0,0
2023-07-12,10.79598,76.55899,10.79598_76.55899,Palakkad,2023-07-12,0.5008982,0.2768579,0.6673471530278524,R1_FLOOD_LEVEL|R5_RISING_LANDSLIDE,2,1,0,0,0
2023-07-16,10.79598,76.55899,10.79598_76.55899,Palakkad,2023-07-16,0.50278354,0.1491804,0.5950296322504679,R1_FLOOD_LEVEL,1,1,0,0,0
2023-07-21,10.79598,76.55899,10.79598_76.55899,Palakkad,2023-07-21,0.4491279,0.3657275,0.5612000226974487,R5_RISING_LANDSLIDE,1,0,0,0,0
2023-07-22,10.79598,76.55899,10.79598_76.55899,Palakkad,2023-07-22,0.41316435,0.12152438,0.54778653383255,R5_RISING_LANDSLIDE,1,0,0,0,0
2023-07-23,10.79598,76.55899,10.79598_76.55899,Palakkad,2023-07-23,0.43054214,0.27790797,0.5746250748634338,R5_RISING_LANDSLIDE,1,0,0,0,0
2023-07-24,10.79598,76.55899,10.79598_76.55899,Palakkad,2023-07-24,0.4888109,0.78913635,0.6551623543103536,R2_LANDSLIDE_LEVEL|R5_RISING_LANDSLIDE,2,0,1,0,0
2023-07-25,10.79598,76.55899,10.79598_76.55899,Palakkad,2023-07-25,0.50864404,0.40784994,0.7300171057383219,R1_FLOOD_LEVEL|R5_RISING_LANDSLIDE,2,1,0,0,0
2023-07-26,10.79598,76.55899,10.79598_76.55899,Palakkad,2023-07-26,0.50966626,0.3015983,0.7529341379801432,R1_FLOOD_LEVEL|R3_SUSTAINED_JOINT|R5_RISING_LANDSLIDE,3,1,0,0,0
2023-11-04,10.79598,76.55899,10.79598_76.55899,Palakkad,2023-11-04,0.4880197,0.34581816,0.5758333802223206,R5_RISING_LANDSLIDE,1,0,0,0,0
2023-11-05,10.79598,76.55899,10.79598_76.55899,Palakkad,2023-11-05,0.5477412,0.5172229,0.6743672688802084,R1_FLOOD_LEVEL|R2_LANDSLIDE_LEVEL|R5_RISING_LANDSLIDE,3,1,1,0,0
2023-11-06,10.79598,76.55899,10.79598_76.55899,Palakkad,2023-11-06,0.49309713,0.17648248,0.6764293909072876,R5_RISING_LANDSLIDE,1,0,0,0,0
2023-11-23,10.79598,76.55899,10.79598_76.55899,Palakkad,2023-11-23,0.40277007,0.18279143,0.4701667030652364,R5_RISING_LANDSLIDE,1,0,0,0,0
2023-11-24,10.79598,76.55899,10.79598_76.55899,Palakkad,2023-11-24,0.40277007,0.13860689,0.5002832214037577,R5_RISING_LANDSLIDE,1,0,0,0,0
2024-05-15,10.79598,76.55899,10.79598_76.55899,Palakkad,2024-05-15,0.5606327,0.1298362,0.5089249809583029,R1_FLOOD_LEVEL,1,1,0,0,0
2024-05-16,10.79598,76.55899,10.79598_76.55899,Palakkad,2024-05-16,0.54581726,0.14473106,0.5654223759969076,R1_FLOOD_LEVEL,1,1,0,0,0
2024-05-17,10.79598,76.55899,10.79598_76.55899,Palakkad,2024-05-17,0.585803,0.1228769,0.6219761371612549,R1_FLOOD_LEVEL|R4_RISING_FLOOD,2,1,0,0,0
2024-05-18,10.79598,76.55899,10.79598_76.55899,Palakkad,2024-05-18,0.491552,0.18890335,0.6119498014450073,R4_RISING_FLOOD,1,0,0,0,0
2024-05-19,10.79598,76.55899,10.79598_76.55899,Palakkad,2024-05-19,0.53459203,0.19848086,0.6170881191889445,R1_FLOOD_LEVEL|R4_RISING_FLOOD|R7_JOINT_MODERATE,3,1,0,1,0
2024-05-20,10.79598,76.55899,10.79598_76.55899,Palakkad,2024-05-20,0.5260164,0.38242072,0.6406145493189493,R1_FLOOD_LEVEL|R5_RISING_LANDSLIDE,2,1,0,1,0
2024-05-21,10.79598,76.55899,10.79598_76.55899,Palakkad,2024-05-21,0.53693146,0.11477014,0.6414406696955363,R1_FLOOD_LEVEL|R5_RISING_LANDSLIDE|R6_ENV_PRECURSOR,3,1,0,1,0
2024-05-22,10.79598,76.55899,10.79598_76.55899,Palakkad,2024-05-22,0.54642797,0.2232086,0.6483415166536967,R1_FLOOD_LEVEL|R5_RISING_LANDSLIDE|R6_ENV_PRECURSOR|R7_JOINT_MODERATE,4,1,0,1,0
2024-05-23,10.79598,76.55899,10.79598_76.55899,Palakkad,2024-05-23,0.5498656,0.20867974,0.6271821856498718,R1_FLOOD_LEVEL|R7_JOINT_MODERATE,2,1,0,0,0
2024-05-24,10.79598,76.55899,10.79598_76.55899,Palakkad,2024-05-24,0.54642797,0.34162307,0.6642824411392212,R1_FLOOD_LEVEL|R7_JOINT_MODERATE,2,1,0,0,0
2024-05-25,10.79598,76.55899,10.79598_76.55899,Palakkad,2024-05-25,0.5382861,0.1228152,0.6467232505480448,R1_FLOOD_LEVEL|R7_JOINT_MODERATE,2,1,0,0,0
2024-05-26,10.79598,76.55899,10.79598_76.55899,Palakkad,2024-05-26,0.52792424,0.17501721,0.6356386144955953,R1_FLOOD_LEVEL|R7_JOINT_MODERATE,2,1,0,0,0
2024-05-27,10.79598,76.55899,10.79598_76.55899,Palakkad,2024-05-27,0.52792424,0.094059795,0.5926216046015421,R1_FLOOD_LEVEL,1,1,0,0,0
2024-05-28,10.79598,76.55899,10.79598_76.55899,Palakkad,2024-05-28,0.5382861,0.1631086,0.5988229513168335,R1_FLOOD_LEVEL,1,1,0,0,0
2024-06-01,10.79598,76.55899,10.79598_76.55899,Palakkad,2024-06-01,0.49733582,0.4399731,0.5896900097529093,R5_RISING_LANDSLIDE,1,0,0,0,0
2024-06-02,10.79598,76.55899,10.79598_76.55899,Palakkad,2024-06-02,0.5136882,0.14912382,0.6074833472569784,R1_FLOOD_LEVEL|R5_RISING_LANDSLIDE,2,1,0,0,0
2024-06-03,10.79598,76.55899,10.79598_76.55899,Palakkad,2024-06-03,0.4531275,0.22760323,0.6274335980415344,R5_RISING_LANDSLIDE,1,0,0,0,0
2024-06-04,10.79598,76.55899,10.79598_76.55899,Palakkad,2024-06-04,0.50707436,0.15127003,0.5818151632944742,R1_FLOOD_LEVEL,1,1,0,0,0
2024-06-06,10.79598,76.55899,10.79598_76.55899,Palakkad,2024-06-06,0.5458398,0.74500394,0.6799063086509705,R1_FLOOD_LEVEL|R2_LANDSLIDE_LEVEL|R5_RISING_LANDSLIDE,3,1,1,0,0
2024-06-07,10.79598,76.55899,10.79598_76.55899,Palakkad,2024-06-07,0.5349529,0.4203044,0.7294979890187582,R1_FLOOD_LEVEL|R5_RISING_LANDSLIDE,2,1,0,0,0
2024-06-08,10.79598,76.55899,10.79598_76.55899,Palakkad,2024-06-08,0.5349529,0.3664405,0.7733233968416849,R1_FLOOD_LEVEL|R3_SUSTAINED_JOINT|R4_RISING_FLOOD|R5_RISING_LANDSLIDE|R6_ENV_PRECURSOR|R7_JOINT_MODERATE,6,1,0,0,0
2024-06-09,10.79598,76.55899,10.79598_76.55899,Palakkad,2024-06-09,0.51639533,0.14414288,0.6739609241485596,R1_FLOOD_LEVEL,1,1,0,0,0
2024-06-10,10.79598,76.55899,10.79598_76.55899,Palakkad,2024-06-10,0.52678335,0.14211792,0.6285014748573303,R1_FLOOD_LEVEL,1,1,0,0,0
2024-06-11,10.79598,76.55899,10.79598_76.55899,Palakkad,2024-06-11,0.52678335,0.11783787,0.5875618656476339,R1_FLOOD_LEVEL,1,1,0,0,0
2024-06-12,10.79598,76.55899,10.79598_76.55899,Palakkad,2024-06-12,0.52678335,0.12664662,0.5877655744552612,R1_FLOOD_LEVEL,1,1,0,0,0
2024-06-19,10.79598,76.55899,10.79598_76.55899,Palakkad,2024-06-19,0.48456898,0.15640849,0.5647484461466471,R5_RISING_LANDSLIDE,1,0,0,0,0
2024-06-20,10.79598,76.55899,10.79598_76.55899,Palakkad,2024-06-20,0.495944,0.31003556,0.6073654095331827,R5_RISING_LANDSLIDE,1,0,0,0,0
2024-06-25,10.79598,76.55899,10.79598_76.55899,Palakkad,2024-06-25,0.43789384,0.27695188,0.6124453147252401,R5_RISING_LANDSLIDE,1,0,0,0,0
2024-06-26,10.79598,76.55899,10.79598_76.55899,Palakkad,2024-06-26,0.5477412,0.51000273,0.6599827806154887,R1_FLOOD_LEVEL|R2_LANDSLIDE_LEVEL|R5_RISING_LANDSLIDE,3,1,1,0,0
2024-06-27,10.79598,76.55899,10.79598_76.55899,Palakkad,2024-06-27,0.5543277,0.51772344,0.7190091212590536,R1_FLOOD_LEVEL|R2_LANDSLIDE_LEVEL|R5_RISING_LANDSLIDE|R6_ENV_PRECURSOR,4,1,1,0,0
2024-06-28,10.79598,76.55899,10.79598_76.55899,Palakkad,2024-06-28,0.54982466,0.33117303,0.7541225751241049,R1_FLOOD_LEVEL|R3_SUSTAINED_JOINT|R4_RISING_FLOOD|R5_RISING_LANDSLIDE|R7_JOINT_MODERATE,5,1,0,0,0
2024-06-29,10.79598,76.55899,10.79598_76.55899,Palakkad,2024-06-29,0.5424234,0.15006402,0.698354184627533,R1_FLOOD_LEVEL|R3_SUSTAINED_JOINT|R4_RISING_FLOOD|R7_JOINT_MODERATE,4,1,0,0,0
2024-06-30,10.79598,76.55899,10.79598_76.55899,Palakkad,2024-06-30,0.570049,0.54361373,0.7045920292536417,R1_FLOOD_LEVEL|R2_LANDSLIDE_LEVEL|R3_SUSTAINED_JOINT|R7_JOINT_MODERATE,4,1,1,0,0
2024-07-01,10.79598,76.55899,10.79598_76.55899,Palakkad,2024-07-01,0.56953245,0.6836545,0.7595630089441935,R1_FLOOD_LEVEL|R2_LANDSLIDE_LEVEL|R3_SUSTAINED_JOINT|R7_JOINT_MODERATE,4,1,1,0,0
2024-07-02,10.79598,76.55899,10.79598_76.55899,Palakkad,2024-07-02,0.55929774,0.23575701,0.7769320607185364,R1_FLOOD_LEVEL|R3_SUSTAINED_JOINT|R5_RISING_LANDSLIDE|R7_JOINT_MODERATE,4,1,0,0,0
2024-07-03,10.79598,76.55899,10.79598_76.55899,Palakkad,2024-07-03,0.5368565,0.16676489,0.7137041489283243,R1_FLOOD_LEVEL|R3_SUSTAINED_JOINT|R7_JOINT_MODERATE,3,1,0,0,0
2024-07-04,10.79598,76.55899,10.79598_76.55899,Palakkad,2024-07-04,0.52764493,0.2259029,0.637213408946991,R1_FLOOD_LEVEL|R7_JOINT_MODERATE,2,1,0,0,0
2024-07-05,10.79598,76.55899,10.79598_76.55899,Palakkad,2024-07-05,0.54719037,0.20739019,0.6298474868138632,R1_FLOOD_LEVEL|R7_JOINT_MODERATE,2,1,0,0,0
2024-07-06,10.79598,76.55899,10.79598_76.55899,Palakkad,2024-07-06,0.54719037,0.7184975,0.7159942984580994,R1_FLOOD_LEVEL|R2_LANDSLIDE_LEVEL|R7_JOINT_MODERATE,3,1,1,0,0
2024-07-07,10.79598,76.55899,10.79598_76.55899,Palakkad,2024-07-07,0.49002215,0.32074535,0.7224089304606119,R3_SUSTAINED_JOINT|R5_RISING_LANDSLIDE,2,0,0,0,0
2024-07-08,10.79598,76.55899,10.79598_76.55899,Palakkad,2024-07-08,0.5151679,0.702119,0.7939019600550333,R1_FLOOD_LEVEL|R2_LANDSLIDE_LEVEL|R3_SUSTAINED_JOINT|R5_RISING_LANDSLIDE,4,1,1,0,0
2024-07-09,10.79598,76.55899,10.79598_76.55899,Palakkad,2024-07-09,0.5047646,0.2820854,0.7178787390391032,R1_FLOOD_LEVEL|R3_SUSTAINED_JOINT,2,1,0,0,0
2024-07-10,10.79598,76.55899,10.79598_76.55899,Palakkad,2024-07-10,0.50560904,0.48190382,0.7479663093884786,R1_FLOOD_LEVEL|R3_SUSTAINED_JOINT|R5_RISING_LANDSLIDE,3,1,0,0,0
2024-07-12,10.79598,76.55899,10.79598_76.55899,Palakkad,2024-07-12,0.555305,0.6157272,0.7083023190498352,R1_FLOOD_LEVEL|R2_LANDSLIDE_LEVEL,2,1,1,0,0
2024-07-13,10.79598,76.55899,10.79598_76.55899,Palakkad,2024-07-13,0.570049,0.35276696,0.7009235223134359,R1_FLOOD_LEVEL|R3_SUSTAINED_JOINT|R7_JOINT_MODERATE,3,1,0,1,0
2024-07-14,10.79598,76.55899,10.79598_76.55899,Palakkad,2024-07-14,0.5635469,0.6110194,0.7936885158220927,R1_FLOOD_LEVEL|R2_LANDSLIDE_LEVEL|R3_SUSTAINED_JOINT|R4_RISING_FLOOD|R5_RISING_LANDSLIDE|R7_JOINT_MODERATE,6,1,1,0,0
2024-07-15,10.79598,76.55899,10.79598_76.55899,Palakkad,2024-07-15,0.58594364,0.867302,0.83233509461085,R1_FLOOD_LEVEL|R2_LANDSLIDE_LEVEL|R3_SUSTAINED_JOINT|R4_RISING_FLOOD|R5_RISING_LANDSLIDE|R7_JOINT_MODERATE,6,1,1,1,0
2024-07-16,10.79598,76.55899,10.79598_76.55899,Palakkad,2024-07-16,0.64808905,0.87682503,0.9106457034746805,R1_FLOOD_LEVEL|R2_LANDSLIDE_LEVEL|R3_SUSTAINED_JOINT|R4_RISING_FLOOD|R5_RISING_LANDSLIDE|R7_JOINT_MODERATE,6,1,1,1,0
2024-07-17,10.79598,76.55899,10.79598_76.55899,Palakkad,2024-07-17,0.6413684,0.78550977,0.9415953159332275,R1_FLOOD_LEVEL|R2_LANDSLIDE_LEVEL|R3_SUSTAINED_JOINT|R4_RISING_FLOOD|R5_RISING_LANDSLIDE|R7_JOINT_MODERATE,6,1,1,0,0
2024-07-18,10.79598,76.55899,10.79598_76.55899,Palakkad,2024-07-18,0.6060266,0.8905662,0.9455387989679972,R1_FLOOD_LEVEL|R2_LANDSLIDE_LEVEL|R3_SUSTAINED_JOINT|R4_RISING_FLOOD|R5_RISING_LANDSLIDE|R7_JOINT_MODERATE,6,1,1,0,0
2024-07-19,10.79598,76.55899,10.79598_76.55899,Palakkad,2024-07-19,0.6060266,0.8378319,0.9386910398801168,R1_FLOOD_LEVEL|R2_LANDSLIDE_LEVEL|R3_SUSTAINED_JOINT|R7_JOINT_MODERATE,4,1,1,0,0
2024-07-20,10.79598,76.55899,10.79598_76.55899,Palakkad,2024-07-20,0.6354241,0.36088312,0.8866631587346395,R1_FLOOD_LEVEL|R3_SUSTAINED_JOINT|R7_JOINT_MODERATE,3,1,0,0,0
2024-07-21,10.79598,76.55899,10.79598_76.55899,Palakkad,2024-07-21,0.6151873,0.38043413,0.8215622305870056,R1_FLOOD_LEVEL|R3_SUSTAINED_JOINT|R7_JOINT_MODERATE,3,1,0,0,0
2024-07-22,10.79598,76.55899,10.79598_76.55899,Palakkad,2024-07-22,0.59655666,0.5964494,0.7885889410972595,R1_FLOOD_LEVEL|R2_LANDSLIDE_LEVEL|R3_SUSTAINED_JOINT|R7_JOINT_MODERATE,4,1,1,0,0
2024-07-23,10.79598,76.55899,10.79598_76.55899,Palakkad,2024-07-23,0.5598171,0.14455186,0.7407399217287699,R1_FLOOD_LEVEL|R3_SUSTAINED_JOINT|R7_JOINT_MODERATE,3,1,0,0,0
2024-07-24,10.79598,76.55899,10.79598_76.55899,Palakkad,2024-07-24,0.57450634,0.3690883,0.7307292024294535,R1_FLOOD_LEVEL|R3_SUSTAINED_JOINT|R7_JOINT_MODERATE,3,1,0,0,0
2024-07-25,10.79598,76.55899,10.79598_76.55899,Palakkad,2024-07-25,0.59519285,0.30343205,0.6910072366396586,R1_FLOOD_LEVEL|R3_SUSTAINED_JOINT|R7_JOINT_MODERATE,3,1,0,0,0
2024-07-26,10.79598,76.55899,10.79598_76.55899,Palakkad,2024-07-26,0.59519285,0.8487762,0.7961196303367615,R1_FLOOD_LEVEL|R2_LANDSLIDE_LEVEL|R3_SUSTAINED_JOINT|R5_RISING_LANDSLIDE|R7_JOINT_MODERATE,5,1,1,0,0
2024-07-27,10.79598,76.55899,10.79598_76.55899,Palakkad,2024-07-27,0.6151873,0.5885405,0.8328243295351664,R1_FLOOD_LEVEL|R2_LANDSLIDE_LEVEL|R3_SUSTAINED_JOINT|R5_RISING_LANDSLIDE|R7_JOINT_MODERATE,5,1,1,0,0
2024-07-28,10.79598,76.55899,10.79598_76.55899,Palakkad,2024-07-28,0.59519285,0.45244446,0.8529314200083414,R1_FLOOD_LEVEL|R3_SUSTAINED_JOINT|R5_RISING_LANDSLIDE|R7_JOINT_MODERATE,4,1,0,0,0
2024-07-29,10.79598,76.55899,10.79598_76.55899,Palakkad,2024-07-29,0.5858766,0.84677416,0.8521854480107626,R1_FLOOD_LEVEL|R2_LANDSLIDE_LEVEL|R3_SUSTAINED_JOINT|R5_RISING_LANDSLIDE|R7_JOINT_MODERATE,5,1,1,0,1
2024-07-30,10.79598,76.55899,10.79598_76.55899,Palakkad,2024-07-30,0.66729784,0.826625,0.885736326376597,R1_FLOOD_LEVEL|R2_LANDSLIDE_LEVEL|R3_SUSTAINED_JOINT|R5_RISING_LANDSLIDE|R7_JOINT_MODERATE,5,1,1,0,1
2024-07-31,10.79598,76.55899,10.79598_76.55899,Palakkad,2024-07-31,0.6575395,0.81214654,0.9381770094235738,R1_FLOOD_LEVEL|R2_LANDSLIDE_LEVEL|R3_SUSTAINED_JOINT|R5_RISING_LANDSLIDE|R7_JOINT_MODERATE,5,1,1,0,0
2024-08-01,10.79598,76.55899,10.79598_76.55899,Palakkad,2024-08-01,0.63925236,0.4584975,0.8942132194836935,R1_FLOOD_LEVEL|R3_SUSTAINED_JOINT|R4_RISING_FLOOD|R5_RISING_LANDSLIDE|R7_JOINT_MODERATE,5,1,0,0,0
2024-08-02,10.79598,76.55899,10.79598_76.55899,Palakkad,2024-08-02,0.6328273,0.2282287,0.8189828395843506,R1_FLOOD_LEVEL|R3_SUSTAINED_JOINT|R7_JOINT_MODERATE,3,1,0,0,0
2024-08-03,10.79598,76.55899,10.79598_76.55899,Palakkad,2024-08-03,0.56582975,0.13828199,0.7157162030537924,R1_FLOOD_LEVEL|R3_SUSTAINED_JOINT|R7_JOINT_MODERATE,3,1,0,0,0
2024-08-04,10.79598,76.55899,10.79598_76.55899,Palakkad,2024-08-04,0.54479027,0.21117072,0.6611372033754984,R1_FLOOD_LEVEL|R7_JOINT_MODERATE,2,1,0,0,0
2024-08-05,10.79598,76.55899,10.79598_76.55899,Palakkad,2024-08-05,0.5332668,0.3258584,0.6507135629653931,R1_FLOOD_LEVEL|R7_JOINT_MODERATE,2,1,0,0,0
2024-08-06,10.79598,76.55899,10.79598_76.55899,Palakkad,2024-08-06,0.5259417,0.7534347,0.7364622155825297,R1_FLOOD_LEVEL|R2_LANDSLIDE_LEVEL|R5_RISING_LANDSLIDE,3,1,1,0,0
2024-08-07,10.79598,76.55899,10.79598_76.55899,Palakkad,2024-08-07,0.5091031,0.8702995,0.8349332809448242,R1_FLOOD_LEVEL|R2_LANDSLIDE_LEVEL|R3_SUSTAINED_JOINT|R5_RISING_LANDSLIDE,4,1,1,0,0
2024-08-08,10.79598,76.55899,10.79598_76.55899,Palakkad,2024-08-08,0.49465063,0.6251853,0.8766772548357645,R2_LANDSLIDE_LEVEL|R3_SUSTAINED_JOINT|R5_RISING_LANDSLIDE,3,0,1,0,0
2024-08-09,10.79598,76.55899,10.79598_76.55899,Palakkad,2024-08-09,0.5228921,0.3538987,0.8128860195477804,R1_FLOOD_LEVEL|R3_SUSTAINED_JOINT|R5_RISING_LANDSLIDE,3,1,0,0,0
2024-08-10,10.79598,76.55899,10.79598_76.55899,Palakkad,2024-08-10,0.5259417,0.35932693,0.7328704198201498,R1_FLOOD_LEVEL|R3_SUSTAINED_JOINT,2,1,0,0,0
2024-08-11,10.79598,76.55899,10.79598_76.55899,Palakkad,2024-08-11,0.5259417,0.8647252,0.7746318181355795,R1_FLOOD_LEVEL|R2_LANDSLIDE_LEVEL|R3_SUSTAINED_JOINT,3,1,1,0,0
2024-08-12,10.79598,76.55899,10.79598_76.55899,Palakkad,2024-08-12,0.5103961,0.48451972,0.7932581106821696,R1_FLOOD_LEVEL|R3_SUSTAINED_JOINT,2,1,0,0,0
2024-08-13,10.79598,76.55899,10.79598_76.55899,Palakkad,2024-08-13,0.46971267,0.21962632,0.7565561334292094,R3_SUSTAINED_JOINT|R5_RISING_LANDSLIDE,2,0,0,0,0
2024-08-15,10.79598,76.55899,10.79598_76.55899,Palakkad,2024-08-15,0.51684433,0.18623911,0.6037254333496094,R1_FLOOD_LEVEL,1,1,0,0,0
2024-08-19,10.79598,76.55899,10.79598_76.55899,Palakkad,2024-08-19,0.4491279,0.7823593,0.6695149540901184,R2_LANDSLIDE_LEVEL|R5_RISING_LANDSLIDE,2,0,1,0,0
2024-08-20,10.79598,76.55899,10.79598_76.55899,Palakkad,2024-08-20,0.4491279,0.52140576,0.7151436607042948,R2_LANDSLIDE_LEVEL|R5_RISING_LANDSLIDE,2,0,1,0,0
2024-08-21,10.79598,76.55899,10.79598_76.55899,Palakkad,2024-08-21,0.4491279,0.4314016,0.7677462100982666,R3_SUSTAINED_JOINT|R5_RISING_LANDSLIDE,2,0,0,0,0
2024-10-09,10.79598,76.55899,10.79598_76.55899,Palakkad,2024-10-09,0.4880197,0.3547807,0.5648746689160665,R5_RISING_LANDSLIDE,1,0,0,0,0
2024-10-10,10.79598,76.55899,10.79598_76.55899,Palakkad,2024-10-10,0.47982743,0.1498968,0.5891568263371786,R5_RISING_LANDSLIDE,1,0,0,0,0
2024-10-11,10.79598,76.55899,10.79598_76.55899,Palakkad,2024-10-11,0.47982743,0.33906052,0.6278858184814453,R5_RISING_LANDSLIDE,1,0,0,0,0
2024-10-12,10.79598,76.55899,10.79598_76.55899,Palakkad,2024-10-12,0.47982743,0.40369338,0.6346048911412557,R5_RISING_LANDSLIDE,1,0,0,0,0
2024-10-13,10.79598,76.55899,10.79598_76.55899,Palakkad,2024-10-13,0.4885462,0.20635112,0.6467001040776571,R5_RISING_LANDSLIDE,1,0,0,0,0
2024-10-14,10.79598,76.55899,10.79598_76.55899,Palakkad,2024-10-14,0.5090654,0.64787173,0.7036769787470499,R1_FLOOD_LEVEL|R2_LANDSLIDE_LEVEL|R5_RISING_LANDSLIDE,3,1,1,0,0
2024-10-15,10.79598,76.55899,10.79598_76.55899,Palakkad,2024-10-15,0.54749376,0.14538367,0.6781646807988485,R1_FLOOD_LEVEL,1,1,0,0,0
2024-10-16,10.79598,76.55899,10.79598_76.55899,Palakkad,2024-10-16,0.5136156,0.14150208,0.674282948176066,R1_FLOOD_LEVEL,1,1,0,0,0
2024-10-22,10.79598,76.55899,10.79598_76.55899,Palakkad,2024-10-22,0.44871137,0.31785163,0.5889371434847513,R5_RISING_LANDSLIDE,1,0,0,0,0
2024-10-24,10.79598,76.55899,10.79598_76.55899,Palakkad,2024-10-24,0.49309713,0.33609083,0.6066595315933228,R5_RISING_LANDSLIDE,1,0,0,0,0
2024-10-26,10.79598,76.55899,10.79598_76.55899,Palakkad,2024-10-26,0.5477412,0.1224457,0.6212514638900757,R1_FLOOD_LEVEL,1,1,0,0,0
2024-10-27,10.79598,76.55899,10.79598_76.55899,Palakkad,2024-10-27,0.5329507,0.09232824,0.5921214818954468,R1_FLOOD_LEVEL|R4_RISING_FLOOD,2,1,0,0,0
2024-11-03,10.79598,76.55899,10.79598_76.55899,Palakkad,2024-11-03,0.42009693,0.21269764,0.5561803778012594,R5_RISING_LANDSLIDE,1,0,0,0,0
2024-11-04,10.79598,76.55899,10.79598_76.55899,Palakkad,2024-11-04,0.42009693,0.118512586,0.5479883750279745,R5_RISING_LANDSLIDE,1,0,0,0,0
2023-06-01,11.13281,76.15629,11.13281_76.15629,Malappuram,2023-06-01,0.45832896,0.2235874,0.47244946161905926,R5_RISING_LANDSLIDE,1,0,0,0,0
2023-06-02,11.13281,76.15629,11.13281_76.15629,Malappuram,2023-06-02,0.46920717,0.10157648,0.5177770853042603,R5_RISING_LANDSLIDE,1,0,0,0,0
2023-06-03,11.13281,76.15629,11.13281_76.15629,Malappuram,2023-06-03,0.5161946,0.11201692,0.557650645573934,R1_FLOOD_LEVEL,1,1,0,0,0
2023-06-04,11.13281,76.15629,11.13281_76.15629,Malappuram,2023-06-04,0.530345,0.109832235,0.5584801435470581,R1_FLOOD_LEVEL,1,1,0,0,0
2023-06-11,11.13281,76.15629,11.13281_76.15629,Malappuram,2023-06-11,0.5308046,0.13598588,0.5418318510055542,R1_FLOOD_LEVEL,1,1,0,0,0
2023-06-12,11.13281,76.15629,11.13281_76.15629,Malappuram,2023-06-12,0.5407049,0.46001324,0.6218236287434896,R1_FLOOD_LEVEL|R4_RISING_FLOOD|R5_RISING_LANDSLIDE,3,1,0,0,0
2023-06-13,11.13281,76.15629,11.13281_76.15629,Malappuram,2023-06-13,0.55157,0.113907136,0.6497482260068258,R1_FLOOD_LEVEL|R4_RISING_FLOOD|R5_RISING_LANDSLIDE|R7_JOINT_MODERATE,4,1,0,0,0
2023-06-14,11.13281,76.15629,11.13281_76.15629,Malappuram,2023-06-14,0.53869045,0.11183331,0.6483054558436075,R1_FLOOD_LEVEL|R4_RISING_FLOOD|R5_RISING_LANDSLIDE|R7_JOINT_MODERATE,4,1,0,0,0
2023-06-15,11.13281,76.15629,11.13281_76.15629,Malappuram,2023-06-15,0.51962227,0.102102965,0.5871999661127726,R1_FLOOD_LEVEL,1,1,0,0,0
2023-06-16,11.13281,76.15629,11.13281_76.15629,Malappuram,2023-06-16,0.5029489,0.08577003,0.5681771636009216,R1_FLOOD_LEVEL,1,1,0,0,0
2023-06-17,11.13281,76.15629,11.13281_76.15629,Malappuram,2023-06-17,0.53459203,0.093434386,0.5641094644864401,R1_FLOOD_LEVEL,1,1,0,0,0
2023-06-18,11.13281,76.15629,11.13281_76.15629,Malappuram,2023-06-18,0.52648944,0.08577003,0.5635868509610494,R1_FLOOD_LEVEL,1,1,0,0,0
2023-06-19,11.13281,76.15629,11.13281_76.15629,Malappuram,2023-06-19,0.50548404,0.28578743,0.5973300337791443,R1_FLOOD_LEVEL,1,1,0,0,0
2023-06-20,11.13281,76.15629,11.13281_76.15629,Malappuram,2023-06-20,0.5373176,0.6546023,0.684701164563497,R1_FLOOD_LEVEL|R2_LANDSLIDE_LEVEL|R5_RISING_LANDSLIDE,3,1,1,0,0
2023-06-21,11.13281,76.15629,11.13281_76.15629,Malappuram,2023-06-21,0.55309814,0.67030877,0.7798871397972107,R1_FLOOD_LEVEL|R2_LANDSLIDE_LEVEL|R5_RISING_LANDSLIDE,3,1,1,0,0
2023-06-22,11.13281,76.15629,11.13281_76.15629,Malappuram,2023-06-22,0.55309814,0.26564127,0.788221538066864,R1_FLOOD_LEVEL|R3_SUSTAINED_JOINT|R5_RISING_LANDSLIDE|R7_JOINT_MODERATE,4,1,0,0,0
2023-06-23,11.13281,76.15629,11.13281_76.15629,Malappuram,2023-06-23,0.55309814,0.18621944,0.7202646931012472,R1_FLOOD_LEVEL|R3_SUSTAINED_JOINT|R7_JOINT_MODERATE,3,1,0,0,0
2023-06-24,11.13281,76.15629,11.13281_76.15629,Malappuram,2023-06-24,0.54497623,0.24297002,0.6545556783676147,R1_FLOOD_LEVEL|R7_JOINT_MODERATE,2,1,0,0,0
2023-06-25,11.13281,76.15629,11.13281_76.15629,Malappuram,2023-06-25,0.55309814,0.4272251,0.6786263783772787,R1_FLOOD_LEVEL|R7_JOINT_MODERATE,2,1,0,0,0
2023-06-26,11.13281,76.15629,11.13281_76.15629,Malappuram,2023-06-26,0.55309814,0.66703385,0.7502519885698954,R1_FLOOD_LEVEL|R2_LANDSLIDE_LEVEL|R5_RISING_LANDSLIDE|R7_JOINT_MODERATE,4,1,1,0,0
2023-06-27,11.13281,76.15629,11.13281_76.15629,Malappuram,2023-06-27,0.5827398,0.5365664,0.8006167411804199,R1_FLOOD_LEVEL|R2_LANDSLIDE_LEVEL|R3_SUSTAINED_JOINT|R5_RISING_LANDSLIDE|R7_JOINT_MODERATE,5,1,1,0,0
2023-06-28,11.13281,76.15629,11.13281_76.15629,Malappuram,2023-06-28,0.5827398,0.37951246,0.7996398607889811,R1_FLOOD_LEVEL|R3_SUSTAINED_JOINT|R5_RISING_LANDSLIDE|R7_JOINT_MODERATE,4,1,0,0,0
2023-06-29,11.13281,76.15629,11.13281_76.15629,Malappuram,2023-06-29,0.5861106,0.38778174,0.7647773623466492,R1_FLOOD_LEVEL|R3_SUSTAINED_JOINT|R7_JOINT_MODERATE,3,1,0,0,0
2023-06-30,11.13281,76.15629,11.13281_76.15629,Malappuram,2023-06-30,0.5747424,0.11850344,0.7042804559071859,R1_FLOOD_LEVEL|R3_SUSTAINED_JOINT|R7_JOINT_MODERATE,3,1,0,0,0
2023-07-01,11.13281,76.15629,11.13281_76.15629,Malappuram,2023-07-01,0.5747424,0.13389197,0.6678090492884318,R1_FLOOD_LEVEL|R7_JOINT_MODERATE,2,1,0,0,0
2023-07-02,11.13281,76.15629,11.13281_76.15629,Malappuram,2023-07-02,0.5747424,0.18154085,0.6362539529800415,R1_FLOOD_LEVEL,1,1,0,0,0
2023-07-03,11.13281,76.15629,11.13281_76.15629,Malappuram,2023-07-03,0.5827398,0.27752545,0.6607216993967692,R1_FLOOD_LEVEL|R7_JOINT_MODERATE,2,1,0,0,0
2023-07-04,11.13281,76.15629,11.13281_76.15629,Malappuram,2023-07-04,0.5532925,0.33973983,0.6851803064346313,R1_FLOOD_LEVEL|R6_ENV_PRECURSOR|R7_JOINT_MODERATE,3,1,0,0,0
2023-07-05,11.13281,76.15629,11.13281_76.15629,Malappuram,2023-07-05,0.6432145,0.43872976,0.7344479362169901,R1_FLOOD_LEVEL|R5_RISING_LANDSLIDE|R6_ENV_PRECURSOR|R7_JOINT_MODERATE,4,1,0,0,0
2023-07-06,11.13281,76.15629,11.13281_76.15629,Malappuram,2023-07-06,0.67047125,0.7156487,0.8037006060282389,R1_FLOOD_LEVEL|R2_LANDSLIDE_LEVEL|R3_SUSTAINED_JOINT|R5_RISING_LANDSLIDE|R6_ENV_PRECURSOR|R7_JOINT_MODERATE,6,1,1,0,0
2023-07-07,11.13281,76.15629,11.13281_76.15629,Malappuram,2023-07-07,0.67047125,0.7059176,0.8697121342023214,R1_FLOOD_LEVEL|R2_LANDSLIDE_LEVEL|R3_SUSTAINED_JOINT|R4_RISING_FLOOD|R5_RISING_LANDSLIDE|R7_JOINT_MODERATE,6,1,1,0,0
2023-07-08,11.13281,76.15629,11.13281_76.15629,Malappuram,2023-07-08,0.6687839,0.15784723,0.8434849580128988,R1_FLOOD_LEVEL|R3_SUSTAINED_JOINT|R4_RISING_FLOOD|R5_RISING_LANDSLIDE|R7_JOINT_MODERATE,5,1,0,0,0
2023-07-09,11.13281,76.15629,11.13281_76.15629,Malappuram,2023-07-09,0.66044617,0.11770549,0.7748567461967468,R1_FLOOD_LEVEL|R3_SUSTAINED_JOINT|R7_JOINT_MODERATE,3,1,0,0,0
2023-07-10,11.13281,76.15629,11.13281_76.15629,Malappuram,2023-07-10,0.6432145,0.6560148,0.7662499745686849,R1_FLOOD_LEVEL|R2_LANDSLIDE_LEVEL|R3_SUSTAINED_JOINT|R7_JOINT_MODERATE,4,1,1,1,0
2023-07-11,11.13281,76.15629,11.13281_76.15629,Malappuram,2023-07-11,0.6114226,0.39924324,0.7814146677652994,R1_FLOOD_LEVEL|R3_SUSTAINED_JOINT|R7_JOINT_MODERATE,3,1,0,0,0
2023-07-12,11.13281,76.15629,11.13281_76.15629,Malappuram,2023-07-12,0.59519285,0.23887941,0.7785745064417521,R1_FLOOD_LEVEL|R3_SUSTAINED_JOINT|R5_RISING_LANDSLIDE|R7_JOINT_MODERATE,4,1,0,0,0
2023-07-13,11.13281,76.15629,11.13281_76.15629,Malappuram,2023-07-13,0.59519285,0.11943504,0.7006644805272421,R1_FLOOD_LEVEL|R3_SUSTAINED_JOINT|R7_JOINT_MODERATE,3,1,0,0,0
2023-07-14,11.13281,76.15629,11.13281_76.15629,Malappuram,2023-07-14,0.59519285,0.10736117,0.6580291191736857,R1_FLOOD_LEVEL,1,1,0,0,0
2023-07-15,11.13281,76.15629,11.13281_76.15629,Malappuram,2023-07-15,0.59519285,0.21816014,0.6552333434422811,R1_FLOOD_LEVEL,1,1,0,0,0
2023-07-16,11.13281,76.15629,11.13281_76.15629,Malappuram,2023-07-16,0.57246125,0.16862689,0.6555716196695963,R1_FLOOD_LEVEL|R7_JOINT_MODERATE,2,1,0,0,0
2023-07-17,11.13281,76.15629,11.13281_76.15629,Malappuram,2023-07-17,0.5206804,0.2699655,0.6593805551528931,R1_FLOOD_LEVEL|R7_JOINT_MODERATE,2,1,0,0,0
2023-07-18,11.13281,76.15629,11.13281_76.15629,Malappuram,2023-07-18,0.51003915,0.10932425,0.6194132566452026,R1_FLOOD_LEVEL,1,1,0,0,0
2023-07-23,11.13281,76.15629,11.13281_76.15629,Malappuram,2023-07-23,0.59880006,0.2898917,0.6058025360107422,R1_FLOOD_LEVEL,1,1,0,0,0
2023-07-24,11.13281,76.15629,11.13281_76.15629,Malappuram,2023-07-24,0.6362388,0.78479457,0.7229788104693095,R1_FLOOD_LEVEL|R2_LANDSLIDE_LEVEL|R4_RISING_FLOOD|R5_RISING_LANDSLIDE|R6_ENV_PRECURSOR|R7_JOINT_MODERATE,6,1,1,0,0
2023-07-25,11.13281,76.15629,11.13281_76.15629,Malappuram,2023-07-25,0.6362388,0.7263576,0.8457602461179098,R1_FLOOD_LEVEL|R2_LANDSLIDE_LEVEL|R3_SUSTAINED_JOINT|R4_RISING_FLOOD|R5_RISING_LANDSLIDE|R6_ENV_PRECURSOR|R7_JOINT_MODERATE,7,1,1,0,0
2023-07-26,11.13281,76.15629,11.13281_76.15629,Malappuram,2023-07-26,0.6362388,0.3530697,0.8622826735178629,R1_FLOOD_LEVEL|R3_SUSTAINED_JOINT|R4_RISING_FLOOD|R5_RISING_LANDSLIDE|R6_ENV_PRECURSOR|R7_JOINT_MODERATE,6,1,0,0,0
2023-07-27,11.13281,76.15629,11.13281_76.15629,Malappuram,2023-07-27,0.6220446,0.14686674,0.7808950146039327,R1_FLOOD_LEVEL|R3_SUSTAINED_JOINT|R4_RISING_FLOOD|R7_JOINT_MODERATE,4,1,0,0,0
2023-07-28,11.13281,76.15629,11.13281_76.15629,Malappuram,2023-07-28,0.6220446,0.1578129,0.7079721093177795,R1_FLOOD_LEVEL|R3_SUSTAINED_JOINT|R7_JOINT_MODERATE,3,1,0,0,0
2023-07-29,11.13281,76.15629,11.13281_76.15629,Malappuram,2023-07-29,0.613888,0.16461508,0.6788974603017172,R1_FLOOD_LEVEL,1,1,0,0,0
2023-07-30,11.13281,76.15629,11.13281_76.15629,Malappuram,2023-07-30,0.579091,0.14507782,0.6664314270019531,R1_FLOOD_LEVEL,1,1,0,0,0
2023-08-29,11.13281,76.15629,11.13281_76.15629,Malappuram,2023-08-29,0.34730047,0.27462637,0.43778544664382935,R5_RISING_LANDSLIDE,1,0,0,0,0
2023-08-30,11.13281,76.15629,11.13281_76.15629,Malappuram,2023-08-30,0.35650146,0.13676572,0.45470404624938965,R5_RISING_LANDSLIDE,1,0,0,0,0
2023-08-31,11.13281,76.15629,11.13281_76.15629,Malappuram,2023-08-31,0.34730047,0.11192643,0.46380458275477093,R5_RISING_LANDSLIDE,1,0,0,0,0
2023-09-08,11.13281,76.15629,11.13281_76.15629,Malappuram,2023-09-08,0.59329545,0.07271827,0.5512468020121256,R1_FLOOD_LEVEL,1,1,0,0,0
2023-10-16,11.13281,76.15629,11.13281_76.15629,Malappuram,2023-10-16,0.6111059,0.11183971,0.5292655428250631,R1_FLOOD_LEVEL,1,1,0,0,0
2023-10-17,11.13281,76.15629,11.13281_76.15629,Malappuram,2023-10-17,0.613888,0.11255124,0.593872606754303,R1_FLOOD_LEVEL|R4_RISING_FLOOD,2,1,0,0,0
2023-10-18,11.13281,76.15629,11.13281_76.15629,Malappuram,2023-10-18,0.613888,0.09226878,0.653819739818573,R1_FLOOD_LEVEL|R4_RISING_FLOOD,2,1,0,0,0
2023-10-19,11.13281,76.15629,11.13281_76.15629,Malappuram,2023-10-19,0.5052563,0.07208927,0.6159271597862244,R1_FLOOD_LEVEL|R4_RISING_FLOOD,2,1,0,0,0
2023-10-24,11.13281,76.15629,11.13281_76.15629,Malappuram,2023-10-24,0.52637625,0.07289778,0.5136380195617676,R1_FLOOD_LEVEL,1,1,0,0,0
2023-10-25,11.13281,76.15629,11.13281_76.15629,Malappuram,2023-10-25,0.59598076,0.07289778,0.5566176772117615,R1_FLOOD_LEVEL|R4_RISING_FLOOD,2,1,0,0,0
2023-11-04,11.13281,76.15629,11.13281_76.15629,Malappuram,2023-11-04,0.5803484,0.406114,0.6416681607564291,R1_FLOOD_LEVEL|R5_RISING_LANDSLIDE,2,1,0,0,0
2023-11-05,11.13281,76.15629,11.13281_76.15629,Malappuram,2023-11-05,0.62848496,0.7572157,0.7647799054781595,R1_FLOOD_LEVEL|R2_LANDSLIDE_LEVEL|R4_RISING_FLOOD|R5_RISING_LANDSLIDE|R7_JOINT_MODERATE,5,1,1,0,0
2023-11-06,11.13281,76.15629,11.13281_76.15629,Malappuram,2023-11-06,0.62848496,0.24260569,0.7930644353230795,R1_FLOOD_LEVEL|R3_SUSTAINED_JOINT|R4_RISING_FLOOD|R5_RISING_LANDSLIDE|R7_JOINT_MODERATE,5,1,0,0,0
2023-11-07,11.13281,76.15629,11.13281_76.15629,Malappuram,2023-11-07,0.5803484,0.30477485,0.7788887421290079,R1_FLOOD_LEVEL|R3_SUSTAINED_JOINT|R4_RISING_FLOOD|R5_RISING_LANDSLIDE|R7_JOINT_MODERATE,5,1,0,0,0
2023-11-08,11.13281,76.15629,11.13281_76.15629,Malappuram,2023-11-08,0.6365757,0.24703465,0.717739462852478,R1_FLOOD_LEVEL|R3_SUSTAINED_JOINT|R4_RISING_FLOOD|R7_JOINT_MODERATE,4,1,0,0,0
2023-11-09,11.13281,76.15629,11.13281_76.15629,Malappuram,2023-11-09,0.63991964,0.21126446,0.716864546140035,R1_FLOOD_LEVEL|R3_SUSTAINED_JOINT|R7_JOINT_MODERATE,3,1,0,0,0
2023-11-10,11.13281,76.15629,11.13281_76.15629,Malappuram,2023-11-10,0.63991964,0.21258092,0.7196039358774821,R1_FLOOD_LEVEL|R3_SUSTAINED_JOINT|R7_JOINT_MODERATE,3,1,0,0,0
2023-11-11,11.13281,76.15629,11.13281_76.15629,Malappuram,2023-11-11,0.56798553,0.11975652,0.6840599377950033,R1_FLOOD_LEVEL|R7_JOINT_MODERATE,2,1,0,0,0
2023-11-12,11.13281,76.15629,11.13281_76.15629,Malappuram,2023-11-12,0.56798553,0.11566916,0.6513814131418864,R1_FLOOD_LEVEL,1,1,0,0,0
2023-11-13,11.13281,76.15629,11.13281_76.15629,Malappuram,2023-11-13,0.55857575,0.07962043,0.6104668378829956,R1_FLOOD_LEVEL,1,1,0,0,0
2023-11-23,11.13281,76.15629,11.13281_76.15629,Malappuram,2023-11-23,0.3876613,0.32348305,0.48682065804799396,R5_RISING_LANDSLIDE,1,0,0,0,0
2023-11-24,11.13281,76.15629,11.13281_76.15629,Malappuram,2023-11-24,0.3876613,0.19199593,0.5245869358380636,R5_RISING_LANDSLIDE,1,0,0,0,0
2023-11-25,11.13281,76.15629,11.13281_76.15629,Malappuram,2023-11-25,0.380114,0.08711713,0.508362332979838,R5_RISING_LANDSLIDE,1,0,0,0,0
2024-05-15,11.13281,76.15629,11.13281_76.15629,Malappuram,2024-05-15,0.5037028,0.1292466,0.5178611477216085,R1_FLOOD_LEVEL,1,1,0,0,0
2024-05-17,11.13281,76.15629,11.13281_76.15629,Malappuram,2024-05-17,0.50799865,0.1228769,0.5601344307263693,R1_FLOOD_LEVEL,1,1,0,0,0
2024-05-20,11.13281,76.15629,11.13281_76.15629,Malappuram,2024-05-20,0.513612,0.38242072,0.6172053615252177,R1_FLOOD_LEVEL|R5_RISING_LANDSLIDE,2,1,0,1,0
2024-05-21,11.13281,76.15629,11.13281_76.15629,Malappuram,2024-05-21,0.5245545,0.11477014,0.6204206148783366,R1_FLOOD_LEVEL|R5_RISING_LANDSLIDE|R6_ENV_PRECURSOR,3,1,0,1,0
2024-05-22,11.13281,76.15629,11.13281_76.15629,Malappuram,2024-05-22,0.5340847,0.24316724,0.64203941822052,R1_FLOOD_LEVEL|R5_RISING_LANDSLIDE|R6_ENV_PRECURSOR,3,1,0,1,0
2024-05-23,11.13281,76.15629,11.13281_76.15629,Malappuram,2024-05-23,0.5340847,0.18573649,0.6157078742980957,R1_FLOOD_LEVEL|R4_RISING_FLOOD,2,1,0,0,0
2024-05-24,11.13281,76.15629,11.13281_76.15629,Malappuram,2024-05-24,0.5340847,0.28482395,0.6449302236239115,R1_FLOOD_LEVEL,1,1,0,0,0
2024-05-25,11.13281,76.15629,11.13281_76.15629,Malappuram,2024-05-25,0.52591336,0.115624584,0.6227133671442667,R1_FLOOD_LEVEL,1,1,0,0,0
2024-05-26,11.13281,76.15629,11.13281_76.15629,Malappuram,2024-05-26,0.5155238,0.17490472,0.6159263054529825,R1_FLOOD_LEVEL,1,1,0,0,0
2024-05-27,11.13281,76.15629,11.13281_76.15629,Malappuram,2024-05-27,0.5155238,0.094059795,0.5806946555773417,R1_FLOOD_LEVEL,1,1,0,0,0
2024-05-28,11.13281,76.15629,11.13281_76.15629,Malappuram,2024-05-28,0.52591336,0.18180364,0.5911528666814169,R1_FLOOD_LEVEL,1,1,0,0,0
2024-05-29,11.13281,76.15629,11.13281_76.15629,Malappuram,2024-05-29,0.50328374,0.14933921,0.5835535128911337,R1_FLOOD_LEVEL,1,1,0,0,0
2024-05-30,11.13281,76.15629,11.13281_76.15629,Malappuram,2024-05-30,0.5136882,0.23556489,0.6059377193450928,R1_FLOOD_LEVEL,1,1,0,0,0
2024-06-01,11.13281,76.15629,11.13281_76.15629,Malappuram,2024-06-01,0.5024949,0.41104347,0.6194155613581339,R1_FLOOD_LEVEL|R5_RISING_LANDSLIDE,2,1,0,0,0
2024-06-02,11.13281,76.15629,11.13281_76.15629,Malappuram,2024-06-02,0.5351269,0.23140855,0.6242343386014303,R1_FLOOD_LEVEL,1,1,0,0,0
2024-06-03,11.13281,76.15629,11.13281_76.15629,Malappuram,2024-06-03,0.59519285,0.33989802,0.6941598653793335,R1_FLOOD_LEVEL|R4_RISING_FLOOD|R5_RISING_LANDSLIDE|R7_JOINT_MODERATE,4,1,0,0,0
2024-06-04,11.13281,76.15629,11.13281_76.15629,Malappuram,2024-06-04,0.5434107,0.14291997,0.6613849798838297,R1_FLOOD_LEVEL|R4_RISING_FLOOD|R7_JOINT_MODERATE,3,1,0,0,0
2024-06-05,11.13281,76.15629,11.13281_76.15629,Malappuram,2024-06-05,0.53693306,0.15640849,0.6502710382143656,R1_FLOOD_LEVEL|R4_RISING_FLOOD|R7_JOINT_MODERATE,3,1,0,0,0
2024-06-06,11.13281,76.15629,11.13281_76.15629,Malappuram,2024-06-06,0.56049067,0.8057642,0.7108862201372782,R1_FLOOD_LEVEL|R2_LANDSLIDE_LEVEL|R7_JOINT_MODERATE,3,1,1,0,0
2024-06-07,11.13281,76.15629,11.13281_76.15629,Malappuram,2024-06-07,0.56049067,0.64083135,0.788711428642273,R1_FLOOD_LEVEL|R2_LANDSLIDE_LEVEL|R3_SUSTAINED_JOINT|R5_RISING_LANDSLIDE|R7_JOINT_MODERATE,5,1,1,0,0
2024-06-08,11.13281,76.15629,11.13281_76.15629,Malappuram,2024-06-08,0.59519285,0.2392059,0.8162662188212076,R1_FLOOD_LEVEL|R3_SUSTAINED_JOINT|R5_RISING_LANDSLIDE|R7_JOINT_MODERATE,4,1,0,0,0
2024-06-09,11.13281,76.15629,11.13281_76.15629,Malappuram,2024-06-09,0.5507322,0.14101589,0.7160844008127848,R1_FLOOD_LEVEL|R3_SUSTAINED_JOINT|R7_JOINT_MODERATE,3,1,0,0,0
2024-06-10,11.13281,76.15629,11.13281_76.15629,Malappuram,2024-06-10,0.59519285,0.1479432,0.6537308096885681,R1_FLOOD_LEVEL|R7_JOINT_MODERATE,2,1,0,0,0
2024-06-11,11.13281,76.15629,11.13281_76.15629,Malappuram,2024-06-11,0.56390667,0.12383979,0.6290265917778015,R1_FLOOD_LEVEL,1,1,0,0,0
2024-06-12,11.13281,76.15629,11.13281_76.15629,Malappuram,2024-06-12,0.59519285,0.25792098,0.6575315992037455,R1_FLOOD_LEVEL|R7_JOINT_MODERATE,2,1,0,0,0
2024-06-13,11.13281,76.15629,11.13281_76.15629,Malappuram,2024-06-13,0.59519285,0.22633894,0.6681099931399027,R1_FLOOD_LEVEL|R7_JOINT_MODERATE,2,1,0,0,0
2024-06-14,11.13281,76.15629,11.13281_76.15629,Malappuram,2024-06-14,0.4963401,0.09562714,0.643640418847402,R7_JOINT_MODERATE,1,0,0,0,0
2024-06-19,11.13281,76.15629,11.13281_76.15629,Malappuram,2024-06-19,0.47583663,0.15640849,0.580616315205892,R5_RISING_LANDSLIDE,1,0,0,0,0
2024-06-20,11.13281,76.15629,11.13281_76.15629,Malappuram,2024-06-20,0.46758956,0.22958314,0.6059675216674805,R5_RISING_LANDSLIDE,1,0,0,0,0
2024-06-22,11.13281,76.15629,11.13281_76.15629,Malappuram,2024-06-22,0.5240637,0.52780604,0.6316339373588562,R1_FLOOD_LEVEL|R2_LANDSLIDE_LEVEL|R5_RISING_LANDSLIDE,3,1,1,0,0
2024-06-23,11.13281,76.15629,11.13281_76.15629,Malappuram,2024-06-23,0.57527,0.37837052,0.6803516944249471,R1_FLOOD_LEVEL|R5_RISING_LANDSLIDE,2,1,0,0,0
2024-06-24,11.13281,76.15629,11.13281_76.15629,Malappuram,2024-06-24,0.57527,0.33591303,0.7430611451466879,R1_FLOOD_LEVEL|R4_RISING_FLOOD|R5_RISING_LANDSLIDE|R7_JOINT_MODERATE,4,1,0,0,0
2024-06-25,11.13281,76.15629,11.13281_76.15629,Malappuram,2024-06-25,0.6073153,0.388554,0.7379373908042908,R1_FLOOD_LEVEL|R3_SUSTAINED_JOINT|R4_RISING_FLOOD|R7_JOINT_MODERATE,4,1,0,0,0
2024-06-26,11.13281,76.15629,11.13281_76.15629,Malappuram,2024-06-26,0.62848496,0.7755644,0.7981518705685934,R1_FLOOD_LEVEL|R2_LANDSLIDE_LEVEL|R3_SUSTAINED_JOINT|R4_RISING_FLOOD|R5_RISING_LANDSLIDE|R7_JOINT_MODERATE,6,1,1,0,0
2024-06-27,11.13281,76.15629,11.13281_76.15629,Malappuram,2024-06-27,0.6640747,0.45083863,0.8306786815325419,R1_FLOOD_LEVEL|R3_SUSTAINED_JOINT|R4_RISING_FLOOD|R5_RISING_LANDSLIDE|R7_JOINT_MODERATE,5,1,0,0,0
2024-06-28,11.13281,76.15629,11.13281_76.15629,Malappuram,2024-06-28,0.6605143,0.17215101,0.8170328736305237,R1_FLOOD_LEVEL|R3_SUSTAINED_JOINT|R4_RISING_FLOOD|R5_RISING_LANDSLIDE|R7_JOINT_MODERATE,5,1,0,0,0
2024-06-29,11.13281,76.15629,11.13281_76.15629,Malappuram,2024-06-29,0.6605143,0.16769421,0.7506413062413534,R1_FLOOD_LEVEL|R3_SUSTAINED_JOINT|R4_RISING_FLOOD|R7_JOINT_MODERATE,4,1,0,0,0
2024-06-30,11.13281,76.15629,11.13281_76.15629,Malappuram,2024-06-30,0.6432145,0.8395062,0.7930464347203573,R1_FLOOD_LEVEL|R2_LANDSLIDE_LEVEL|R3_SUSTAINED_JOINT|R7_JOINT_MODERATE,4,1,1,0,0
2024-07-01,11.13281,76.15629,11.13281_76.15629,Malappuram,2024-07-01,0.6432145,0.8531787,0.8692661722501119,R1_FLOOD_LEVEL|R2_LANDSLIDE_LEVEL|R3_SUSTAINED_JOINT|R5_RISING_LANDSLIDE|R7_JOINT_MODERATE,5,1,1,0,0
2024-07-02,11.13281,76.15629,11.13281_76.15629,Malappuram,2024-07-02,0.6432145,0.4192689,0.8943860133488973,R1_FLOOD_LEVEL|R3_SUSTAINED_JOINT|R5_RISING_LANDSLIDE|R7_JOINT_MODERATE,4,1,0,0,0
2024-07-03,11.13281,76.15629,11.13281_76.15629,Malappuram,2024-07-03,0.6215782,0.30889136,0.8262964288393656,R1_FLOOD_LEVEL|R3_SUSTAINED_JOINT|R5_RISING_LANDSLIDE|R7_JOINT_MODERATE,4,1,0,0,0
2024-07-04,11.13281,76.15629,11.13281_76.15629,Malappuram,2024-07-04,0.6432145,0.26518247,0.7563669284184774,R1_FLOOD_LEVEL|R3_SUSTAINED_JOINT|R7_JOINT_MODERATE,3,1,0,0,0
2024-07-05,11.13281,76.15629,11.13281_76.15629,Malappuram,2024-07-05,0.6215782,0.21782245,0.7267680565516154,R1_FLOOD_LEVEL|R3_SUSTAINED_JOINT|R7_JOINT_MODERATE,3,1,0,0,0
2024-07-06,11.13281,76.15629,11.13281_76.15629,Malappuram,2024-07-06,0.6334997,0.7468383,0.7830169598261515,R1_FLOOD_LEVEL|R2_LANDSLIDE_LEVEL|R3_SUSTAINED_JOINT|R7_JOINT_MODERATE,4,1,1,0,0
2024-07-07,11.13281,76.15629,11.13281_76.15629,Malappuram,2024-07-07,0.6114226,0.27920982,0.777046779791514,R1_FLOOD_LEVEL|R3_SUSTAINED_JOINT|R5_RISING_LANDSLIDE|R7_JOINT_MODERATE,4,1,0,0,0
2024-07-08,11.13281,76.15629,11.13281_76.15629,Malappuram,2024-07-08,0.6215782,0.6570237,0.83244788646698,R1_FLOOD_LEVEL|R2_LANDSLIDE_LEVEL|R3_SUSTAINED_JOINT|R5_RISING_LANDSLIDE|R7_JOINT_MODERATE,5,1,1,0,0
2024-07-09,11.13281,76.15629,11.13281_76.15629,Malappuram,2024-07-09,0.63991964,0.20810413,0.7683271368344625,R1_FLOOD_LEVEL|R3_SUSTAINED_JOINT|R7_JOINT_MODERATE,3,1,0,0,0
2024-07-10,11.13281,76.15629,11.13281_76.15629,Malappuram,2024-07-10,0.63991964,0.16833007,0.7618653774261475,R1_FLOOD_LEVEL|R3_SUSTAINED_JOINT|R7_JOINT_MODERATE,3,1,0,0,0
2024-07-11,11.13281,76.15629,11.13281_76.15629,Malappuram,2024-07-11,0.6114226,0.17544074,0.6983269055684408,R1_FLOOD_LEVEL|R3_SUSTAINED_JOINT|R7_JOINT_MODERATE,3,1,0,0,0
2024-07-12,11.13281,76.15629,11.13281_76.15629,Malappuram,2024-07-12,0.59519285,0.53367996,0.7304523785909017,R1_FLOOD_LEVEL|R2_LANDSLIDE_LEVEL|R3_SUSTAINED_JOINT|R7_JOINT_MODERATE,4,1,1,0,0
2024-07-13,11.13281,76.15629,11.13281_76.15629,Malappuram,2024-07-13,0.63991964,0.47851855,0.7676833073298136,R1_FLOOD_LEVEL|R3_SUSTAINED_JOINT|R7_JOINT_MODERATE,3,1,0,0,0
2024-07-14,11.13281,76.15629,11.13281_76.15629,Malappuram,2024-07-14,0.66729784,0.692677,0.8404026826222738,R1_FLOOD_LEVEL|R2_LANDSLIDE_LEVEL|R3_SUSTAINED_JOINT|R5_RISING_LANDSLIDE|R7_JOINT_MODERATE,5,1,1,0,0
2024-07-15,11.13281,76.15629,11.13281_76.15629,Malappuram,2024-07-15,0.66729784,0.89747804,0.8919561505317688,R1_FLOOD_LEVEL|R2_LANDSLIDE_LEVEL|R3_SUSTAINED_JOINT|R5_RISING_LANDSLIDE|R6_ENV_PRECURSOR|R7_JOINT_MODERATE,6,1,1,0,0
2024-07-16,11.13281,76.15629,11.13281_76.15629,Malappuram,2024-07-16,0.67370087,0.901856,0.943873127301534,R1_FLOOD_LEVEL|R2_LANDSLIDE_LEVEL|R3_SUSTAINED_JOINT|R4_RISING_FLOOD|R5_RISING_LANDSLIDE|R6_ENV_PRECURSOR|R7_JOINT_MODERATE,7,1,1,1,0
2024-07-17,11.13281,76.15629,11.13281_76.15629,Malappuram,2024-07-17,0.67163104,0.85944235,0.9625705480575562,R1_FLOOD_LEVEL|R2_LANDSLIDE_LEVEL|R3_SUSTAINED_JOINT|R5_RISING_LANDSLIDE|R7_JOINT_MODERATE,5,1,1,0,0
2024-07-18,11.13281,76.15629,11.13281_76.15629,Malappuram,2024-07-18,0.67163104,0.89246863,0.9621703227361044,R1_FLOOD_LEVEL|R2_LANDSLIDE_LEVEL|R3_SUSTAINED_JOINT|R5_RISING_LANDSLIDE|R7_JOINT_MODERATE,5,1,1,0,0
2024-07-19,11.13281,76.15629,11.13281_76.15629,Malappuram,2024-07-19,0.67163104,0.8993509,0.9618284106254578,R1_FLOOD_LEVEL|R2_LANDSLIDE_LEVEL|R3_SUSTAINED_JOINT|R7_JOINT_MODERATE,4,1,1,0,0
2024-07-20,11.13281,76.15629,11.13281_76.15629,Malappuram,2024-07-20,0.67047125,0.8538465,0.9611593882242838,R1_FLOOD_LEVEL|R2_LANDSLIDE_LEVEL|R3_SUSTAINED_JOINT|R7_JOINT_MODERATE,4,1,1,0,0
2024-07-21,11.13281,76.15629,11.13281_76.15629,Malappuram,2024-07-21,0.67047125,0.7497736,0.9454437891642252,R1_FLOOD_LEVEL|R2_LANDSLIDE_LEVEL|R3_SUSTAINED_JOINT|R7_JOINT_MODERATE,4,1,1,0,0
2024-07-22,11.13281,76.15629,11.13281_76.15629,Malappuram,2024-07-22,0.65975916,0.8622915,0.9408424695332845,R1_FLOOD_LEVEL|R2_LANDSLIDE_LEVEL|R3_SUSTAINED_JOINT|R7_JOINT_MODERATE,4,1,1,0,0
2024-07-23,11.13281,76.15629,11.13281_76.15629,Malappuram,2024-07-23,0.6432145,0.1791257,0.8592710693677267,R1_FLOOD_LEVEL|R3_SUSTAINED_JOINT|R7_JOINT_MODERATE,3,1,0,0,0
2024-07-24,11.13281,76.15629,11.13281_76.15629,Malappuram,2024-07-24,0.6432145,0.8071151,0.8638171354929606,R1_FLOOD_LEVEL|R2_LANDSLIDE_LEVEL|R3_SUSTAINED_JOINT|R7_JOINT_MODERATE,4,1,1,0,0
2024-07-25,11.13281,76.15629,11.13281_76.15629,Malappuram,2024-07-25,0.6432145,0.31281644,0.7977094252904257,R1_FLOOD_LEVEL|R3_SUSTAINED_JOINT|R7_JOINT_MODERATE,3,1,0,0,0
2024-07-26,11.13281,76.15629,11.13281_76.15629,Malappuram,2024-07-26,0.66215456,0.7899973,0.871685266494751,R1_FLOOD_LEVEL|R2_LANDSLIDE_LEVEL|R3_SUSTAINED_JOINT|R7_JOINT_MODERATE,4,1,1,0,0
2024-07-27,11.13281,76.15629,11.13281_76.15629,Malappuram,2024-07-27,0.6432145,0.68552077,0.8572242458661398,R1_FLOOD_LEVEL|R2_LANDSLIDE_LEVEL|R3_SUSTAINED_JOINT|R7_JOINT_MODERATE,4,1,1,0,0
2024-07-28,11.13281,76.15629,11.13281_76.15629,Malappuram,2024-07-28,0.6432145,0.816768,0.9171584645907084,R1_FLOOD_LEVEL|R2_LANDSLIDE_LEVEL|R3_SUSTAINED_JOINT|R5_RISING_LANDSLIDE|R7_JOINT_MODERATE,5,1,1,0,0
2024-07-29,11.13281,76.15629,11.13281_76.15629,Malappuram,2024-07-29,0.65764576,0.87047744,0.9260270992914835,R1_FLOOD_LEVEL|R2_LANDSLIDE_LEVEL|R3_SUSTAINED_JOINT|R5_RISING_LANDSLIDE|R7_JOINT_MODERATE,5,1,1,0,0
2024-07-30,11.13281,76.15629,11.13281_76.15629,Malappuram,2024-07-30,0.67163104,0.84439117,0.9463952779769897,R1_FLOOD_LEVEL|R2_LANDSLIDE_LEVEL|R3_SUSTAINED_JOINT|R5_RISING_LANDSLIDE|R7_JOINT_MODERATE,5,1,1,0,0
2024-07-31,11.13281,76.15629,11.13281_76.15629,Malappuram,2024-07-31,0.67163104,0.87047744,0.9540097117424011,R1_FLOOD_LEVEL|R2_LANDSLIDE_LEVEL|R3_SUSTAINED_JOINT|R5_RISING_LANDSLIDE|R7_JOINT_MODERATE,5,1,1,0,0
2024-08-01,11.13281,76.15629,11.13281_76.15629,Malappuram,2024-08-01,0.6684118,0.82787526,0.9497657219568888,R1_FLOOD_LEVEL|R2_LANDSLIDE_LEVEL|R3_SUSTAINED_JOINT|R7_JOINT_MODERATE,4,1,1,0,0
2024-08-02,11.13281,76.15629,11.13281_76.15629,Malappuram,2024-08-02,0.6684118,0.66519344,0.9297921260197958,R1_FLOOD_LEVEL|R2_LANDSLIDE_LEVEL|R3_SUSTAINED_JOINT|R7_JOINT_MODERATE,4,1,1,0,0
2024-08-03,11.13281,76.15629,11.13281_76.15629,Malappuram,2024-08-03,0.6648533,0.15057114,0.8490747412045797,R1_FLOOD_LEVEL|R3_SUSTAINED_JOINT|R7_JOINT_MODERATE,3,1,0,0,0
2024-08-04,11.13281,76.15629,11.13281_76.15629,Malappuram,2024-08-04,0.6600484,0.17652729,0.7747859756151835,R1_FLOOD_LEVEL|R3_SUSTAINED_JOINT|R7_JOINT_MODERATE,3,1,0,0,0
2024-08-05,11.13281,76.15629,11.13281_76.15629,Malappuram,2024-08-05,0.6432145,0.28274053,0.7264893452326456,R1_FLOOD_LEVEL|R3_SUSTAINED_JOINT|R7_JOINT_MODERATE,3,1,0,0,0
2024-08-06,11.13281,76.15629,11.13281_76.15629,Malappuram,2024-08-06,0.6432145,0.637153,0.7782309452692667,R1_FLOOD_LEVEL|R2_LANDSLIDE_LEVEL|R3_SUSTAINED_JOINT|R7_JOINT_MODERATE,4,1,1,0,0
2024-08-07,11.13281,76.15629,11.13281_76.15629,Malappuram,2024-08-07,0.63991964,0.7377718,0.8400701483090719,R1_FLOOD_LEVEL|R2_LANDSLIDE_LEVEL|R3_SUSTAINED_JOINT|R5_RISING_LANDSLIDE|R7_JOINT_MODERATE,5,1,1,0,0
2024-08-08,11.13281,76.15629,11.13281_76.15629,Malappuram,2024-08-08,0.6114226,0.40146524,0.847847044467926,R1_FLOOD_LEVEL|R3_SUSTAINED_JOINT|R5_RISING_LANDSLIDE|R7_JOINT_MODERATE,4,1,0,0,0
2024-08-09,11.13281,76.15629,11.13281_76.15629,Malappuram,2024-08-09,0.6114226,0.2790933,0.797623872756958,R1_FLOOD_LEVEL|R3_SUSTAINED_JOINT|R5_RISING_LANDSLIDE|R7_JOINT_MODERATE,4,1,0,0,0
2024-08-10,11.13281,76.15629,11.13281_76.15629,Malappuram,2024-08-10,0.6114226,0.206808,0.7263594468434652,R1_FLOOD_LEVEL|R3_SUSTAINED_JOINT|R7_JOINT_MODERATE,3,1,0,0,0
2024-08-11,11.13281,76.15629,11.13281_76.15629,Malappuram,2024-08-11,0.59519285,0.8341318,0.7815035978953043,R1_FLOOD_LEVEL|R2_LANDSLIDE_LEVEL|R3_SUSTAINED_JOINT|R7_JOINT_MODERATE,4,1,1,0,0
2024-08-12,11.13281,76.15629,11.13281_76.15629,Malappuram,2024-08-12,0.592426,0.4102028,0.7947509487469991,R1_FLOOD_LEVEL|R3_SUSTAINED_JOINT|R7_JOINT_MODERATE,3,1,0,0,0
2024-08-13,11.13281,76.15629,11.13281_76.15629,Malappuram,2024-08-13,0.592426,0.16272672,0.7837395071983337,R1_FLOOD_LEVEL|R3_SUSTAINED_JOINT|R5_RISING_LANDSLIDE|R7_JOINT_MODERATE,4,1,0,0,0
2024-08-14,11.13281,76.15629,11.13281_76.15629,Malappuram,2024-08-14,0.592426,0.16751531,0.6930213570594788,R1_FLOOD_LEVEL|R3_SUSTAINED_JOINT|R7_JOINT_MODERATE,3,1,0,0,0
2024-08-15,11.13281,76.15629,11.13281_76.15629,Malappuram,2024-08-15,0.613888,0.17713349,0.6672438184420267,R1_FLOOD_LEVEL|R7_JOINT_MODERATE,2,1,0,0,0
2024-08-16,11.13281,76.15629,11.13281_76.15629,Malappuram,2024-08-16,0.5992826,0.24998298,0.6808124780654907,R1_FLOOD_LEVEL|R7_JOINT_MODERATE,2,1,0,0,0
2024-08-17,11.13281,76.15629,11.13281_76.15629,Malappuram,2024-08-17,0.57527,0.31392044,0.6967793107032776,R1_FLOOD_LEVEL|R7_JOINT_MODERATE,2,1,0,0,0
2024-08-18,11.13281,76.15629,11.13281_76.15629,Malappuram,2024-08-18,0.56102985,0.17591065,0.6821019848187765,R1_FLOOD_LEVEL|R5_RISING_LANDSLIDE|R7_JOINT_MODERATE,3,1,0,0,0
2024-08-19,11.13281,76.15629,11.13281_76.15629,Malappuram,2024-08-19,0.53755605,0.46393636,0.6996504664421082,R1_FLOOD_LEVEL|R5_RISING_LANDSLIDE|R7_JOINT_MODERATE,3,1,0,0,0
2024-08-20,11.13281,76.15629,11.13281_76.15629,Malappuram,2024-08-20,0.517482,0.38881198,0.6984802484512329,R1_FLOOD_LEVEL|R3_SUSTAINED_JOINT|R5_RISING_LANDSLIDE|R7_JOINT_MODERATE,4,1,0,0,0
2024-08-21,11.13281,76.15629,11.13281_76.15629,Malappuram,2024-08-21,0.3876613,0.16754721,0.6491494377454122,R5_RISING_LANDSLIDE,1,0,0,0,0
2024-10-08,11.13281,76.15629,11.13281_76.15629,Malappuram,2024-10-08,0.52708864,0.23004259,0.5708172917366028,R1_FLOOD_LEVEL,1,1,0,0,0
2024-10-09,11.13281,76.15629,11.13281_76.15629,Malappuram,2024-10-09,0.52708864,0.41786492,0.6291748682657877,R1_FLOOD_LEVEL|R5_RISING_LANDSLIDE,2,1,0,0,0
2024-10-10,11.13281,76.15629,11.13281_76.15629,Malappuram,2024-10-10,0.49309713,0.13180216,0.6401627063751221,R5_RISING_LANDSLIDE,1,0,0,0,0
2024-10-11,11.13281,76.15629,11.13281_76.15629,Malappuram,2024-10-11,0.49950317,0.39133722,0.6599919597307841,R5_RISING_LANDSLIDE,1,0,0,0,0
2024-10-12,11.13281,76.15629,11.13281_76.15629,Malappuram,2024-10-12,0.53800064,0.5755463,0.6863922874132792,R1_FLOOD_LEVEL|R2_LANDSLIDE_LEVEL|R5_RISING_LANDSLIDE,3,1,1,0,0
2024-10-13,11.13281,76.15629,11.13281_76.15629,Malappuram,2024-10-13,0.62848496,0.26682273,0.7422941327095032,R1_FLOOD_LEVEL|R5_RISING_LANDSLIDE|R7_JOINT_MODERATE,3,1,0,0,0
2024-10-14,11.13281,76.15629,11.13281_76.15629,Malappuram,2024-10-14,0.60500324,0.71761626,0.8066585262616476,R1_FLOOD_LEVEL|R2_LANDSLIDE_LEVEL|R3_SUSTAINED_JOINT|R4_RISING_FLOOD|R5_RISING_LANDSLIDE|R7_JOINT_MODERATE,6,1,1,0,0
2024-10-15,11.13281,76.15629,11.13281_76.15629,Malappuram,2024-10-15,0.63991964,0.20988132,0.7771888971328735,R1_FLOOD_LEVEL|R3_SUSTAINED_JOINT|R4_RISING_FLOOD|R7_JOINT_MODERATE,4,1,0,0,0
2024-10-16,11.13281,76.15629,11.13281_76.15629,Malappuram,2024-10-16,0.63991964,0.18444982,0.77009650071462,R1_FLOOD_LEVEL|R3_SUSTAINED_JOINT|R4_RISING_FLOOD|R7_JOINT_MODERATE,4,1,0,0,0
2024-10-17,11.13281,76.15629,11.13281_76.15629,Malappuram,2024-10-17,0.5845447,0.14509493,0.6888851126035055,R1_FLOOD_LEVEL|R3_SUSTAINED_JOINT|R7_JOINT_MODERATE,3,1,0,0,0
2024-10-18,11.13281,76.15629,11.13281_76.15629,Malappuram,2024-10-18,0.6365757,0.16691463,0.6827993591626486,R1_FLOOD_LEVEL|R7_JOINT_MODERATE,2,1,0,0,0
2024-10-19,11.13281,76.15629,11.13281_76.15629,Malappuram,2024-10-19,0.5845447,0.1719981,0.6660213073094686,R1_FLOOD_LEVEL,1,1,0,0,0
2024-10-20,11.13281,76.15629,11.13281_76.15629,Malappuram,2024-10-20,0.56798553,0.42213815,0.7011980215708414,R1_FLOOD_LEVEL|R5_RISING_LANDSLIDE|R7_JOINT_MODERATE,3,1,0,0,0
2024-10-21,11.13281,76.15629,11.13281_76.15629,Malappuram,2024-10-21,0.56798553,0.11696836,0.6749583681424459,R1_FLOOD_LEVEL|R5_RISING_LANDSLIDE|R7_JOINT_MODERATE,3,1,0,0,0
2024-10-22,11.13281,76.15629,11.13281_76.15629,Malappuram,2024-10-22,0.5516801,0.35373613,0.6930466492970785,R1_FLOOD_LEVEL|R5_RISING_LANDSLIDE|R7_JOINT_MODERATE,3,1,0,0,0
2024-10-23,11.13281,76.15629,11.13281_76.15629,Malappuram,2024-10-23,0.55857575,0.15746696,0.6522900462150574,R1_FLOOD_LEVEL|R7_JOINT_MODERATE,2,1,0,0,0
2024-10-24,11.13281,76.15629,11.13281_76.15629,Malappuram,2024-10-24,0.5803484,0.32122833,0.6845016479492188,R1_FLOOD_LEVEL|R7_JOINT_MODERATE,2,1,0,0,0
2024-10-25,11.13281,76.15629,11.13281_76.15629,Malappuram,2024-10-25,0.5803484,0.21500465,0.6712711056073507,R1_FLOOD_LEVEL|R7_JOINT_MODERATE,2,1,0,0,0
2024-10-26,11.13281,76.15629,11.13281_76.15629,Malappuram,2024-10-26,0.5477412,0.18509457,0.6723932226498922,R1_FLOOD_LEVEL|R7_JOINT_MODERATE,2,1,0,0,0
2024-10-27,11.13281,76.15629,11.13281_76.15629,Malappuram,2024-10-27,0.5651686,0.09435598,0.636074960231781,R1_FLOOD_LEVEL|R7_JOINT_MODERATE,2,1,0,0,0
2024-12-03,11.13281,76.15629,11.13281_76.15629,Malappuram,2024-12-03,0.40277007,0.12437886,0.45780084530512494,R5_RISING_LANDSLIDE,1,0,0,0,0
2023-06-01,11.48426,75.83435,11.48426_75.83435,Kozhikode,2023-06-01,0.50821924,0.13620128,0.4612598220507304,R1_FLOOD_LEVEL,1,1,0,0,0
2023-06-03,11.48426,75.83435,11.48426_75.83435,Kozhikode,2023-06-03,0.5255296,0.12299749,0.5668589870134989,R1_FLOOD_LEVEL,1,1,0,0,0
2023-06-06,11.48426,75.83435,11.48426_75.83435,Kozhikode,2023-06-06,0.5005169,0.07168497,0.537630041440328,R1_FLOOD_LEVEL,1,1,0,0,0
2023-06-10,11.48426,75.83435,11.48426_75.83435,Kozhikode,2023-06-10,0.5259724,0.11869996,0.550381580988566,R1_FLOOD_LEVEL,1,1,0,0,0
2023-06-12,11.48426,75.83435,11.48426_75.83435,Kozhikode,2023-06-12,0.51858854,0.34870347,0.6095549066861471,R1_FLOOD_LEVEL|R5_RISING_LANDSLIDE,2,1,0,0,0
2023-06-13,11.48426,75.83435,11.48426_75.83435,Kozhikode,2023-06-13,0.50818855,0.13641395,0.6072345773379008,R1_FLOOD_LEVEL|R5_RISING_LANDSLIDE,2,1,0,0,0
2023-06-14,11.48426,75.83435,11.48426_75.83435,Kozhikode,2023-06-14,0.51858854,0.13675329,0.6153867046038309,R1_FLOOD_LEVEL|R5_RISING_LANDSLIDE,2,1,0,0,0
2023-06-16,11.48426,75.83435,11.48426_75.83435,Kozhikode,2023-06-16,0.5005169,0.10742284,0.5508284966150919,R1_FLOOD_LEVEL,1,1,0,0,0
2023-06-20,11.48426,75.83435,11.48426_75.83435,Kozhikode,2023-06-20,0.54089606,0.46467176,0.6254892547925314,R1_FLOOD_LEVEL|R5_RISING_LANDSLIDE,2,1,0,0,0
2023-06-21,11.48426,75.83435,11.48426_75.83435,Kozhikode,2023-06-21,0.54089606,0.5010054,0.7128595511118571,R1_FLOOD_LEVEL|R2_LANDSLIDE_LEVEL|R5_RISING_LANDSLIDE,3,1,1,0,0
2023-06-22,11.48426,75.83435,11.48426_75.83435,Kozhikode,2023-06-22,0.54089606,0.14788018,0.7113089164098104,R1_FLOOD_LEVEL|R3_SUSTAINED_JOINT|R4_RISING_FLOOD|R5_RISING_LANDSLIDE|R7_JOINT_MODERATE,5,1,0,0,0
2023-06-23,11.48426,75.83435,11.48426_75.83435,Kozhikode,2023-06-23,0.50554466,0.109427534,0.6464499036471049,R1_FLOOD_LEVEL,1,1,0,0,0
2023-06-24,11.48426,75.83435,11.48426_75.83435,Kozhikode,2023-06-24,0.51594734,0.13031794,0.5824893911679586,R1_FLOOD_LEVEL,1,1,0,0,0
2023-06-25,11.48426,75.83435,11.48426_75.83435,Kozhikode,2023-06-25,0.54089606,0.49895316,0.6362157265345255,R1_FLOOD_LEVEL,1,1,0,0,0
2023-06-26,11.48426,75.83435,11.48426_75.83435,Kozhikode,2023-06-26,0.5534882,0.72125083,0.7415102322896322,R1_FLOOD_LEVEL|R2_LANDSLIDE_LEVEL|R5_RISING_LANDSLIDE|R6_ENV_PRECURSOR|R7_JOINT_MODERATE,5,1,1,0,0
2023-06-27,11.48426,75.83435,11.48426_75.83435,Kozhikode,2023-06-27,0.5625314,0.76668465,0.8478115002314249,R1_FLOOD_LEVEL|R2_LANDSLIDE_LEVEL|R3_SUSTAINED_JOINT|R5_RISING_LANDSLIDE|R6_ENV_PRECURSOR|R7_JOINT_MODERATE,6,1,1,0,0
2023-06-28,11.48426,75.83435,11.48426_75.83435,Kozhikode,2023-06-28,0.56305,0.19614634,0.8074077367782593,R1_FLOOD_LEVEL|R3_SUSTAINED_JOINT|R5_RISING_LANDSLIDE|R7_JOINT_MODERATE,4,1,0,1,0
2023-06-29,11.48426,75.83435,11.48426_75.83435,Kozhikode,2023-06-29,0.49746954,0.12087393,0.7016334732373556,R3_SUSTAINED_JOINT|R7_JOINT_MODERATE,2,0,0,0,0
2023-06-30,11.48426,75.83435,11.48426_75.83435,Kozhikode,2023-06-30,0.50554466,0.091211185,0.5858710209528605,R1_FLOOD_LEVEL,1,1,0,0,0
2023-07-01,11.48426,75.83435,11.48426_75.83435,Kozhikode,2023-07-01,0.51594734,0.10013187,0.5577577749888102,R1_FLOOD_LEVEL,1,1,0,0,0
2023-07-02,11.48426,75.83435,11.48426_75.83435,Kozhikode,2023-07-02,0.51594734,0.11666929,0.5624941190083822,R1_FLOOD_LEVEL,1,1,0,0,0
2023-07-04,11.48426,75.83435,11.48426_75.83435,Kozhikode,2023-07-04,0.59519285,0.45741126,0.6425861517588297,R1_FLOOD_LEVEL|R5_RISING_LANDSLIDE|R6_ENV_PRECURSOR,3,1,0,1,0
2023-07-05,11.48426,75.83435,11.48426_75.83435,Kozhikode,2023-07-05,0.6592551,0.68278706,0.7490827838579813,R1_FLOOD_LEVEL|R2_LANDSLIDE_LEVEL|R4_RISING_FLOOD|R5_RISING_LANDSLIDE|R6_ENV_PRECURSOR|R7_JOINT_MODERATE,6,1,1,1,0
2023-07-06,11.48426,75.83435,11.48426_75.83435,Kozhikode,2023-07-06,0.6708513,0.860871,0.8754911422729492,R1_FLOOD_LEVEL|R2_LANDSLIDE_LEVEL|R3_SUSTAINED_JOINT|R4_RISING_FLOOD|R5_RISING_LANDSLIDE|R6_ENV_PRECURSOR|R7_JOINT_MODERATE,7,1,1,1,0
2023-07-07,11.48426,75.83435,11.48426_75.83435,Kozhikode,2023-07-07,0.66760737,0.60109806,0.904508372147878,R1_FLOOD_LEVEL|R2_LANDSLIDE_LEVEL|R3_SUSTAINED_JOINT|R4_RISING_FLOOD|R5_RISING_LANDSLIDE|R6_ENV_PRECURSOR|R7_JOINT_MODERATE,7,1,1,1,0
2023-07-08,11.48426,75.83435,11.48426_75.83435,Kozhikode,2023-07-08,0.65567005,0.32910565,0.8635349273681641,R1_FLOOD_LEVEL|R3_SUSTAINED_JOINT|R4_RISING_FLOOD|R5_RISING_LANDSLIDE|R7_JOINT_MODERATE,5,1,0,0,0
2023-07-09,11.48426,75.83435,11.48426_75.83435,Kozhikode,2023-07-09,0.64024085,0.12002859,0.7732737064361572,R1_FLOOD_LEVEL|R3_SUSTAINED_JOINT|R7_JOINT_MODERATE,3,1,0,0,0
2023-07-10,11.48426,75.83435,11.48426_75.83435,Kozhikode,2023-07-10,0.59519285,0.79115295,0.7892901500066122,R1_FLOOD_LEVEL|R2_LANDSLIDE_LEVEL|R3_SUSTAINED_JOINT|R7_JOINT_MODERATE,4,1,1,0,0
2023-07-11,11.48426,75.83435,11.48426_75.83435,Kozhikode,2023-07-11,0.59519285,0.2596681,0.7663959264755249,R1_FLOOD_LEVEL|R3_SUSTAINED_JOINT|R7_JOINT_MODERATE,3,1,0,0,0
2023-07-12,11.48426,75.83435,11.48426_75.83435,Kozhikode,2023-07-12,0.59519285,0.2952454,0.7768252889315287,R1_FLOOD_LEVEL|R3_SUSTAINED_JOINT|R5_RISING_LANDSLIDE|R7_JOINT_MODERATE,4,1,0,0,0
2023-07-13,11.48426,75.83435,11.48426_75.83435,Kozhikode,2023-07-13,0.506197,0.10719236,0.6580491662025452,R1_FLOOD_LEVEL|R7_JOINT_MODERATE,2,1,0,0,0
2023-07-18,11.48426,75.83435,11.48426_75.83435,Kozhikode,2023-07-18,0.52586967,0.0978033,0.551943818728129,R1_FLOOD_LEVEL,1,1,0,0,0
2023-07-19,11.48426,75.83435,11.48426_75.83435,Kozhikode,2023-07-19,0.59519285,0.17776415,0.5916995207468668,R1_FLOOD_LEVEL,1,1,0,0,0
2023-07-20,11.48426,75.83435,11.48426_75.83435,Kozhikode,2023-07-20,0.57527,0.112725526,0.6208473841349283,R1_FLOOD_LEVEL|R4_RISING_FLOOD,2,1,0,0,0
2023-07-21,11.48426,75.83435,11.48426_75.83435,Kozhikode,2023-07-21,0.57527,0.10074448,0.6361200412114462,R1_FLOOD_LEVEL|R4_RISING_FLOOD,2,1,0,0,0
2023-07-22,11.48426,75.83435,11.48426_75.83435,Kozhikode,2023-07-22,0.54549825,0.20077063,0.625985304514567,R1_FLOOD_LEVEL,1,1,0,0,0
2023-07-23,11.48426,75.83435,11.48426_75.83435,Kozhikode,2023-07-23,0.6096937,0.26852405,0.6564361055692037,R1_FLOOD_LEVEL|R7_JOINT_MODERATE,2,1,0,0,0
2023-07-24,11.48426,75.83435,11.48426_75.83435,Kozhikode,2023-07-24,0.5850235,0.8194743,0.7587784131368002,R1_FLOOD_LEVEL|R2_LANDSLIDE_LEVEL|R5_RISING_LANDSLIDE|R6_ENV_PRECURSOR|R7_JOINT_MODERATE,5,1,1,0,0
2023-07-25,11.48426,75.83435,11.48426_75.83435,Kozhikode,2023-07-25,0.6096937,0.52576065,0.8181626001993815,R1_FLOOD_LEVEL|R2_LANDSLIDE_LEVEL|R3_SUSTAINED_JOINT|R5_RISING_LANDSLIDE|R6_ENV_PRECURSOR|R7_JOINT_MODERATE,6,1,1,0,0
2023-07-26,11.48426,75.83435,11.48426_75.83435,Kozhikode,2023-07-26,0.603485,0.45952436,0.8418935934702555,R1_FLOOD_LEVEL|R3_SUSTAINED_JOINT|R5_RISING_LANDSLIDE|R6_ENV_PRECURSOR|R7_JOINT_MODERATE,5,1,0,0,0
2023-07-27,11.48426,75.83435,11.48426_75.83435,Kozhikode,2023-07-27,0.5765436,0.2522062,0.7613122264544169,R1_FLOOD_LEVEL|R3_SUSTAINED_JOINT|R7_JOINT_MODERATE,3,1,0,0,0
2023-07-28,11.48426,75.83435,11.48426_75.83435,Kozhikode,2023-07-28,0.5765436,0.1375629,0.701276938120524,R1_FLOOD_LEVEL|R3_SUSTAINED_JOINT|R7_JOINT_MODERATE,3,1,0,0,0
2023-07-29,11.48426,75.83435,11.48426_75.83435,Kozhikode,2023-07-29,0.576566,0.1124887,0.64744500319163,R1_FLOOD_LEVEL|R7_JOINT_MODERATE,2,1,0,0,0
2023-07-30,11.48426,75.83435,11.48426_75.83435,Kozhikode,2023-07-30,0.58594364,0.13444336,0.6335345904032389,R1_FLOOD_LEVEL,1,1,0,0,0
2023-07-31,11.48426,75.83435,11.48426_75.83435,Kozhikode,2023-07-31,0.59519285,0.1545446,0.6411872704823812,R1_FLOOD_LEVEL,1,1,0,0,0
2023-08-01,11.48426,75.83435,11.48426_75.83435,Kozhikode,2023-08-01,0.58594364,0.1287409,0.6462046504020691,R1_FLOOD_LEVEL,1,1,0,0,0
2023-08-02,11.48426,75.83435,11.48426_75.83435,Kozhikode,2023-08-02,0.5474477,0.112051584,0.6317200462023417,R1_FLOOD_LEVEL,1,1,0,0,0
2023-08-11,11.48426,75.83435,11.48426_75.83435,Kozhikode,2023-08-11,0.38611192,0.29310802,0.5043244957923889,R5_RISING_LANDSLIDE,1,0,0,0,0
2023-08-30,11.48426,75.83435,11.48426_75.83435,Kozhikode,2023-08-30,0.34730047,0.118246414,0.4366085926691691,R5_RISING_LANDSLIDE,1,0,0,0,0
2023-08-31,11.48426,75.83435,11.48426_75.83435,Kozhikode,2023-08-31,0.34730047,0.24932833,0.4775317708651225,R5_RISING_LANDSLIDE,1,0,0,0,0
2023-09-06,11.48426,75.83435,11.48426_75.83435,Kozhikode,2023-09-06,0.5082712,0.091928735,0.48342631260554,R1_FLOOD_LEVEL,1,1,0,0,0
2023-11-04,11.48426,75.83435,11.48426_75.83435,Kozhikode,2023-11-04,0.5098469,0.554419,0.6536029378573099,R1_FLOOD_LEVEL|R2_LANDSLIDE_LEVEL|R5_RISING_LANDSLIDE,3,1,1,0,0
2023-11-05,11.48426,75.83435,11.48426_75.83435,Kozhikode,2023-11-05,0.48666802,0.26590082,0.6967246333758036,R5_RISING_LANDSLIDE,1,0,0,0,0
2023-11-06,11.48426,75.83435,11.48426_75.83435,Kozhikode,2023-11-06,0.5098469,0.1253478,0.6586823463439941,R1_FLOOD_LEVEL|R5_RISING_LANDSLIDE,2,1,0,0,0
2023-11-09,11.48426,75.83435,11.48426_75.83435,Kozhikode,2023-11-09,0.56798553,0.1287048,0.6166482965151469,R1_FLOOD_LEVEL,1,1,0,0,0
2023-11-10,11.48426,75.83435,11.48426_75.83435,Kozhikode,2023-11-10,0.56798553,0.13033879,0.6365329225858053,R1_FLOOD_LEVEL|R7_JOINT_MODERATE,2,1,0,0,0
2024-05-15,11.48426,75.83435,11.48426_75.83435,Kozhikode,2024-05-15,0.50799865,0.11307974,0.5044793486595154,R1_FLOOD_LEVEL,1,1,0,0,0
2024-05-19,11.48426,75.83435,11.48426_75.83435,Kozhikode,2024-05-19,0.4980749,0.31841722,0.5870575110117594,R5_RISING_LANDSLIDE,1,0,0,1,0
2024-05-20,11.48426,75.83435,11.48426_75.83435,Kozhikode,2024-05-20,0.52181226,0.16842787,0.6115713516871134,R1_FLOOD_LEVEL|R5_RISING_LANDSLIDE,2,1,0,1,0
2024-05-21,11.48426,75.83435,11.48426_75.83435,Kozhikode,2024-05-21,0.52181226,0.11528466,0.61239626010259,R1_FLOOD_LEVEL|R5_RISING_LANDSLIDE,2,1,0,1,0
2024-05-22,11.48426,75.83435,11.48426_75.83435,Kozhikode,2024-05-22,0.52181226,0.19793081,0.5985842148462931,R1_FLOOD_LEVEL,1,1,0,1,0
2024-05-23,11.48426,75.83435,11.48426_75.83435,Kozhikode,2024-05-23,0.52181226,0.2533078,0.6121137539545695,R1_FLOOD_LEVEL,1,1,0,0,0
2024-05-24,11.48426,75.83435,11.48426_75.83435,Kozhikode,2024-05-24,0.5341972,0.38098103,0.6570201714833578,R1_FLOOD_LEVEL|R5_RISING_LANDSLIDE,2,1,0,0,0
2024-05-25,11.48426,75.83435,11.48426_75.83435,Kozhikode,2024-05-25,0.4712251,0.13553259,0.6324971914291382,R5_RISING_LANDSLIDE,1,0,0,0,0
2024-05-28,11.48426,75.83435,11.48426_75.83435,Kozhikode,2024-05-28,0.50921476,0.12322561,0.5529237985610962,R1_FLOOD_LEVEL,1,1,0,0,0
2024-05-31,11.48426,75.83435,11.48426_75.83435,Kozhikode,2024-05-31,0.51884186,0.088394165,0.5474456946055094,R1_FLOOD_LEVEL,1,1,0,0,0
2024-06-01,11.48426,75.83435,11.48426_75.83435,Kozhikode,2024-06-01,0.5451479,0.4022672,0.6118506987889608,R1_FLOOD_LEVEL|R5_RISING_LANDSLIDE,2,1,0,0,0
2024-06-02,11.48426,75.83435,11.48426_75.83435,Kozhikode,2024-06-02,0.5616975,0.67979515,0.7163822849591573,R1_FLOOD_LEVEL|R2_LANDSLIDE_LEVEL|R4_RISING_FLOOD|R5_RISING_LANDSLIDE|R7_JOINT_MODERATE,5,1,1,0,0
2024-06-03,11.48426,75.83435,11.48426_75.83435,Kozhikode,2024-06-03,0.54832566,0.48139393,0.7845107714335123,R1_FLOOD_LEVEL|R3_SUSTAINED_JOINT|R4_RISING_FLOOD|R5_RISING_LANDSLIDE|R7_JOINT_MODERATE,5,1,0,0,0
2024-06-04,11.48426,75.83435,11.48426_75.83435,Kozhikode,2024-06-04,0.54832566,0.14976205,0.7471272150675455,R1_FLOOD_LEVEL|R3_SUSTAINED_JOINT|R5_RISING_LANDSLIDE|R7_JOINT_MODERATE,4,1,0,0,0
2024-06-05,11.48426,75.83435,11.48426_75.83435,Kozhikode,2024-06-05,0.52342486,0.12857118,0.6554756363232931,R1_FLOOD_LEVEL|R7_JOINT_MODERATE,2,1,0,0,0
2024-06-06,11.48426,75.83435,11.48426_75.83435,Kozhikode,2024-06-06,0.5749964,0.8462247,0.7117709716161092,R1_FLOOD_LEVEL|R2_LANDSLIDE_LEVEL|R7_JOINT_MODERATE,3,1,1,0,0
2024-06-07,11.48426,75.83435,11.48426_75.83435,Kozhikode,2024-06-07,0.5749964,0.34797102,0.7474096616109213,R1_FLOOD_LEVEL|R3_SUSTAINED_JOINT|R7_JOINT_MODERATE,3,1,0,0,0
2024-06-08,11.48426,75.83435,11.48426_75.83435,Kozhikode,2024-06-08,0.5625314,0.13301437,0.7594170967737833,R1_FLOOD_LEVEL|R3_SUSTAINED_JOINT|R5_RISING_LANDSLIDE|R7_JOINT_MODERATE,4,1,0,0,0
2024-06-09,11.48426,75.83435,11.48426_75.83435,Kozhikode,2024-06-09,0.49746954,0.091211185,0.6289707819620768,R7_JOINT_MODERATE,1,0,0,0,0
2024-06-10,11.48426,75.83435,11.48426_75.83435,Kozhikode,2024-06-10,0.53212553,0.091211185,0.5796093146006266,R1_FLOOD_LEVEL,1,1,0,0,0
2024-06-11,11.48426,75.83435,11.48426_75.83435,Kozhikode,2024-06-11,0.53212553,0.100391135,0.5657343069712321,R1_FLOOD_LEVEL,1,1,0,0,0
2024-06-12,11.48426,75.83435,11.48426_75.83435,Kozhikode,2024-06-12,0.5094385,0.1307995,0.5758335590362549,R1_FLOOD_LEVEL,1,1,0,0,0
2024-06-18,11.48426,75.83435,11.48426_75.83435,Kozhikode,2024-06-18,0.48677978,0.5109401,0.5784507791201273,R2_LANDSLIDE_LEVEL|R5_RISING_LANDSLIDE,2,0,1,0,0
2024-06-19,11.48426,75.83435,11.48426_75.83435,Kozhikode,2024-06-19,0.45627615,0.14471959,0.589456836382548,R5_RISING_LANDSLIDE,1,0,0,0,0
2024-06-20,11.48426,75.83435,11.48426_75.83435,Kozhikode,2024-06-20,0.44154426,0.14206782,0.6016170382499695,R5_RISING_LANDSLIDE,1,0,0,0,0
2024-06-22,11.48426,75.83435,11.48426_75.83435,Kozhikode,2024-06-22,0.50830036,0.5308366,0.5909927288691202,R1_FLOOD_LEVEL|R2_LANDSLIDE_LEVEL,2,1,1,0,0
2024-06-23,11.48426,75.83435,11.48426_75.83435,Kozhikode,2024-06-23,0.50882703,0.12416563,0.6073030630747477,R1_FLOOD_LEVEL,1,1,0,0,0
2024-06-24,11.48426,75.83435,11.48426_75.83435,Kozhikode,2024-06-24,0.5617927,0.15083542,0.6556720733642578,R1_FLOOD_LEVEL|R4_RISING_FLOOD|R5_RISING_LANDSLIDE|R6_ENV_PRECURSOR,4,1,0,0,0
2024-06-25,11.48426,75.83435,11.48426_75.83435,Kozhikode,2024-06-25,0.5875091,0.47670433,0.6606163382530212,R1_FLOOD_LEVEL|R4_RISING_FLOOD|R7_JOINT_MODERATE,3,1,0,0,0
2024-06-26,11.48426,75.83435,11.48426_75.83435,Kozhikode,2024-06-26,0.6588118,0.86202055,0.7883194088935852,R1_FLOOD_LEVEL|R2_LANDSLIDE_LEVEL|R4_RISING_FLOOD|R5_RISING_LANDSLIDE|R6_ENV_PRECURSOR|R7_JOINT_MODERATE,6,1,1,0,0
2024-06-27,11.48426,75.83435,11.48426_75.83435,Kozhikode,2024-06-27,0.66760737,0.8236122,0.8928127884864807,R1_FLOOD_LEVEL|R2_LANDSLIDE_LEVEL|R3_SUSTAINED_JOINT|R4_RISING_FLOOD|R5_RISING_LANDSLIDE|R6_ENV_PRECURSOR|R7_JOINT_MODERATE,7,1,1,0,0
2024-06-28,11.48426,75.83435,11.48426_75.83435,Kozhikode,2024-06-28,0.64024085,0.26471984,0.8765897750854492,R1_FLOOD_LEVEL|R3_SUSTAINED_JOINT|R4_RISING_FLOOD|R5_RISING_LANDSLIDE|R6_ENV_PRECURSOR|R7_JOINT_MODERATE,6,1,0,0,0
2024-06-29,11.48426,75.83435,11.48426_75.83435,Kozhikode,2024-06-29,0.64024085,0.12538396,0.7873983780543009,R1_FLOOD_LEVEL|R3_SUSTAINED_JOINT|R7_JOINT_MODERATE,3,1,0,0,0
2024-06-30,11.48426,75.83435,11.48426_75.83435,Kozhikode,2024-06-30,0.64024085,0.6219372,0.7616045276323954,R1_FLOOD_LEVEL|R2_LANDSLIDE_LEVEL|R3_SUSTAINED_JOINT|R7_JOINT_MODERATE,4,1,1,0,0
2024-07-01,11.48426,75.83435,11.48426_75.83435,Kozhikode,2024-07-01,0.6547279,0.8546283,0.8330481847127279,R1_FLOOD_LEVEL|R2_LANDSLIDE_LEVEL|R3_SUSTAINED_JOINT|R7_JOINT_MODERATE,4,1,1,0,0
2024-07-02,11.48426,75.83435,11.48426_75.83435,Kozhikode,2024-07-02,0.64024085,0.2631018,0.8495632807413737,R1_FLOOD_LEVEL|R3_SUSTAINED_JOINT|R5_RISING_LANDSLIDE|R7_JOINT_MODERATE,4,1,0,0,0
2024-07-03,11.48426,75.83435,11.48426_75.83435,Kozhikode,2024-07-03,0.6568498,0.4694654,0.8342160979906718,R1_FLOOD_LEVEL|R3_SUSTAINED_JOINT|R5_RISING_LANDSLIDE|R7_JOINT_MODERATE,4,1,0,0,0
2024-07-04,11.48426,75.83435,11.48426_75.83435,Kozhikode,2024-07-04,0.64024085,0.091211185,0.7419653336207072,R1_FLOOD_LEVEL|R3_SUSTAINED_JOINT|R7_JOINT_MODERATE,3,1,0,0,0
2024-07-05,11.48426,75.83435,11.48426_75.83435,Kozhikode,2024-07-05,0.63049155,0.24323896,0.7371240854263306,R1_FLOOD_LEVEL|R3_SUSTAINED_JOINT|R7_JOINT_MODERATE,3,1,0,0,0
2024-07-06,11.48426,75.83435,11.48426_75.83435,Kozhikode,2024-07-06,0.64024085,0.28874826,0.7125153541564941,R1_FLOOD_LEVEL|R3_SUSTAINED_JOINT|R7_JOINT_MODERATE,3,1,0,0,0
2024-07-07,11.48426,75.83435,11.48426_75.83435,Kozhikode,2024-07-07,0.62147105,0.09863814,0.7077665328979492,R1_FLOOD_LEVEL|R3_SUSTAINED_JOINT|R7_JOINT_MODERATE,3,1,0,0,0
2024-07-08,11.48426,75.83435,11.48426_75.83435,Kozhikode,2024-07-08,0.60939956,0.2818783,0.7074768543243408,R1_FLOOD_LEVEL|R3_SUSTAINED_JOINT|R7_JOINT_MODERATE,3,1,0,0,0
2024-07-09,11.48426,75.83435,11.48426_75.83435,Kozhikode,2024-07-09,0.60939956,0.1403166,0.6808390418688456,R1_FLOOD_LEVEL|R7_JOINT_MODERATE,2,1,0,0,0
2024-07-10,11.48426,75.83435,11.48426_75.83435,Kozhikode,2024-07-10,0.5858766,0.12006078,0.6731017430623373,R1_FLOOD_LEVEL|R7_JOINT_MODERATE,2,1,0,0,0
2024-07-11,11.48426,75.83435,11.48426_75.83435,Kozhikode,2024-07-11,0.5858766,0.097655214,0.6420405904452006,R1_FLOOD_LEVEL,1,1,0,0,0
2024-07-12,11.48426,75.83435,11.48426_75.83435,Kozhikode,2024-07-12,0.6022303,0.66115797,0.7090444564819336,R1_FLOOD_LEVEL|R2_LANDSLIDE_LEVEL|R5_RISING_LANDSLIDE|R7_JOINT_MODERATE,4,1,1,0,0
2024-07-13,11.48426,75.83435,11.48426_75.83435,Kozhikode,2024-07-13,0.64515716,0.32184944,0.7502999901771545,R1_FLOOD_LEVEL|R3_SUSTAINED_JOINT|R5_RISING_LANDSLIDE|R7_JOINT_MODERATE,4,1,0,0,0
2024-07-14,11.48426,75.83435,11.48426_75.83435,Kozhikode,2024-07-14,0.61926085,0.65156907,0.8306402564048767,R1_FLOOD_LEVEL|R2_LANDSLIDE_LEVEL|R3_SUSTAINED_JOINT|R5_RISING_LANDSLIDE|R7_JOINT_MODERATE,5,1,1,0,0
2024-07-15,11.48426,75.83435,11.48426_75.83435,Kozhikode,2024-07-15,0.6560291,0.49862915,0.8180816372235616,R1_FLOOD_LEVEL|R3_SUSTAINED_JOINT|R4_RISING_FLOOD|R5_RISING_LANDSLIDE|R7_JOINT_MODERATE,5,1,0,0,0
2024-07-16,11.48426,75.83435,11.48426_75.83435,Kozhikode,2024-07-16,0.6655181,0.85917586,0.8825928767522176,R1_FLOOD_LEVEL|R2_LANDSLIDE_LEVEL|R3_SUSTAINED_JOINT|R5_RISING_LANDSLIDE|R7_JOINT_MODERATE,5,1,1,0,0
2024-07-17,11.48426,75.83435,11.48426_75.83435,Kozhikode,2024-07-17,0.6687723,0.75652534,0.8999314506848654,R1_FLOOD_LEVEL|R2_LANDSLIDE_LEVEL|R3_SUSTAINED_JOINT|R5_RISING_LANDSLIDE|R7_JOINT_MODERATE,5,1,1,0,0
2024-07-18,11.48426,75.83435,11.48426_75.83435,Kozhikode,2024-07-18,0.6687723,0.48782486,0.9008682370185852,R1_FLOOD_LEVEL|R3_SUSTAINED_JOINT|R5_RISING_LANDSLIDE|R7_JOINT_MODERATE,4,1,0,0,0
2024-07-19,11.48426,75.83435,11.48426_75.83435,Kozhikode,2024-07-19,0.6655181,0.44525257,0.854718287785848,R1_FLOOD_LEVEL|R3_SUSTAINED_JOINT|R7_JOINT_MODERATE,3,1,0,0,0
2024-07-20,11.48426,75.83435,11.48426_75.83435,Kozhikode,2024-07-20,0.65714025,0.26521012,0.7976235151290894,R1_FLOOD_LEVEL|R3_SUSTAINED_JOINT|R7_JOINT_MODERATE,3,1,0,0,0
2024-07-21,11.48426,75.83435,11.48426_75.83435,Kozhikode,2024-07-21,0.62042207,0.46173412,0.7860677639643351,R1_FLOOD_LEVEL|R3_SUSTAINED_JOINT|R7_JOINT_MODERATE,3,1,0,0,0
2024-07-22,11.48426,75.83435,11.48426_75.83435,Kozhikode,2024-07-22,0.62042207,0.3211743,0.7620296478271484,R1_FLOOD_LEVEL|R3_SUSTAINED_JOINT|R7_JOINT_MODERATE,3,1,0,0,0
2024-07-23,11.48426,75.83435,11.48426_75.83435,Kozhikode,2024-07-23,0.60939956,0.30973884,0.7561341722806295,R1_FLOOD_LEVEL|R3_SUSTAINED_JOINT|R7_JOINT_MODERATE,3,1,0,0,0
2024-07-24,11.48426,75.83435,11.48426_75.83435,Kozhikode,2024-07-24,0.62147105,0.6360938,0.7783224582672119,R1_FLOOD_LEVEL|R2_LANDSLIDE_LEVEL|R3_SUSTAINED_JOINT|R7_JOINT_MODERATE,4,1,1,0,0
2024-07-25,11.48426,75.83435,11.48426_75.83435,Kozhikode,2024-07-25,0.62042207,0.6515379,0.8201220432917277,R1_FLOOD_LEVEL|R2_LANDSLIDE_LEVEL|R3_SUSTAINED_JOINT|R5_RISING_LANDSLIDE|R7_JOINT_MODERATE,5,1,1,0,0
2024-07-26,11.48426,75.83435,11.48426_75.83435,Kozhikode,2024-07-26,0.64628446,0.4394159,0.8438983758290609,R1_FLOOD_LEVEL|R3_SUSTAINED_JOINT|R5_RISING_LANDSLIDE|R7_JOINT_MODERATE,4,1,0,0,0
2024-07-27,11.48426,75.83435,11.48426_75.83435,Kozhikode,2024-07-27,0.62042207,0.49732256,0.8262129624684652,R1_FLOOD_LEVEL|R3_SUSTAINED_JOINT|R5_RISING_LANDSLIDE|R7_JOINT_MODERATE,4,1,0,0,0
2024-07-28,11.48426,75.83435,11.48426_75.83435,Kozhikode,2024-07-28,0.61269546,0.3349198,0.7844396233558655,R1_FLOOD_LEVEL|R3_SUSTAINED_JOINT|R7_JOINT_MODERATE,3,1,0,0,0
2024-07-29,11.48426,75.83435,11.48426_75.83435,Kozhikode,2024-07-29,0.65147394,0.43048695,0.7843720118204752,R1_FLOOD_LEVEL|R3_SUSTAINED_JOINT|R7_JOINT_MODERATE,3,1,0,0,1
2024-07-30,11.48426,75.83435,11.48426_75.83435,Kozhikode,2024-07-30,0.6687723,0.634472,0.8076160947481791,R1_FLOOD_LEVEL|R2_LANDSLIDE_LEVEL|R3_SUSTAINED_JOINT|R7_JOINT_MODERATE,4,1,1,1,1
2024-07-31,11.48426,75.83435,11.48426_75.83435,Kozhikode,2024-07-31,0.6687723,0.49885297,0.8381476799647013,R1_FLOOD_LEVEL|R3_SUSTAINED_JOINT|R5_RISING_LANDSLIDE|R7_JOINT_MODERATE,4,1,0,0,0
2024-08-01,11.48426,75.83435,11.48426_75.83435,Kozhikode,2024-08-01,0.6655181,0.3709849,0.834179679552714,R1_FLOOD_LEVEL|R3_SUSTAINED_JOINT|R5_RISING_LANDSLIDE|R7_JOINT_MODERATE,4,1,0,0,0
2024-08-02,11.48426,75.83435,11.48426_75.83435,Kozhikode,2024-08-02,0.64628446,0.23268941,0.7840674519538879,R1_FLOOD_LEVEL|R3_SUSTAINED_JOINT|R7_JOINT_MODERATE,3,1,0,0,0
2024-08-03,11.48426,75.83435,11.48426_75.83435,Kozhikode,2024-08-03,0.62042207,0.11820817,0.7278291583061218,R1_FLOOD_LEVEL|R3_SUSTAINED_JOINT|R7_JOINT_MODERATE,3,1,0,0,0
2024-08-04,11.48426,75.83435,11.48426_75.83435,Kozhikode,2024-08-04,0.62042207,0.15800515,0.6914263168970743,R1_FLOOD_LEVEL|R3_SUSTAINED_JOINT|R7_JOINT_MODERATE,3,1,0,0,0
2024-08-05,11.48426,75.83435,11.48426_75.83435,Kozhikode,2024-08-05,0.5933006,0.29772362,0.6866910854975382,R1_FLOOD_LEVEL|R7_JOINT_MODERATE,2,1,0,0,0
2024-08-06,11.48426,75.83435,11.48426_75.83435,Kozhikode,2024-08-06,0.5933006,0.3932401,0.7160043517748514,R1_FLOOD_LEVEL|R7_JOINT_MODERATE,2,1,0,0,0
2024-08-07,11.48426,75.83435,11.48426_75.83435,Kozhikode,2024-08-07,0.5858766,0.35392773,0.7333540121714274,R1_FLOOD_LEVEL|R3_SUSTAINED_JOINT|R5_RISING_LANDSLIDE|R7_JOINT_MODERATE,4,1,0,0,0
2024-08-08,11.48426,75.83435,11.48426_75.83435,Kozhikode,2024-08-08,0.5858766,0.23738252,0.7232865691184998,R1_FLOOD_LEVEL|R3_SUSTAINED_JOINT|R5_RISING_LANDSLIDE|R7_JOINT_MODERATE,4,1,0,0,0
2024-08-09,11.48426,75.83435,11.48426_75.83435,Kozhikode,2024-08-09,0.5858766,0.21790297,0.6975812911987305,R1_FLOOD_LEVEL|R3_SUSTAINED_JOINT|R7_JOINT_MODERATE,3,1,0,0,0
2024-08-10,11.48426,75.83435,11.48426_75.83435,Kozhikode,2024-08-10,0.6022303,0.12746191,0.6710761189460754,R1_FLOOD_LEVEL|R7_JOINT_MODERATE,2,1,0,0,0
2024-08-11,11.48426,75.83435,11.48426_75.83435,Kozhikode,2024-08-11,0.5858766,0.22073878,0.6687785784403483,R1_FLOOD_LEVEL|R7_JOINT_MODERATE,2,1,0,0,0
2024-08-12,11.48426,75.83435,11.48426_75.83435,Kozhikode,2024-08-12,0.53022593,0.23653047,0.6571874221165975,R1_FLOOD_LEVEL|R7_JOINT_MODERATE,2,1,0,0,0
2024-08-13,11.48426,75.83435,11.48426_75.83435,Kozhikode,2024-08-13,0.5858766,0.21771428,0.6648895541826884,R1_FLOOD_LEVEL|R7_JOINT_MODERATE,2,1,0,0,0
2024-08-14,11.48426,75.83435,11.48426_75.83435,Kozhikode,2024-08-14,0.5858766,0.2484094,0.6687092383702596,R1_FLOOD_LEVEL|R7_JOINT_MODERATE,2,1,0,0,0
2024-08-15,11.48426,75.83435,11.48426_75.83435,Kozhikode,2024-08-15,0.576566,0.196089,0.6747942169507345,R1_FLOOD_LEVEL|R7_JOINT_MODERATE,2,1,0,0,0
2024-08-16,11.48426,75.83435,11.48426_75.83435,Kozhikode,2024-08-16,0.576566,0.116964735,0.6581461032231649,R1_FLOOD_LEVEL|R7_JOINT_MODERATE,2,1,0,0,0
2024-08-17,11.48426,75.83435,11.48426_75.83435,Kozhikode,2024-08-17,0.58594364,0.16824374,0.6470985412597656,R1_FLOOD_LEVEL,1,1,0,0,0
2024-08-18,11.48426,75.83435,11.48426_75.83435,Kozhikode,2024-08-18,0.59519285,0.18926173,0.6511687437693278,R1_FLOOD_LEVEL,1,1,0,0,0
2024-08-19,11.48426,75.83435,11.48426_75.83435,Kozhikode,2024-08-19,0.46454948,0.28966805,0.6490219235420227,R7_JOINT_MODERATE,1,0,0,0,0
2024-08-20,11.48426,75.83435,11.48426_75.83435,Kozhikode,2024-08-20,0.47610283,0.45251465,0.6682112415631613,R5_RISING_LANDSLIDE,1,0,0,0,0
2024-08-21,11.48426,75.83435,11.48426_75.83435,Kozhikode,2024-08-21,0.56582975,0.41517544,0.6929709911346436,R1_FLOOD_LEVEL|R5_RISING_LANDSLIDE,2,1,0,0,0
2024-08-22,11.48426,75.83435,11.48426_75.83435,Kozhikode,2024-08-22,0.5671004,0.11620046,0.6922213633855184,R1_FLOOD_LEVEL|R3_SUSTAINED_JOINT|R5_RISING_LANDSLIDE|R7_JOINT_MODERATE,4,1,0,0,0
2024-08-26,11.48426,75.83435,11.48426_75.83435,Kozhikode,2024-08-26,0.50130713,0.08410094,0.5088407595952352,R1_FLOOD_LEVEL,1,1,0,0,0
2024-08-29,11.48426,75.83435,11.48426_75.83435,Kozhikode,2024-08-29,0.4946379,0.1955206,0.5709259510040283,R5_RISING_LANDSLIDE,1,0,0,0,0
2024-08-30,11.48426,75.83435,11.48426_75.83435,Kozhikode,2024-08-30,0.54549825,0.3473026,0.6142608523368835,R1_FLOOD_LEVEL|R5_RISING_LANDSLIDE,2,1,0,0,0
2024-08-31,11.48426,75.83435,11.48426_75.83435,Kozhikode,2024-08-31,0.53593004,0.2700382,0.6526803771654764,R1_FLOOD_LEVEL|R5_RISING_LANDSLIDE,2,1,0,0,0
2024-09-01,11.48426,75.83435,11.48426_75.83435,Kozhikode,2024-09-01,0.52375776,0.18173455,0.6583006580670675,R1_FLOOD_LEVEL|R4_RISING_FLOOD|R5_RISING_LANDSLIDE,3,1,0,0,0
2024-10-09,11.48426,75.83435,11.48426_75.83435,Kozhikode,2024-10-09,0.48666802,0.20423742,0.5710643331209818,R5_RISING_LANDSLIDE,1,0,0,0,0
2023-05-02,11.7109,76.08737,11.7109_76.08737,Wayanad,2023-05-02,0.5473636,0.08750258,0.5533477266629537,R1_FLOOD_LEVEL,1,1,0,0,0
2023-05-03,11.7109,76.08737,11.7109_76.08737,Wayanad,2023-05-03,0.5131837,0.073066205,0.5600899259249369,R1_FLOOD_LEVEL|R4_RISING_FLOOD,2,1,0,0,0
2023-05-04,11.7109,76.08737,11.7109_76.08737,Wayanad,2023-05-04,0.5473636,0.073103055,0.572058896223704,R1_FLOOD_LEVEL|R4_RISING_FLOOD,2,1,0,0,0
2023-05-06,11.7109,76.08737,11.7109_76.08737,Wayanad,2023-05-06,0.5473636,0.073066205,0.5370010733604431,R1_FLOOD_LEVEL,1,1,0,0,0
2023-05-07,11.7109,76.08737,11.7109_76.08737,Wayanad,2023-05-07,0.5367102,0.073066205,0.5337038636207581,R1_FLOOD_LEVEL,1,1,0,0,0
2023-05-08,11.7109,76.08737,11.7109_76.08737,Wayanad,2023-05-08,0.5473636,0.10389006,0.5817950169245402,R1_FLOOD_LEVEL|R4_RISING_FLOOD,2,1,0,0,0
2023-05-09,11.7109,76.08737,11.7109_76.08737,Wayanad,2023-05-09,0.5473636,0.073103055,0.5818005800247192,R1_FLOOD_LEVEL,1,1,0,0,0
2023-05-10,11.7109,76.08737,11.7109_76.08737,Wayanad,2023-05-10,0.5473636,0.073103055,0.5850977897644043,R1_FLOOD_LEVEL|R4_RISING_FLOOD,2,1,0,0,0
2023-05-11,11.7109,76.08737,11.7109_76.08737,Wayanad,2023-05-11,0.5473636,0.08635026,0.5824514031410217,R1_FLOOD_LEVEL,1,1,0,0,0
2023-05-12,11.7109,76.08737,11.7109_76.08737,Wayanad,2023-05-12,0.5131837,0.073103055,0.5718910098075867,R1_FLOOD_LEVEL,1,1,0,0,0
2023-05-13,11.7109,76.08737,11.7109_76.08737,Wayanad,2023-05-13,0.5473636,0.073103055,0.5718910098075867,R1_FLOOD_LEVEL,1,1,0,0,0
2023-05-21,11.7109,76.08737,11.7109_76.08737,Wayanad,2023-05-21,0.5473636,0.073103055,0.543880820274353,R1_FLOOD_LEVEL,1,1,0,0,0
2023-05-22,11.7109,76.08737,11.7109_76.08737,Wayanad,2023-05-22,0.5473636,0.073103055,0.5621667504310608,R1_FLOOD_LEVEL|R4_RISING_FLOOD,2,1,0,0,0
2023-05-23,11.7109,76.08737,11.7109_76.08737,Wayanad,2023-05-23,0.5473636,0.087205924,0.5825805068016052,R1_FLOOD_LEVEL|R4_RISING_FLOOD,2,1,0,0,0
2023-05-24,11.7109,76.08737,11.7109_76.08737,Wayanad,2023-05-24,0.5367102,0.08763568,0.5815332531929016,R1_FLOOD_LEVEL,1,1,0,0,0
2023-05-25,11.7109,76.08737,11.7109_76.08737,Wayanad,2023-05-25,0.5367102,0.073103055,0.5782417257626852,R1_FLOOD_LEVEL,1,1,0,0,0
2023-05-26,11.7109,76.08737,11.7109_76.08737,Wayanad,2023-05-26,0.5473636,0.07291079,0.5760848919550577,R1_FLOOD_LEVEL,1,1,0,0,0
2023-05-27,11.7109,76.08737,11.7109_76.08737,Wayanad,2023-05-27,0.5473636,0.07291079,0.5771031379699707,R1_FLOOD_LEVEL,1,1,0,0,0
2023-05-28,11.7109,76.08737,11.7109_76.08737,Wayanad,2023-05-28,0.5473636,0.08614397,0.5823622544606527,R1_FLOOD_LEVEL,1,1,0,0,0
2023-05-29,11.7109,76.08737,11.7109_76.08737,Wayanad,2023-05-29,0.55035824,0.15597889,0.5957379937171936,R1_FLOOD_LEVEL,1,1,0,0,0
2023-05-30,11.7109,76.08737,11.7109_76.08737,Wayanad,2023-05-30,0.55035824,0.20279513,0.6161305705706278,R1_FLOOD_LEVEL|R5_RISING_LANDSLIDE,2,1,0,0,0
2023-05-31,11.7109,76.08737,11.7109_76.08737,Wayanad,2023-05-31,0.55035824,0.18769781,0.6322637597719828,R1_FLOOD_LEVEL|R5_RISING_LANDSLIDE|R7_JOINT_MODERATE,3,1,0,0,0
2023-06-01,11.7109,76.08737,11.7109_76.08737,Wayanad,2023-06-01,0.56644106,0.24260911,0.6493082841237386,R1_FLOOD_LEVEL|R5_RISING_LANDSLIDE|R7_JOINT_MODERATE,3,1,0,0,0
2023-06-02,11.7109,76.08737,11.7109_76.08737,Wayanad,2023-06-02,0.56644106,0.1425201,0.6448711156845093,R1_FLOOD_LEVEL|R7_JOINT_MODERATE,2,1,0,0,0
2023-06-03,11.7109,76.08737,11.7109_76.08737,Wayanad,2023-06-03,0.589471,0.24799812,0.663713256518046,R1_FLOOD_LEVEL|R7_JOINT_MODERATE,2,1,0,0,0
2023-06-04,11.7109,76.08737,11.7109_76.08737,Wayanad,2023-06-04,0.589471,0.13209873,0.654404878616333,R1_FLOOD_LEVEL|R7_JOINT_MODERATE,2,1,0,0,0
2023-06-05,11.7109,76.08737,11.7109_76.08737,Wayanad,2023-06-05,0.57515836,0.10803247,0.6520125865936279,R1_FLOOD_LEVEL|R7_JOINT_MODERATE,2,1,0,0,0
2023-06-06,11.7109,76.08737,11.7109_76.08737,Wayanad,2023-06-06,0.59066546,0.07880235,0.6292260885238647,R1_FLOOD_LEVEL,1,1,0,0,0
2023-06-07,11.7109,76.08737,11.7109_76.08737,Wayanad,2023-06-07,0.5559446,0.07880235,0.611638069152832,R1_FLOOD_LEVEL,1,1,0,0,0
2023-06-08,11.7109,76.08737,11.7109_76.08737,Wayanad,2023-06-08,0.5559446,0.072706014,0.6006964445114136,R1_FLOOD_LEVEL,1,1,0,0,0
2023-06-09,11.7109,76.08737,11.7109_76.08737,Wayanad,2023-06-09,0.55295694,0.072706014,0.5882090131441752,R1_FLOOD_LEVEL,1,1,0,0,0
2023-06-10,11.7109,76.08737,11.7109_76.08737,Wayanad,2023-06-10,0.5333773,0.07286103,0.5803552269935608,R1_FLOOD_LEVEL,1,1,0,0,0
2023-06-11,11.7109,76.08737,11.7109_76.08737,Wayanad,2023-06-11,0.5326056,0.07286103,0.5731653173764547,R1_FLOOD_LEVEL,1,1,0,0,0
2023-06-12,11.7109,76.08737,11.7109_76.08737,Wayanad,2023-06-12,0.56471086,0.24333031,0.6015553871790568,R1_FLOOD_LEVEL,1,1,0,0,0
2023-06-13,11.7109,76.08737,11.7109_76.08737,Wayanad,2023-06-13,0.56471086,0.12555833,0.6188850998878479,R1_FLOOD_LEVEL|R5_RISING_LANDSLIDE,2,1,0,0,0
2023-06-14,11.7109,76.08737,11.7109_76.08737,Wayanad,2023-06-14,0.5559446,0.11457881,0.6322729587554932,R1_FLOOD_LEVEL|R5_RISING_LANDSLIDE,2,1,0,0,0
2023-06-15,11.7109,76.08737,11.7109_76.08737,Wayanad,2023-06-15,0.5347233,0.08168841,0.5996400117874146,R1_FLOOD_LEVEL,1,1,0,0,0
2023-06-18,11.7109,76.08737,11.7109_76.08737,Wayanad,2023-06-18,0.5397161,0.08187536,0.5278406143188477,R1_FLOOD_LEVEL,1,1,0,0,0
2023-06-19,11.7109,76.08737,11.7109_76.08737,Wayanad,2023-06-19,0.5473636,0.24121471,0.5709989865620931,R1_FLOOD_LEVEL,1,1,0,0,0
2023-06-20,11.7109,76.08737,11.7109_76.08737,Wayanad,2023-06-20,0.5875073,0.36492512,0.6573281486829122,R1_FLOOD_LEVEL|R4_RISING_FLOOD|R5_RISING_LANDSLIDE|R7_JOINT_MODERATE,4,1,0,0,0
2023-06-21,11.7109,76.08737,11.7109_76.08737,Wayanad,2023-06-21,0.5771386,0.5247586,0.7312070528666178,R1_FLOOD_LEVEL|R2_LANDSLIDE_LEVEL|R4_RISING_FLOOD|R5_RISING_LANDSLIDE|R7_JOINT_MODERATE,5,1,1,0,0
2023-06-22,11.7109,76.08737,11.7109_76.08737,Wayanad,2023-06-22,0.5771386,0.2876395,0.7452817757924398,R1_FLOOD_LEVEL|R3_SUSTAINED_JOINT|R4_RISING_FLOOD|R5_RISING_LANDSLIDE|R6_ENV_PRECURSOR|R7_JOINT_MODERATE,6,1,0,0,0
2023-06-23,11.7109,76.08737,11.7109_76.08737,Wayanad,2023-06-23,0.5771386,0.25182733,0.727145234743754,R1_FLOOD_LEVEL|R3_SUSTAINED_JOINT|R5_RISING_LANDSLIDE|R7_JOINT_MODERATE,4,1,0,0,0
2023-06-24,11.7109,76.08737,11.7109_76.08737,Wayanad,2023-06-24,0.5771386,0.26832324,0.690999706586202,R1_FLOOD_LEVEL|R3_SUSTAINED_JOINT|R7_JOINT_MODERATE,3,1,0,0,0
2023-06-25,11.7109,76.08737,11.7109_76.08737,Wayanad,2023-06-25,0.5900598,0.2945109,0.6950068473815918,R1_FLOOD_LEVEL|R3_SUSTAINED_JOINT|R7_JOINT_MODERATE,3,1,0,0,0
2023-06-26,11.7109,76.08737,11.7109_76.08737,Wayanad,2023-06-26,0.59086937,0.543195,0.7381669878959656,R1_FLOOD_LEVEL|R2_LANDSLIDE_LEVEL|R3_SUSTAINED_JOINT|R7_JOINT_MODERATE,4,1,1,0,0
2023-06-27,11.7109,76.08737,11.7109_76.08737,Wayanad,2023-06-27,0.59086937,0.5756073,0.7834222515424093,R1_FLOOD_LEVEL|R2_LANDSLIDE_LEVEL|R3_SUSTAINED_JOINT|R5_RISING_LANDSLIDE|R7_JOINT_MODERATE,5,1,1,0,0
2023-06-28,11.7109,76.08737,11.7109_76.08737,Wayanad,2023-06-28,0.59086937,0.19614415,0.7701976696650187,R1_FLOOD_LEVEL|R3_SUSTAINED_JOINT|R5_RISING_LANDSLIDE|R7_JOINT_MODERATE,4,1,0,0,0
2023-06-29,11.7109,76.08737,11.7109_76.08737,Wayanad,2023-06-29,0.59086937,0.17709565,0.7202701767285665,R1_FLOOD_LEVEL|R3_SUSTAINED_JOINT|R7_JOINT_MODERATE,3,1,0,0,0
2023-06-30,11.7109,76.08737,11.7109_76.08737,Wayanad,2023-06-30,0.59086937,0.120643795,0.6582236687342325,R1_FLOOD_LEVEL|R7_JOINT_MODERATE,2,1,0,0,0
2023-07-01,11.7109,76.08737,11.7109_76.08737,Wayanad,2023-07-01,0.57515836,0.13792548,0.6457692980766296,R1_FLOOD_LEVEL,1,1,0,0,0
2023-07-02,11.7109,76.08737,11.7109_76.08737,Wayanad,2023-07-02,0.56471086,0.14828812,0.6344141364097595,R1_FLOOD_LEVEL,1,1,0,0,0
2023-07-03,11.7109,76.08737,11.7109_76.08737,Wayanad,2023-07-03,0.57349336,0.10793078,0.6275135080019633,R1_FLOOD_LEVEL,1,1,0,0,0
2023-07-04,11.7109,76.08737,11.7109_76.08737,Wayanad,2023-07-04,0.5760793,0.46371648,0.6738146742184957,R1_FLOOD_LEVEL|R5_RISING_LANDSLIDE|R7_JOINT_MODERATE,3,1,0,0,0
2023-07-05,11.7109,76.08737,11.7109_76.08737,Wayanad,2023-07-05,0.59780884,0.36527845,0.7123018304506937,R1_FLOOD_LEVEL|R5_RISING_LANDSLIDE|R6_ENV_PRECURSOR|R7_JOINT_MODERATE,4,1,0,0,0
2023-07-06,11.7109,76.08737,11.7109_76.08737,Wayanad,2023-07-06,0.59780884,0.47875986,0.7692469159762064,R1_FLOOD_LEVEL|R3_SUSTAINED_JOINT|R5_RISING_LANDSLIDE|R6_ENV_PRECURSOR|R7_JOINT_MODERATE,5,1,0,0,0
2023-07-07,11.7109,76.08737,11.7109_76.08737,Wayanad,2023-07-07,0.59780884,0.26325846,0.7462571660677592,R1_FLOOD_LEVEL|R3_SUSTAINED_JOINT|R5_RISING_LANDSLIDE|R7_JOINT_MODERATE,4,1,0,0,0
2023-07-08,11.7109,76.08737,11.7109_76.08737,Wayanad,2023-07-08,0.59086937,0.15072969,0.7155294617017111,R1_FLOOD_LEVEL|R3_SUSTAINED_JOINT|R7_JOINT_MODERATE,3,1,0,0,0
2023-07-09,11.7109,76.08737,11.7109_76.08737,Wayanad,2023-07-09,0.59780884,0.15571138,0.6722203890482584,R1_FLOOD_LEVEL|R7_JOINT_MODERATE,2,1,0,0,0
2023-07-10,11.7109,76.08737,11.7109_76.08737,Wayanad,2023-07-10,0.59780884,0.49538752,0.703340470790863,R1_FLOOD_LEVEL|R7_JOINT_MODERATE,2,1,0,0,0
2023-07-11,11.7109,76.08737,11.7109_76.08737,Wayanad,2023-07-11,0.59780884,0.41379085,0.740571935971578,R1_FLOOD_LEVEL|R3_SUSTAINED_JOINT|R7_JOINT_MODERATE,3,1,0,0,0
2023-07-12,11.7109,76.08737,11.7109_76.08737,Wayanad,2023-07-12,0.59086937,0.38497618,0.7698853810628256,R1_FLOOD_LEVEL|R3_SUSTAINED_JOINT|R5_RISING_LANDSLIDE|R7_JOINT_MODERATE,4,1,0,0,0
2023-07-13,11.7109,76.08737,11.7109_76.08737,Wayanad,2023-07-13,0.57478845,0.12873232,0.7140445709228516,R1_FLOOD_LEVEL|R3_SUSTAINED_JOINT|R7_JOINT_MODERATE,3,1,0,0,0
2023-07-14,11.7109,76.08737,11.7109_76.08737,Wayanad,2023-07-14,0.57478845,0.12508611,0.6686261296272278,R1_FLOOD_LEVEL|R7_JOINT_MODERATE,2,1,0,0,0
2023-07-15,11.7109,76.08737,11.7109_76.08737,Wayanad,2023-07-15,0.57478845,0.117389165,0.6274023652076721,R1_FLOOD_LEVEL,1,1,0,0,0
2023-07-16,11.7109,76.08737,11.7109_76.08737,Wayanad,2023-07-16,0.5818076,0.1464189,0.6319063504536947,R1_FLOOD_LEVEL,1,1,0,0,0
2023-07-17,11.7109,76.08737,11.7109_76.08737,Wayanad,2023-07-17,0.58590066,0.12356004,0.6349364519119263,R1_FLOOD_LEVEL,1,1,0,0,0
2023-07-18,11.7109,76.08737,11.7109_76.08737,Wayanad,2023-07-18,0.5760793,0.2371386,0.6522376537322998,R1_FLOOD_LEVEL|R7_JOINT_MODERATE,2,1,0,0,0
2023-07-19,11.7109,76.08737,11.7109_76.08737,Wayanad,2023-07-19,0.5802643,0.24284387,0.6652895410855612,R1_FLOOD_LEVEL|R5_RISING_LANDSLIDE|R7_JOINT_MODERATE,3,1,0,0,0
2023-07-20,11.7109,76.08737,11.7109_76.08737,Wayanad,2023-07-20,0.5715736,0.17038627,0.6677911082903544,R1_FLOOD_LEVEL|R5_RISING_LANDSLIDE|R7_JOINT_MODERATE,3,1,0,0,0
2023-07-21,11.7109,76.08737,11.7109_76.08737,Wayanad,2023-07-21,0.56736666,0.13938107,0.6514778733253479,R1_FLOOD_LEVEL|R7_JOINT_MODERATE,2,1,0,0,0
2023-07-22,11.7109,76.08737,11.7109_76.08737,Wayanad,2023-07-22,0.56028825,0.121807985,0.6286959250768026,R1_FLOOD_LEVEL,1,1,0,0,0
2023-07-23,11.7109,76.08737,11.7109_76.08737,Wayanad,2023-07-23,0.58590066,0.19202244,0.6356444160143534,R1_FLOOD_LEVEL,1,1,0,1,0
2023-07-24,11.7109,76.08737,11.7109_76.08737,Wayanad,2023-07-24,0.5772417,0.74152416,0.7233309745788574,R1_FLOOD_LEVEL|R2_LANDSLIDE_LEVEL|R5_RISING_LANDSLIDE|R7_JOINT_MODERATE,4,1,1,0,0
2023-07-25,11.7109,76.08737,11.7109_76.08737,Wayanad,2023-07-25,0.5772417,0.6875339,0.8080155452092489,R1_FLOOD_LEVEL|R2_LANDSLIDE_LEVEL|R3_SUSTAINED_JOINT|R5_RISING_LANDSLIDE|R6_ENV_PRECURSOR|R7_JOINT_MODERATE,6,1,1,0,0
2023-07-26,11.7109,76.08737,11.7109_76.08737,Wayanad,2023-07-26,0.5829657,0.507706,0.85110870997111,R1_FLOOD_LEVEL|R2_LANDSLIDE_LEVEL|R3_SUSTAINED_JOINT|R5_RISING_LANDSLIDE|R6_ENV_PRECURSOR|R7_JOINT_MODERATE,6,1,1,0,0
2023-07-27,11.7109,76.08737,11.7109_76.08737,Wayanad,2023-07-27,0.5829657,0.15257844,0.7697316805521647,R1_FLOOD_LEVEL|R3_SUSTAINED_JOINT|R5_RISING_LANDSLIDE|R7_JOINT_MODERATE,4,1,0,0,0
2023-07-28,11.7109,76.08737,11.7109_76.08737,Wayanad,2023-07-28,0.5731255,0.17549181,0.6964437166849772,R1_FLOOD_LEVEL|R3_SUSTAINED_JOINT|R7_JOINT_MODERATE,3,1,0,0,0
2023-07-29,11.7109,76.08737,11.7109_76.08737,Wayanad,2023-07-29,0.56606925,0.1508856,0.6420592665672302,R1_FLOOD_LEVEL,1,1,0,0,0
2023-07-30,11.7109,76.08737,11.7109_76.08737,Wayanad,2023-07-30,0.56028825,0.13547675,0.6331468820571899,R1_FLOOD_LEVEL,1,1,0,0,0
2023-07-31,11.7109,76.08737,11.7109_76.08737,Wayanad,2023-07-31,0.56028825,0.130341,0.6230009396870931,R1_FLOOD_LEVEL,1,1,0,0,0
2023-08-01,11.7109,76.08737,11.7109_76.08737,Wayanad,2023-08-01,0.5301271,0.11169991,0.606690526008606,R1_FLOOD_LEVEL,1,1,0,0,0
2023-08-02,11.7109,76.08737,11.7109_76.08737,Wayanad,2023-08-02,0.52299243,0.10030139,0.5903498530387878,R1_FLOOD_LEVEL,1,1,0,0,0
2023-08-11,11.7109,76.08737,11.7109_76.08737,Wayanad,2023-08-11,0.4050372,0.1254758,0.49831541379292804,R5_RISING_LANDSLIDE,1,0,0,0,0
2023-08-12,11.7109,76.08737,11.7109_76.08737,Wayanad,2023-08-12,0.4050372,0.15814959,0.5141804019610087,R5_RISING_LANDSLIDE,1,0,0,0,0
2023-08-31,11.7109,76.08737,11.7109_76.08737,Wayanad,2023-08-31,0.43241853,0.1679277,0.5122678677241007,R5_RISING_LANDSLIDE,1,0,0,0,0
2023-09-01,11.7109,76.08737,11.7109_76.08737,Wayanad,2023-09-01,0.43241853,0.1532082,0.5281498432159424,R5_RISING_LANDSLIDE,1,0,0,0,0
2023-09-25,11.7109,76.08737,11.7109_76.08737,Wayanad,2023-09-25,0.41479576,0.19713688,0.5130922794342041,R5_RISING_LANDSLIDE,1,0,0,0,0
2023-10-11,11.7109,76.08737,11.7109_76.08737,Wayanad,2023-10-11,0.416155,0.21711649,0.48131730159123737,R5_RISING_LANDSLIDE,1,0,0,0,0
2023-10-12,11.7109,76.08737,11.7109_76.08737,Wayanad,2023-10-12,0.41479576,0.1945689,0.5148524641990662,R5_RISING_LANDSLIDE,1,0,0,0,0
2023-10-13,11.7109,76.08737,11.7109_76.08737,Wayanad,2023-10-13,0.3722713,0.13680449,0.5099076827367147,R5_RISING_LANDSLIDE,1,0,0,0,0
2023-10-30,11.7109,76.08737,11.7109_76.08737,Wayanad,2023-10-30,0.4050372,0.19594324,0.4997751514116923,R5_RISING_LANDSLIDE,1,0,0,0,0
2023-10-31,11.7109,76.08737,11.7109_76.08737,Wayanad,2023-10-31,0.4050372,0.27674598,0.5332952936490377,R5_RISING_LANDSLIDE,1,0,0,0,0
2023-11-01,11.7109,76.08737,11.7109_76.08737,Wayanad,2023-11-01,0.5427005,0.12565136,0.5638225475947062,R1_FLOOD_LEVEL|R5_RISING_LANDSLIDE,2,1,0,0,0
2023-11-02,11.7109,76.08737,11.7109_76.08737,Wayanad,2023-11-02,0.5427005,0.11700977,0.5886868635813395,R1_FLOOD_LEVEL,1,1,0,0,0
2023-11-03,11.7109,76.08737,11.7109_76.08737,Wayanad,2023-11-03,0.55441874,0.14267282,0.6047869920730591,R1_FLOOD_LEVEL|R4_RISING_FLOOD,2,1,0,0,0
2023-11-04,11.7109,76.08737,11.7109_76.08737,Wayanad,2023-11-04,0.57025886,0.3001589,0.6378165483474731,R1_FLOOD_LEVEL|R4_RISING_FLOOD|R7_JOINT_MODERATE,3,1,0,0,0
2023-11-05,11.7109,76.08737,11.7109_76.08737,Wayanad,2023-11-05,0.57025886,0.70896304,0.7307233413060507,R1_FLOOD_LEVEL|R2_LANDSLIDE_LEVEL|R4_RISING_FLOOD|R5_RISING_LANDSLIDE|R7_JOINT_MODERATE,5,1,1,0,0
2023-11-06,11.7109,76.08737,11.7109_76.08737,Wayanad,2023-11-06,0.56319135,0.13817427,0.7325753370920817,R1_FLOOD_LEVEL|R3_SUSTAINED_JOINT|R5_RISING_LANDSLIDE|R7_JOINT_MODERATE,4,1,0,0,0
2023-11-07,11.7109,76.08737,11.7109_76.08737,Wayanad,2023-11-07,0.57025886,0.19702236,0.7178013324737549,R1_FLOOD_LEVEL|R3_SUSTAINED_JOINT|R5_RISING_LANDSLIDE|R7_JOINT_MODERATE,4,1,0,0,0
2023-11-08,11.7109,76.08737,11.7109_76.08737,Wayanad,2023-11-08,0.56319135,0.5894475,0.6997139056523641,R1_FLOOD_LEVEL|R2_LANDSLIDE_LEVEL|R3_SUSTAINED_JOINT|R7_JOINT_MODERATE,4,1,1,0,0
2023-11-09,11.7109,76.08737,11.7109_76.08737,Wayanad,2023-11-09,0.5254864,0.28568092,0.7122135162353516,R1_FLOOD_LEVEL|R3_SUSTAINED_JOINT|R7_JOINT_MODERATE,3,1,0,0,0
2023-11-10,11.7109,76.08737,11.7109_76.08737,Wayanad,2023-11-10,0.56319135,0.20330688,0.7112368742624918,R1_FLOOD_LEVEL|R3_SUSTAINED_JOINT|R7_JOINT_MODERATE,3,1,0,0,0
2023-11-11,11.7109,76.08737,11.7109_76.08737,Wayanad,2023-11-11,0.5410275,0.09758673,0.6329535245895386,R1_FLOOD_LEVEL|R7_JOINT_MODERATE,2,1,0,0,0
2023-11-12,11.7109,76.08737,11.7109_76.08737,Wayanad,2023-11-12,0.5535984,0.11136771,0.6137092510859171,R1_FLOOD_LEVEL,1,1,0,0,0
2023-11-13,11.7109,76.08737,11.7109_76.08737,Wayanad,2023-11-13,0.5535984,0.091599025,0.5945395231246948,R1_FLOOD_LEVEL,1,1,0,0,0
2023-11-14,11.7109,76.08737,11.7109_76.08737,Wayanad,2023-11-14,0.5410275,0.07909044,0.5917097727457682,R1_FLOOD_LEVEL,1,1,0,0,0
2023-11-15,11.7109,76.08737,11.7109_76.08737,Wayanad,2023-11-15,0.54180473,0.07563642,0.5827590624491373,R1_FLOOD_LEVEL,1,1,0,0,0
2023-11-16,11.7109,76.08737,11.7109_76.08737,Wayanad,2023-11-16,0.5291841,0.07563642,0.5728612343470255,R1_FLOOD_LEVEL,1,1,0,0,0
2023-11-17,11.7109,76.08737,11.7109_76.08737,Wayanad,2023-11-17,0.52031016,0.07563642,0.5659493406613668,R1_FLOOD_LEVEL,1,1,0,0,0
2024-05-11,11.7109,76.08737,11.7109_76.08737,Wayanad,2024-05-11,0.5473636,0.08573987,0.5444297989209493,R1_FLOOD_LEVEL,1,1,0,0,0
2024-05-12,11.7109,76.08737,11.7109_76.08737,Wayanad,2024-05-12,0.5367102,0.17093155,0.5735544959704081,R1_FLOOD_LEVEL|R4_RISING_FLOOD,2,1,0,0,0
2024-05-13,11.7109,76.08737,11.7109_76.08737,Wayanad,2024-05-13,0.5397161,0.15369241,0.6041772961616516,R1_FLOOD_LEVEL|R4_RISING_FLOOD,2,1,0,0,0
2024-05-14,11.7109,76.08737,11.7109_76.08737,Wayanad,2024-05-14,0.55035824,0.08851305,0.6055055658022562,R1_FLOOD_LEVEL,1,1,0,0,0
2024-05-15,11.7109,76.08737,11.7109_76.08737,Wayanad,2024-05-15,0.55035824,0.15597889,0.6070361733436584,R1_FLOOD_LEVEL,1,1,0,0,0
2024-05-16,11.7109,76.08737,11.7109_76.08737,Wayanad,2024-05-16,0.5397161,0.17064293,0.6096368432044983,R1_FLOOD_LEVEL,1,1,0,0,0
2024-05-17,11.7109,76.08737,11.7109_76.08737,Wayanad,2024-05-17,0.55035824,0.1927396,0.6252583861351013,R1_FLOOD_LEVEL|R7_JOINT_MODERATE,2,1,0,0,0
2024-05-18,11.7109,76.08737,11.7109_76.08737,Wayanad,2024-05-18,0.54423356,0.352527,0.6533952752749125,R1_FLOOD_LEVEL|R5_RISING_LANDSLIDE|R7_JOINT_MODERATE,3,1,0,0,0
2024-05-19,11.7109,76.08737,11.7109_76.08737,Wayanad,2024-05-19,0.56303835,0.37739867,0.6899575591087341,R1_FLOOD_LEVEL|R5_RISING_LANDSLIDE|R7_JOINT_MODERATE,3,1,0,0,0
2024-05-20,11.7109,76.08737,11.7109_76.08737,Wayanad,2024-05-20,0.584147,0.30094332,0.7140486041704813,R1_FLOOD_LEVEL|R3_SUSTAINED_JOINT|R5_RISING_LANDSLIDE|R7_JOINT_MODERATE,4,1,0,0,0
2024-05-21,11.7109,76.08737,11.7109_76.08737,Wayanad,2024-05-21,0.5771386,0.13139498,0.6899809042612711,R1_FLOOD_LEVEL|R3_SUSTAINED_JOINT|R7_JOINT_MODERATE,3,1,0,0,0
2024-05-22,11.7109,76.08737,11.7109_76.08737,Wayanad,2024-05-22,0.5771386,0.18044761,0.6651461720466614,R1_FLOOD_LEVEL|R7_JOINT_MODERATE,2,1,0,0,0
2024-05-23,11.7109,76.08737,11.7109_76.08737,Wayanad,2024-05-23,0.57025886,0.33769333,0.6671743194262186,R1_FLOOD_LEVEL|R7_JOINT_MODERATE,2,1,0,0,0
2024-05-24,11.7109,76.08737,11.7109_76.08737,Wayanad,2024-05-24,0.57025886,0.23484676,0.6800015568733215,R1_FLOOD_LEVEL|R7_JOINT_MODERATE,2,1,0,0,0
2024-05-25,11.7109,76.08737,11.7109_76.08737,Wayanad,2024-05-25,0.56319135,0.09798202,0.6641841729482015,R1_FLOOD_LEVEL|R7_JOINT_MODERATE,2,1,0,0,0
2024-05-26,11.7109,76.08737,11.7109_76.08737,Wayanad,2024-05-26,0.5639251,0.0905226,0.6268575588862101,R1_FLOOD_LEVEL,1,1,0,0,0
2024-05-27,11.7109,76.08737,11.7109_76.08737,Wayanad,2024-05-27,0.5410275,0.072052896,0.5944960912068685,R1_FLOOD_LEVEL,1,1,0,0,0
2024-05-28,11.7109,76.08737,11.7109_76.08737,Wayanad,2024-05-28,0.5581379,0.21828827,0.6106962362925211,R1_FLOOD_LEVEL,1,1,0,0,0
2024-05-29,11.7109,76.08737,11.7109_76.08737,Wayanad,2024-05-29,0.53921616,0.078721,0.6013928254445394,R1_FLOOD_LEVEL,1,1,0,0,0
2024-05-30,11.7109,76.08737,11.7109_76.08737,Wayanad,2024-05-30,0.53921616,0.07896681,0.6018944978713989,R1_FLOOD_LEVEL,1,1,0,0,0
2024-05-31,11.7109,76.08737,11.7109_76.08737,Wayanad,2024-05-31,0.5507301,0.10365223,0.5827967325846354,R1_FLOOD_LEVEL,1,1,0,0,0
2024-06-01,11.7109,76.08737,11.7109_76.08737,Wayanad,2024-06-01,0.5581379,0.4266418,0.6398518085479736,R1_FLOOD_LEVEL|R5_RISING_LANDSLIDE|R7_JOINT_MODERATE,3,1,0,0,0
2024-06-02,11.7109,76.08737,11.7109_76.08737,Wayanad,2024-06-02,0.5468569,0.23035531,0.6650644938151041,R1_FLOOD_LEVEL|R5_RISING_LANDSLIDE|R7_JOINT_MODERATE,3,1,0,0,0
2024-06-03,11.7109,76.08737,11.7109_76.08737,Wayanad,2024-06-03,0.56319135,0.17858599,0.6796982685724894,R1_FLOOD_LEVEL|R5_RISING_LANDSLIDE|R7_JOINT_MODERATE,3,1,0,0,0
2024-06-04,11.7109,76.08737,11.7109_76.08737,Wayanad,2024-06-04,0.56319135,0.19605336,0.6470897396405538,R1_FLOOD_LEVEL|R7_JOINT_MODERATE,2,1,0,0,0
2024-06-05,11.7109,76.08737,11.7109_76.08737,Wayanad,2024-06-05,0.57025886,0.34674725,0.6697662870089213,R1_FLOOD_LEVEL|R7_JOINT_MODERATE,2,1,0,0,0
2024-06-06,11.7109,76.08737,11.7109_76.08737,Wayanad,2024-06-06,0.59780884,0.54134965,0.7278781731923422,R1_FLOOD_LEVEL|R2_LANDSLIDE_LEVEL|R5_RISING_LANDSLIDE|R7_JOINT_MODERATE,4,1,1,0,0
2024-06-07,11.7109,76.08737,11.7109_76.08737,Wayanad,2024-06-07,0.59780884,0.33459386,0.7557283043861389,R1_FLOOD_LEVEL|R3_SUSTAINED_JOINT|R5_RISING_LANDSLIDE|R7_JOINT_MODERATE,4,1,0,0,0
2024-06-08,11.7109,76.08737,11.7109_76.08737,Wayanad,2024-06-08,0.59780884,0.16942437,0.7379547556241354,R1_FLOOD_LEVEL|R3_SUSTAINED_JOINT|R5_RISING_LANDSLIDE|R7_JOINT_MODERATE,4,1,0,0,0
2024-06-09,11.7109,76.08737,11.7109_76.08737,Wayanad,2024-06-09,0.59086937,0.15055613,0.6835986375808716,R1_FLOOD_LEVEL|R7_JOINT_MODERATE,2,1,0,0,0
2024-06-10,11.7109,76.08737,11.7109_76.08737,Wayanad,2024-06-10,0.58590066,0.13394926,0.6532617807388306,R1_FLOOD_LEVEL,1,1,0,0,0
2024-06-11,11.7109,76.08737,11.7109_76.08737,Wayanad,2024-06-11,0.56903523,0.12708405,0.6392131646474203,R1_FLOOD_LEVEL,1,1,0,0,0
2024-06-12,11.7109,76.08737,11.7109_76.08737,Wayanad,2024-06-12,0.56903523,0.1414569,0.6317237218221029,R1_FLOOD_LEVEL,1,1,0,0,0
2024-06-13,11.7109,76.08737,11.7109_76.08737,Wayanad,2024-06-13,0.5655202,0.10208348,0.6212251981099447,R1_FLOOD_LEVEL,1,1,0,0,0
2024-06-14,11.7109,76.08737,11.7109_76.08737,Wayanad,2024-06-14,0.5524122,0.08788505,0.6105400323867798,R1_FLOOD_LEVEL,1,1,0,0,0
2024-06-15,11.7109,76.08737,11.7109_76.08737,Wayanad,2024-06-15,0.5524122,0.09189198,0.5983879566192627,R1_FLOOD_LEVEL,1,1,0,0,0
2024-06-16,11.7109,76.08737,11.7109_76.08737,Wayanad,2024-06-16,0.52318853,0.094237715,0.5844708681106567,R1_FLOOD_LEVEL,1,1,0,0,0
2024-06-17,11.7109,76.08737,11.7109_76.08737,Wayanad,2024-06-17,0.5318361,0.08005693,0.5769933263460795,R1_FLOOD_LEVEL,1,1,0,0,0
2024-06-18,11.7109,76.08737,11.7109_76.08737,Wayanad,2024-06-18,0.54359853,0.19473003,0.5899705290794373,R1_FLOOD_LEVEL,1,1,0,0,0
2024-06-19,11.7109,76.08737,11.7109_76.08737,Wayanad,2024-06-19,0.5018046,0.19969371,0.6010268330574036,R1_FLOOD_LEVEL,1,1,0,0,0
2024-06-20,11.7109,76.08737,11.7109_76.08737,Wayanad,2024-06-20,0.3638806,0.11597914,0.5571406284968058,R5_RISING_LANDSLIDE,1,0,0,0,0
2024-06-23,11.7109,76.08737,11.7109_76.08737,Wayanad,2024-06-23,0.53044224,0.49358365,0.5701178510983785,R1_FLOOD_LEVEL|R5_RISING_LANDSLIDE,2,1,0,0,0
2024-06-24,11.7109,76.08737,11.7109_76.08737,Wayanad,2024-06-24,0.52089757,0.23825571,0.654403567314148,R1_FLOOD_LEVEL|R5_RISING_LANDSLIDE,2,1,0,0,0
2024-06-25,11.7109,76.08737,11.7109_76.08737,Wayanad,2024-06-25,0.52038234,0.16008784,0.6648060282071432,R1_FLOOD_LEVEL|R4_RISING_FLOOD|R5_RISING_LANDSLIDE,3,1,0,0,0
2024-06-27,11.7109,76.08737,11.7109_76.08737,Wayanad,2024-06-27,0.59305346,0.7761822,0.7349706093470255,R1_FLOOD_LEVEL|R2_LANDSLIDE_LEVEL|R5_RISING_LANDSLIDE|R6_ENV_PRECURSOR,4,1,1,0,0
2024-06-28,11.7109,76.08737,11.7109_76.08737,Wayanad,2024-06-28,0.59305346,0.29135892,0.7731231649716696,R1_FLOOD_LEVEL|R3_SUSTAINED_JOINT|R5_RISING_LANDSLIDE|R6_ENV_PRECURSOR|R7_JOINT_MODERATE,5,1,0,0,0
2024-06-29,11.7109,76.08737,11.7109_76.08737,Wayanad,2024-06-29,0.59305346,0.18820244,0.7633936405181885,R1_FLOOD_LEVEL|R3_SUSTAINED_JOINT|R4_RISING_FLOOD|R5_RISING_LANDSLIDE|R7_JOINT_MODERATE,5,1,0,0,0
2024-06-30,11.7109,76.08737,11.7109_76.08737,Wayanad,2024-06-30,0.59305346,0.49881116,0.7257685661315918,R1_FLOOD_LEVEL|R3_SUSTAINED_JOINT|R4_RISING_FLOOD|R7_JOINT_MODERATE,4,1,0,0,0
2024-07-01,11.7109,76.08737,11.7109_76.08737,Wayanad,2024-07-01,0.59305346,0.67226994,0.7774387001991272,R1_FLOOD_LEVEL|R2_LANDSLIDE_LEVEL|R3_SUSTAINED_JOINT|R7_JOINT_MODERATE,4,1,1,0,0
2024-07-02,11.7109,76.08737,11.7109_76.08737,Wayanad,2024-07-02,0.5860887,0.18167411,0.7746533354123434,R1_FLOOD_LEVEL|R3_SUSTAINED_JOINT|R7_JOINT_MODERATE,3,1,0,0,0
2024-07-03,11.7109,76.08737,11.7109_76.08737,Wayanad,2024-07-03,0.5784322,0.29190025,0.7431350151697794,R1_FLOOD_LEVEL|R3_SUSTAINED_JOINT|R7_JOINT_MODERATE,3,1,0,0,0
2024-07-04,11.7109,76.08737,11.7109_76.08737,Wayanad,2024-07-04,0.56914765,0.12737341,0.6622668107350668,R1_FLOOD_LEVEL|R7_JOINT_MODERATE,2,1,0,0,0
2024-07-05,11.7109,76.08737,11.7109_76.08737,Wayanad,2024-07-05,0.5784322,0.24231544,0.6686997612317404,R1_FLOOD_LEVEL|R7_JOINT_MODERATE,2,1,0,0,0
2024-07-06,11.7109,76.08737,11.7109_76.08737,Wayanad,2024-07-06,0.53265774,0.14852262,0.6355599959691366,R1_FLOOD_LEVEL|R7_JOINT_MODERATE,2,1,0,0,0
2024-07-07,11.7109,76.08737,11.7109_76.08737,Wayanad,2024-07-07,0.5173309,0.22159685,0.6356473366419474,R1_FLOOD_LEVEL|R7_JOINT_MODERATE,2,1,0,0,0
2024-07-08,11.7109,76.08737,11.7109_76.08737,Wayanad,2024-07-08,0.50888354,0.27476323,0.6233939131100973,R1_FLOOD_LEVEL,1,1,0,0,0
2024-07-12,11.7109,76.08737,11.7109_76.08737,Wayanad,2024-07-12,0.5000558,0.5311467,0.6147883335749308,R1_FLOOD_LEVEL|R2_LANDSLIDE_LEVEL,2,1,1,0,0
2024-07-13,11.7109,76.08737,11.7109_76.08737,Wayanad,2024-07-13,0.5173309,0.7221533,0.7200767795244852,R1_FLOOD_LEVEL|R2_LANDSLIDE_LEVEL|R5_RISING_LANDSLIDE,3,1,1,0,0
2024-07-14,11.7109,76.08737,11.7109_76.08737,Wayanad,2024-07-14,0.58385915,0.510983,0.8093305031458536,R1_FLOOD_LEVEL|R2_LANDSLIDE_LEVEL|R3_SUSTAINED_JOINT|R5_RISING_LANDSLIDE,4,1,1,0,0
2024-07-15,11.7109,76.08737,11.7109_76.08737,Wayanad,2024-07-15,0.5812152,0.88850176,0.871899425983429,R1_FLOOD_LEVEL|R2_LANDSLIDE_LEVEL|R3_SUSTAINED_JOINT|R4_RISING_FLOOD|R5_RISING_LANDSLIDE|R7_JOINT_MODERATE,6,1,1,0,0
2024-07-16,11.7109,76.08737,11.7109_76.08737,Wayanad,2024-07-16,0.59305346,0.8980533,0.9027731418609619,R1_FLOOD_LEVEL|R2_LANDSLIDE_LEVEL|R3_SUSTAINED_JOINT|R4_RISING_FLOOD|R5_RISING_LANDSLIDE|R6_ENV_PRECURSOR|R7_JOINT_MODERATE,7,1,1,0,0
2024-07-17,11.7109,76.08737,11.7109_76.08737,Wayanad,2024-07-17,0.59305346,0.90002465,0.9570449193318685,R1_FLOOD_LEVEL|R2_LANDSLIDE_LEVEL|R3_SUSTAINED_JOINT|R4_RISING_FLOOD|R5_RISING_LANDSLIDE|R7_JOINT_MODERATE,6,1,1,0,0
2024-07-18,11.7109,76.08737,11.7109_76.08737,Wayanad,2024-07-18,0.59305346,0.90002465,0.9590479532877604,R1_FLOOD_LEVEL|R2_LANDSLIDE_LEVEL|R3_SUSTAINED_JOINT|R5_RISING_LANDSLIDE|R6_ENV_PRECURSOR|R7_JOINT_MODERATE,6,1,1,0,0
2024-07-19,11.7109,76.08737,11.7109_76.08737,Wayanad,2024-07-19,0.6070116,0.90002465,0.9597805142402649,R1_FLOOD_LEVEL|R2_LANDSLIDE_LEVEL|R3_SUSTAINED_JOINT|R5_RISING_LANDSLIDE|R7_JOINT_MODERATE,5,1,1,0,0
2024-07-20,11.7109,76.08737,11.7109_76.08737,Wayanad,2024-07-20,0.6070116,0.85695404,0.9546035925547282,R1_FLOOD_LEVEL|R2_LANDSLIDE_LEVEL|R3_SUSTAINED_JOINT|R7_JOINT_MODERATE,4,1,1,0,0
2024-07-21,11.7109,76.08737,11.7109_76.08737,Wayanad,2024-07-21,0.6138241,0.82315373,0.9454005559285482,R1_FLOOD_LEVEL|R2_LANDSLIDE_LEVEL|R3_SUSTAINED_JOINT|R7_JOINT_MODERATE,4,1,1,0,0
2024-07-22,11.7109,76.08737,11.7109_76.08737,Wayanad,2024-07-22,0.6070116,0.6240137,0.9092441995938619,R1_FLOOD_LEVEL|R2_LANDSLIDE_LEVEL|R3_SUSTAINED_JOINT|R7_JOINT_MODERATE,4,1,1,0,0
2024-07-23,11.7109,76.08737,11.7109_76.08737,Wayanad,2024-07-23,0.6070116,0.31461245,0.8381995558738708,R1_FLOOD_LEVEL|R3_SUSTAINED_JOINT|R7_JOINT_MODERATE,3,1,0,0,0
2024-07-24,11.7109,76.08737,11.7109_76.08737,Wayanad,2024-07-24,0.6138241,0.33995435,0.7759995857874552,R1_FLOOD_LEVEL|R3_SUSTAINED_JOINT|R7_JOINT_MODERATE,3,1,0,0,0
2024-07-25,11.7109,76.08737,11.7109_76.08737,Wayanad,2024-07-25,0.6138241,0.45611668,0.755240797996521,R1_FLOOD_LEVEL|R3_SUSTAINED_JOINT|R7_JOINT_MODERATE,3,1,0,0,0
2024-07-26,11.7109,76.08737,11.7109_76.08737,Wayanad,2024-07-26,0.6138241,0.6503707,0.800017774105072,R1_FLOOD_LEVEL|R2_LANDSLIDE_LEVEL|R3_SUSTAINED_JOINT|R7_JOINT_MODERATE,4,1,1,0,0
2024-07-27,11.7109,76.08737,11.7109_76.08737,Wayanad,2024-07-27,0.6070116,0.70505327,0.8463454445203146,R1_FLOOD_LEVEL|R2_LANDSLIDE_LEVEL|R3_SUSTAINED_JOINT|R5_RISING_LANDSLIDE|R7_JOINT_MODERATE,5,1,1,0,0
2024-07-28,11.7109,76.08737,11.7109_76.08737,Wayanad,2024-07-28,0.6070116,0.29789752,0.8243842720985413,R1_FLOOD_LEVEL|R3_SUSTAINED_JOINT|R5_RISING_LANDSLIDE|R7_JOINT_MODERATE,4,1,0,0,0
2024-07-29,11.7109,76.08737,11.7109_76.08737,Wayanad,2024-07-29,0.6138241,0.78813523,0.8421180645624796,R1_FLOOD_LEVEL|R2_LANDSLIDE_LEVEL|R3_SUSTAINED_JOINT|R5_RISING_LANDSLIDE|R7_JOINT_MODERATE,5,1,1,0,0
2024-07-30,11.7109,76.08737,11.7109_76.08737,Wayanad,2024-07-30,0.6070116,0.27000353,0.7851282358169556,R1_FLOOD_LEVEL|R3_SUSTAINED_JOINT|R7_JOINT_MODERATE,3,1,0,1,1
2024-07-31,11.7109,76.08737,11.7109_76.08737,Wayanad,2024-07-31,0.6070116,0.85054386,0.8575227657953898,R1_FLOOD_LEVEL|R2_LANDSLIDE_LEVEL|R3_SUSTAINED_JOINT|R5_RISING_LANDSLIDE|R7_JOINT_MODERATE,5,1,1,0,0
2024-08-01,11.7109,76.08737,11.7109_76.08737,Wayanad,2024-08-01,0.6070116,0.7309518,0.8495508432388306,R1_FLOOD_LEVEL|R2_LANDSLIDE_LEVEL|R3_SUSTAINED_JOINT|R7_JOINT_MODERATE,4,1,1,0,0
2024-08-02,11.7109,76.08737,11.7109_76.08737,Wayanad,2024-08-02,0.6070116,0.64471877,0.8986370960871378,R1_FLOOD_LEVEL|R2_LANDSLIDE_LEVEL|R3_SUSTAINED_JOINT|R5_RISING_LANDSLIDE|R7_JOINT_MODERATE,5,1,1,0,0
2024-08-03,11.7109,76.08737,11.7109_76.08737,Wayanad,2024-08-03,0.5922566,0.2248754,0.812864621480306,R1_FLOOD_LEVEL|R3_SUSTAINED_JOINT|R7_JOINT_MODERATE,3,1,0,0,0
2024-08-04,11.7109,76.08737,11.7109_76.08737,Wayanad,2024-08-04,0.59791887,0.41114795,0.769186794757843,R1_FLOOD_LEVEL|R3_SUSTAINED_JOINT|R7_JOINT_MODERATE,3,1,0,0,0
2024-08-05,11.7109,76.08737,11.7109_76.08737,Wayanad,2024-08-05,0.6138241,0.38128415,0.7360828717549642,R1_FLOOD_LEVEL|R3_SUSTAINED_JOINT|R7_JOINT_MODERATE,3,1,0,0,0
2024-08-06,11.7109,76.08737,11.7109_76.08737,Wayanad,2024-08-06,0.6138241,0.7925021,0.8147232929865519,R1_FLOOD_LEVEL|R2_LANDSLIDE_LEVEL|R3_SUSTAINED_JOINT|R7_JOINT_MODERATE,4,1,1,0,0
2024-08-07,11.7109,76.08737,11.7109_76.08737,Wayanad,2024-08-07,0.6138241,0.69515294,0.8544038534164429,R1_FLOOD_LEVEL|R2_LANDSLIDE_LEVEL|R3_SUSTAINED_JOINT|R5_RISING_LANDSLIDE|R7_JOINT_MODERATE,5,1,1,0,0
2024-08-08,11.7109,76.08737,11.7109_76.08737,Wayanad,2024-08-08,0.6138241,0.41938645,0.8593085805575053,R1_FLOOD_LEVEL|R3_SUSTAINED_JOINT|R5_RISING_LANDSLIDE|R7_JOINT_MODERATE,4,1,0,0,0
2024-08-09,11.7109,76.08737,11.7109_76.08737,Wayanad,2024-08-09,0.6138241,0.69058645,0.8461894591649374,R1_FLOOD_LEVEL|R2_LANDSLIDE_LEVEL|R3_SUSTAINED_JOINT|R5_RISING_LANDSLIDE|R7_JOINT_MODERATE,5,1,1,0,0
2024-08-10,11.7109,76.08737,11.7109_76.08737,Wayanad,2024-08-10,0.6138241,0.75219524,0.8535322546958923,R1_FLOOD_LEVEL|R2_LANDSLIDE_LEVEL|R3_SUSTAINED_JOINT|R7_JOINT_MODERATE,4,1,1,0,0
2024-08-11,11.7109,76.08737,11.7109_76.08737,Wayanad,2024-08-11,0.6138241,0.74352115,0.8952565987904867,R1_FLOOD_LEVEL|R2_LANDSLIDE_LEVEL|R3_SUSTAINED_JOINT|R5_RISING_LANDSLIDE|R7_JOINT_MODERATE,5,1,1,0,0
2024-08-12,11.7109,76.08737,11.7109_76.08737,Wayanad,2024-08-12,0.6138241,0.7591333,0.904080311457316,R1_FLOOD_LEVEL|R2_LANDSLIDE_LEVEL|R3_SUSTAINED_JOINT|R5_RISING_LANDSLIDE|R7_JOINT_MODERATE,5,1,1,0,0
2024-08-13,11.7109,76.08737,11.7109_76.08737,Wayanad,2024-08-13,0.56824297,0.2543176,0.8286611835161845,R1_FLOOD_LEVEL|R3_SUSTAINED_JOINT|R7_JOINT_MODERATE,3,1,0,0,0
2024-08-14,11.7109,76.08737,11.7109_76.08737,Wayanad,2024-08-14,0.56824297,0.42631626,0.7791124979654948,R1_FLOOD_LEVEL|R3_SUSTAINED_JOINT|R7_JOINT_MODERATE,3,1,0,0,0
2024-08-15,11.7109,76.08737,11.7109_76.08737,Wayanad,2024-08-15,0.5539531,0.36506477,0.7157145142555237,R1_FLOOD_LEVEL|R3_SUSTAINED_JOINT|R7_JOINT_MODERATE,3,1,0,0,0
2024-08-16,11.7109,76.08737,11.7109_76.08737,Wayanad,2024-08-16,0.5468306,0.17420621,0.6982908844947815,R1_FLOOD_LEVEL|R3_SUSTAINED_JOINT|R7_JOINT_MODERATE,3,1,0,0,0
2024-08-17,11.7109,76.08737,11.7109_76.08737,Wayanad,2024-08-17,0.5781386,0.5516904,0.7178133726119995,R1_FLOOD_LEVEL|R2_LANDSLIDE_LEVEL|R3_SUSTAINED_JOINT|R7_JOINT_MODERATE,4,1,1,0,0
2024-08-18,11.7109,76.08737,11.7109_76.08737,Wayanad,2024-08-18,0.5468306,0.23631272,0.6968570947647095,R1_FLOOD_LEVEL|R3_SUSTAINED_JOINT|R7_JOINT_MODERATE,3,1,0,0,0
2024-08-19,11.7109,76.08737,11.7109_76.08737,Wayanad,2024-08-19,0.5781386,0.8708803,0.8034417231877645,R1_FLOOD_LEVEL|R2_LANDSLIDE_LEVEL|R3_SUSTAINED_JOINT|R5_RISING_LANDSLIDE|R7_JOINT_MODERATE,5,1,1,0,0
2024-08-20,11.7109,76.08737,11.7109_76.08737,Wayanad,2024-08-20,0.5661838,0.65445656,0.8165157834688822,R1_FLOOD_LEVEL|R2_LANDSLIDE_LEVEL|R3_SUSTAINED_JOINT|R5_RISING_LANDSLIDE|R7_JOINT_MODERATE,5,1,1,0,0
2024-08-21,11.7109,76.08737,11.7109_76.08737,Wayanad,2024-08-21,0.5661838,0.63025105,0.8784079949061075,R1_FLOOD_LEVEL|R2_LANDSLIDE_LEVEL|R3_SUSTAINED_JOINT|R5_RISING_LANDSLIDE|R7_JOINT_MODERATE,5,1,1,0,0
2024-08-22,11.7109,76.08737,11.7109_76.08737,Wayanad,2024-08-22,0.5661838,0.3562467,0.8034746646881104,R1_FLOOD_LEVEL|R3_SUSTAINED_JOINT|R7_JOINT_MODERATE,3,1,0,0,0
2024-08-23,11.7109,76.08737,11.7109_76.08737,Wayanad,2024-08-23,0.5474056,0.19459969,0.7319355607032776,R1_FLOOD_LEVEL|R3_SUSTAINED_JOINT|R7_JOINT_MODERATE,3,1,0,0,0
2024-08-24,11.7109,76.08737,11.7109_76.08737,Wayanad,2024-08-24,0.5474056,0.11475408,0.6518507997194926,R1_FLOOD_LEVEL|R7_JOINT_MODERATE,2,1,0,0,0
2024-08-30,11.7109,76.08737,11.7109_76.08737,Wayanad,2024-08-30,0.48610562,0.6453944,0.5938791433970133,R2_LANDSLIDE_LEVEL|R5_RISING_LANDSLIDE,2,0,1,0,0
2024-08-31,11.7109,76.08737,11.7109_76.08737,Wayanad,2024-08-31,0.48610562,0.58191293,0.6972419818242391,R2_LANDSLIDE_LEVEL|R5_RISING_LANDSLIDE,2,0,1,0,0
2024-09-01,11.7109,76.08737,11.7109_76.08737,Wayanad,2024-09-01,0.4053282,0.14111511,0.697387675444285,R3_SUSTAINED_JOINT|R5_RISING_LANDSLIDE,2,0,0,0,0
2024-10-05,11.7109,76.08737,11.7109_76.08737,Wayanad,2024-10-05,0.53044224,0.22605096,0.5244839191436768,R1_FLOOD_LEVEL,1,1,0,0,0
2024-10-06,11.7109,76.08737,11.7109_76.08737,Wayanad,2024-10-06,0.5321794,0.1376216,0.5673822164535522,R1_FLOOD_LEVEL,1,1,0,0,0
2024-10-07,11.7109,76.08737,11.7109_76.08737,Wayanad,2024-10-07,0.5410275,0.16745247,0.6170104543368021,R1_FLOOD_LEVEL|R4_RISING_FLOOD|R5_RISING_LANDSLIDE,3,1,0,0,0
2024-10-08,11.7109,76.08737,11.7109_76.08737,Wayanad,2024-10-08,0.56319135,0.2607588,0.6305127342542013,R1_FLOOD_LEVEL|R4_RISING_FLOOD|R7_JOINT_MODERATE,3,1,0,0,0
2024-10-09,11.7109,76.08737,11.7109_76.08737,Wayanad,2024-10-09,0.57025886,0.4257989,0.6827395757039388,R1_FLOOD_LEVEL|R4_RISING_FLOOD|R5_RISING_LANDSLIDE|R7_JOINT_MODERATE,4,1,0,0,0
2024-10-10,11.7109,76.08737,11.7109_76.08737,Wayanad,2024-10-10,0.57025886,0.12650055,0.6849854985872904,R1_FLOOD_LEVEL|R5_RISING_LANDSLIDE|R7_JOINT_MODERATE,3,1,0,0,0
2024-10-11,11.7109,76.08737,11.7109_76.08737,Wayanad,2024-10-11,0.57025886,0.28190824,0.6897566318511963,R1_FLOOD_LEVEL|R5_RISING_LANDSLIDE|R7_JOINT_MODERATE,3,1,0,0,0
2024-10-12,11.7109,76.08737,11.7109_76.08737,Wayanad,2024-10-12,0.5639251,0.1478277,0.6481389204661051,R1_FLOOD_LEVEL|R7_JOINT_MODERATE,2,1,0,0,0
2024-10-13,11.7109,76.08737,11.7109_76.08737,Wayanad,2024-10-13,0.53265774,0.18128751,0.6457255085309347,R1_FLOOD_LEVEL|R7_JOINT_MODERATE,2,1,0,0,0
2024-10-14,11.7109,76.08737,11.7109_76.08737,Wayanad,2024-10-14,0.5173309,0.29155403,0.6346083680788676,R1_FLOOD_LEVEL|R7_JOINT_MODERATE,2,1,0,0,0
2024-10-15,11.7109,76.08737,11.7109_76.08737,Wayanad,2024-10-15,0.5173309,0.4570209,0.671118954817454,R1_FLOOD_LEVEL|R5_RISING_LANDSLIDE,2,1,0,0,0
2024-10-16,11.7109,76.08737,11.7109_76.08737,Wayanad,2024-10-16,0.5173309,0.64544344,0.7416140834490458,R1_FLOOD_LEVEL|R2_LANDSLIDE_LEVEL|R5_RISING_LANDSLIDE,3,1,1,0,0
2024-10-17,11.7109,76.08737,11.7109_76.08737,Wayanad,2024-10-17,0.507251,0.17861494,0.7206835349400839,R1_FLOOD_LEVEL|R3_SUSTAINED_JOINT|R5_RISING_LANDSLIDE,3,1,0,0,0
2024-10-18,11.7109,76.08737,11.7109_76.08737,Wayanad,2024-10-18,0.5173309,0.12359383,0.6670385599136353,R1_FLOOD_LEVEL,1,1,0,0,0
2024-10-19,11.7109,76.08737,11.7109_76.08737,Wayanad,2024-10-19,0.5173309,0.17932393,0.592044730981191,R1_FLOOD_LEVEL,1,1,0,0,0
2024-10-22,11.7109,76.08737,11.7109_76.08737,Wayanad,2024-10-22,0.46438643,0.25133824,0.6193041404088339,R5_RISING_LANDSLIDE,1,0,0,0,0
2024-10-23,11.7109,76.08737,11.7109_76.08737,Wayanad,2024-10-23,0.457235,0.20194699,0.6120959520339966,R5_RISING_LANDSLIDE,1,0,0,0,0
2024-10-24,11.7109,76.08737,11.7109_76.08737,Wayanad,2024-10-24,0.50512797,0.32378983,0.6104046106338501,R1_FLOOD_LEVEL,1,1,0,0,0
2024-12-02,11.7109,76.08737,11.7109_76.08737,Wayanad,2024-12-02,0.41479576,0.12722704,0.5011549393335978,R5_RISING_LANDSLIDE,1,0,0,0,0
2023-06-01,12.001,75.52542,12.001_75.52542,Kannur,2023-06-01,0.51286376,0.16811056,0.47506171464920044,R1_FLOOD_LEVEL,1,1,0,0,0
2023-06-02,12.001,75.52542,12.001_75.52542,Kannur,2023-06-02,0.5255296,0.09874544,0.5254998803138733,R1_FLOOD_LEVEL,1,1,0,0,0
2023-06-03,12.001,75.52542,12.001_75.52542,Kannur,2023-06-03,0.5255296,0.15903038,0.5893742243448893,R1_FLOOD_LEVEL|R4_RISING_FLOOD|R6_ENV_PRECURSOR,3,1,0,0,0
2023-06-04,12.001,75.52542,12.001_75.52542,Kannur,2023-06-04,0.5005169,0.09830931,0.5743289788564047,R1_FLOOD_LEVEL|R4_RISING_FLOOD,2,1,0,0,0
2023-06-06,12.001,75.52542,12.001_75.52542,Kannur,2023-06-06,0.5005169,0.08055213,0.5359533627827963,R1_FLOOD_LEVEL,1,1,0,0,0
2023-06-11,12.001,75.52542,12.001_75.52542,Kannur,2023-06-11,0.51858854,0.20695943,0.5676581263542175,R1_FLOOD_LEVEL|R5_RISING_LANDSLIDE,2,1,0,0,0
2023-06-12,12.001,75.52542,12.001_75.52542,Kannur,2023-06-12,0.51858854,0.14449978,0.5819534460703532,R1_FLOOD_LEVEL,1,1,0,0,0
2023-06-13,12.001,75.52542,12.001_75.52542,Kannur,2023-06-13,0.50818855,0.11465812,0.59031742811203,R1_FLOOD_LEVEL,1,1,0,0,0
2023-06-20,12.001,75.52542,12.001_75.52542,Kannur,2023-06-20,0.52695906,0.2669967,0.5764082670211792,R1_FLOOD_LEVEL|R5_RISING_LANDSLIDE,2,1,0,0,0
2023-06-21,12.001,75.52542,12.001_75.52542,Kannur,2023-06-21,0.54089606,0.43444642,0.6447206338246664,R1_FLOOD_LEVEL|R5_RISING_LANDSLIDE,2,1,0,0,0
2023-06-22,12.001,75.52542,12.001_75.52542,Kannur,2023-06-22,0.54089606,0.34560624,0.6977256139119467,R1_FLOOD_LEVEL|R4_RISING_FLOOD|R5_RISING_LANDSLIDE|R6_ENV_PRECURSOR|R7_JOINT_MODERATE,5,1,0,0,0
2023-06-23,12.001,75.52542,12.001_75.52542,Kannur,2023-06-23,0.54089606,0.37515974,0.7176835735638937,R1_FLOOD_LEVEL|R3_SUSTAINED_JOINT|R4_RISING_FLOOD|R5_RISING_LANDSLIDE|R7_JOINT_MODERATE,5,1,0,0,0
2023-06-24,12.001,75.52542,12.001_75.52542,Kannur,2023-06-24,0.54089606,0.2203619,0.6849212050437927,R1_FLOOD_LEVEL|R7_JOINT_MODERATE,2,1,0,0,0
2023-06-25,12.001,75.52542,12.001_75.52542,Kannur,2023-06-25,0.51594734,0.11757396,0.6426859100659689,R1_FLOOD_LEVEL,1,1,0,0,0
2023-06-26,12.001,75.52542,12.001_75.52542,Kannur,2023-06-26,0.51594734,0.14772277,0.6007924477259318,R1_FLOOD_LEVEL,1,1,0,0,0
2023-06-27,12.001,75.52542,12.001_75.52542,Kannur,2023-06-27,0.54089606,0.15670514,0.5910507639249166,R1_FLOOD_LEVEL,1,1,0,0,0
2023-06-28,12.001,75.52542,12.001_75.52542,Kannur,2023-06-28,0.54089606,0.12238928,0.599126140276591,R1_FLOOD_LEVEL,1,1,0,1,0
2023-06-29,12.001,75.52542,12.001_75.52542,Kannur,2023-06-29,0.520789,0.09319303,0.5917912125587463,R1_FLOOD_LEVEL,1,1,0,0,0
2023-06-30,12.001,75.52542,12.001_75.52542,Kannur,2023-06-30,0.50844216,0.08627199,0.5711278319358826,R1_FLOOD_LEVEL,1,1,0,0,0
2023-07-01,12.001,75.52542,12.001_75.52542,Kannur,2023-07-01,0.51884186,0.0787019,0.5576693018277487,R1_FLOOD_LEVEL,1,1,0,0,0
2023-07-02,12.001,75.52542,12.001_75.52542,Kannur,2023-07-02,0.51884186,0.08744986,0.5561595956484476,R1_FLOOD_LEVEL,1,1,0,0,0
2023-07-03,12.001,75.52542,12.001_75.52542,Kannur,2023-07-03,0.5143709,0.18722497,0.5743072430292765,R1_FLOOD_LEVEL,1,1,0,1,0
2023-07-04,12.001,75.52542,12.001_75.52542,Kannur,2023-07-04,0.59519285,0.35312244,0.6347837448120117,R1_FLOOD_LEVEL|R5_RISING_LANDSLIDE|R6_ENV_PRECURSOR|R7_JOINT_MODERATE,4,1,0,1,0
2023-07-05,12.001,75.52542,12.001_75.52542,Kannur,2023-07-05,0.65039885,0.74569947,0.7515094677607218,R1_FLOOD_LEVEL|R2_LANDSLIDE_LEVEL|R4_RISING_FLOOD|R5_RISING_LANDSLIDE|R6_ENV_PRECURSOR|R7_JOINT_MODERATE,6,1,1,1,0
2023-07-06,12.001,75.52542,12.001_75.52542,Kannur,2023-07-06,0.66490924,0.8211351,0.8630998730659485,R1_FLOOD_LEVEL|R2_LANDSLIDE_LEVEL|R3_SUSTAINED_JOINT|R4_RISING_FLOOD|R5_RISING_LANDSLIDE|R6_ENV_PRECURSOR|R7_JOINT_MODERATE,7,1,1,1,0
2023-07-07,12.001,75.52542,12.001_75.52542,Kannur,2023-07-07,0.66490924,0.80881023,0.9290314316749573,R1_FLOOD_LEVEL|R2_LANDSLIDE_LEVEL|R3_SUSTAINED_JOINT|R4_RISING_FLOOD|R5_RISING_LANDSLIDE|R6_ENV_PRECURSOR|R7_JOINT_MODERATE,7,1,1,1,0
2023-07-08,12.001,75.52542,12.001_75.52542,Kannur,2023-07-08,0.66490924,0.50397056,0.9032610654830933,R1_FLOOD_LEVEL|R2_LANDSLIDE_LEVEL|R3_SUSTAINED_JOINT|R4_RISING_FLOOD|R5_RISING_LANDSLIDE|R7_JOINT_MODERATE,6,1,1,0,0
2023-07-09,12.001,75.52542,12.001_75.52542,Kannur,2023-07-09,0.6374412,0.16791171,0.8226794203122457,R1_FLOOD_LEVEL|R3_SUSTAINED_JOINT|R7_JOINT_MODERATE,3,1,0,0,0
2023-07-10,12.001,75.52542,12.001_75.52542,Kannur,2023-07-10,0.6185312,0.38131928,0.7653656005859375,R1_FLOOD_LEVEL|R3_SUSTAINED_JOINT|R7_JOINT_MODERATE,3,1,0,0,0
2023-07-11,12.001,75.52542,12.001_75.52542,Kannur,2023-07-11,0.62766016,0.42446408,0.7493389248847961,R1_FLOOD_LEVEL|R3_SUSTAINED_JOINT|R7_JOINT_MODERATE,3,1,0,0,0
2023-07-12,12.001,75.52542,12.001_75.52542,Kannur,2023-07-12,0.6148031,0.54607886,0.7916162212689718,R1_FLOOD_LEVEL|R2_LANDSLIDE_LEVEL|R3_SUSTAINED_JOINT|R7_JOINT_MODERATE,4,1,1,0,0
2023-07-13,12.001,75.52542,12.001_75.52542,Kannur,2023-07-13,0.6148031,0.14269713,0.760208527247111,R1_FLOOD_LEVEL|R3_SUSTAINED_JOINT|R7_JOINT_MODERATE,3,1,0,0,0
2023-07-14,12.001,75.52542,12.001_75.52542,Kannur,2023-07-14,0.6148031,0.09371779,0.715274453163147,R1_FLOOD_LEVEL|R3_SUSTAINED_JOINT|R7_JOINT_MODERATE,3,1,0,0,0
2023-07-15,12.001,75.52542,12.001_75.52542,Kannur,2023-07-15,0.6185312,0.12951425,0.6628697514533997,R1_FLOOD_LEVEL,1,1,0,0,0
2023-07-16,12.001,75.52542,12.001_75.52542,Kannur,2023-07-16,0.62766016,0.120334744,0.6637684305508932,R1_FLOOD_LEVEL,1,1,0,0,0
2023-07-17,12.001,75.52542,12.001_75.52542,Kannur,2023-07-17,0.62766016,0.20237337,0.6811380982398987,R1_FLOOD_LEVEL,1,1,0,0,0
2023-07-18,12.001,75.52542,12.001_75.52542,Kannur,2023-07-18,0.6185312,0.17165533,0.6864965955416361,R1_FLOOD_LEVEL|R7_JOINT_MODERATE,2,1,0,0,0
2023-07-19,12.001,75.52542,12.001_75.52542,Kannur,2023-07-19,0.6224169,0.12207657,0.6851783990859985,R1_FLOOD_LEVEL|R7_JOINT_MODERATE,2,1,0,0,0
2023-07-20,12.001,75.52542,12.001_75.52542,Kannur,2023-07-20,0.5725541,0.17604375,0.6667755444844564,R1_FLOOD_LEVEL,1,1,0,0,0
2023-07-21,12.001,75.52542,12.001_75.52542,Kannur,2023-07-21,0.51368904,0.13860804,0.6324699719746908,R1_FLOOD_LEVEL,1,1,0,0,0
2023-07-22,12.001,75.52542,12.001_75.52542,Kannur,2023-07-22,0.54727954,0.15090343,0.6148318648338318,R1_FLOOD_LEVEL,1,1,0,0,0
2023-07-23,12.001,75.52542,12.001_75.52542,Kannur,2023-07-23,0.65372366,0.62876123,0.6893803675969442,R1_FLOOD_LEVEL|R2_LANDSLIDE_LEVEL|R5_RISING_LANDSLIDE|R7_JOINT_MODERATE,4,1,1,0,0
2023-07-24,12.001,75.52542,12.001_75.52542,Kannur,2023-07-24,0.66607887,0.9019033,0.8180962999661764,R1_FLOOD_LEVEL|R2_LANDSLIDE_LEVEL|R3_SUSTAINED_JOINT|R4_RISING_FLOOD|R5_RISING_LANDSLIDE|R6_ENV_PRECURSOR|R7_JOINT_MODERATE,7,1,1,0,0
2023-07-25,12.001,75.52542,12.001_75.52542,Kannur,2023-07-25,0.66607887,0.8702307,0.9317865173021952,R1_FLOOD_LEVEL|R2_LANDSLIDE_LEVEL|R3_SUSTAINED_JOINT|R4_RISING_FLOOD|R5_RISING_LANDSLIDE|R6_ENV_PRECURSOR|R7_JOINT_MODERATE,7,1,1,0,0
2023-07-26,12.001,75.52542,12.001_75.52542,Kannur,2023-07-26,0.6628116,0.8936702,0.9626858631769816,R1_FLOOD_LEVEL|R2_LANDSLIDE_LEVEL|R3_SUSTAINED_JOINT|R4_RISING_FLOOD|R5_RISING_LANDSLIDE|R6_ENV_PRECURSOR|R7_JOINT_MODERATE,7,1,1,0,0
2023-07-27,12.001,75.52542,12.001_75.52542,Kannur,2023-07-27,0.6611048,0.46430635,0.9130900502204895,R1_FLOOD_LEVEL|R3_SUSTAINED_JOINT|R5_RISING_LANDSLIDE|R7_JOINT_MODERATE,4,1,0,0,0
2023-07-28,12.001,75.52542,12.001_75.52542,Kannur,2023-07-28,0.63984543,0.24286368,0.8366389075915018,R1_FLOOD_LEVEL|R3_SUSTAINED_JOINT|R7_JOINT_MODERATE,3,1,0,0,0
2023-07-29,12.001,75.52542,12.001_75.52542,Kannur,2023-07-29,0.6262929,0.15787362,0.743687093257904,R1_FLOOD_LEVEL|R3_SUSTAINED_JOINT|R7_JOINT_MODERATE,3,1,0,0,0
2023-07-30,12.001,75.52542,12.001_75.52542,Kannur,2023-07-30,0.6262929,0.08258813,0.6899206439654032,R1_FLOOD_LEVEL|R3_SUSTAINED_JOINT,2,1,0,0,0
2023-07-31,12.001,75.52542,12.001_75.52542,Kannur,2023-07-31,0.6374412,0.07859599,0.6694616476694742,R1_FLOOD_LEVEL,1,1,0,0,0
2023-08-01,12.001,75.52542,12.001_75.52542,Kannur,2023-08-01,0.6139017,0.07047296,0.6547348896662394,R1_FLOOD_LEVEL,1,1,0,0,0
2023-08-02,12.001,75.52542,12.001_75.52542,Kannur,2023-08-02,0.5867563,0.069641575,0.6408610939979553,R1_FLOOD_LEVEL,1,1,0,0,0
2023-08-03,12.001,75.52542,12.001_75.52542,Kannur,2023-08-03,0.56769484,0.06993869,0.6181920369466146,R1_FLOOD_LEVEL,1,1,0,0,0
2023-08-04,12.001,75.52542,12.001_75.52542,Kannur,2023-08-04,0.584257,0.06993869,0.6089328328768412,R1_FLOOD_LEVEL,1,1,0,0,0
2023-08-05,12.001,75.52542,12.001_75.52542,Kannur,2023-08-05,0.6062247,0.06993869,0.6150093674659729,R1_FLOOD_LEVEL,1,1,0,0,0
2023-08-06,12.001,75.52542,12.001_75.52542,Kannur,2023-08-06,0.52017176,0.07489088,0.6010682980219523,R1_FLOOD_LEVEL,1,1,0,0,0
2023-08-11,12.001,75.52542,12.001_75.52542,Kannur,2023-08-11,0.40277007,0.25111082,0.4986894726753235,R5_RISING_LANDSLIDE,1,0,0,0,0
2023-08-12,12.001,75.52542,12.001_75.52542,Kannur,2023-08-12,0.37857613,0.1795576,0.5173960526784261,R5_RISING_LANDSLIDE,1,0,0,0,0
2023-09-03,12.001,75.52542,12.001_75.52542,Kannur,2023-09-03,0.5028547,0.074361235,0.5256460706392924,R1_FLOOD_LEVEL,1,1,0,0,0
2023-09-08,12.001,75.52542,12.001_75.52542,Kannur,2023-09-08,0.5096727,0.07067036,0.5109580556551615,R1_FLOOD_LEVEL,1,1,0,0,0
2023-09-09,12.001,75.52542,12.001_75.52542,Kannur,2023-09-09,0.5096727,0.070706084,0.5420779983202616,R1_FLOOD_LEVEL,1,1,0,0,0
2023-09-10,12.001,75.52542,12.001_75.52542,Kannur,2023-09-10,0.5189233,0.07460863,0.5478272835413615,R1_FLOOD_LEVEL,1,1,0,0,0
2023-09-11,12.001,75.52542,12.001_75.52542,Kannur,2023-09-11,0.5189233,0.11953723,0.5585291385650635,R1_FLOOD_LEVEL,1,1,0,0,0
2023-09-12,12.001,75.52542,12.001_75.52542,Kannur,2023-09-12,0.5170613,0.106121175,0.5665189822514852,R1_FLOOD_LEVEL,1,1,0,0,0
2023-11-04,12.001,75.52542,12.001_75.52542,Kannur,2023-11-04,0.4619178,0.38706908,0.556048055489858,R5_RISING_LANDSLIDE,1,0,0,0,0
2023-11-05,12.001,75.52542,12.001_75.52542,Kannur,2023-11-05,0.4619178,0.14647827,0.5626803437868754,R5_RISING_LANDSLIDE,1,0,0,0,0
2023-11-06,12.001,75.52542,12.001_75.52542,Kannur,2023-11-06,0.4269281,0.08649251,0.5624741514523824,R5_RISING_LANDSLIDE,1,0,0,0,0
2023-11-09,12.001,75.52542,12.001_75.52542,Kannur,2023-11-09,0.53800064,0.08154306,0.5192730824152628,R1_FLOOD_LEVEL,1,1,0,0,0
2024-05-22,12.001,75.52542,12.001_75.52542,Kannur,2024-05-22,0.51858854,0.17689651,0.5726200739542643,R1_FLOOD_LEVEL,1,1,0,0,0
2024-05-23,12.001,75.52542,12.001_75.52542,Kannur,2024-05-23,0.50796336,0.13483046,0.5727242430051168,R1_FLOOD_LEVEL,1,1,0,0,0
2024-05-24,12.001,75.52542,12.001_75.52542,Kannur,2024-05-24,0.50796336,0.12349118,0.5822596549987793,R1_FLOOD_LEVEL,1,1,0,0,0
2024-06-01,12.001,75.52542,12.001_75.52542,Kannur,2024-06-01,0.52695906,0.25200686,0.5750270883242289,R1_FLOOD_LEVEL|R5_RISING_LANDSLIDE,2,1,0,0,0
2024-06-02,12.001,75.52542,12.001_75.52542,Kannur,2024-06-02,0.54089606,0.29438573,0.6208660006523132,R1_FLOOD_LEVEL|R5_RISING_LANDSLIDE,2,1,0,0,0
2024-06-03,12.001,75.52542,12.001_75.52542,Kannur,2024-06-03,0.54089606,0.32013267,0.6700295408566793,R1_FLOOD_LEVEL|R4_RISING_FLOOD|R5_RISING_LANDSLIDE|R7_JOINT_MODERATE,4,1,0,0,0
2024-06-04,12.001,75.52542,12.001_75.52542,Kannur,2024-06-04,0.54289865,0.101524904,0.6510752638181051,R1_FLOOD_LEVEL|R5_RISING_LANDSLIDE|R7_JOINT_MODERATE,3,1,0,0,0
2024-06-05,12.001,75.52542,12.001_75.52542,Kannur,2024-06-05,0.52834684,0.11059405,0.6192283034324646,R1_FLOOD_LEVEL|R7_JOINT_MODERATE,2,1,0,0,0
2024-06-06,12.001,75.52542,12.001_75.52542,Kannur,2024-06-06,0.56573546,0.47919863,0.6478830377260844,R1_FLOOD_LEVEL|R7_JOINT_MODERATE,2,1,0,0,0
2024-06-07,12.001,75.52542,12.001_75.52542,Kannur,2024-06-07,0.5506013,0.22639714,0.6688957214355469,R1_FLOOD_LEVEL|R7_JOINT_MODERATE,2,1,0,0,0
2024-06-08,12.001,75.52542,12.001_75.52542,Kannur,2024-06-08,0.54832566,0.1293443,0.6776418288548788,R1_FLOOD_LEVEL|R5_RISING_LANDSLIDE|R6_ENV_PRECURSOR|R7_JOINT_MODERATE,4,1,0,0,0
2024-06-10,12.001,75.52542,12.001_75.52542,Kannur,2024-06-10,0.52342486,0.09606509,0.5711814761161804,R1_FLOOD_LEVEL,1,1,0,0,0
2024-06-12,12.001,75.52542,12.001_75.52542,Kannur,2024-06-12,0.5191976,0.21205287,0.5909705956776937,R1_FLOOD_LEVEL,1,1,0,0,0
2024-06-13,12.001,75.52542,12.001_75.52542,Kannur,2024-06-13,0.6114226,0.17188919,0.6273065209388733,R1_FLOOD_LEVEL|R5_RISING_LANDSLIDE|R7_JOINT_MODERATE,3,1,0,0,0
2024-06-14,12.001,75.52542,12.001_75.52542,Kannur,2024-06-14,0.59519285,0.0864392,0.6431840062141418,R1_FLOOD_LEVEL|R4_RISING_FLOOD,2,1,0,0,0
2024-06-15,12.001,75.52542,12.001_75.52542,Kannur,2024-06-15,0.53059995,0.08296115,0.625980277856191,R1_FLOOD_LEVEL|R4_RISING_FLOOD,2,1,0,0,0
2024-06-22,12.001,75.52542,12.001_75.52542,Kannur,2024-06-22,0.5388353,0.40215164,0.5692972739537557,R1_FLOOD_LEVEL|R5_RISING_LANDSLIDE,2,1,0,0,0
2024-06-23,12.001,75.52542,12.001_75.52542,Kannur,2024-06-23,0.53935885,0.1976314,0.6129565040270487,R1_FLOOD_LEVEL|R5_RISING_LANDSLIDE,2,1,0,0,0
2024-06-24,12.001,75.52542,12.001_75.52542,Kannur,2024-06-24,0.55463153,0.2898421,0.6794691880544027,R1_FLOOD_LEVEL|R4_RISING_FLOOD|R5_RISING_LANDSLIDE|R6_ENV_PRECURSOR|R7_JOINT_MODERATE,5,1,0,0,0
2024-06-25,12.001,75.52542,12.001_75.52542,Kannur,2024-06-25,0.55463153,0.14933233,0.6450845003128052,R1_FLOOD_LEVEL|R4_RISING_FLOOD|R7_JOINT_MODERATE,3,1,0,0,0
2024-06-26,12.001,75.52542,12.001_75.52542,Kannur,2024-06-26,0.5725541,0.30231234,0.668877919514974,R1_FLOOD_LEVEL|R4_RISING_FLOOD|R7_JOINT_MODERATE,3,1,0,0,0
2024-06-27,12.001,75.52542,12.001_75.52542,Kannur,2024-06-27,0.65372366,0.6542805,0.7344003915786743,R1_FLOOD_LEVEL|R2_LANDSLIDE_LEVEL|R4_RISING_FLOOD|R5_RISING_LANDSLIDE|R7_JOINT_MODERATE,5,1,1,0,0
2024-06-28,12.001,75.52542,12.001_75.52542,Kannur,2024-06-28,0.65039885,0.42572725,0.793765107790629,R1_FLOOD_LEVEL|R3_SUSTAINED_JOINT|R4_RISING_FLOOD|R5_RISING_LANDSLIDE|R6_ENV_PRECURSOR|R7_JOINT_MODERATE,6,1,0,0,0
2024-06-29,12.001,75.52542,12.001_75.52542,Kannur,2024-06-29,0.65039885,0.23104739,0.8035641113917033,R1_FLOOD_LEVEL|R3_SUSTAINED_JOINT|R4_RISING_FLOOD|R5_RISING_LANDSLIDE|R7_JOINT_MODERATE,5,1,0,0,0
2024-06-30,12.001,75.52542,12.001_75.52542,Kannur,2024-06-30,0.656524,0.64493096,0.8028163909912109,R1_FLOOD_LEVEL|R2_LANDSLIDE_LEVEL|R3_SUSTAINED_JOINT|R4_RISING_FLOOD|R7_JOINT_MODERATE,5,1,1,0,0
2024-07-01,12.001,75.52542,12.001_75.52542,Kannur,2024-07-01,0.66490924,0.64493096,0.8300784230232239,R1_FLOOD_LEVEL|R2_LANDSLIDE_LEVEL|R3_SUSTAINED_JOINT|R7_JOINT_MODERATE,4,1,1,0,0
2024-07-02,12.001,75.52542,12.001_75.52542,Kannur,2024-07-02,0.6632077,0.34689495,0.846367081006368,R1_FLOOD_LEVEL|R3_SUSTAINED_JOINT|R5_RISING_LANDSLIDE|R7_JOINT_MODERATE,4,1,0,0,0
2024-07-03,12.001,75.52542,12.001_75.52542,Kannur,2024-07-03,0.65410954,0.6482538,0.8464644153912863,R1_FLOOD_LEVEL|R2_LANDSLIDE_LEVEL|R3_SUSTAINED_JOINT|R5_RISING_LANDSLIDE|R7_JOINT_MODERATE,5,1,1,0,0
2024-07-04,12.001,75.52542,12.001_75.52542,Kannur,2024-07-04,0.6632077,0.1746836,0.7934711376825968,R1_FLOOD_LEVEL|R3_SUSTAINED_JOINT|R7_JOINT_MODERATE,3,1,0,0,0
2024-07-05,12.001,75.52542,12.001_75.52542,Kannur,2024-07-05,0.656524,0.280919,0.7844623525937399,R1_FLOOD_LEVEL|R3_SUSTAINED_JOINT|R7_JOINT_MODERATE,3,1,0,0,0
2024-07-06,12.001,75.52542,12.001_75.52542,Kannur,2024-07-06,0.65410954,0.84616935,0.8072813947995504,R1_FLOOD_LEVEL|R2_LANDSLIDE_LEVEL|R3_SUSTAINED_JOINT|R7_JOINT_MODERATE,4,1,1,0,0
2024-07-07,12.001,75.52542,12.001_75.52542,Kannur,2024-07-07,0.65049917,0.08606971,0.7934616605440775,R1_FLOOD_LEVEL|R3_SUSTAINED_JOINT|R7_JOINT_MODERATE,3,1,0,0,0
2024-07-08,12.001,75.52542,12.001_75.52542,Kannur,2024-07-08,0.6262929,0.47214997,0.8100369175275167,R1_FLOOD_LEVEL|R3_SUSTAINED_JOINT|R5_RISING_LANDSLIDE|R7_JOINT_MODERATE,4,1,0,0,0
2024-07-09,12.001,75.52542,12.001_75.52542,Kannur,2024-07-09,0.6519797,0.29420108,0.7458956440289816,R1_FLOOD_LEVEL|R3_SUSTAINED_JOINT|R7_JOINT_MODERATE,3,1,0,0,0
2024-07-10,12.001,75.52542,12.001_75.52542,Kannur,2024-07-10,0.6262929,0.27210954,0.7616961598396301,R1_FLOOD_LEVEL|R3_SUSTAINED_JOINT|R7_JOINT_MODERATE,3,1,0,0,0
2024-07-11,12.001,75.52542,12.001_75.52542,Kannur,2024-07-11,0.6374412,0.10841071,0.7196987668673197,R1_FLOOD_LEVEL|R3_SUSTAINED_JOINT|R7_JOINT_MODERATE,3,1,0,0,0
2024-07-12,12.001,75.52542,12.001_75.52542,Kannur,2024-07-12,0.6262929,0.31894103,0.7167373498280843,R1_FLOOD_LEVEL|R3_SUSTAINED_JOINT|R7_JOINT_MODERATE,3,1,0,0,0
2024-07-13,12.001,75.52542,12.001_75.52542,Kannur,2024-07-13,0.6519797,0.6006243,0.7610796689987183,R1_FLOOD_LEVEL|R2_LANDSLIDE_LEVEL|R3_SUSTAINED_JOINT|R7_JOINT_MODERATE,4,1,1,0,0
2024-07-14,12.001,75.52542,12.001_75.52542,Kannur,2024-07-14,0.6418461,0.54751885,0.8148115475972494,R1_FLOOD_LEVEL|R2_LANDSLIDE_LEVEL|R3_SUSTAINED_JOINT|R5_RISING_LANDSLIDE|R7_JOINT_MODERATE,5,1,1,0,0
2024-07-15,12.001,75.52542,12.001_75.52542,Kannur,2024-07-15,0.65039885,0.8421121,0.8812511563301086,R1_FLOOD_LEVEL|R2_LANDSLIDE_LEVEL|R3_SUSTAINED_JOINT|R5_RISING_LANDSLIDE|R7_JOINT_MODERATE,5,1,1,0,0
2024-07-16,12.001,75.52542,12.001_75.52542,Kannur,2024-07-16,0.66607887,0.89252,0.9156181613604227,R1_FLOOD_LEVEL|R2_LANDSLIDE_LEVEL|R3_SUSTAINED_JOINT|R5_RISING_LANDSLIDE|R7_JOINT_MODERATE,5,1,1,1,0
2024-07-17,12.001,75.52542,12.001_75.52542,Kannur,2024-07-17,0.66607887,0.89252,0.9576741655667623,R1_FLOOD_LEVEL|R2_LANDSLIDE_LEVEL|R3_SUSTAINED_JOINT|R5_RISING_LANDSLIDE|R7_JOINT_MODERATE,5,1,1,0,0
2024-07-18,12.001,75.52542,12.001_75.52542,Kannur,2024-07-18,0.66607887,0.90025496,0.96497110525767,R1_FLOOD_LEVEL|R2_LANDSLIDE_LEVEL|R3_SUSTAINED_JOINT|R5_RISING_LANDSLIDE|R7_JOINT_MODERATE,5,1,1,0,0
2024-07-19,12.001,75.52542,12.001_75.52542,Kannur,2024-07-19,0.66607887,0.83792484,0.9588942925135294,R1_FLOOD_LEVEL|R2_LANDSLIDE_LEVEL|R3_SUSTAINED_JOINT|R5_RISING_LANDSLIDE|R7_JOINT_MODERATE,5,1,1,0,0
2024-07-20,12.001,75.52542,12.001_75.52542,Kannur,2024-07-20,0.66607887,0.84770226,0.9539057612419128,R1_FLOOD_LEVEL|R2_LANDSLIDE_LEVEL|R3_SUSTAINED_JOINT|R7_JOINT_MODERATE,4,1,1,0,0
2024-07-21,12.001,75.52542,12.001_75.52542,Kannur,2024-07-21,0.6628116,0.84770226,0.9478904008865356,R1_FLOOD_LEVEL|R2_LANDSLIDE_LEVEL|R3_SUSTAINED_JOINT|R7_JOINT_MODERATE,4,1,1,0,0
2024-07-22,12.001,75.52542,12.001_75.52542,Kannur,2024-07-22,0.6544011,0.43482277,0.9008223017056783,R1_FLOOD_LEVEL|R3_SUSTAINED_JOINT|R7_JOINT_MODERATE,3,1,0,0,0
2024-07-23,12.001,75.52542,12.001_75.52542,Kannur,2024-07-23,0.6544011,0.42633584,0.8516882260640463,R1_FLOOD_LEVEL|R3_SUSTAINED_JOINT|R7_JOINT_MODERATE,3,1,0,0,0
2024-07-24,12.001,75.52542,12.001_75.52542,Kannur,2024-07-24,0.6544011,0.6696181,0.8307460347811381,R1_FLOOD_LEVEL|R2_LANDSLIDE_LEVEL|R3_SUSTAINED_JOINT|R7_JOINT_MODERATE,4,1,1,0,0
2024-07-25,12.001,75.52542,12.001_75.52542,Kannur,2024-07-25,0.6628116,0.59315425,0.8501263459523519,R1_FLOOD_LEVEL|R2_LANDSLIDE_LEVEL|R3_SUSTAINED_JOINT|R7_JOINT_MODERATE,4,1,1,0,0
2024-07-26,12.001,75.52542,12.001_75.52542,Kannur,2024-07-26,0.66607887,0.5908613,0.8706722259521484,R1_FLOOD_LEVEL|R2_LANDSLIDE_LEVEL|R3_SUSTAINED_JOINT|R7_JOINT_MODERATE,4,1,1,0,0
2024-07-27,12.001,75.52542,12.001_75.52542,Kannur,2024-07-27,0.66607887,0.76011264,0.8820309440294901,R1_FLOOD_LEVEL|R2_LANDSLIDE_LEVEL|R3_SUSTAINED_JOINT|R5_RISING_LANDSLIDE|R7_JOINT_MODERATE,5,1,1,0,0
2024-07-28,12.001,75.52542,12.001_75.52542,Kannur,2024-07-28,0.64230686,0.19964994,0.8323322534561157,R1_FLOOD_LEVEL|R3_SUSTAINED_JOINT|R7_JOINT_MODERATE,3,1,0,0,0
2024-07-29,12.001,75.52542,12.001_75.52542,Kannur,2024-07-29,0.66607887,0.84770226,0.8609204490979513,R1_FLOOD_LEVEL|R2_LANDSLIDE_LEVEL|R3_SUSTAINED_JOINT|R7_JOINT_MODERATE,4,1,1,0,0
2024-07-30,12.001,75.52542,12.001_75.52542,Kannur,2024-07-30,0.66607887,0.83792484,0.8695815006891886,R1_FLOOD_LEVEL|R2_LANDSLIDE_LEVEL|R3_SUSTAINED_JOINT|R7_JOINT_MODERATE,4,1,1,0,0
2024-07-31,12.001,75.52542,12.001_75.52542,Kannur,2024-07-31,0.66607887,0.84770226,0.9480562607447306,R1_FLOOD_LEVEL|R2_LANDSLIDE_LEVEL|R3_SUSTAINED_JOINT|R5_RISING_LANDSLIDE|R7_JOINT_MODERATE,5,1,1,0,0
2024-08-01,12.001,75.52542,12.001_75.52542,Kannur,2024-08-01,0.66607887,0.84770226,0.9480562607447306,R1_FLOOD_LEVEL|R2_LANDSLIDE_LEVEL|R3_SUSTAINED_JOINT|R5_RISING_LANDSLIDE|R7_JOINT_MODERATE,5,1,1,0,0
2024-08-02,12.001,75.52542,12.001_75.52542,Kannur,2024-08-02,0.66607887,0.5723437,0.9184951980908712,R1_FLOOD_LEVEL|R2_LANDSLIDE_LEVEL|R3_SUSTAINED_JOINT|R5_RISING_LANDSLIDE|R7_JOINT_MODERATE,5,1,1,0,0
2024-08-03,12.001,75.52542,12.001_75.52542,Kannur,2024-08-03,0.66607887,0.29409057,0.8568743268648783,R1_FLOOD_LEVEL|R3_SUSTAINED_JOINT|R7_JOINT_MODERATE,3,1,0,0,0
2024-08-04,12.001,75.52542,12.001_75.52542,Kannur,2024-08-04,0.6628116,0.5088955,0.8186278939247131,R1_FLOOD_LEVEL|R2_LANDSLIDE_LEVEL|R3_SUSTAINED_JOINT|R7_JOINT_MODERATE,4,1,1,0,0
2024-08-05,12.001,75.52542,12.001_75.52542,Kannur,2024-08-05,0.6628116,0.3031974,0.7879111369450887,R1_FLOOD_LEVEL|R3_SUSTAINED_JOINT|R7_JOINT_MODERATE,3,1,0,0,0
2024-08-06,12.001,75.52542,12.001_75.52542,Kannur,2024-08-06,0.6435057,0.590676,0.8178432583808899,R1_FLOOD_LEVEL|R2_LANDSLIDE_LEVEL|R3_SUSTAINED_JOINT|R7_JOINT_MODERATE,4,1,1,0,0
2024-08-07,12.001,75.52542,12.001_75.52542,Kannur,2024-08-07,0.61756027,0.6437337,0.8276247183481852,R1_FLOOD_LEVEL|R2_LANDSLIDE_LEVEL|R3_SUSTAINED_JOINT|R7_JOINT_MODERATE,4,1,1,0,0
2024-08-08,12.001,75.52542,12.001_75.52542,Kannur,2024-08-08,0.6262929,0.19248927,0.8053518136342367,R1_FLOOD_LEVEL|R3_SUSTAINED_JOINT|R5_RISING_LANDSLIDE|R7_JOINT_MODERATE,4,1,0,0,0
2024-08-09,12.001,75.52542,12.001_75.52542,Kannur,2024-08-09,0.6262929,0.45397854,0.7859750191370646,R1_FLOOD_LEVEL|R3_SUSTAINED_JOINT|R7_JOINT_MODERATE,3,1,0,0,0
2024-08-10,12.001,75.52542,12.001_75.52542,Kannur,2024-08-10,0.6262929,0.5737715,0.7782969276110331,R1_FLOOD_LEVEL|R2_LANDSLIDE_LEVEL|R3_SUSTAINED_JOINT|R7_JOINT_MODERATE,4,1,1,0,0
2024-08-11,12.001,75.52542,12.001_75.52542,Kannur,2024-08-11,0.6262929,0.8451452,0.859597643216451,R1_FLOOD_LEVEL|R2_LANDSLIDE_LEVEL|R3_SUSTAINED_JOINT|R5_RISING_LANDSLIDE|R7_JOINT_MODERATE,5,1,1,0,0
2024-08-12,12.001,75.52542,12.001_75.52542,Kannur,2024-08-12,0.6262929,0.8451452,0.9083248972892761,R1_FLOOD_LEVEL|R2_LANDSLIDE_LEVEL|R3_SUSTAINED_JOINT|R5_RISING_LANDSLIDE|R7_JOINT_MODERATE,5,1,1,0,0
2024-08-13,12.001,75.52542,12.001_75.52542,Kannur,2024-08-13,0.6262929,0.13695659,0.853911280632019,R1_FLOOD_LEVEL|R3_SUSTAINED_JOINT|R5_RISING_LANDSLIDE|R7_JOINT_MODERATE,4,1,0,0,0
2024-08-14,12.001,75.52542,12.001_75.52542,Kannur,2024-08-14,0.6262929,0.10162296,0.7612914244333903,R1_FLOOD_LEVEL|R3_SUSTAINED_JOINT|R7_JOINT_MODERATE,3,1,0,0,0
2024-08-15,12.001,75.52542,12.001_75.52542,Kannur,2024-08-15,0.6262929,0.087026216,0.6668532689412435,R1_FLOOD_LEVEL,1,1,0,0,0
2024-08-16,12.001,75.52542,12.001_75.52542,Kannur,2024-08-16,0.6262929,0.088758215,0.6608492533365885,R1_FLOOD_LEVEL,1,1,0,0,0
2024-08-17,12.001,75.52542,12.001_75.52542,Kannur,2024-08-17,0.6374412,0.39680696,0.6998615860939026,R1_FLOOD_LEVEL|R7_JOINT_MODERATE,2,1,0,0,0
2024-08-18,12.001,75.52542,12.001_75.52542,Kannur,2024-08-18,0.6374412,0.20380898,0.7173678477605184,R1_FLOOD_LEVEL|R3_SUSTAINED_JOINT|R5_RISING_LANDSLIDE|R7_JOINT_MODERATE,4,1,0,0,0
2024-08-19,12.001,75.52542,12.001_75.52542,Kannur,2024-08-19,0.6114226,0.781863,0.8026259938875834,R1_FLOOD_LEVEL|R2_LANDSLIDE_LEVEL|R3_SUSTAINED_JOINT|R5_RISING_LANDSLIDE|R7_JOINT_MODERATE,5,1,1,0,0
2024-08-20,12.001,75.52542,12.001_75.52542,Kannur,2024-08-20,0.6022303,0.71643025,0.837925136089325,R1_FLOOD_LEVEL|R2_LANDSLIDE_LEVEL|R3_SUSTAINED_JOINT|R5_RISING_LANDSLIDE|R7_JOINT_MODERATE,5,1,1,0,0
2024-08-21,12.001,75.52542,12.001_75.52542,Kannur,2024-08-21,0.5858766,0.53435856,0.8698694705963135,R1_FLOOD_LEVEL|R2_LANDSLIDE_LEVEL|R3_SUSTAINED_JOINT|R5_RISING_LANDSLIDE|R7_JOINT_MODERATE,5,1,1,0,0
2024-08-22,12.001,75.52542,12.001_75.52542,Kannur,2024-08-22,0.6022303,0.43479955,0.8231839736302694,R1_FLOOD_LEVEL|R3_SUSTAINED_JOINT|R5_RISING_LANDSLIDE|R7_JOINT_MODERATE,4,1,0,0,0
2024-08-23,12.001,75.52542,12.001_75.52542,Kannur,2024-08-23,0.59519285,0.18228593,0.7504436175028483,R1_FLOOD_LEVEL|R3_SUSTAINED_JOINT|R7_JOINT_MODERATE,3,1,0,0,0
2024-08-24,12.001,75.52542,12.001_75.52542,Kannur,2024-08-24,0.59519285,0.46308342,0.7422720591227213,R1_FLOOD_LEVEL|R3_SUSTAINED_JOINT|R7_JOINT_MODERATE,3,1,0,0,0
2024-08-25,12.001,75.52542,12.001_75.52542,Kannur,2024-08-25,0.59519285,0.49587357,0.7491872708002726,R1_FLOOD_LEVEL|R3_SUSTAINED_JOINT|R7_JOINT_MODERATE,3,1,0,0,0
2024-08-26,12.001,75.52542,12.001_75.52542,Kannur,2024-08-26,0.58594364,0.18524575,0.7470747232437134,R1_FLOOD_LEVEL|R3_SUSTAINED_JOINT|R7_JOINT_MODERATE,3,1,0,0,0
2024-08-27,12.001,75.52542,12.001_75.52542,Kannur,2024-08-27,0.55463153,0.18524575,0.6985686620076498,R1_FLOOD_LEVEL|R3_SUSTAINED_JOINT|R7_JOINT_MODERATE,3,1,0,0,0
2024-08-28,12.001,75.52542,12.001_75.52542,Kannur,2024-08-28,0.5291687,0.51361203,0.6902577678362528,R1_FLOOD_LEVEL|R2_LANDSLIDE_LEVEL|R3_SUSTAINED_JOINT|R7_JOINT_MODERATE,4,1,1,0,0
2024-08-29,12.001,75.52542,12.001_75.52542,Kannur,2024-08-29,0.55463153,0.5140855,0.7305721640586853,R1_FLOOD_LEVEL|R2_LANDSLIDE_LEVEL|R3_SUSTAINED_JOINT|R7_JOINT_MODERATE,4,1,1,0,0
2024-08-30,12.001,75.52542,12.001_75.52542,Kannur,2024-08-30,0.5725541,0.80998147,0.8244532346725464,R1_FLOOD_LEVEL|R2_LANDSLIDE_LEVEL|R3_SUSTAINED_JOINT|R5_RISING_LANDSLIDE|R7_JOINT_MODERATE,5,1,1,0,0
2024-08-31,12.001,75.52542,12.001_75.52542,Kannur,2024-08-31,0.5725541,0.70059645,0.8581291834513346,R1_FLOOD_LEVEL|R2_LANDSLIDE_LEVEL|R3_SUSTAINED_JOINT|R5_RISING_LANDSLIDE|R7_JOINT_MODERATE,5,1,1,0,0
2024-09-01,12.001,75.52542,12.001_75.52542,Kannur,2024-09-01,0.5725541,0.65324795,0.8808602690696716,R1_FLOOD_LEVEL|R2_LANDSLIDE_LEVEL|R3_SUSTAINED_JOINT|R5_RISING_LANDSLIDE|R7_JOINT_MODERATE,5,1,1,0,0
2024-09-02,12.001,75.52542,12.001_75.52542,Kannur,2024-09-02,0.51955956,0.19124685,0.7784152626991272,R1_FLOOD_LEVEL|R3_SUSTAINED_JOINT|R7_JOINT_MODERATE,3,1,0,0,0
2024-09-03,12.001,75.52542,12.001_75.52542,Kannur,2024-09-03,0.54727954,0.09158165,0.6839883327484131,R1_FLOOD_LEVEL|R7_JOINT_MODERATE,2,1,0,0,0
2024-09-04,12.001,75.52542,12.001_75.52542,Kannur,2024-09-04,0.51368904,0.07758936,0.583868126074473,R1_FLOOD_LEVEL,1,1,0,0,0
2024-09-05,12.001,75.52542,12.001_75.52542,Kannur,2024-09-05,0.51368904,0.18528667,0.5813193519910177,R1_FLOOD_LEVEL,1,1,0,0,0
2024-09-07,12.001,75.52542,12.001_75.52542,Kannur,2024-09-07,0.49788824,0.3586046,0.6155669093132019,R5_RISING_LANDSLIDE,1,0,0,0,0
2024-09-08,12.001,75.52542,12.001_75.52542,Kannur,2024-09-08,0.51368904,0.19173348,0.6166119376818339,R1_FLOOD_LEVEL|R5_RISING_LANDSLIDE,2,1,0,0,0
2024-09-09,12.001,75.52542,12.001_75.52542,Kannur,2024-09-09,0.5243838,0.39398468,0.6655493974685669,R1_FLOOD_LEVEL|R5_RISING_LANDSLIDE,2,1,0,0,0
2024-09-10,12.001,75.52542,12.001_75.52542,Kannur,2024-09-10,0.5096727,0.13133752,0.6309238076210022,R1_FLOOD_LEVEL,1,1,0,0,0
2024-09-11,12.001,75.52542,12.001_75.52542,Kannur,2024-09-11,0.54035866,0.09876709,0.6238654653231303,R1_FLOOD_LEVEL,1,1,0,0,0
2024-09-12,12.001,75.52542,12.001_75.52542,Kannur,2024-09-12,0.5107603,0.092437476,0.5719371636708578,R1_FLOOD_LEVEL,1,1,0,0,0
2024-10-07,12.001,75.52542,12.001_75.52542,Kannur,2024-10-07,0.5288562,0.112311944,0.5018911759058634,R1_FLOOD_LEVEL,1,1,0,0,0
2024-10-08,12.001,75.52542,12.001_75.52542,Kannur,2024-10-08,0.53800064,0.110188544,0.5460859139760336,R1_FLOOD_LEVEL,1,1,0,0,0
2024-10-09,12.001,75.52542,12.001_75.52542,Kannur,2024-10-09,0.52708864,0.14889322,0.5893936355908712,R1_FLOOD_LEVEL|R4_RISING_FLOOD,2,1,0,0,0
2024-10-10,12.001,75.52542,12.001_75.52542,Kannur,2024-10-10,0.52708864,0.10064248,0.5870311061541239,R1_FLOOD_LEVEL|R4_RISING_FLOOD,2,1,0,0,0
2024-10-15,12.001,75.52542,12.001_75.52542,Kannur,2024-10-15,0.52708864,0.5641966,0.6000495751698812,R1_FLOOD_LEVEL|R2_LANDSLIDE_LEVEL,2,1,1,0,0
2024-10-16,12.001,75.52542,12.001_75.52542,Kannur,2024-10-16,0.5477412,0.32582954,0.6666205326716105,R1_FLOOD_LEVEL|R5_RISING_LANDSLIDE,2,1,0,0,0
2024-10-17,12.001,75.52542,12.001_75.52542,Kannur,2024-10-17,0.53409773,0.08943431,0.6882564624150594,R1_FLOOD_LEVEL|R4_RISING_FLOOD|R5_RISING_LANDSLIDE|R7_JOINT_MODERATE,4,1,0,0,0
2024-10-18,12.001,75.52542,12.001_75.52542,Kannur,2024-10-18,0.5477412,0.13031605,0.625847856203715,R1_FLOOD_LEVEL|R4_RISING_FLOOD|R7_JOINT_MODERATE,3,1,0,0,0
2024-10-24,12.001,75.52542,12.001_75.52542,Kannur,2024-10-24,0.43946174,0.23064469,0.5062233010927836,R5_RISING_LANDSLIDE,1,0,0,0,0
2023-06-12,12.45993,75.15314,12.45993_75.15314,Kasaragod,2023-06-12,0.5255296,0.10215725,0.542753001054128,R1_FLOOD_LEVEL,1,1,0,0,0
2023-06-20,12.45993,75.15314,12.45993_75.15314,Kasaragod,2023-06-20,0.53124154,0.10466224,0.5371459126472473,R1_FLOOD_LEVEL,1,1,0,0,0
2023-06-21,12.45993,75.15314,12.45993_75.15314,Kasaragod,2023-06-21,0.54089606,0.1862583,0.5765118598937988,R1_FLOOD_LEVEL,1,1,0,0,0
2023-06-22,12.45993,75.15314,12.45993_75.15314,Kasaragod,2023-06-22,0.54089606,0.1862583,0.6110395987828573,R1_FLOOD_LEVEL|R4_RISING_FLOOD|R5_RISING_LANDSLIDE|R6_ENV_PRECURSOR,4,1,0,0,0
2023-06-23,12.45993,75.15314,12.45993_75.15314,Kasaragod,2023-06-23,0.54089606,0.28001386,0.640755832195282,R1_FLOOD_LEVEL|R4_RISING_FLOOD|R5_RISING_LANDSLIDE|R6_ENV_PRECURSOR|R7_JOINT_MODERATE,5,1,0,0,0
2023-06-24,12.45993,75.15314,12.45993_75.15314,Kasaragod,2023-06-24,0.54089606,0.17181882,0.638546089331309,R1_FLOOD_LEVEL|R5_RISING_LANDSLIDE|R7_JOINT_MODERATE,3,1,0,0,0
2023-06-25,12.45993,75.15314,12.45993_75.15314,Kasaragod,2023-06-25,0.5305418,0.09089498,0.6208145022392273,R1_FLOOD_LEVEL|R7_JOINT_MODERATE,2,1,0,0,0
2023-06-26,12.45993,75.15314,12.45993_75.15314,Kasaragod,2023-06-26,0.50554466,0.07212998,0.5780672232309977,R1_FLOOD_LEVEL,1,1,0,0,0
2023-06-27,12.45993,75.15314,12.45993_75.15314,Kasaragod,2023-06-27,0.51594734,0.07435296,0.5554536581039429,R1_FLOOD_LEVEL,1,1,0,0,0
2023-06-28,12.45993,75.15314,12.45993_75.15314,Kasaragod,2023-06-28,0.51594734,0.09134953,0.5511043469111124,R1_FLOOD_LEVEL,1,1,0,1,0
2023-07-03,12.45993,75.15314,12.45993_75.15314,Kasaragod,2023-07-03,0.54832566,0.15204848,0.5593727429707845,R1_FLOOD_LEVEL,1,1,0,0,0
2023-07-04,12.45993,75.15314,12.45993_75.15314,Kasaragod,2023-07-04,0.5625314,0.3330614,0.6221691568692526,R1_FLOOD_LEVEL|R5_RISING_LANDSLIDE|R6_ENV_PRECURSOR,3,1,0,0,0
2023-07-05,12.45993,75.15314,12.45993_75.15314,Kasaragod,2023-07-05,0.59519285,0.2834581,0.6783920327822367,R1_FLOOD_LEVEL|R4_RISING_FLOOD|R5_RISING_LANDSLIDE|R6_ENV_PRECURSOR|R7_JOINT_MODERATE,5,1,0,0,0
2023-07-06,12.45993,75.15314,12.45993_75.15314,Kasaragod,2023-07-06,0.6262929,0.35604754,0.7258414824803671,R1_FLOOD_LEVEL|R4_RISING_FLOOD|R5_RISING_LANDSLIDE|R6_ENV_PRECURSOR|R7_JOINT_MODERATE,5,1,0,0,0
2023-07-07,12.45993,75.15314,12.45993_75.15314,Kasaragod,2023-07-07,0.6374412,0.23996997,0.7312445243199667,R1_FLOOD_LEVEL|R3_SUSTAINED_JOINT|R4_RISING_FLOOD|R5_RISING_LANDSLIDE|R6_ENV_PRECURSOR|R7_JOINT_MODERATE,6,1,0,0,0
2023-07-08,12.45993,75.15314,12.45993_75.15314,Kasaragod,2023-07-08,0.6374412,0.21076722,0.7325505018234253,R1_FLOOD_LEVEL|R3_SUSTAINED_JOINT|R4_RISING_FLOOD|R6_ENV_PRECURSOR|R7_JOINT_MODERATE,5,1,0,0,0
2023-07-09,12.45993,75.15314,12.45993_75.15314,Kasaragod,2023-07-09,0.6374412,0.3459184,0.7337193687756857,R1_FLOOD_LEVEL|R3_SUSTAINED_JOINT|R7_JOINT_MODERATE,3,1,0,0,0
2023-07-10,12.45993,75.15314,12.45993_75.15314,Kasaragod,2023-07-10,0.6114226,0.098514386,0.7088055610656738,R1_FLOOD_LEVEL|R3_SUSTAINED_JOINT|R7_JOINT_MODERATE,3,1,0,0,0
2023-07-11,12.45993,75.15314,12.45993_75.15314,Kasaragod,2023-07-11,0.59519285,0.10006658,0.6827535033226013,R1_FLOOD_LEVEL|R7_JOINT_MODERATE,2,1,0,0,0
2023-07-12,12.45993,75.15314,12.45993_75.15314,Kasaragod,2023-07-12,0.57551134,0.1180535,0.6370090842247009,R1_FLOOD_LEVEL,1,1,0,0,0
2023-07-13,12.45993,75.15314,12.45993_75.15314,Kasaragod,2023-07-13,0.56305,0.14373018,0.6290590365727743,R1_FLOOD_LEVEL,1,1,0,0,0
2023-07-14,12.45993,75.15314,12.45993_75.15314,Kasaragod,2023-07-14,0.5858766,0.16859747,0.6357244451840719,R1_FLOOD_LEVEL,1,1,0,0,0
2023-07-15,12.45993,75.15314,12.45993_75.15314,Kasaragod,2023-07-15,0.5858766,0.09893083,0.6361319422721863,R1_FLOOD_LEVEL,1,1,0,0,0
2023-07-16,12.45993,75.15314,12.45993_75.15314,Kasaragod,2023-07-16,0.59519285,0.08436647,0.6372959812482198,R1_FLOOD_LEVEL,1,1,0,0,0
2023-07-17,12.45993,75.15314,12.45993_75.15314,Kasaragod,2023-07-17,0.59519285,0.07230914,0.6268850962320963,R1_FLOOD_LEVEL,1,1,0,0,0
2023-07-18,12.45993,75.15314,12.45993_75.15314,Kasaragod,2023-07-18,0.6114226,0.07198855,0.6310682694117228,R1_FLOOD_LEVEL,1,1,0,0,0
2023-07-19,12.45993,75.15314,12.45993_75.15314,Kasaragod,2023-07-19,0.59519285,0.07220025,0.6294266184171041,R1_FLOOD_LEVEL,1,1,0,0,0
2023-07-20,12.45993,75.15314,12.45993_75.15314,Kasaragod,2023-07-20,0.52586967,0.07026576,0.6076668500900269,R1_FLOOD_LEVEL,1,1,0,0,0
2023-07-22,12.45993,75.15314,12.45993_75.15314,Kasaragod,2023-07-22,0.5053703,0.1336073,0.536582370599111,R1_FLOOD_LEVEL,1,1,0,0,0
2023-07-23,12.45993,75.15314,12.45993_75.15314,Kasaragod,2023-07-23,0.6393852,0.23834154,0.5919656753540039,R1_FLOOD_LEVEL|R5_RISING_LANDSLIDE,2,1,0,0,0
2023-07-24,12.45993,75.15314,12.45993_75.15314,Kasaragod,2023-07-24,0.6544011,0.33426085,0.6889041463534037,R1_FLOOD_LEVEL|R4_RISING_FLOOD|R5_RISING_LANDSLIDE|R7_JOINT_MODERATE,4,1,0,0,0
2023-07-25,12.45993,75.15314,12.45993_75.15314,Kasaragod,2023-07-25,0.6628116,0.25046518,0.7475071748097738,R1_FLOOD_LEVEL|R3_SUSTAINED_JOINT|R4_RISING_FLOOD|R5_RISING_LANDSLIDE|R7_JOINT_MODERATE,5,1,0,0,0
2023-07-26,12.45993,75.15314,12.45993_75.15314,Kasaragod,2023-07-26,0.6519797,0.16111289,0.7417456905047098,R1_FLOOD_LEVEL|R3_SUSTAINED_JOINT|R4_RISING_FLOOD|R5_RISING_LANDSLIDE|R7_JOINT_MODERATE,5,1,0,0,0
2023-07-27,12.45993,75.15314,12.45993_75.15314,Kasaragod,2023-07-27,0.6519797,0.3317182,0.7409133712450663,R1_FLOOD_LEVEL|R3_SUSTAINED_JOINT|R4_RISING_FLOOD|R7_JOINT_MODERATE,4,1,0,0,0
2023-07-28,12.45993,75.15314,12.45993_75.15314,Kasaragod,2023-07-28,0.6374412,0.06563343,0.7122372587521871,R1_FLOOD_LEVEL|R3_SUSTAINED_JOINT|R7_JOINT_MODERATE,3,1,0,0,0
2023-07-29,12.45993,75.15314,12.45993_75.15314,Kasaragod,2023-07-29,0.6185312,0.09273613,0.6941895683606466,R1_FLOOD_LEVEL|R3_SUSTAINED_JOINT|R7_JOINT_MODERATE,3,1,0,0,0
2023-07-30,12.45993,75.15314,12.45993_75.15314,Kasaragod,2023-07-30,0.6114226,0.06820057,0.651022732257843,R1_FLOOD_LEVEL,1,1,0,0,0
2023-07-31,12.45993,75.15314,12.45993_75.15314,Kasaragod,2023-07-31,0.6114226,0.06820057,0.6432516177495321,R1_FLOOD_LEVEL,1,1,0,0,0
2023-08-01,12.45993,75.15314,12.45993_75.15314,Kasaragod,2023-08-01,0.59519285,0.07472483,0.6337632338205973,R1_FLOOD_LEVEL,1,1,0,0,0
2023-08-02,12.45993,75.15314,12.45993_75.15314,Kasaragod,2023-08-02,0.59519285,0.079610534,0.6302618781725565,R1_FLOOD_LEVEL,1,1,0,0,0
2023-08-07,12.45993,75.15314,12.45993_75.15314,Kasaragod,2023-08-07,0.51008713,0.0708024,0.520561158657074,R1_FLOOD_LEVEL,1,1,0,0,0
2023-08-08,12.45993,75.15314,12.45993_75.15314,Kasaragod,2023-08-08,0.5597552,0.07650034,0.5463865796724955,R1_FLOOD_LEVEL,1,1,0,0,0
2023-11-06,12.45993,75.15314,12.45993_75.15314,Kasaragod,2023-11-06,0.5477412,0.0844937,0.5398972431818644,R1_FLOOD_LEVEL,1,1,0,0,0
2023-11-09,12.45993,75.15314,12.45993_75.15314,Kasaragod,2023-11-09,0.5477412,0.091085635,0.5370643536249796,R1_FLOOD_LEVEL,1,1,0,0,0
2023-11-10,12.45993,75.15314,12.45993_75.15314,Kasaragod,2023-11-10,0.541809,0.09066435,0.5582174062728882,R1_FLOOD_LEVEL,1,1,0,0,0
2024-05-22,12.45993,75.15314,12.45993_75.15314,Kasaragod,2024-05-22,0.5090328,0.0915501,0.5446814894676208,R1_FLOOD_LEVEL,1,1,0,1,0
2024-05-23,12.45993,75.15314,12.45993_75.15314,Kasaragod,2024-05-23,0.51858854,0.13829324,0.5604486266771952,R1_FLOOD_LEVEL,1,1,0,0,0
2024-05-24,12.45993,75.15314,12.45993_75.15314,Kasaragod,2024-05-24,0.52065825,0.11617958,0.5718311270078024,R1_FLOOD_LEVEL,1,1,0,0,0
2024-05-25,12.45993,75.15314,12.45993_75.15314,Kasaragod,2024-05-25,0.5206376,0.09759732,0.5763115088144938,R1_FLOOD_LEVEL,1,1,0,0,0
2024-06-01,12.45993,75.15314,12.45993_75.15314,Kasaragod,2024-06-01,0.54089606,0.15115601,0.5464579065640768,R1_FLOOD_LEVEL,1,1,0,0,0
2024-06-02,12.45993,75.15314,12.45993_75.15314,Kasaragod,2024-06-02,0.54089606,0.15257472,0.5785523454348246,R1_FLOOD_LEVEL,1,1,0,0,0
2024-06-03,12.45993,75.15314,12.45993_75.15314,Kasaragod,2024-06-03,0.54089606,0.20933503,0.619412879149119,R1_FLOOD_LEVEL|R4_RISING_FLOOD|R5_RISING_LANDSLIDE|R6_ENV_PRECURSOR|R7_JOINT_MODERATE,5,1,0,0,0
2024-06-04,12.45993,75.15314,12.45993_75.15314,Kasaragod,2024-06-04,0.54089606,0.092945166,0.6105046073595682,R1_FLOOD_LEVEL,1,1,0,0,0
2024-06-05,12.45993,75.15314,12.45993_75.15314,Kasaragod,2024-06-05,0.54089606,0.07966055,0.5993462204933167,R1_FLOOD_LEVEL,1,1,0,0,0
2024-06-06,12.45993,75.15314,12.45993_75.15314,Kasaragod,2024-06-06,0.5749964,0.20350772,0.6075080037117004,R1_FLOOD_LEVEL,1,1,0,0,0
2024-06-07,12.45993,75.15314,12.45993_75.15314,Kasaragod,2024-06-07,0.5749964,0.18095851,0.630286971728007,R1_FLOOD_LEVEL|R6_ENV_PRECURSOR,2,1,0,0,0
2024-06-08,12.45993,75.15314,12.45993_75.15314,Kasaragod,2024-06-08,0.5749964,0.2606581,0.6663898229598999,R1_FLOOD_LEVEL|R5_RISING_LANDSLIDE|R6_ENV_PRECURSOR|R7_JOINT_MODERATE,4,1,0,0,0
2024-06-09,12.45993,75.15314,12.45993_75.15314,Kasaragod,2024-06-09,0.5749964,0.111491166,0.6533540288607279,R1_FLOOD_LEVEL|R7_JOINT_MODERATE,2,1,0,0,0
2024-06-10,12.45993,75.15314,12.45993_75.15314,Kasaragod,2024-06-10,0.5749964,0.14689517,0.6485283374786377,R1_FLOOD_LEVEL|R7_JOINT_MODERATE,2,1,0,0,0
2024-06-11,12.45993,75.15314,12.45993_75.15314,Kasaragod,2024-06-11,0.5749964,0.20535897,0.6406942208607992,R1_FLOOD_LEVEL,1,1,0,0,0
2024-06-12,12.45993,75.15314,12.45993_75.15314,Kasaragod,2024-06-12,0.5749964,0.12164149,0.6421322027842203,R1_FLOOD_LEVEL,1,1,0,0,0
2024-06-13,12.45993,75.15314,12.45993_75.15314,Kasaragod,2024-06-13,0.5625314,0.09552766,0.6310969789822897,R1_FLOOD_LEVEL,1,1,0,0,0
2024-06-18,12.45993,75.15314,12.45993_75.15314,Kasaragod,2024-06-18,0.5625314,0.09833697,0.5523128112157186,R1_FLOOD_LEVEL,1,1,0,0,0
2024-06-19,12.45993,75.15314,12.45993_75.15314,Kasaragod,2024-06-19,0.5625314,0.10137791,0.5810297727584839,R1_FLOOD_LEVEL,1,1,0,0,0
2024-06-20,12.45993,75.15314,12.45993_75.15314,Kasaragod,2024-06-20,0.5188478,0.09071547,0.5916425188382467,R1_FLOOD_LEVEL|R4_RISING_FLOOD,2,1,0,0,0
2024-06-22,12.45993,75.15314,12.45993_75.15314,Kasaragod,2024-06-22,0.5625314,0.38826442,0.60824582974116,R1_FLOOD_LEVEL|R5_RISING_LANDSLIDE,2,1,0,0,0
2024-06-23,12.45993,75.15314,12.45993_75.15314,Kasaragod,2024-06-23,0.5625314,0.23751871,0.642893373966217,R1_FLOOD_LEVEL|R5_RISING_LANDSLIDE,2,1,0,0,0
2024-06-24,12.45993,75.15314,12.45993_75.15314,Kasaragod,2024-06-24,0.5625314,0.17863752,0.6798343459765116,R1_FLOOD_LEVEL|R5_RISING_LANDSLIDE|R6_ENV_PRECURSOR|R7_JOINT_MODERATE,4,1,0,0,0
2024-06-25,12.45993,75.15314,12.45993_75.15314,Kasaragod,2024-06-25,0.5398107,0.087313294,0.6290364861488342,R1_FLOOD_LEVEL|R7_JOINT_MODERATE,2,1,0,0,0
2024-06-26,12.45993,75.15314,12.45993_75.15314,Kasaragod,2024-06-26,0.6114226,0.1598388,0.6314011414845785,R1_FLOOD_LEVEL,1,1,0,0,0
2024-06-27,12.45993,75.15314,12.45993_75.15314,Kasaragod,2024-06-27,0.65410954,0.29386455,0.6697593927383423,R1_FLOOD_LEVEL|R7_JOINT_MODERATE,2,1,0,0,0
2024-06-28,12.45993,75.15314,12.45993_75.15314,Kasaragod,2024-06-28,0.6374412,0.18095851,0.7107787132263184,R1_FLOOD_LEVEL|R4_RISING_FLOOD|R6_ENV_PRECURSOR|R7_JOINT_MODERATE,4,1,0,0,0
2024-06-29,12.45993,75.15314,12.45993_75.15314,Kasaragod,2024-06-29,0.59519285,0.08384898,0.6959797541300455,R1_FLOOD_LEVEL|R3_SUSTAINED_JOINT|R4_RISING_FLOOD|R7_JOINT_MODERATE,4,1,0,0,0
2024-06-30,12.45993,75.15314,12.45993_75.15314,Kasaragod,2024-06-30,0.5795692,0.3559347,0.6871333122253418,R1_FLOOD_LEVEL|R7_JOINT_MODERATE,2,1,0,0,0
2024-07-01,12.45993,75.15314,12.45993_75.15314,Kasaragod,2024-07-01,0.57580817,0.25046518,0.6801346937815348,R1_FLOOD_LEVEL|R7_JOINT_MODERATE,2,1,0,0,0
2024-07-02,12.45993,75.15314,12.45993_75.15314,Kasaragod,2024-07-02,0.59519285,0.1497511,0.6890272498130798,R1_FLOOD_LEVEL|R7_JOINT_MODERATE,2,1,0,0,0
2024-07-03,12.45993,75.15314,12.45993_75.15314,Kasaragod,2024-07-03,0.59519285,0.19239484,0.670314093430837,R1_FLOOD_LEVEL|R7_JOINT_MODERATE,2,1,0,0,0
2024-07-04,12.45993,75.15314,12.45993_75.15314,Kasaragod,2024-07-04,0.59519285,0.11670154,0.6571077704429626,R1_FLOOD_LEVEL,1,1,0,0,0
2024-07-05,12.45993,75.15314,12.45993_75.15314,Kasaragod,2024-07-05,0.59519285,0.09267042,0.6494055589040121,R1_FLOOD_LEVEL,1,1,0,0,0
2024-07-06,12.45993,75.15314,12.45993_75.15314,Kasaragod,2024-07-06,0.59519285,0.32995874,0.6679678360621134,R1_FLOOD_LEVEL|R7_JOINT_MODERATE,2,1,0,0,0
2024-07-07,12.45993,75.15314,12.45993_75.15314,Kasaragod,2024-07-07,0.59519285,0.09222342,0.6646648645401001,R1_FLOOD_LEVEL|R7_JOINT_MODERATE,2,1,0,0,0
2024-07-08,12.45993,75.15314,12.45993_75.15314,Kasaragod,2024-07-08,0.6022303,0.16186218,0.6759674151738485,R1_FLOOD_LEVEL|R7_JOINT_MODERATE,2,1,0,0,0
2024-07-09,12.45993,75.15314,12.45993_75.15314,Kasaragod,2024-07-09,0.60939956,0.15827633,0.6567873557408651,R1_FLOOD_LEVEL,1,1,0,0,0
2024-07-10,12.45993,75.15314,12.45993_75.15314,Kasaragod,2024-07-10,0.5858766,0.16178922,0.663571278254191,R1_FLOOD_LEVEL,1,1,0,0,0
2024-07-11,12.45993,75.15314,12.45993_75.15314,Kasaragod,2024-07-11,0.5095735,0.07212998,0.6230158805847168,R1_FLOOD_LEVEL,1,1,0,0,0
2024-07-12,12.45993,75.15314,12.45993_75.15314,Kasaragod,2024-07-12,0.57551134,0.14820467,0.6120826204617819,R1_FLOOD_LEVEL,1,1,0,0,0
2024-07-13,12.45993,75.15314,12.45993_75.15314,Kasaragod,2024-07-13,0.6022303,0.1867396,0.6199600497881571,R1_FLOOD_LEVEL,1,1,0,0,0
2024-07-14,12.45993,75.15314,12.45993_75.15314,Kasaragod,2024-07-14,0.61756027,0.1443347,0.6625639200210571,R1_FLOOD_LEVEL,1,1,0,0,0
2024-07-15,12.45993,75.15314,12.45993_75.15314,Kasaragod,2024-07-15,0.61756027,0.41211158,0.7081457773844401,R1_FLOOD_LEVEL|R4_RISING_FLOOD|R5_RISING_LANDSLIDE|R7_JOINT_MODERATE,4,1,0,0,0
2024-07-16,12.45993,75.15314,12.45993_75.15314,Kasaragod,2024-07-16,0.6435057,0.18106258,0.7186603943506876,R1_FLOOD_LEVEL|R3_SUSTAINED_JOINT|R4_RISING_FLOOD|R5_RISING_LANDSLIDE|R7_JOINT_MODERATE,5,1,0,0,0
2024-07-17,12.45993,75.15314,12.45993_75.15314,Kasaragod,2024-07-17,0.6435057,0.18046254,0.7303537130355835,R1_FLOOD_LEVEL|R3_SUSTAINED_JOINT|R5_RISING_LANDSLIDE|R7_JOINT_MODERATE,4,1,0,0,0
2024-07-18,12.45993,75.15314,12.45993_75.15314,Kasaragod,2024-07-18,0.6544011,0.18046254,0.7108872532844543,R1_FLOOD_LEVEL|R3_SUSTAINED_JOINT|R7_JOINT_MODERATE,3,1,0,0,0
2024-07-19,12.45993,75.15314,12.45993_75.15314,Kasaragod,2024-07-19,0.65719014,0.3259158,0.7311752041180929,R1_FLOOD_LEVEL|R3_SUSTAINED_JOINT|R7_JOINT_MODERATE,3,1,0,0,0
2024-07-20,12.45993,75.15314,12.45993_75.15314,Kasaragod,2024-07-20,0.64871377,0.10766696,0.7240739266077677,R1_FLOOD_LEVEL|R3_SUSTAINED_JOINT|R7_JOINT_MODERATE,3,1,0,0,0
2024-07-21,12.45993,75.15314,12.45993_75.15314,Kasaragod,2024-07-21,0.6262929,0.12669471,0.7096975445747375,R1_FLOOD_LEVEL|R3_SUSTAINED_JOINT|R7_JOINT_MODERATE,3,1,0,0,0
2024-07-22,12.45993,75.15314,12.45993_75.15314,Kasaragod,2024-07-22,0.6186123,0.105354026,0.6729894280433655,R1_FLOOD_LEVEL,1,1,0,0,0
2024-07-23,12.45993,75.15314,12.45993_75.15314,Kasaragod,2024-07-23,0.60939956,0.10478791,0.6609207590421041,R1_FLOOD_LEVEL,1,1,0,0,0
2024-07-24,12.45993,75.15314,12.45993_75.15314,Kasaragod,2024-07-24,0.6262929,0.16449425,0.6656294266382853,R1_FLOOD_LEVEL,1,1,0,0,0
2024-07-25,12.45993,75.15314,12.45993_75.15314,Kasaragod,2024-07-25,0.6262929,0.16292165,0.6750910679499308,R1_FLOOD_LEVEL,1,1,0,0,0
2024-07-26,12.45993,75.15314,12.45993_75.15314,Kasaragod,2024-07-26,0.6374412,0.15985711,0.6901141007741293,R1_FLOOD_LEVEL|R7_JOINT_MODERATE,2,1,0,0,0
2024-07-27,12.45993,75.15314,12.45993_75.15314,Kasaragod,2024-07-27,0.6374412,0.13250951,0.6893534660339355,R1_FLOOD_LEVEL|R3_SUSTAINED_JOINT,2,1,0,0,0
2024-07-28,12.45993,75.15314,12.45993_75.15314,Kasaragod,2024-07-28,0.6374412,0.1110947,0.6862006982167562,R1_FLOOD_LEVEL,1,1,0,0,0
2024-07-29,12.45993,75.15314,12.45993_75.15314,Kasaragod,2024-07-29,0.62766016,0.16558766,0.684172789255778,R1_FLOOD_LEVEL,1,1,0,0,0
2024-07-30,12.45993,75.15314,12.45993_75.15314,Kasaragod,2024-07-30,0.61756027,0.33482015,0.7042144934336344,R1_FLOOD_LEVEL|R7_JOINT_MODERATE,2,1,0,0,0
2024-07-31,12.45993,75.15314,12.45993_75.15314,Kasaragod,2024-07-31,0.6628116,0.16809925,0.718138853708903,R1_FLOOD_LEVEL|R3_SUSTAINED_JOINT|R5_RISING_LANDSLIDE|R7_JOINT_MODERATE,4,1,0,0,0
2024-08-01,12.45993,75.15314,12.45993_75.15314,Kasaragod,2024-08-01,0.65719014,0.2262704,0.733286460240682,R1_FLOOD_LEVEL|R3_SUSTAINED_JOINT|R5_RISING_LANDSLIDE|R7_JOINT_MODERATE,4,1,0,0,0
2024-08-02,12.45993,75.15314,12.45993_75.15314,Kasaragod,2024-08-02,0.6435057,0.16292165,0.7186123132705688,R1_FLOOD_LEVEL|R3_SUSTAINED_JOINT|R7_JOINT_MODERATE,3,1,0,0,0
2024-08-03,12.45993,75.15314,12.45993_75.15314,Kasaragod,2024-08-03,0.6519797,0.11525759,0.7094786564509074,R1_FLOOD_LEVEL|R3_SUSTAINED_JOINT|R7_JOINT_MODERATE,3,1,0,0,0
2024-08-04,12.45993,75.15314,12.45993_75.15314,Kasaragod,2024-08-04,0.6262929,0.09094403,0.6846524675687155,R1_FLOOD_LEVEL,1,1,0,0,0
2024-08-05,12.45993,75.15314,12.45993_75.15314,Kasaragod,2024-08-05,0.6262929,0.11440946,0.6738065282503763,R1_FLOOD_LEVEL,1,1,0,0,0
2024-08-06,12.45993,75.15314,12.45993_75.15314,Kasaragod,2024-08-06,0.61756027,0.25668946,0.6816854675610861,R1_FLOOD_LEVEL,1,1,0,0,0
2024-08-07,12.45993,75.15314,12.45993_75.15314,Kasaragod,2024-08-07,0.60939956,0.16537414,0.6862572828928629,R1_FLOOD_LEVEL|R7_JOINT_MODERATE,2,1,0,0,0
2024-08-08,12.45993,75.15314,12.45993_75.15314,Kasaragod,2024-08-08,0.6022303,0.1110947,0.6787145733833313,R1_FLOOD_LEVEL|R5_RISING_LANDSLIDE|R7_JOINT_MODERATE,3,1,0,0,0
2024-08-09,12.45993,75.15314,12.45993_75.15314,Kasaragod,2024-08-09,0.6022303,0.16774897,0.6631236672401428,R1_FLOOD_LEVEL,1,1,0,0,0
2024-08-10,12.45993,75.15314,12.45993_75.15314,Kasaragod,2024-08-10,0.6114226,0.09661444,0.6547803282737732,R1_FLOOD_LEVEL,1,1,0,0,0
2024-08-11,12.45993,75.15314,12.45993_75.15314,Kasaragod,2024-08-11,0.59519285,0.3654515,0.6870169242223104,R1_FLOOD_LEVEL|R7_JOINT_MODERATE,2,1,0,0,0
2024-08-12,12.45993,75.15314,12.45993_75.15314,Kasaragod,2024-08-12,0.59519285,0.1539417,0.6832015117009481,R1_FLOOD_LEVEL|R7_JOINT_MODERATE,2,1,0,0,0
2024-08-13,12.45993,75.15314,12.45993_75.15314,Kasaragod,2024-08-13,0.59519285,0.1888374,0.690758466720581,R1_FLOOD_LEVEL|R5_RISING_LANDSLIDE|R7_JOINT_MODERATE,3,1,0,0,0
2024-08-14,12.45993,75.15314,12.45993_75.15314,Kasaragod,2024-08-14,0.5858766,0.20525146,0.66667373975118,R1_FLOOD_LEVEL|R7_JOINT_MODERATE,2,1,0,0,0
2024-08-15,12.45993,75.15314,12.45993_75.15314,Kasaragod,2024-08-15,0.6114226,0.100612625,0.6643433570861816,R1_FLOOD_LEVEL|R7_JOINT_MODERATE,2,1,0,0,0
2024-08-16,12.45993,75.15314,12.45993_75.15314,Kasaragod,2024-08-16,0.59519285,0.17142938,0.6619943777720133,R1_FLOOD_LEVEL,1,1,0,0,0
2024-08-17,12.45993,75.15314,12.45993_75.15314,Kasaragod,2024-08-17,0.59519285,0.26319888,0.6722815831502279,R1_FLOOD_LEVEL|R7_JOINT_MODERATE,2,1,0,0,0
2024-08-18,12.45993,75.15314,12.45993_75.15314,Kasaragod,2024-08-18,0.59519285,0.09603147,0.6667977968851725,R1_FLOOD_LEVEL|R7_JOINT_MODERATE,2,1,0,0,0
2024-08-19,12.45993,75.15314,12.45993_75.15314,Kasaragod,2024-08-19,0.59519285,0.27059,0.6801781058311462,R1_FLOOD_LEVEL|R7_JOINT_MODERATE,2,1,0,0,0
2024-08-20,12.45993,75.15314,12.45993_75.15314,Kasaragod,2024-08-20,0.57580817,0.23746565,0.6717786192893982,R1_FLOOD_LEVEL|R7_JOINT_MODERATE,2,1,0,0,0
2024-08-21,12.45993,75.15314,12.45993_75.15314,Kasaragod,2024-08-21,0.57551134,0.16040203,0.6749563415845236,R1_FLOOD_LEVEL|R7_JOINT_MODERATE,2,1,0,0,0
2024-08-22,12.45993,75.15314,12.45993_75.15314,Kasaragod,2024-08-22,0.57551134,0.14140478,0.651891827583313,R1_FLOOD_LEVEL|R7_JOINT_MODERATE,2,1,0,0,0
2024-08-23,12.45993,75.15314,12.45993_75.15314,Kasaragod,2024-08-23,0.57551134,0.14851686,0.6392304499944051,R1_FLOOD_LEVEL,1,1,0,0,0
2024-08-24,12.45993,75.15314,12.45993_75.15314,Kasaragod,2024-08-24,0.5669609,0.13484694,0.6331486701965332,R1_FLOOD_LEVEL,1,1,0,0,0
2024-08-25,12.45993,75.15314,12.45993_75.15314,Kasaragod,2024-08-25,0.5749964,0.13494949,0.6320867935816447,R1_FLOOD_LEVEL,1,1,0,0,0
2024-08-26,12.45993,75.15314,12.45993_75.15314,Kasaragod,2024-08-26,0.56305,0.101811334,0.6217472553253174,R1_FLOOD_LEVEL,1,1,0,0,0
2024-08-27,12.45993,75.15314,12.45993_75.15314,Kasaragod,2024-08-27,0.59519285,0.09712543,0.6247989336649576,R1_FLOOD_LEVEL,1,1,0,0,0
2024-08-28,12.45993,75.15314,12.45993_75.15314,Kasaragod,2024-08-28,0.5795692,0.07731575,0.6180405020713806,R1_FLOOD_LEVEL,1,1,0,0,0
2024-08-29,12.45993,75.15314,12.45993_75.15314,Kasaragod,2024-08-29,0.59519285,0.12401399,0.6306598981221517,R1_FLOOD_LEVEL,1,1,0,0,0
2024-08-30,12.45993,75.15314,12.45993_75.15314,Kasaragod,2024-08-30,0.6114226,0.28370577,0.6597113410631815,R1_FLOOD_LEVEL|R7_JOINT_MODERATE,2,1,0,0,0
2024-08-31,12.45993,75.15314,12.45993_75.15314,Kasaragod,2024-08-31,0.59519285,0.2558596,0.6886085073153178,R1_FLOOD_LEVEL|R5_RISING_LANDSLIDE|R7_JOINT_MODERATE,3,1,0,0,0
2024-09-01,12.45993,75.15314,12.45993_75.15314,Kasaragod,2024-09-01,0.6114226,0.099590816,0.6901840766270956,R1_FLOOD_LEVEL|R5_RISING_LANDSLIDE|R7_JOINT_MODERATE,3,1,0,0,0
2024-09-02,12.45993,75.15314,12.45993_75.15314,Kasaragod,2024-09-02,0.6114226,0.09151021,0.6652897795041403,R1_FLOOD_LEVEL,1,1,0,0,0
2024-09-03,12.45993,75.15314,12.45993_75.15314,Kasaragod,2024-09-03,0.6114226,0.079516724,0.646474560101827,R1_FLOOD_LEVEL,1,1,0,0,0
2024-09-04,12.45993,75.15314,12.45993_75.15314,Kasaragod,2024-09-04,0.59519285,0.07198855,0.6378788948059082,R1_FLOOD_LEVEL,1,1,0,0,0
2024-09-05,12.45993,75.15314,12.45993_75.15314,Kasaragod,2024-09-05,0.59519285,0.07718986,0.6310317317644755,R1_FLOOD_LEVEL,1,1,0,0,0
2024-09-06,12.45993,75.15314,12.45993_75.15314,Kasaragod,2024-09-06,0.59519285,0.079555385,0.6260572075843811,R1_FLOOD_LEVEL,1,1,0,0,0
2024-09-07,12.45993,75.15314,12.45993_75.15314,Kasaragod,2024-09-07,0.59519285,0.08251807,0.627478023370107,R1_FLOOD_LEVEL,1,1,0,0,0
2024-09-08,12.45993,75.15314,12.45993_75.15314,Kasaragod,2024-09-08,0.58594364,0.106294766,0.6286499500274658,R1_FLOOD_LEVEL,1,1,0,0,0
2024-09-09,12.45993,75.15314,12.45993_75.15314,Kasaragod,2024-09-09,0.5474477,0.07548176,0.6133865118026733,R1_FLOOD_LEVEL,1,1,0,0,0
2024-09-10,12.45993,75.15314,12.45993_75.15314,Kasaragod,2024-09-10,0.5474477,0.07993429,0.5983949502309164,R1_FLOOD_LEVEL,1,1,0,0,0
2024-09-11,12.45993,75.15314,12.45993_75.15314,Kasaragod,2024-09-11,0.5597552,0.07650034,0.5862210988998413,R1_FLOOD_LEVEL,1,1,0,0,0
2024-09-12,12.45993,75.15314,12.45993_75.15314,Kasaragod,2024-09-12,0.5056404,0.08492316,0.574893037478129,R1_FLOOD_LEVEL,1,1,0,0,0
2023-02-04,8.60859,77.01251,8.60859_77.01251,Thiruvananthapuram,2023-02-04,0.5072314,0.0818553,0.4960893591245015,R1_FLOOD_LEVEL,1,1,0,0,0
2023-04-01,8.60859,77.01251,8.60859_77.01251,Thiruvananthapuram,2023-04-01,0.5260115,0.073103055,0.524861216545105,R1_FLOOD_LEVEL,1,1,0,0,0
2023-04-03,8.60859,77.01251,8.60859_77.01251,Thiruvananthapuram,2023-04-03,0.5260115,0.073103055,0.5458429654439291,R1_FLOOD_LEVEL,1,1,0,0,0
2023-04-04,8.60859,77.01251,8.60859_77.01251,Thiruvananthapuram,2023-04-04,0.5618549,0.07220712,0.5567864775657654,R1_FLOOD_LEVEL,1,1,0,0,0
2023-04-05,8.60859,77.01251,8.60859_77.01251,Thiruvananthapuram,2023-04-05,0.5618549,0.08219463,0.5840072433153788,R1_FLOOD_LEVEL|R4_RISING_FLOOD,2,1,0,0,0
2023-04-06,8.60859,77.01251,8.60859_77.01251,Thiruvananthapuram,2023-04-06,0.5618549,0.073103055,0.595081607500712,R1_FLOOD_LEVEL|R4_RISING_FLOOD,2,1,0,0,0
2023-04-07,8.60859,77.01251,8.60859_77.01251,Thiruvananthapuram,2023-04-07,0.5618549,0.073103055,0.595212459564209,R1_FLOOD_LEVEL,1,1,0,0,0
2023-04-08,8.60859,77.01251,8.60859_77.01251,Thiruvananthapuram,2023-04-08,0.51417005,0.073103055,0.5791516701380411,R1_FLOOD_LEVEL,1,1,0,0,0
2023-04-09,8.60859,77.01251,8.60859_77.01251,Thiruvananthapuram,2023-04-09,0.5618549,0.073103055,0.5791516701380411,R1_FLOOD_LEVEL,1,1,0,0,0
2023-04-10,8.60859,77.01251,8.60859_77.01251,Thiruvananthapuram,2023-04-10,0.5618549,0.073103055,0.5791516701380411,R1_FLOOD_LEVEL,1,1,0,0,0
2023-04-11,8.60859,77.01251,8.60859_77.01251,Thiruvananthapuram,2023-04-11,0.51417005,0.073103055,0.5791516701380411,R1_FLOOD_LEVEL,1,1,0,0,0
2023-04-12,8.60859,77.01251,8.60859_77.01251,Thiruvananthapuram,2023-04-12,0.51417005,0.073103055,0.5644186933835348,R1_FLOOD_LEVEL,1,1,0,0,0
2023-04-26,8.60859,77.01251,8.60859_77.01251,Thiruvananthapuram,2023-04-26,0.5260115,0.13779451,0.5288721521695455,R1_FLOOD_LEVEL,1,1,0,0,0
2023-04-27,8.60859,77.01251,8.60859_77.01251,Thiruvananthapuram,2023-04-27,0.5260115,0.0818553,0.5643371740976969,R1_FLOOD_LEVEL|R4_RISING_FLOOD,2,1,0,0,0
2023-04-28,8.60859,77.01251,8.60859_77.01251,Thiruvananthapuram,2023-04-28,0.5449337,0.1407962,0.588379959265391,R1_FLOOD_LEVEL|R4_RISING_FLOOD,2,1,0,0,0
2023-04-29,8.60859,77.01251,8.60859_77.01251,Thiruvananthapuram,2023-04-29,0.5449337,0.19514143,0.6025171081225077,R1_FLOOD_LEVEL|R4_RISING_FLOOD,2,1,0,0,0
2023-04-30,8.60859,77.01251,8.60859_77.01251,Thiruvananthapuram,2023-04-30,0.5449337,0.13185865,0.6158931454022726,R1_FLOOD_LEVEL,1,1,0,0,0
2023-05-01,8.60859,77.01251,8.60859_77.01251,Thiruvananthapuram,2023-05-01,0.55774665,0.15173669,0.6211756269137064,R1_FLOOD_LEVEL,1,1,0,0,0
2023-05-02,8.60859,77.01251,8.60859_77.01251,Thiruvananthapuram,2023-05-02,0.57039744,0.1908543,0.6273932655652364,R1_FLOOD_LEVEL,1,1,0,0,0
2023-05-03,8.60859,77.01251,8.60859_77.01251,Thiruvananthapuram,2023-05-03,0.5790943,0.12815437,0.6367589433987936,R1_FLOOD_LEVEL,1,1,0,0,0
2023-05-04,8.60859,77.01251,8.60859_77.01251,Thiruvananthapuram,2023-05-04,0.60360265,0.23586239,0.6608406702677408,R1_FLOOD_LEVEL|R7_JOINT_MODERATE,2,1,0,0,0
2023-05-05,8.60859,77.01251,8.60859_77.01251,Thiruvananthapuram,2023-05-05,0.5737665,0.113841765,0.6508075992266337,R1_FLOOD_LEVEL,1,1,0,0,0
2023-05-06,8.60859,77.01251,8.60859_77.01251,Thiruvananthapuram,2023-05-06,0.5843875,0.11336896,0.6502975424130758,R1_FLOOD_LEVEL,1,1,0,0,0
2023-05-07,8.60859,77.01251,8.60859_77.01251,Thiruvananthapuram,2023-05-07,0.5843875,0.13335747,0.6312023997306824,R1_FLOOD_LEVEL,1,1,0,0,0
2023-05-08,8.60859,77.01251,8.60859_77.01251,Thiruvananthapuram,2023-05-08,0.5843875,0.07907752,0.629523515701294,R1_FLOOD_LEVEL,1,1,0,0,0
2023-05-09,8.60859,77.01251,8.60859_77.01251,Thiruvananthapuram,2023-05-09,0.5843875,0.13714814,0.6328178246816,R1_FLOOD_LEVEL,1,1,0,0,0
2023-05-10,8.60859,77.01251,8.60859_77.01251,Thiruvananthapuram,2023-05-10,0.5613135,0.13289472,0.626084546248118,R1_FLOOD_LEVEL,1,1,0,0,0
2023-05-11,8.60859,77.01251,8.60859_77.01251,Thiruvananthapuram,2023-05-11,0.56270206,0.16270502,0.6316177248954773,R1_FLOOD_LEVEL,1,1,0,0,0
2023-05-12,8.60859,77.01251,8.60859_77.01251,Thiruvananthapuram,2023-05-12,0.5613135,0.07486619,0.6158738334973654,R1_FLOOD_LEVEL,1,1,0,0,0
2023-05-13,8.60859,77.01251,8.60859_77.01251,Thiruvananthapuram,2023-05-13,0.6390533,0.104236454,0.6348953247070312,R1_FLOOD_LEVEL,1,1,0,0,0
2023-05-14,8.60859,77.01251,8.60859_77.01251,Thiruvananthapuram,2023-05-14,0.60360265,0.07486619,0.6347042719523112,R1_FLOOD_LEVEL,1,1,0,0,0
2023-05-15,8.60859,77.01251,8.60859_77.01251,Thiruvananthapuram,2023-05-15,0.60360265,0.07530518,0.6478033264478048,R1_FLOOD_LEVEL|R4_RISING_FLOOD,2,1,0,0,0
2023-05-16,8.60859,77.01251,8.60859_77.01251,Thiruvananthapuram,2023-05-16,0.6276851,0.07593492,0.6408965587615967,R1_FLOOD_LEVEL,1,1,0,0,0
2023-05-17,8.60859,77.01251,8.60859_77.01251,Thiruvananthapuram,2023-05-17,0.58558637,0.08599357,0.6368778347969055,R1_FLOOD_LEVEL,1,1,0,0,0
2023-05-18,8.60859,77.01251,8.60859_77.01251,Thiruvananthapuram,2023-05-18,0.5632994,0.09790129,0.6277443567911783,R1_FLOOD_LEVEL,1,1,0,0,0
2023-05-19,8.60859,77.01251,8.60859_77.01251,Thiruvananthapuram,2023-05-19,0.5786799,0.16901915,0.6257224480311075,R1_FLOOD_LEVEL,1,1,0,0,0
2023-05-20,8.60859,77.01251,8.60859_77.01251,Thiruvananthapuram,2023-05-20,0.58756137,0.08217896,0.6257997353871664,R1_FLOOD_LEVEL,1,1,0,0,0
2023-05-21,8.60859,77.01251,8.60859_77.01251,Thiruvananthapuram,2023-05-21,0.58756137,0.09216215,0.6323062578837076,R1_FLOOD_LEVEL,1,1,0,0,0
2023-05-22,8.60859,77.01251,8.60859_77.01251,Thiruvananthapuram,2023-05-22,0.583739,0.22216737,0.6410821080207825,R1_FLOOD_LEVEL,1,1,0,0,0
2023-05-23,8.60859,77.01251,8.60859_77.01251,Thiruvananthapuram,2023-05-23,0.58344585,0.20063233,0.656270424524943,R1_FLOOD_LEVEL|R7_JOINT_MODERATE,2,1,0,0,0
2023-05-24,8.60859,77.01251,8.60859_77.01251,Thiruvananthapuram,2023-05-24,0.5697062,0.17048608,0.6621013482411703,R1_FLOOD_LEVEL|R5_RISING_LANDSLIDE|R7_JOINT_MODERATE,3,1,0,0,0
2023-05-25,8.60859,77.01251,8.60859_77.01251,Thiruvananthapuram,2023-05-25,0.56467235,0.084477894,0.6371777852376302,R1_FLOOD_LEVEL,1,1,0,0,0
2023-05-26,8.60859,77.01251,8.60859_77.01251,Thiruvananthapuram,2023-05-26,0.5845175,0.084477894,0.621376613775889,R1_FLOOD_LEVEL,1,1,0,0,0
2023-05-27,8.60859,77.01251,8.60859_77.01251,Thiruvananthapuram,2023-05-27,0.5048108,0.07714702,0.5880259076754252,R1_FLOOD_LEVEL,1,1,0,0,0
2023-05-28,8.60859,77.01251,8.60859_77.01251,Thiruvananthapuram,2023-05-28,0.55679905,0.07503124,0.5842275818188986,R1_FLOOD_LEVEL,1,1,0,0,0
2023-05-29,8.60859,77.01251,8.60859_77.01251,Thiruvananthapuram,2023-05-29,0.5412321,0.10330716,0.5738974412282308,R1_FLOOD_LEVEL,1,1,0,0,0
2023-05-30,8.60859,77.01251,8.60859_77.01251,Thiruvananthapuram,2023-05-30,0.5412321,0.18883508,0.6021808981895447,R1_FLOOD_LEVEL,1,1,0,0,0
2023-05-31,8.60859,77.01251,8.60859_77.01251,Thiruvananthapuram,2023-05-31,0.59550536,0.17274638,0.6272900303204855,R1_FLOOD_LEVEL|R5_RISING_LANDSLIDE,2,1,0,0,0
2023-06-01,8.60859,77.01251,8.60859_77.01251,Thiruvananthapuram,2023-06-01,0.59550536,0.12469815,0.6463963389396667,R1_FLOOD_LEVEL|R5_RISING_LANDSLIDE|R7_JOINT_MODERATE,3,1,0,0,0
2023-06-02,8.60859,77.01251,8.60859_77.01251,Thiruvananthapuram,2023-06-02,0.5599849,0.15510704,0.646519939104716,R1_FLOOD_LEVEL,1,1,0,0,0
2023-06-03,8.60859,77.01251,8.60859_77.01251,Thiruvananthapuram,2023-06-03,0.583739,0.09319636,0.6322374741236368,R1_FLOOD_LEVEL,1,1,0,0,0
2023-06-04,8.60859,77.01251,8.60859_77.01251,Thiruvananthapuram,2023-06-04,0.59550536,0.07210096,0.6251457134882609,R1_FLOOD_LEVEL,1,1,0,0,0
2023-06-05,8.60859,77.01251,8.60859_77.01251,Thiruvananthapuram,2023-06-05,0.59285015,0.27025703,0.6500293413798014,R1_FLOOD_LEVEL,1,1,0,0,0
2023-06-06,8.60859,77.01251,8.60859_77.01251,Thiruvananthapuram,2023-06-06,0.5572699,0.10367505,0.6435749928156534,R1_FLOOD_LEVEL,1,1,0,0,0
2023-06-07,8.60859,77.01251,8.60859_77.01251,Thiruvananthapuram,2023-06-07,0.53369063,0.090225495,0.6272729436556498,R1_FLOOD_LEVEL,1,1,0,0,0
2023-06-08,8.60859,77.01251,8.60859_77.01251,Thiruvananthapuram,2023-06-08,0.583739,0.24607193,0.6217009027798971,R1_FLOOD_LEVEL,1,1,0,0,0
2023-06-09,8.60859,77.01251,8.60859_77.01251,Thiruvananthapuram,2023-06-09,0.5599849,0.13156018,0.6266020735104879,R1_FLOOD_LEVEL,1,1,0,0,0
2023-06-10,8.60859,77.01251,8.60859_77.01251,Thiruvananthapuram,2023-06-10,0.583739,0.11620709,0.645384689172109,R1_FLOOD_LEVEL|R7_JOINT_MODERATE,2,1,0,0,0
2023-06-11,8.60859,77.01251,8.60859_77.01251,Thiruvananthapuram,2023-06-11,0.58475924,0.104523085,0.6260487834612528,R1_FLOOD_LEVEL,1,1,0,0,0
2023-06-12,8.60859,77.01251,8.60859_77.01251,Thiruvananthapuram,2023-06-12,0.5599849,0.08466047,0.6191699107487997,R1_FLOOD_LEVEL,1,1,0,0,0
2023-06-13,8.60859,77.01251,8.60859_77.01251,Thiruvananthapuram,2023-06-13,0.6456655,0.27439535,0.6560971538225809,R1_FLOOD_LEVEL,1,1,0,0,0
2023-06-14,8.60859,77.01251,8.60859_77.01251,Thiruvananthapuram,2023-06-14,0.5962752,0.15510704,0.6663419206937155,R1_FLOOD_LEVEL|R7_JOINT_MODERATE,2,1,0,0,0
2023-06-15,8.60859,77.01251,8.60859_77.01251,Thiruvananthapuram,2023-06-15,0.5599849,0.13369796,0.6735343337059021,R1_FLOOD_LEVEL|R5_RISING_LANDSLIDE|R7_JOINT_MODERATE,3,1,0,0,0
2023-06-16,8.60859,77.01251,8.60859_77.01251,Thiruvananthapuram,2023-06-16,0.59550536,0.07530518,0.6345585584640503,R1_FLOOD_LEVEL,1,1,0,0,0
2023-06-17,8.60859,77.01251,8.60859_77.01251,Thiruvananthapuram,2023-06-17,0.5734732,0.19287315,0.6335062384605408,R1_FLOOD_LEVEL,1,1,0,0,0
2023-06-18,8.60859,77.01251,8.60859_77.01251,Thiruvananthapuram,2023-06-18,0.5731571,0.5775961,0.7004681825637817,R1_FLOOD_LEVEL|R2_LANDSLIDE_LEVEL|R5_RISING_LANDSLIDE|R7_JOINT_MODERATE,4,1,1,0,0
2023-06-19,8.60859,77.01251,8.60859_77.01251,Thiruvananthapuram,2023-06-19,0.5731571,0.36654747,0.7350179751714071,R1_FLOOD_LEVEL|R3_SUSTAINED_JOINT|R5_RISING_LANDSLIDE|R7_JOINT_MODERATE,4,1,0,0,0
2023-06-20,8.60859,77.01251,8.60859_77.01251,Thiruvananthapuram,2023-06-20,0.5731571,0.538136,0.7840572595596313,R1_FLOOD_LEVEL|R2_LANDSLIDE_LEVEL|R3_SUSTAINED_JOINT|R5_RISING_LANDSLIDE|R7_JOINT_MODERATE,5,1,1,0,0
2023-06-21,8.60859,77.01251,8.60859_77.01251,Thiruvananthapuram,2023-06-21,0.5731571,0.538136,0.7784428397814432,R1_FLOOD_LEVEL|R2_LANDSLIDE_LEVEL|R3_SUSTAINED_JOINT|R5_RISING_LANDSLIDE|R7_JOINT_MODERATE,5,1,1,0,0
2023-06-22,8.60859,77.01251,8.60859_77.01251,Thiruvananthapuram,2023-06-22,0.5731571,0.28353298,0.7666314442952474,R1_FLOOD_LEVEL|R3_SUSTAINED_JOINT|R5_RISING_LANDSLIDE|R7_JOINT_MODERATE,4,1,0,0,0
2023-06-23,8.60859,77.01251,8.60859_77.01251,Thiruvananthapuram,2023-06-23,0.5731571,0.20418458,0.7191165089607239,R1_FLOOD_LEVEL|R3_SUSTAINED_JOINT|R7_JOINT_MODERATE,3,1,0,0,0
2023-06-24,8.60859,77.01251,8.60859_77.01251,Thiruvananthapuram,2023-06-24,0.5731571,0.10413754,0.6573667923609415,R1_FLOOD_LEVEL|R7_JOINT_MODERATE,2,1,0,0,0
2023-06-25,8.60859,77.01251,8.60859_77.01251,Thiruvananthapuram,2023-06-25,0.5731571,0.1074458,0.6323129336039225,R1_FLOOD_LEVEL,1,1,0,0,0
2023-06-26,8.60859,77.01251,8.60859_77.01251,Thiruvananthapuram,2023-06-26,0.5731571,0.09695112,0.6170556545257568,R1_FLOOD_LEVEL,1,1,0,0,0
2023-06-27,8.60859,77.01251,8.60859_77.01251,Thiruvananthapuram,2023-06-27,0.5711721,0.11627798,0.6181982755661011,R1_FLOOD_LEVEL,1,1,0,0,0
2023-06-28,8.60859,77.01251,8.60859_77.01251,Thiruvananthapuram,2023-06-28,0.5950633,0.075082004,0.6203473806381226,R1_FLOOD_LEVEL,1,1,0,0,0
2023-06-29,8.60859,77.01251,8.60859_77.01251,Thiruvananthapuram,2023-06-29,0.5345354,0.075082004,0.6053285201390585,R1_FLOOD_LEVEL,1,1,0,0,0
2023-06-30,8.60859,77.01251,8.60859_77.01251,Thiruvananthapuram,2023-06-30,0.5345354,0.075082004,0.5881445407867432,R1_FLOOD_LEVEL,1,1,0,0,0
2023-07-01,8.60859,77.01251,8.60859_77.01251,Thiruvananthapuram,2023-07-01,0.53715307,0.075082004,0.5702904462814331,R1_FLOOD_LEVEL,1,1,0,0,0
2023-07-02,8.60859,77.01251,8.60859_77.01251,Thiruvananthapuram,2023-07-02,0.5573087,0.10202947,0.5812880595525106,R1_FLOOD_LEVEL,1,1,0,0,0
2023-07-03,8.60859,77.01251,8.60859_77.01251,Thiruvananthapuram,2023-07-03,0.54585755,0.13015546,0.5931158065795898,R1_FLOOD_LEVEL,1,1,0,0,0
2023-07-04,8.60859,77.01251,8.60859_77.01251,Thiruvananthapuram,2023-07-04,0.6491212,0.123838454,0.6333387891451517,R1_FLOOD_LEVEL|R4_RISING_FLOOD,2,1,0,0,0
2023-07-05,8.60859,77.01251,8.60859_77.01251,Thiruvananthapuram,2023-07-05,0.5621258,0.28971237,0.6621745030085245,R1_FLOOD_LEVEL|R5_RISING_LANDSLIDE|R7_JOINT_MODERATE,3,1,0,0,0
2023-07-06,8.60859,77.01251,8.60859_77.01251,Thiruvananthapuram,2023-07-06,0.6275563,0.2084816,0.6955869595209757,R1_FLOOD_LEVEL|R4_RISING_FLOOD|R5_RISING_LANDSLIDE|R7_JOINT_MODERATE,4,1,0,0,0
2023-07-07,8.60859,77.01251,8.60859_77.01251,Thiruvananthapuram,2023-07-07,0.6320982,0.20867646,0.7010193467140198,R1_FLOOD_LEVEL|R3_SUSTAINED_JOINT|R5_RISING_LANDSLIDE|R7_JOINT_MODERATE,4,1,0,0,0
2023-07-08,8.60859,77.01251,8.60859_77.01251,Thiruvananthapuram,2023-07-08,0.62315184,0.2134553,0.7058889071146647,R1_FLOOD_LEVEL|R3_SUSTAINED_JOINT|R7_JOINT_MODERATE,3,1,0,0,0
2023-07-09,8.60859,77.01251,8.60859_77.01251,Thiruvananthapuram,2023-07-09,0.6308592,0.124900095,0.6964758634567261,R1_FLOOD_LEVEL|R3_SUSTAINED_JOINT|R7_JOINT_MODERATE,3,1,0,0,0
2023-07-10,8.60859,77.01251,8.60859_77.01251,Thiruvananthapuram,2023-07-10,0.63748306,0.3677455,0.71711798508962,R1_FLOOD_LEVEL|R3_SUSTAINED_JOINT|R7_JOINT_MODERATE,3,1,0,0,0
2023-07-11,8.60859,77.01251,8.60859_77.01251,Thiruvananthapuram,2023-07-11,0.59144694,0.19188298,0.7058677275975546,R1_FLOOD_LEVEL|R3_SUSTAINED_JOINT|R7_JOINT_MODERATE,3,1,0,0,0
2023-07-12,8.60859,77.01251,8.60859_77.01251,Thiruvananthapuram,2023-07-12,0.5738615,0.19188298,0.6987561782201132,R1_FLOOD_LEVEL|R3_SUSTAINED_JOINT|R5_RISING_LANDSLIDE|R7_JOINT_MODERATE,4,1,0,0,0
2023-07-13,8.60859,77.01251,8.60859_77.01251,Thiruvananthapuram,2023-07-13,0.55966645,0.102337725,0.643400231997172,R1_FLOOD_LEVEL|R7_JOINT_MODERATE,2,1,0,0,0
2023-07-14,8.60859,77.01251,8.60859_77.01251,Thiruvananthapuram,2023-07-14,0.5334902,0.080936834,0.6105358203252157,R1_FLOOD_LEVEL,1,1,0,0,0
2023-07-15,8.60859,77.01251,8.60859_77.01251,Thiruvananthapuram,2023-07-15,0.5334902,0.102337725,0.5857363144556681,R1_FLOOD_LEVEL,1,1,0,0,0
2023-07-16,8.60859,77.01251,8.60859_77.01251,Thiruvananthapuram,2023-07-16,0.5361086,0.10705273,0.5794163942337036,R1_FLOOD_LEVEL,1,1,0,0,0
2023-07-17,8.60859,77.01251,8.60859_77.01251,Thiruvananthapuram,2023-07-17,0.5363599,0.10705273,0.5843316713968912,R1_FLOOD_LEVEL,1,1,0,0,0
2023-09-01,8.60859,77.01251,8.60859_77.01251,Thiruvananthapuram,2023-09-01,0.5253863,0.2604652,0.562768836816152,R1_FLOOD_LEVEL|R5_RISING_LANDSLIDE,2,1,0,0,0
2023-09-02,8.60859,77.01251,8.60859_77.01251,Thiruvananthapuram,2023-09-02,0.540006,0.13185865,0.6114017566045126,R1_FLOOD_LEVEL|R4_RISING_FLOOD|R5_RISING_LANDSLIDE|R6_ENV_PRECURSOR,4,1,0,0,0
2023-09-03,8.60859,77.01251,8.60859_77.01251,Thiruvananthapuram,2023-09-03,0.51223284,0.13286462,0.6089022159576416,R1_FLOOD_LEVEL|R4_RISING_FLOOD,2,1,0,0,0
2023-09-04,8.60859,77.01251,8.60859_77.01251,Thiruvananthapuram,2023-09-04,0.5393691,0.08943381,0.5860883792241415,R1_FLOOD_LEVEL|R4_RISING_FLOOD,2,1,0,0,0
2023-09-05,8.60859,77.01251,8.60859_77.01251,Thiruvananthapuram,2023-09-05,0.511326,0.074971616,0.5685225327809652,R1_FLOOD_LEVEL,1,1,0,0,0
2023-09-07,8.60859,77.01251,8.60859_77.01251,Thiruvananthapuram,2023-09-07,0.52294874,0.07476152,0.5251620014508566,R1_FLOOD_LEVEL,1,1,0,0,0
2023-09-08,8.60859,77.01251,8.60859_77.01251,Thiruvananthapuram,2023-09-08,0.5632891,0.07163519,0.540698766708374,R1_FLOOD_LEVEL,1,1,0,0,0
2023-09-09,8.60859,77.01251,8.60859_77.01251,Thiruvananthapuram,2023-09-09,0.5367593,0.07289778,0.5745717485745748,R1_FLOOD_LEVEL|R4_RISING_FLOOD,2,1,0,0,0
2023-09-10,8.60859,77.01251,8.60859_77.01251,Thiruvananthapuram,2023-09-10,0.5112494,0.07289778,0.5706598957379659,R1_FLOOD_LEVEL|R4_RISING_FLOOD,2,1,0,0,0
2023-09-11,8.60859,77.01251,8.60859_77.01251,Thiruvananthapuram,2023-09-11,0.5083667,0.07289778,0.5538707971572876,R1_FLOOD_LEVEL,1,1,0,0,0
2023-09-12,8.60859,77.01251,8.60859_77.01251,Thiruvananthapuram,2023-09-12,0.5367593,0.07289778,0.5538707971572876,R1_FLOOD_LEVEL,1,1,0,0,0
2023-09-18,8.60859,77.01251,8.60859_77.01251,Thiruvananthapuram,2023-09-18,0.5092107,0.25030944,0.5346707503000895,R1_FLOOD_LEVEL,1,1,0,0,0
2023-09-19,8.60859,77.01251,8.60859_77.01251,Thiruvananthapuram,2023-09-19,0.5621258,0.12481138,0.5883272687594095,R1_FLOOD_LEVEL|R5_RISING_LANDSLIDE,2,1,0,0,0
2023-09-20,8.60859,77.01251,8.60859_77.01251,Thiruvananthapuram,2023-09-20,0.5621258,0.18803595,0.6310997804005941,R1_FLOOD_LEVEL|R4_RISING_FLOOD|R5_RISING_LANDSLIDE|R7_JOINT_MODERATE,4,1,0,0,0
2023-09-21,8.60859,77.01251,8.60859_77.01251,Thiruvananthapuram,2023-09-21,0.5621258,0.21408431,0.6390357414881388,R1_FLOOD_LEVEL|R4_RISING_FLOOD|R7_JOINT_MODERATE,3,1,0,0,0
2023-09-22,8.60859,77.01251,8.60859_77.01251,Thiruvananthapuram,2023-09-22,0.5621258,0.1429164,0.6416782935460409,R1_FLOOD_LEVEL|R4_RISING_FLOOD|R7_JOINT_MODERATE,3,1,0,0,0
2023-09-23,8.60859,77.01251,8.60859_77.01251,Thiruvananthapuram,2023-09-23,0.5621258,0.14059475,0.6347538630167643,R1_FLOOD_LEVEL|R7_JOINT_MODERATE,2,1,0,0,0
2023-09-24,8.60859,77.01251,8.60859_77.01251,Thiruvananthapuram,2023-09-24,0.5393691,0.074971616,0.6074323654174805,R1_FLOOD_LEVEL,1,1,0,0,0
2023-09-26,8.60859,77.01251,8.60859_77.01251,Thiruvananthapuram,2023-09-26,0.5268929,0.08244736,0.5480139454205831,R1_FLOOD_LEVEL,1,1,0,0,0
2023-09-27,8.60859,77.01251,8.60859_77.01251,Thiruvananthapuram,2023-09-27,0.5092107,0.07291079,0.5383776823679606,R1_FLOOD_LEVEL,1,1,0,0,0
2023-09-28,8.60859,77.01251,8.60859_77.01251,Thiruvananthapuram,2023-09-28,0.5412321,0.07289778,0.5618563691775004,R1_FLOOD_LEVEL,1,1,0,0,0
2023-09-29,8.60859,77.01251,8.60859_77.01251,Thiruvananthapuram,2023-09-29,0.61018205,0.09878233,0.5894529819488525,R1_FLOOD_LEVEL,1,1,0,0,0
2023-09-30,8.60859,77.01251,8.60859_77.01251,Thiruvananthapuram,2023-09-30,0.6464943,0.099456824,0.6350057721138,R1_FLOOD_LEVEL|R4_RISING_FLOOD,2,1,0,0,0
2023-10-01,8.60859,77.01251,8.60859_77.01251,Thiruvananthapuram,2023-10-01,0.6421478,0.15754697,0.6762894590695699,R1_FLOOD_LEVEL|R4_RISING_FLOOD,2,1,0,0,0
2023-10-02,8.60859,77.01251,8.60859_77.01251,Thiruvananthapuram,2023-10-02,0.6491403,0.21529464,0.7016192475954691,R1_FLOOD_LEVEL|R4_RISING_FLOOD|R5_RISING_LANDSLIDE|R6_ENV_PRECURSOR,4,1,0,0,0
2023-10-03,8.60859,77.01251,8.60859_77.01251,Thiruvananthapuram,2023-10-03,0.6464943,0.14751118,0.7072817285855612,R1_FLOOD_LEVEL|R3_SUSTAINED_JOINT|R5_RISING_LANDSLIDE|R7_JOINT_MODERATE,4,1,0,0,0
2023-10-04,8.60859,77.01251,8.60859_77.01251,Thiruvananthapuram,2023-10-04,0.6464943,0.08675778,0.7001608610153198,R1_FLOOD_LEVEL|R3_SUSTAINED_JOINT,2,1,0,0,0
2023-10-05,8.60859,77.01251,8.60859_77.01251,Thiruvananthapuram,2023-10-05,0.6488515,0.10630231,0.6873278220494589,R1_FLOOD_LEVEL,1,1,0,0,0
2023-10-06,8.60859,77.01251,8.60859_77.01251,Thiruvananthapuram,2023-10-06,0.6556319,0.079810634,0.6821530858675638,R1_FLOOD_LEVEL,1,1,0,0,0
2023-10-07,8.60859,77.01251,8.60859_77.01251,Thiruvananthapuram,2023-10-07,0.63080543,0.07208927,0.6755719780921936,R1_FLOOD_LEVEL,1,1,0,0,0
2023-10-08,8.60859,77.01251,8.60859_77.01251,Thiruvananthapuram,2023-10-08,0.57848793,0.07210096,0.6498052875200907,R1_FLOOD_LEVEL,1,1,0,0,0
2023-10-09,8.60859,77.01251,8.60859_77.01251,Thiruvananthapuram,2023-10-09,0.565175,0.07210096,0.6209419965744019,R1_FLOOD_LEVEL,1,1,0,0,0
2023-10-10,8.60859,77.01251,8.60859_77.01251,Thiruvananthapuram,2023-10-10,0.5569626,0.08563155,0.6001020669937134,R1_FLOOD_LEVEL,1,1,0,0,0
2023-10-11,8.60859,77.01251,8.60859_77.01251,Thiruvananthapuram,2023-10-11,0.5529167,0.11160283,0.598079780737559,R1_FLOOD_LEVEL,1,1,0,0,0
2023-10-12,8.60859,77.01251,8.60859_77.01251,Thiruvananthapuram,2023-10-12,0.65502274,0.1820341,0.6385111610094706,R1_FLOOD_LEVEL,1,1,0,0,0
2023-10-13,8.60859,77.01251,8.60859_77.01251,Thiruvananthapuram,2023-10-13,0.6464943,0.10245278,0.6677816112836202,R1_FLOOD_LEVEL|R4_RISING_FLOOD,2,1,0,0,0
2023-10-14,8.60859,77.01251,8.60859_77.01251,Thiruvananthapuram,2023-10-14,0.6526849,0.3904871,0.7296131054560343,R1_FLOOD_LEVEL|R4_RISING_FLOOD|R5_RISING_LANDSLIDE|R7_JOINT_MODERATE,4,1,0,1,0
2023-10-15,8.60859,77.01251,8.60859_77.01251,Thiruvananthapuram,2023-10-15,0.6603588,0.11187336,0.7231248219807943,R1_FLOOD_LEVEL|R3_SUSTAINED_JOINT|R4_RISING_FLOOD|R5_RISING_LANDSLIDE|R7_JOINT_MODERATE,5,1,0,1,0
2023-10-16,8.60859,77.01251,8.60859_77.01251,Thiruvananthapuram,2023-10-16,0.6507509,0.1165965,0.7260448733965555,R1_FLOOD_LEVEL|R3_SUSTAINED_JOINT|R5_RISING_LANDSLIDE|R7_JOINT_MODERATE,4,1,0,0,0
2023-10-17,8.60859,77.01251,8.60859_77.01251,Thiruvananthapuram,2023-10-17,0.6464943,0.111776344,0.6919451951980591,R1_FLOOD_LEVEL|R3_SUSTAINED_JOINT,2,1,0,0,0
2023-10-18,8.60859,77.01251,8.60859_77.01251,Thiruvananthapuram,2023-10-18,0.6464943,0.11031192,0.6876567602157593,R1_FLOOD_LEVEL,1,1,0,0,0
2023-10-19,8.60859,77.01251,8.60859_77.01251,Thiruvananthapuram,2023-10-19,0.6464943,0.12073379,0.6868908603986105,R1_FLOOD_LEVEL,1,1,0,0,0
2023-10-20,8.60859,77.01251,8.60859_77.01251,Thiruvananthapuram,2023-10-20,0.6114424,0.09217427,0.6739740371704102,R1_FLOOD_LEVEL,1,1,0,0,0
2023-10-21,8.60859,77.01251,8.60859_77.01251,Thiruvananthapuram,2023-10-21,0.61378163,0.078175716,0.6601354678471884,R1_FLOOD_LEVEL,1,1,0,0,0
2023-10-22,8.60859,77.01251,8.60859_77.01251,Thiruvananthapuram,2023-10-22,0.6390533,0.078175716,0.6528341770172119,R1_FLOOD_LEVEL,1,1,0,0,0
2023-10-23,8.60859,77.01251,8.60859_77.01251,Thiruvananthapuram,2023-10-23,0.6390533,0.07780176,0.6594602266947428,R1_FLOOD_LEVEL,1,1,0,0,0
2023-10-24,8.60859,77.01251,8.60859_77.01251,Thiruvananthapuram,2023-10-24,0.6229335,0.078463234,0.6623084942499796,R1_FLOOD_LEVEL,1,1,0,0,0
2023-10-25,8.60859,77.01251,8.60859_77.01251,Thiruvananthapuram,2023-10-25,0.62049615,0.08852288,0.6579152941703796,R1_FLOOD_LEVEL,1,1,0,0,0
2023-10-26,8.60859,77.01251,8.60859_77.01251,Thiruvananthapuram,2023-10-26,0.54541653,0.1001855,0.6325231591860453,R1_FLOOD_LEVEL,1,1,0,0,0
2023-10-27,8.60859,77.01251,8.60859_77.01251,Thiruvananthapuram,2023-10-27,0.63080543,0.11601251,0.6395622491836548,R1_FLOOD_LEVEL,1,1,0,0,0
2023-10-28,8.60859,77.01251,8.60859_77.01251,Thiruvananthapuram,2023-10-28,0.5310518,0.1382608,0.6201615929603577,R1_FLOOD_LEVEL,1,1,0,0,0
2023-10-29,8.60859,77.01251,8.60859_77.01251,Thiruvananthapuram,2023-10-29,0.5225857,0.1867681,0.6270923415819804,R1_FLOOD_LEVEL,1,1,0,0,0
2023-10-30,8.60859,77.01251,8.60859_77.01251,Thiruvananthapuram,2023-10-30,0.5225857,0.11513542,0.5950644810994467,R1_FLOOD_LEVEL,1,1,0,0,0
2023-10-31,8.60859,77.01251,8.60859_77.01251,Thiruvananthapuram,2023-10-31,0.5420943,0.12036097,0.5955042441685995,R1_FLOOD_LEVEL,1,1,0,0,0
2023-11-01,8.60859,77.01251,8.60859_77.01251,Thiruvananthapuram,2023-11-01,0.5584619,0.11513542,0.5946866273880005,R1_FLOOD_LEVEL,1,1,0,0,0
2023-11-02,8.60859,77.01251,8.60859_77.01251,Thiruvananthapuram,2023-11-02,0.5423221,0.11488872,0.6004703243573507,R1_FLOOD_LEVEL,1,1,0,0,0
2023-11-03,8.60859,77.01251,8.60859_77.01251,Thiruvananthapuram,2023-11-03,0.56744236,0.11411455,0.607002059618632,R1_FLOOD_LEVEL,1,1,0,0,0
2023-11-04,8.60859,77.01251,8.60859_77.01251,Thiruvananthapuram,2023-11-04,0.55949736,0.16039293,0.6139528354008993,R1_FLOOD_LEVEL,1,1,0,0,0
2023-11-05,8.60859,77.01251,8.60859_77.01251,Thiruvananthapuram,2023-11-05,0.6114424,0.1109577,0.6338367263476054,R1_FLOOD_LEVEL,1,1,0,0,0
2023-11-06,8.60859,77.01251,8.60859_77.01251,Thiruvananthapuram,2023-11-06,0.60360265,0.14395253,0.6484572490056356,R1_FLOOD_LEVEL,1,1,0,0,0
2023-11-07,8.60859,77.01251,8.60859_77.01251,Thiruvananthapuram,2023-11-07,0.60360265,0.123539284,0.6559313734372457,R1_FLOOD_LEVEL|R4_RISING_FLOOD,2,1,0,0,0
2023-11-08,8.60859,77.01251,8.60859_77.01251,Thiruvananthapuram,2023-11-08,0.59024334,0.14950752,0.6549144585927328,R1_FLOOD_LEVEL,1,1,0,0,0
2023-11-09,8.60859,77.01251,8.60859_77.01251,Thiruvananthapuram,2023-11-09,0.6261487,0.13650654,0.6604200601577759,R1_FLOOD_LEVEL,1,1,0,0,0
2023-11-10,8.60859,77.01251,8.60859_77.01251,Thiruvananthapuram,2023-11-10,0.55114007,0.13597448,0.6469534834225973,R1_FLOOD_LEVEL,1,1,0,0,0
2023-11-11,8.60859,77.01251,8.60859_77.01251,Thiruvananthapuram,2023-11-11,0.6261487,0.123984225,0.6539519230524699,R1_FLOOD_LEVEL,1,1,0,0,0
2023-11-12,8.60859,77.01251,8.60859_77.01251,Thiruvananthapuram,2023-11-12,0.5638919,0.09217427,0.6295879284540812,R1_FLOOD_LEVEL,1,1,0,0,0
2023-11-13,8.60859,77.01251,8.60859_77.01251,Thiruvananthapuram,2023-11-13,0.54730207,0.078175716,0.6197607517242432,R1_FLOOD_LEVEL,1,1,0,0,0
2023-11-14,8.60859,77.01251,8.60859_77.01251,Thiruvananthapuram,2023-11-14,0.5225857,0.07529301,0.58177117506663,R1_FLOOD_LEVEL,1,1,0,0,0
2023-11-15,8.60859,77.01251,8.60859_77.01251,Thiruvananthapuram,2023-11-15,0.5586582,0.07593492,0.5777983665466309,R1_FLOOD_LEVEL,1,1,0,0,0
2023-11-16,8.60859,77.01251,8.60859_77.01251,Thiruvananthapuram,2023-11-16,0.5586582,0.078675985,0.5813614130020142,R1_FLOOD_LEVEL,1,1,0,0,0
2023-11-18,8.60859,77.01251,8.60859_77.01251,Thiruvananthapuram,2023-11-18,0.5340339,0.12270209,0.5750891367594401,R1_FLOOD_LEVEL,1,1,0,0,0
2023-11-19,8.60859,77.01251,8.60859_77.01251,Thiruvananthapuram,2023-11-19,0.5225857,0.13239086,0.5725590785344442,R1_FLOOD_LEVEL,1,1,0,0,0
2023-11-20,8.60859,77.01251,8.60859_77.01251,Thiruvananthapuram,2023-11-20,0.5097891,0.15219124,0.5871316194534302,R1_FLOOD_LEVEL,1,1,0,0,0
2023-11-21,8.60859,77.01251,8.60859_77.01251,Thiruvananthapuram,2023-11-21,0.5066749,0.19150496,0.5904450019200643,R1_FLOOD_LEVEL,1,1,0,0,0
2023-11-22,8.60859,77.01251,8.60859_77.01251,Thiruvananthapuram,2023-11-22,0.5066749,0.21778102,0.5998852451642355,R1_FLOOD_LEVEL|R5_RISING_LANDSLIDE,2,1,0,0,0
2023-11-23,8.60859,77.01251,8.60859_77.01251,Thiruvananthapuram,2023-11-23,0.58226305,0.1628581,0.621851901213328,R1_FLOOD_LEVEL,1,1,0,1,0
2023-11-24,8.60859,77.01251,8.60859_77.01251,Thiruvananthapuram,2023-11-24,0.57292354,0.17347737,0.6371394197146097,R1_FLOOD_LEVEL|R7_JOINT_MODERATE,2,1,0,0,0
2023-11-25,8.60859,77.01251,8.60859_77.01251,Thiruvananthapuram,2023-11-25,0.5305551,0.08470551,0.6225420832633972,R1_FLOOD_LEVEL|R4_RISING_FLOOD,2,1,0,0,0
2023-11-28,8.60859,77.01251,8.60859_77.01251,Thiruvananthapuram,2023-11-28,0.5181529,0.07593492,0.5430271228154501,R1_FLOOD_LEVEL,1,1,0,0,0
2023-11-29,8.60859,77.01251,8.60859_77.01251,Thiruvananthapuram,2023-11-29,0.50616866,0.07593492,0.5445673068364462,R1_FLOOD_LEVEL,1,1,0,0,0
2023-11-30,8.60859,77.01251,8.60859_77.01251,Thiruvananthapuram,2023-11-30,0.50017786,0.08066606,0.5463020404179891,R1_FLOOD_LEVEL,1,1,0,0,0
2023-12-01,8.60859,77.01251,8.60859_77.01251,Thiruvananthapuram,2023-12-01,0.5319833,0.07602718,0.5505765279134115,R1_FLOOD_LEVEL,1,1,0,0,0
2023-12-02,8.60859,77.01251,8.60859_77.01251,Thiruvananthapuram,2023-12-02,0.5092107,0.07289778,0.5510166883468628,R1_FLOOD_LEVEL,1,1,0,0,0
2023-12-03,8.60859,77.01251,8.60859_77.01251,Thiruvananthapuram,2023-12-03,0.5680236,0.073103055,0.5707186460494995,R1_FLOOD_LEVEL,1,1,0,0,0
2023-12-04,8.60859,77.01251,8.60859_77.01251,Thiruvananthapuram,2023-12-04,0.56629175,0.07173803,0.5806652307510376,R1_FLOOD_LEVEL,1,1,0,0,0
2023-12-05,8.60859,77.01251,8.60859_77.01251,Thiruvananthapuram,2023-12-05,0.5680236,0.079187736,0.5997461279233297,R1_FLOOD_LEVEL|R4_RISING_FLOOD,2,1,0,0,0
2023-12-06,8.60859,77.01251,8.60859_77.01251,Thiruvananthapuram,2023-12-06,0.5680236,0.073103055,0.5997461279233297,R1_FLOOD_LEVEL,1,1,0,0,0
2023-12-07,8.60859,77.01251,8.60859_77.01251,Thiruvananthapuram,2023-12-07,0.5238771,0.073103055,0.5868388215700785,R1_FLOOD_LEVEL,1,1,0,0,0
2023-12-08,8.60859,77.01251,8.60859_77.01251,Thiruvananthapuram,2023-12-08,0.50491166,0.073103055,0.5664632519086202,R1_FLOOD_LEVEL,1,1,0,0,0
2023-12-09,8.60859,77.01251,8.60859_77.01251,Thiruvananthapuram,2023-12-09,0.5238771,0.073103055,0.5528234839439392,R1_FLOOD_LEVEL,1,1,0,0,0
2023-12-10,8.60859,77.01251,8.60859_77.01251,Thiruvananthapuram,2023-12-10,0.5092107,0.073103055,0.5482920606931051,R1_FLOOD_LEVEL,1,1,0,0,0
2023-12-17,8.60859,77.01251,8.60859_77.01251,Thiruvananthapuram,2023-12-17,0.5001388,0.12706172,0.500564694404602,R1_FLOOD_LEVEL,1,1,0,0,0
2023-12-18,8.60859,77.01251,8.60859_77.01251,Thiruvananthapuram,2023-12-18,0.57996887,0.09499468,0.5712682406107584,R1_FLOOD_LEVEL|R4_RISING_FLOOD,2,1,0,0,0
2023-12-19,8.60859,77.01251,8.60859_77.01251,Thiruvananthapuram,2023-12-19,0.5738388,0.11742906,0.6024680534998575,R1_FLOOD_LEVEL|R4_RISING_FLOOD,2,1,0,0,0
2024-04-02,8.60859,77.01251,8.60859_77.01251,Thiruvananthapuram,2024-04-02,0.5072314,0.073103055,0.48369977871576947,R1_FLOOD_LEVEL,1,1,0,0,0
2024-04-12,8.60859,77.01251,8.60859_77.01251,Thiruvananthapuram,2024-04-12,0.54552424,0.08025234,0.5098153551419576,R1_FLOOD_LEVEL,1,1,0,0,0
2024-04-13,8.60859,77.01251,8.60859_77.01251,Thiruvananthapuram,2024-04-13,0.54552424,0.15005282,0.5587311784426371,R1_FLOOD_LEVEL,1,1,0,0,0
2024-04-14,8.60859,77.01251,8.60859_77.01251,Thiruvananthapuram,2024-04-14,0.51215565,0.08164203,0.5825669368108114,R1_FLOOD_LEVEL|R4_RISING_FLOOD,2,1,0,0,0
2024-04-15,8.60859,77.01251,8.60859_77.01251,Thiruvananthapuram,2024-04-15,0.51215565,0.07291079,0.571142852306366,R1_FLOOD_LEVEL|R4_RISING_FLOOD,2,1,0,0,0
2024-04-16,8.60859,77.01251,8.60859_77.01251,Thiruvananthapuram,2024-04-16,0.51215565,0.07291079,0.5491445660591125,R1_FLOOD_LEVEL,1,1,0,0,0
2024-04-17,8.60859,77.01251,8.60859_77.01251,Thiruvananthapuram,2024-04-17,0.51113087,0.07291079,0.5474080642064413,R1_FLOOD_LEVEL,1,1,0,0,0
2024-04-19,8.60859,77.01251,8.60859_77.01251,Thiruvananthapuram,2024-04-19,0.52664196,0.073103055,0.5424847602844238,R1_FLOOD_LEVEL,1,1,0,0,0
2024-04-20,8.60859,77.01251,8.60859_77.01251,Thiruvananthapuram,2024-04-20,0.52664196,0.073103055,0.5473084847132365,R1_FLOOD_LEVEL,1,1,0,0,0
2024-04-21,8.60859,77.01251,8.60859_77.01251,Thiruvananthapuram,2024-04-21,0.52664196,0.073103055,0.5612459182739258,R1_FLOOD_LEVEL,1,1,0,0,0
2024-04-23,8.60859,77.01251,8.60859_77.01251,Thiruvananthapuram,2024-04-23,0.5002934,0.073103055,0.5406466523806254,R1_FLOOD_LEVEL,1,1,0,0,0
2024-04-24,8.60859,77.01251,8.60859_77.01251,Thiruvananthapuram,2024-04-24,0.52664196,0.073103055,0.5406466523806254,R1_FLOOD_LEVEL,1,1,0,0,0
2024-05-11,8.60859,77.01251,8.60859_77.01251,Thiruvananthapuram,2024-05-11,0.51215565,0.14826384,0.5369282563527426,R1_FLOOD_LEVEL,1,1,0,0,0
2024-05-12,8.60859,77.01251,8.60859_77.01251,Thiruvananthapuram,2024-05-12,0.5177012,0.17695966,0.5725103418032328,R1_FLOOD_LEVEL,1,1,0,0,0
2024-05-13,8.60859,77.01251,8.60859_77.01251,Thiruvananthapuram,2024-05-13,0.5177012,0.12921934,0.5891858140627543,R1_FLOOD_LEVEL|R5_RISING_LANDSLIDE,2,1,0,0,0
2024-05-14,8.60859,77.01251,8.60859_77.01251,Thiruvananthapuram,2024-05-14,0.5177012,0.13185865,0.5881228645642599,R1_FLOOD_LEVEL,1,1,0,0,0
2024-05-16,8.60859,77.01251,8.60859_77.01251,Thiruvananthapuram,2024-05-16,0.5368191,0.23742433,0.592671275138855,R1_FLOOD_LEVEL,1,1,0,1,0
2024-05-17,8.60859,77.01251,8.60859_77.01251,Thiruvananthapuram,2024-05-17,0.5734732,0.11728679,0.6067388455073038,R1_FLOOD_LEVEL,1,1,0,0,0
2024-05-18,8.60859,77.01251,8.60859_77.01251,Thiruvananthapuram,2024-05-18,0.65502274,0.3521428,0.6822642286618551,R1_FLOOD_LEVEL|R4_RISING_FLOOD|R5_RISING_LANDSLIDE|R6_ENV_PRECURSOR|R7_JOINT_MODERATE,5,1,0,1,0
2024-05-19,8.60859,77.01251,8.60859_77.01251,Thiruvananthapuram,2024-05-19,0.6548716,0.37335363,0.7279098828633627,R1_FLOOD_LEVEL|R4_RISING_FLOOD|R5_RISING_LANDSLIDE|R7_JOINT_MODERATE,4,1,0,1,0
2024-05-20,8.60859,77.01251,8.60859_77.01251,Thiruvananthapuram,2024-05-20,0.6390533,0.13355243,0.749163031578064,R1_FLOOD_LEVEL|R3_SUSTAINED_JOINT|R4_RISING_FLOOD|R5_RISING_LANDSLIDE|R7_JOINT_MODERATE,5,1,0,1,0
2024-05-21,8.60859,77.01251,8.60859_77.01251,Thiruvananthapuram,2024-05-21,0.6469428,0.12097278,0.7202127377192179,R1_FLOOD_LEVEL|R3_SUSTAINED_JOINT|R4_RISING_FLOOD|R7_JOINT_MODERATE,4,1,0,1,0
2024-05-22,8.60859,77.01251,8.60859_77.01251,Thiruvananthapuram,2024-05-22,0.6566705,0.43004954,0.7270769675572714,R1_FLOOD_LEVEL|R3_SUSTAINED_JOINT|R7_JOINT_MODERATE,3,1,0,1,0
2024-05-23,8.60859,77.01251,8.60859_77.01251,Thiruvananthapuram,2024-05-23,0.6612481,0.5207972,0.7772138118743896,R1_FLOOD_LEVEL|R2_LANDSLIDE_LEVEL|R3_SUSTAINED_JOINT|R5_RISING_LANDSLIDE|R7_JOINT_MODERATE,5,1,1,0,0
2024-05-24,8.60859,77.01251,8.60859_77.01251,Thiruvananthapuram,2024-05-24,0.65512955,0.57872933,0.8322348395983378,R1_FLOOD_LEVEL|R2_LANDSLIDE_LEVEL|R3_SUSTAINED_JOINT|R5_RISING_LANDSLIDE|R6_ENV_PRECURSOR|R7_JOINT_MODERATE,6,1,1,0,0
2024-05-25,8.60859,77.01251,8.60859_77.01251,Thiruvananthapuram,2024-05-25,0.65512955,0.27525404,0.8141472736994425,R1_FLOOD_LEVEL|R3_SUSTAINED_JOINT|R5_RISING_LANDSLIDE|R7_JOINT_MODERATE,4,1,0,0,0
2024-05-26,8.60859,77.01251,8.60859_77.01251,Thiruvananthapuram,2024-05-26,0.6469428,0.20479588,0.7746733824412028,R1_FLOOD_LEVEL|R3_SUSTAINED_JOINT|R7_JOINT_MODERATE,3,1,0,0,0
2024-05-27,8.60859,77.01251,8.60859_77.01251,Thiruvananthapuram,2024-05-27,0.6390533,0.1478405,0.7205732663472494,R1_FLOOD_LEVEL|R3_SUSTAINED_JOINT|R7_JOINT_MODERATE,3,1,0,0,0
2024-05-28,8.60859,77.01251,8.60859_77.01251,Thiruvananthapuram,2024-05-28,0.6639975,0.60673976,0.7598422765731812,R1_FLOOD_LEVEL|R2_LANDSLIDE_LEVEL|R3_SUSTAINED_JOINT|R7_JOINT_MODERATE,4,1,1,1,0
2024-05-29,8.60859,77.01251,8.60859_77.01251,Thiruvananthapuram,2024-05-29,0.6612481,0.15450686,0.7579556504885355,R1_FLOOD_LEVEL|R3_SUSTAINED_JOINT|R7_JOINT_MODERATE,3,1,0,0,0
2024-05-30,8.60859,77.01251,8.60859_77.01251,Thiruvananthapuram,2024-05-30,0.6612481,0.12730666,0.7619415322939554,R1_FLOOD_LEVEL|R3_SUSTAINED_JOINT|R5_RISING_LANDSLIDE|R7_JOINT_MODERATE,4,1,0,0,0
2024-05-31,8.60859,77.01251,8.60859_77.01251,Thiruvananthapuram,2024-05-31,0.6456655,0.10134973,0.699846088886261,R1_FLOOD_LEVEL|R3_SUSTAINED_JOINT,2,1,0,0,0
2024-06-01,8.60859,77.01251,8.60859_77.01251,Thiruvananthapuram,2024-06-01,0.6183518,0.15801896,0.6882033745447794,R1_FLOOD_LEVEL,1,1,0,0,0
2024-06-02,8.60859,77.01251,8.60859_77.01251,Thiruvananthapuram,2024-06-02,0.6111306,0.41034466,0.710312565167745,R1_FLOOD_LEVEL|R7_JOINT_MODERATE,2,1,0,0,0
2024-06-03,8.60859,77.01251,8.60859_77.01251,Thiruvananthapuram,2024-06-03,0.6111306,0.14352797,0.7054349184036255,R1_FLOOD_LEVEL|R3_SUSTAINED_JOINT|R5_RISING_LANDSLIDE|R7_JOINT_MODERATE,4,1,0,0,0
2024-06-04,8.60859,77.01251,8.60859_77.01251,Thiruvananthapuram,2024-06-04,0.56636184,0.12863114,0.6865955193837484,R1_FLOOD_LEVEL|R5_RISING_LANDSLIDE|R7_JOINT_MODERATE,3,1,0,0,0
2024-06-05,8.60859,77.01251,8.60859_77.01251,Thiruvananthapuram,2024-06-05,0.5805567,0.104425624,0.6378142833709717,R1_FLOOD_LEVEL,1,1,0,0,0
2024-06-06,8.60859,77.01251,8.60859_77.01251,Thiruvananthapuram,2024-06-06,0.5894799,0.19015275,0.6380133430163065,R1_FLOOD_LEVEL,1,1,0,0,0
2024-06-07,8.60859,77.01251,8.60859_77.01251,Thiruvananthapuram,2024-06-07,0.5894799,0.30448455,0.6687919100125631,R1_FLOOD_LEVEL|R7_JOINT_MODERATE,2,1,0,0,0
2024-06-08,8.60859,77.01251,8.60859_77.01251,Thiruvananthapuram,2024-06-08,0.6138241,0.4023654,0.7170754472414652,R1_FLOOD_LEVEL|R5_RISING_LANDSLIDE|R7_JOINT_MODERATE,3,1,0,1,0
2024-06-09,8.60859,77.01251,8.60859_77.01251,Thiruvananthapuram,2024-06-09,0.65312964,0.1406373,0.7285324732462565,R1_FLOOD_LEVEL|R3_SUSTAINED_JOINT|R5_RISING_LANDSLIDE|R7_JOINT_MODERATE,4,1,0,0,0
2024-06-10,8.60859,77.01251,8.60859_77.01251,Thiruvananthapuram,2024-06-10,0.6556319,0.12773365,0.7235799233118693,R1_FLOOD_LEVEL|R3_SUSTAINED_JOINT|R4_RISING_FLOOD|R7_JOINT_MODERATE,4,1,0,0,0
2024-06-11,8.60859,77.01251,8.60859_77.01251,Thiruvananthapuram,2024-06-11,0.6390533,0.10927938,0.6933430433273315,R1_FLOOD_LEVEL|R3_SUSTAINED_JOINT|R4_RISING_FLOOD,3,1,0,0,0
2024-06-12,8.60859,77.01251,8.60859_77.01251,Thiruvananthapuram,2024-06-12,0.61867213,0.12224933,0.6811352570851644,R1_FLOOD_LEVEL,1,1,0,1,0
2024-06-13,8.60859,77.01251,8.60859_77.01251,Thiruvananthapuram,2024-06-13,0.61109847,0.13318829,0.6688940326372782,R1_FLOOD_LEVEL,1,1,0,0,0
2024-06-14,8.60859,77.01251,8.60859_77.01251,Thiruvananthapuram,2024-06-14,0.57602984,0.087736726,0.647137463092804,R1_FLOOD_LEVEL,1,1,0,0,0
2024-06-15,8.60859,77.01251,8.60859_77.01251,Thiruvananthapuram,2024-06-15,0.5488854,0.08062452,0.6204598546028137,R1_FLOOD_LEVEL,1,1,0,0,0
2024-06-16,8.60859,77.01251,8.60859_77.01251,Thiruvananthapuram,2024-06-16,0.5348447,0.08901891,0.5915787617365519,R1_FLOOD_LEVEL,1,1,0,0,0
2024-06-17,8.60859,77.01251,8.60859_77.01251,Thiruvananthapuram,2024-06-17,0.5337996,0.08635107,0.578521728515625,R1_FLOOD_LEVEL,1,1,0,0,0
2024-06-18,8.60859,77.01251,8.60859_77.01251,Thiruvananthapuram,2024-06-18,0.52720803,0.080936834,0.5719277262687683,R1_FLOOD_LEVEL,1,1,0,0,0
2024-06-19,8.60859,77.01251,8.60859_77.01251,Thiruvananthapuram,2024-06-19,0.5369825,0.17073071,0.5851882100105286,R1_FLOOD_LEVEL,1,1,0,0,0
2024-06-20,8.60859,77.01251,8.60859_77.01251,Thiruvananthapuram,2024-06-20,0.5815338,0.10896829,0.6028804779052734,R1_FLOOD_LEVEL,1,1,0,0,0
2024-06-21,8.60859,77.01251,8.60859_77.01251,Thiruvananthapuram,2024-06-21,0.5699756,0.113493234,0.6206491986910502,R1_FLOOD_LEVEL,1,1,0,0,0
2024-06-22,8.60859,77.01251,8.60859_77.01251,Thiruvananthapuram,2024-06-22,0.5285774,0.07780479,0.603723386923472,R1_FLOOD_LEVEL,1,1,0,0,0
2024-06-23,8.60859,77.01251,8.60859_77.01251,Thiruvananthapuram,2024-06-23,0.50962776,0.07780479,0.5772726535797119,R1_FLOOD_LEVEL,1,1,0,0,0
2024-06-24,8.60859,77.01251,8.60859_77.01251,Thiruvananthapuram,2024-06-24,0.5285774,0.07780479,0.559431274731954,R1_FLOOD_LEVEL,1,1,0,0,0
2024-06-25,8.60859,77.01251,8.60859_77.01251,Thiruvananthapuram,2024-06-25,0.5922059,0.4159273,0.6249520182609558,R1_FLOOD_LEVEL|R5_RISING_LANDSLIDE|R7_JOINT_MODERATE,3,1,0,1,0
2024-06-26,8.60859,77.01251,8.60859_77.01251,Thiruvananthapuram,2024-06-26,0.6456655,0.6610776,0.7356610099474589,R1_FLOOD_LEVEL|R2_LANDSLIDE_LEVEL|R4_RISING_FLOOD|R5_RISING_LANDSLIDE|R7_JOINT_MODERATE,5,1,1,1,0
2024-06-27,8.60859,77.01251,8.60859_77.01251,Thiruvananthapuram,2024-06-27,0.6526849,0.18814974,0.7865862846374512,R1_FLOOD_LEVEL|R3_SUSTAINED_JOINT|R4_RISING_FLOOD|R5_RISING_LANDSLIDE|R7_JOINT_MODERATE,5,1,0,1,0
2024-06-28,8.60859,77.01251,8.60859_77.01251,Thiruvananthapuram,2024-06-28,0.65279204,0.13405977,0.7657596468925476,R1_FLOOD_LEVEL|R3_SUSTAINED_JOINT|R4_RISING_FLOOD|R5_RISING_LANDSLIDE|R7_JOINT_MODERATE,5,1,0,0,0
2024-06-29,8.60859,77.01251,8.60859_77.01251,Thiruvananthapuram,2024-06-29,0.65502274,0.11760828,0.7043219208717346,R1_FLOOD_LEVEL|R3_SUSTAINED_JOINT|R4_RISING_FLOOD,3,1,0,0,0
2024-06-30,8.60859,77.01251,8.60859_77.01251,Thiruvananthapuram,2024-06-30,0.6456655,0.15902151,0.6989819606145223,R1_FLOOD_LEVEL|R3_SUSTAINED_JOINT,2,1,0,0,0
2024-07-01,8.60859,77.01251,8.60859_77.01251,Thiruvananthapuram,2024-07-01,0.6390533,0.10453683,0.6914642254511515,R1_FLOOD_LEVEL|R3_SUSTAINED_JOINT,2,1,0,0,0
2024-07-02,8.60859,77.01251,8.60859_77.01251,Thiruvananthapuram,2024-07-02,0.6456655,0.14040127,0.6914041042327881,R1_FLOOD_LEVEL|R3_SUSTAINED_JOINT,2,1,0,0,0
2024-07-03,8.60859,77.01251,8.60859_77.01251,Thiruvananthapuram,2024-07-03,0.57066697,0.091550596,0.6607242226600647,R1_FLOOD_LEVEL,1,1,0,0,0
2024-07-04,8.60859,77.01251,8.60859_77.01251,Thiruvananthapuram,2024-07-04,0.5624769,0.09322034,0.6362167000770569,R1_FLOOD_LEVEL,1,1,0,0,0
2024-07-05,8.60859,77.01251,8.60859_77.01251,Thiruvananthapuram,2024-07-05,0.542877,0.15879767,0.6095675428708395,R1_FLOOD_LEVEL,1,1,0,0,0
2024-07-06,8.60859,77.01251,8.60859_77.01251,Thiruvananthapuram,2024-07-06,0.55114007,0.09302819,0.6038755575815836,R1_FLOOD_LEVEL,1,1,0,0,0
2024-07-07,8.60859,77.01251,8.60859_77.01251,Thiruvananthapuram,2024-07-07,0.5314554,0.084759556,0.593177596728007,R1_FLOOD_LEVEL,1,1,0,0,0
2024-07-08,8.60859,77.01251,8.60859_77.01251,Thiruvananthapuram,2024-07-08,0.52363354,0.07256354,0.5740886926651001,R1_FLOOD_LEVEL,1,1,0,0,0
2024-07-13,8.60859,77.01251,8.60859_77.01251,Thiruvananthapuram,2024-07-13,0.5285774,0.1842907,0.5184704264005026,R1_FLOOD_LEVEL,1,1,0,0,0
2024-07-14,8.60859,77.01251,8.60859_77.01251,Thiruvananthapuram,2024-07-14,0.5285774,0.12696047,0.5808193683624268,R1_FLOOD_LEVEL,1,1,0,0,0
2024-07-15,8.60859,77.01251,8.60859_77.01251,Thiruvananthapuram,2024-07-15,0.62060016,0.44562513,0.6645186344782511,R1_FLOOD_LEVEL|R4_RISING_FLOOD|R5_RISING_LANDSLIDE|R7_JOINT_MODERATE,4,1,0,0,0
2024-07-16,8.60859,77.01251,8.60859_77.01251,Thiruvananthapuram,2024-07-16,0.6526849,0.23386942,0.704003651936849,R1_FLOOD_LEVEL|R4_RISING_FLOOD|R5_RISING_LANDSLIDE|R7_JOINT_MODERATE,4,1,0,1,0
2024-07-17,8.60859,77.01251,8.60859_77.01251,Thiruvananthapuram,2024-07-17,0.65529025,0.2095791,0.7503718932469686,R1_FLOOD_LEVEL|R3_SUSTAINED_JOINT|R4_RISING_FLOOD|R5_RISING_LANDSLIDE|R7_JOINT_MODERATE,5,1,0,1,0
2024-07-18,8.60859,77.01251,8.60859_77.01251,Thiruvananthapuram,2024-07-18,0.6451104,0.11999996,0.7163808743158976,R1_FLOOD_LEVEL|R3_SUSTAINED_JOINT|R4_RISING_FLOOD|R7_JOINT_MODERATE,4,1,0,0,0
2024-07-19,8.60859,77.01251,8.60859_77.01251,Thiruvananthapuram,2024-07-19,0.63748306,0.24945231,0.7143816947937012,R1_FLOOD_LEVEL|R3_SUSTAINED_JOINT|R7_JOINT_MODERATE,3,1,0,0,0
2024-07-20,8.60859,77.01251,8.60859_77.01251,Thiruvananthapuram,2024-07-20,0.62735337,0.2600386,0.713288942972819,R1_FLOOD_LEVEL|R3_SUSTAINED_JOINT|R7_JOINT_MODERATE,3,1,0,0,0
2024-07-21,8.60859,77.01251,8.60859_77.01251,Thiruvananthapuram,2024-07-21,0.57161385,0.19564131,0.7025311787923177,R1_FLOOD_LEVEL|R3_SUSTAINED_JOINT|R7_JOINT_MODERATE,3,1,0,0,0
2024-07-22,8.60859,77.01251,8.60859_77.01251,Thiruvananthapuram,2024-07-22,0.58030427,0.23893276,0.6867543657620748,R1_FLOOD_LEVEL|R7_JOINT_MODERATE,2,1,0,0,0
2024-07-23,8.60859,77.01251,8.60859_77.01251,Thiruvananthapuram,2024-07-23,0.56817436,0.09383465,0.6482339104016622,R1_FLOOD_LEVEL|R7_JOINT_MODERATE,2,1,0,0,0
2024-07-24,8.60859,77.01251,8.60859_77.01251,Thiruvananthapuram,2024-07-24,0.5414877,0.086154796,0.6234228610992432,R1_FLOOD_LEVEL,1,1,0,0,0
2024-07-25,8.60859,77.01251,8.60859_77.01251,Thiruvananthapuram,2024-07-25,0.53368634,0.11037555,0.591613749663035,R1_FLOOD_LEVEL,1,1,0,0,0
2024-07-26,8.60859,77.01251,8.60859_77.01251,Thiruvananthapuram,2024-07-26,0.5146282,0.12962347,0.5812301437060038,R1_FLOOD_LEVEL,1,1,0,0,0
2024-07-27,8.60859,77.01251,8.60859_77.01251,Thiruvananthapuram,2024-07-27,0.5340339,0.07787847,0.5776741107304891,R1_FLOOD_LEVEL,1,1,0,0,0
2024-07-28,8.60859,77.01251,8.60859_77.01251,Thiruvananthapuram,2024-07-28,0.5340339,0.13888162,0.582204798857371,R1_FLOOD_LEVEL,1,1,0,0,0
2024-07-29,8.60859,77.01251,8.60859_77.01251,Thiruvananthapuram,2024-07-29,0.62735337,0.51746815,0.6630855997403463,R1_FLOOD_LEVEL|R2_LANDSLIDE_LEVEL|R5_RISING_LANDSLIDE|R7_JOINT_MODERATE,4,1,1,0,0
2024-07-30,8.60859,77.01251,8.60859_77.01251,Thiruvananthapuram,2024-07-30,0.6460624,0.115273885,0.7019320925076803,R1_FLOOD_LEVEL|R4_RISING_FLOOD|R5_RISING_LANDSLIDE|R7_JOINT_MODERATE,4,1,0,0,0
2024-07-31,8.60859,77.01251,8.60859_77.01251,Thiruvananthapuram,2024-07-31,0.6384234,0.12999184,0.7308245499928793,R1_FLOOD_LEVEL|R3_SUSTAINED_JOINT|R4_RISING_FLOOD|R5_RISING_LANDSLIDE|R7_JOINT_MODERATE,5,1,0,0,0
2024-08-01,8.60859,77.01251,8.60859_77.01251,Thiruvananthapuram,2024-08-01,0.5912393,0.08439832,0.6660085121790568,R1_FLOOD_LEVEL|R4_RISING_FLOOD,2,1,0,0,0
2024-08-02,8.60859,77.01251,8.60859_77.01251,Thiruvananthapuram,2024-08-02,0.5671575,0.077078834,0.6372279723485311,R1_FLOOD_LEVEL,1,1,0,0,0
2024-08-11,8.60859,77.01251,8.60859_77.01251,Thiruvananthapuram,2024-08-11,0.5195257,0.17825781,0.5204098224639893,R1_FLOOD_LEVEL,1,1,0,0,0
2024-08-13,8.60859,77.01251,8.60859_77.01251,Thiruvananthapuram,2024-08-13,0.5271825,0.12242937,0.5798457662264506,R1_FLOOD_LEVEL,1,1,0,0,0
2024-08-14,8.60859,77.01251,8.60859_77.01251,Thiruvananthapuram,2024-08-14,0.6308592,0.18117297,0.6107002894083658,R1_FLOOD_LEVEL|R4_RISING_FLOOD,2,1,0,0,0
2024-08-15,8.60859,77.01251,8.60859_77.01251,Thiruvananthapuram,2024-08-15,0.6384234,0.11619262,0.6544142564137777,R1_FLOOD_LEVEL|R4_RISING_FLOOD,2,1,0,0,0
2024-08-16,8.60859,77.01251,8.60859_77.01251,Thiruvananthapuram,2024-08-16,0.57161385,0.25921476,0.686943769454956,R1_FLOOD_LEVEL|R4_RISING_FLOOD|R7_JOINT_MODERATE,3,1,0,0,0
2024-08-17,8.60859,77.01251,8.60859_77.01251,Thiruvananthapuram,2024-08-17,0.62735337,0.15030235,0.682152251402537,R1_FLOOD_LEVEL|R4_RISING_FLOOD|R7_JOINT_MODERATE,3,1,0,0,0
2024-08-18,8.60859,77.01251,8.60859_77.01251,Thiruvananthapuram,2024-08-18,0.62735337,0.13697107,0.6814720034599304,R1_FLOOD_LEVEL|R7_JOINT_MODERATE,2,1,0,0,0
2024-08-19,8.60859,77.01251,8.60859_77.01251,Thiruvananthapuram,2024-08-19,0.57647306,0.09261502,0.6591520508130392,R1_FLOOD_LEVEL,1,1,0,0,0
2024-08-20,8.60859,77.01251,8.60859_77.01251,Thiruvananthapuram,2024-08-20,0.5419798,0.11428367,0.6294723749160767,R1_FLOOD_LEVEL,1,1,0,0,0
2024-08-21,8.60859,77.01251,8.60859_77.01251,Thiruvananthapuram,2024-08-21,0.5469087,0.07275495,0.5966317653656006,R1_FLOOD_LEVEL,1,1,0,1,0
2024-08-22,8.60859,77.01251,8.60859_77.01251,Thiruvananthapuram,2024-08-22,0.53707063,0.07256354,0.5816198984781901,R1_FLOOD_LEVEL,1,1,0,1,0
2024-08-23,8.60859,77.01251,8.60859_77.01251,Thiruvananthapuram,2024-08-23,0.50914747,0.07275495,0.5651317040125529,R1_FLOOD_LEVEL,1,1,0,0,0
2024-08-24,8.60859,77.01251,8.60859_77.01251,Thiruvananthapuram,2024-08-24,0.50914747,0.08103205,0.5548146764437357,R1_FLOOD_LEVEL,1,1,0,0,0
2024-08-30,8.60859,77.01251,8.60859_77.01251,Thiruvananthapuram,2024-08-30,0.5531086,0.08115633,0.5192317366600037,R1_FLOOD_LEVEL,1,1,0,0,0
2024-08-31,8.60859,77.01251,8.60859_77.01251,Thiruvananthapuram,2024-08-31,0.5531086,0.08620005,0.5550555189450582,R1_FLOOD_LEVEL|R4_RISING_FLOOD,2,1,0,0,0
2024-09-01,8.60859,77.01251,8.60859_77.01251,Thiruvananthapuram,2024-09-01,0.53226477,0.07952355,0.5834893385569254,R1_FLOOD_LEVEL|R4_RISING_FLOOD,2,1,0,0,0
2024-09-02,8.60859,77.01251,8.60859_77.01251,Thiruvananthapuram,2024-09-02,0.5531086,0.08115633,0.5834893385569254,R1_FLOOD_LEVEL|R4_RISING_FLOOD,2,1,0,0,0
2024-09-03,8.60859,77.01251,8.60859_77.01251,Thiruvananthapuram,2024-09-03,0.5531086,0.12018585,0.5885519782702128,R1_FLOOD_LEVEL,1,1,0,0,0
2024-09-04,8.60859,77.01251,8.60859_77.01251,Thiruvananthapuram,2024-09-04,0.5531086,0.08887248,0.5963400403658549,R1_FLOOD_LEVEL,1,1,0,0,0
2024-09-05,8.60859,77.01251,8.60859_77.01251,Thiruvananthapuram,2024-09-05,0.53226477,0.079187736,0.5896490414937338,R1_FLOOD_LEVEL,1,1,0,0,0
2024-09-10,8.60859,77.01251,8.60859_77.01251,Thiruvananthapuram,2024-09-10,0.5109864,0.0871126,0.48333871364593506,R1_FLOOD_LEVEL,1,1,0,0,0
2024-09-29,8.60859,77.01251,8.60859_77.01251,Thiruvananthapuram,2024-09-29,0.540006,0.15637295,0.504179835319519,R1_FLOOD_LEVEL,1,1,0,0,0
2024-09-30,8.60859,77.01251,8.60859_77.01251,Thiruvananthapuram,2024-09-30,0.53757745,0.118596695,0.5729008118311564,R1_FLOOD_LEVEL|R4_RISING_FLOOD,2,1,0,0,0
2024-10-01,8.60859,77.01251,8.60859_77.01251,Thiruvananthapuram,2024-10-01,0.5268929,0.118596695,0.595785895983378,R1_FLOOD_LEVEL|R4_RISING_FLOOD,2,1,0,0,0
2024-10-02,8.60859,77.01251,8.60859_77.01251,Thiruvananthapuram,2024-10-02,0.51223284,0.20098995,0.5952300826708475,R1_FLOOD_LEVEL|R4_RISING_FLOOD,2,1,0,0,0
2024-10-03,8.60859,77.01251,8.60859_77.01251,Thiruvananthapuram,2024-10-03,0.59912264,0.08365975,0.608643631140391,R1_FLOOD_LEVEL,1,1,0,0,0
2024-10-04,8.60859,77.01251,8.60859_77.01251,Thiruvananthapuram,2024-10-04,0.5590539,0.13665338,0.6207465728123983,R1_FLOOD_LEVEL,1,1,0,0,0
2024-10-05,8.60859,77.01251,8.60859_77.01251,Thiruvananthapuram,2024-10-05,0.54423356,0.08358939,0.6114338040351868,R1_FLOOD_LEVEL,1,1,0,0,0
2024-10-06,8.60859,77.01251,8.60859_77.01251,Thiruvananthapuram,2024-10-06,0.5599849,0.1507914,0.609325627485911,R1_FLOOD_LEVEL,1,1,0,0,0
2024-10-07,8.60859,77.01251,8.60859_77.01251,Thiruvananthapuram,2024-10-07,0.57848793,0.09659048,0.6092894077301025,R1_FLOOD_LEVEL,1,1,0,0,0
2024-10-08,8.60859,77.01251,8.60859_77.01251,Thiruvananthapuram,2024-10-08,0.5894444,0.08902117,0.6238433122634888,R1_FLOOD_LEVEL,1,1,0,0,0
2024-10-09,8.60859,77.01251,8.60859_77.01251,Thiruvananthapuram,2024-10-09,0.5778664,0.1586249,0.630007266998291,R1_FLOOD_LEVEL,1,1,0,0,0
2024-10-10,8.60859,77.01251,8.60859_77.01251,Thiruvananthapuram,2024-10-10,0.565175,0.10139414,0.6266944805781046,R1_FLOOD_LEVEL,1,1,0,0,0
2024-10-11,8.60859,77.01251,8.60859_77.01251,Thiruvananthapuram,2024-10-11,0.5415341,0.10393913,0.6144258578618368,R1_FLOOD_LEVEL,1,1,0,0,0
2024-10-12,8.60859,77.01251,8.60859_77.01251,Thiruvananthapuram,2024-10-12,0.5894745,0.07208927,0.6058397690455118,R1_FLOOD_LEVEL,1,1,0,0,0
2024-10-13,8.60859,77.01251,8.60859_77.01251,Thiruvananthapuram,2024-10-13,0.57888955,0.07208927,0.6058342456817627,R1_FLOOD_LEVEL,1,1,0,0,0
2024-10-14,8.60859,77.01251,8.60859_77.01251,Thiruvananthapuram,2024-10-14,0.57327837,0.19466087,0.6282201608022054,R1_FLOOD_LEVEL,1,1,0,0,0
2024-10-15,8.60859,77.01251,8.60859_77.01251,Thiruvananthapuram,2024-10-15,0.55114007,0.08675778,0.618557890256246,R1_FLOOD_LEVEL,1,1,0,0,0
2024-10-16,8.60859,77.01251,8.60859_77.01251,Thiruvananthapuram,2024-10-16,0.5225857,0.10195606,0.6058958570162455,R1_FLOOD_LEVEL,1,1,0,0,0
2024-10-17,8.60859,77.01251,8.60859_77.01251,Thiruvananthapuram,2024-10-17,0.5225857,0.087950304,0.5753058592478434,R1_FLOOD_LEVEL,1,1,0,0,0
2024-10-18,8.60859,77.01251,8.60859_77.01251,Thiruvananthapuram,2024-10-18,0.5225857,0.07208927,0.5642791787783304,R1_FLOOD_LEVEL,1,1,0,0,0
2024-10-19,8.60859,77.01251,8.60859_77.01251,Thiruvananthapuram,2024-10-19,0.5225857,0.07208927,0.5595262249310812,R1_FLOOD_LEVEL,1,1,0,0,0
2024-10-20,8.60859,77.01251,8.60859_77.01251,Thiruvananthapuram,2024-10-20,0.53676295,0.07210096,0.5613890091578165,R1_FLOOD_LEVEL,1,1,0,0,0
2024-10-22,8.60859,77.01251,8.60859_77.01251,Thiruvananthapuram,2024-10-22,0.53234404,0.14044821,0.5547866821289062,R1_FLOOD_LEVEL,1,1,0,0,0
2024-10-23,8.60859,77.01251,8.60859_77.01251,Thiruvananthapuram,2024-10-23,0.52089155,0.16715744,0.5650584499041239,R1_FLOOD_LEVEL,1,1,0,1,0
2024-10-24,8.60859,77.01251,8.60859_77.01251,Thiruvananthapuram,2024-10-24,0.6308592,0.10915441,0.6233853697776794,R1_FLOOD_LEVEL|R4_RISING_FLOOD,2,1,0,0,0
2024-10-25,8.60859,77.01251,8.60859_77.01251,Thiruvananthapuram,2024-10-25,0.6526849,0.28690922,0.674821138381958,R1_FLOOD_LEVEL|R4_RISING_FLOOD|R5_RISING_LANDSLIDE|R7_JOINT_MODERATE,4,1,0,1,0
2024-10-26,8.60859,77.01251,8.60859_77.01251,Thiruvananthapuram,2024-10-26,0.6491403,0.1841279,0.7124095559120178,R1_FLOOD_LEVEL|R4_RISING_FLOOD|R7_JOINT_MODERATE,3,1,0,0,0
2024-10-27,8.60859,77.01251,8.60859_77.01251,Thiruvananthapuram,2024-10-27,0.651477,0.14393649,0.7225727637608846,R1_FLOOD_LEVEL|R3_SUSTAINED_JOINT|R4_RISING_FLOOD|R7_JOINT_MODERATE,4,1,0,0,0
2024-10-28,8.60859,77.01251,8.60859_77.01251,Thiruvananthapuram,2024-10-28,0.5738388,0.09796303,0.6769907673199972,R1_FLOOD_LEVEL,1,1,0,0,0
2024-10-31,8.60859,77.01251,8.60859_77.01251,Thiruvananthapuram,2024-10-31,0.5066749,0.1953205,0.4961851239204407,R1_FLOOD_LEVEL,1,1,0,0,0
2024-11-01,8.60859,77.01251,8.60859_77.01251,Thiruvananthapuram,2024-11-01,0.6388595,0.09212491,0.5712605118751526,R1_FLOOD_LEVEL,1,1,0,0,0
2024-11-02,8.60859,77.01251,8.60859_77.01251,Thiruvananthapuram,2024-11-02,0.64660233,0.101474956,0.6525414188702902,R1_FLOOD_LEVEL|R4_RISING_FLOOD,2,1,0,0,0
2024-11-03,8.60859,77.01251,8.60859_77.01251,Thiruvananthapuram,2024-11-03,0.6491403,0.11991908,0.6819359660148621,R1_FLOOD_LEVEL|R4_RISING_FLOOD,2,1,0,0,0
2024-11-04,8.60859,77.01251,8.60859_77.01251,Thiruvananthapuram,2024-11-04,0.6491212,0.11198301,0.6873640219370524,R1_FLOOD_LEVEL|R4_RISING_FLOOD,2,1,0,0,0
2024-11-05,8.60859,77.01251,8.60859_77.01251,Thiruvananthapuram,2024-11-05,0.60340166,0.08575634,0.6723470687866211,R1_FLOOD_LEVEL,1,1,0,0,0
2024-11-06,8.60859,77.01251,8.60859_77.01251,Thiruvananthapuram,2024-11-06,0.58344585,0.074749425,0.646803061167399,R1_FLOOD_LEVEL,1,1,0,0,0
2024-11-07,8.60859,77.01251,8.60859_77.01251,Thiruvananthapuram,2024-11-07,0.6093963,0.074749425,0.6301963925361633,R1_FLOOD_LEVEL,1,1,0,0,0
2024-11-08,8.60859,77.01251,8.60859_77.01251,Thiruvananthapuram,2024-11-08,0.59521484,0.13392565,0.6342008908589681,R1_FLOOD_LEVEL,1,1,0,0,0
2024-11-09,8.60859,77.01251,8.60859_77.01251,Thiruvananthapuram,2024-11-09,0.6005349,0.115659185,0.6449187994003296,R1_FLOOD_LEVEL,1,1,0,0,0
2024-11-10,8.60859,77.01251,8.60859_77.01251,Thiruvananthapuram,2024-11-10,0.55756664,0.09075294,0.6312938332557678,R1_FLOOD_LEVEL,1,1,0,0,0
2024-11-11,8.60859,77.01251,8.60859_77.01251,Thiruvananthapuram,2024-11-11,0.5526588,0.07289778,0.6099081635475159,R1_FLOOD_LEVEL,1,1,0,0,0
2024-11-12,8.60859,77.01251,8.60859_77.01251,Thiruvananthapuram,2024-11-12,0.5375081,0.07289778,0.5847368240356445,R1_FLOOD_LEVEL,1,1,0,0,0
2024-11-13,8.60859,77.01251,8.60859_77.01251,Thiruvananthapuram,2024-11-13,0.5299553,0.079777375,0.5746486385663351,R1_FLOOD_LEVEL,1,1,0,0,0
2024-11-14,8.60859,77.01251,8.60859_77.01251,Thiruvananthapuram,2024-11-14,0.5066749,0.09396216,0.5639019211133321,R1_FLOOD_LEVEL,1,1,0,0,0
2024-11-15,8.60859,77.01251,8.60859_77.01251,Thiruvananthapuram,2024-11-15,0.5066749,0.11148382,0.5607185761133829,R1_FLOOD_LEVEL,1,1,0,0,0
2024-11-16,8.60859,77.01251,8.60859_77.01251,Thiruvananthapuram,2024-11-16,0.5124072,0.13819326,0.5648302435874939,R1_FLOOD_LEVEL,1,1,0,0,0
2024-11-17,8.60859,77.01251,8.60859_77.01251,Thiruvananthapuram,2024-11-17,0.5124072,0.11165441,0.5694369872411092,R1_FLOOD_LEVEL,1,1,0,0,0
2024-11-18,8.60859,77.01251,8.60859_77.01251,Thiruvananthapuram,2024-11-18,0.5171163,0.08243414,0.567853569984436,R1_FLOOD_LEVEL,1,1,0,0,0
2024-11-19,8.60859,77.01251,8.60859_77.01251,Thiruvananthapuram,2024-11-19,0.5225857,0.3925605,0.6112570563952128,R1_FLOOD_LEVEL|R5_RISING_LANDSLIDE,2,1,0,0,0
2024-11-20,8.60859,77.01251,8.60859_77.01251,Thiruvananthapuram,2024-11-20,0.5584619,0.3193147,0.65545787413915,R1_FLOOD_LEVEL|R5_RISING_LANDSLIDE,2,1,0,0,0
2024-11-21,8.60859,77.01251,8.60859_77.01251,Thiruvananthapuram,2024-11-21,0.55949736,0.10544118,0.671798566977183,R1_FLOOD_LEVEL|R5_RISING_LANDSLIDE|R7_JOINT_MODERATE,3,1,0,0,0
2024-11-22,8.60859,77.01251,8.60859_77.01251,Thiruvananthapuram,2024-11-22,0.5225857,0.09865435,0.6250269015630087,R1_FLOOD_LEVEL|R7_JOINT_MODERATE,2,1,0,0,0
2024-11-23,8.60859,77.01251,8.60859_77.01251,Thiruvananthapuram,2024-11-23,0.5225857,0.08575634,0.5797187288602194,R1_FLOOD_LEVEL,1,1,0,0,0
2024-11-24,8.60859,77.01251,8.60859_77.01251,Thiruvananthapuram,2024-11-24,0.5225857,0.08575634,0.5655795534451803,R1_FLOOD_LEVEL,1,1,0,0,0
2024-11-25,8.60859,77.01251,8.60859_77.01251,Thiruvananthapuram,2024-11-25,0.5225857,0.08575634,0.56352698802948,R1_FLOOD_LEVEL,1,1,0,0,0
2024-11-26,8.60859,77.01251,8.60859_77.01251,Thiruvananthapuram,2024-11-26,0.52363354,0.11224931,0.5680531064669291,R1_FLOOD_LEVEL,1,1,0,0,0
2024-11-27,8.60859,77.01251,8.60859_77.01251,Thiruvananthapuram,2024-11-27,0.52363354,0.098294444,0.5703633427619934,R1_FLOOD_LEVEL,1,1,0,0,0
2024-11-28,8.60859,77.01251,8.60859_77.01251,Thiruvananthapuram,2024-11-28,0.51437575,0.08987191,0.5685275793075562,R1_FLOOD_LEVEL,1,1,0,0,0
2024-11-29,8.60859,77.01251,8.60859_77.01251,Thiruvananthapuram,2024-11-29,0.5135789,0.07593492,0.5596642096837362,R1_FLOOD_LEVEL,1,1,0,0,0
2024-11-30,8.60859,77.01251,8.60859_77.01251,Thiruvananthapuram,2024-11-30,0.52753013,0.07593492,0.5573139985402426,R1_FLOOD_LEVEL,1,1,0,0,0
2024-12-01,8.60859,77.01251,8.60859_77.01251,Thiruvananthapuram,2024-12-01,0.53412116,0.07289778,0.5606683293978373,R1_FLOOD_LEVEL,1,1,0,0,0
2024-12-02,8.60859,77.01251,8.60859_77.01251,Thiruvananthapuram,2024-12-02,0.5042111,0.07289778,0.5572809378306071,R1_FLOOD_LEVEL,1,1,0,0,0
2024-12-13,8.60859,77.01251,8.60859_77.01251,Thiruvananthapuram,2024-12-13,0.5092107,0.19767106,0.482383668422699,R1_FLOOD_LEVEL,1,1,0,0,0
2024-12-14,8.60859,77.01251,8.60859_77.01251,Thiruvananthapuram,2024-12-14,0.59143144,0.11440386,0.5695963104565939,R1_FLOOD_LEVEL,1,1,0,0,0
2024-12-15,8.60859,77.01251,8.60859_77.01251,Thiruvananthapuram,2024-12-15,0.548789,0.1444159,0.6194499532381693,R1_FLOOD_LEVEL|R4_RISING_FLOOD|R5_RISING_LANDSLIDE,3,1,0,0,0
2024-12-16,8.60859,77.01251,8.60859_77.01251,Thiruvananthapuram,2024-12-16,0.49087143,0.08191626,0.5949005484580994,R4_RISING_FLOOD,1,0,0,0,0
2023-04-28,8.96209,76.87268,8.96209_76.87268,Kollam,2023-04-28,0.42850652,0.15192848,0.5015901128451029,R5_RISING_LANDSLIDE,1,0,0,0,0
2023-05-01,8.96209,76.87268,8.96209_76.87268,Kollam,2023-05-01,0.57244545,0.14223923,0.5383588075637817,R1_FLOOD_LEVEL,1,1,0,0,0
2023-05-02,8.96209,76.87268,8.96209_76.87268,Kollam,2023-05-02,0.5734732,0.21562764,0.5836276014645895,R1_FLOOD_LEVEL,1,1,0,0,0
2023-05-03,8.96209,76.87268,8.96209_76.87268,Kollam,2023-05-03,0.5771386,0.12422753,0.6427914500236511,R1_FLOOD_LEVEL|R4_RISING_FLOOD,2,1,0,0,0
2023-05-04,8.96209,76.87268,8.96209_76.87268,Kollam,2023-05-04,0.5589822,0.11309244,0.6346572836240133,R1_FLOOD_LEVEL|R4_RISING_FLOOD,2,1,0,0,0
2023-05-05,8.96209,76.87268,8.96209_76.87268,Kollam,2023-05-05,0.58583575,0.10249837,0.6222715179125468,R1_FLOOD_LEVEL|R4_RISING_FLOOD,2,1,0,0,0
2023-05-06,8.96209,76.87268,8.96209_76.87268,Kollam,2023-05-06,0.5368191,0.11630059,0.6092773874600729,R1_FLOOD_LEVEL,1,1,0,0,0
2023-05-07,8.96209,76.87268,8.96209_76.87268,Kollam,2023-05-07,0.5241818,0.1316774,0.6019368171691895,R1_FLOOD_LEVEL,1,1,0,0,0
2023-05-08,8.96209,76.87268,8.96209_76.87268,Kollam,2023-05-08,0.556569,0.14133093,0.598921020825704,R1_FLOOD_LEVEL,1,1,0,0,0
2023-05-09,8.96209,76.87268,8.96209_76.87268,Kollam,2023-05-09,0.5241818,0.1554075,0.6014010906219482,R1_FLOOD_LEVEL,1,1,0,0,0
2023-05-10,8.96209,76.87268,8.96209_76.87268,Kollam,2023-05-10,0.50815505,0.121186934,0.5950424075126648,R1_FLOOD_LEVEL,1,1,0,0,0
2023-05-11,8.96209,76.87268,8.96209_76.87268,Kollam,2023-05-11,0.56101966,0.12971671,0.5946168104807535,R1_FLOOD_LEVEL,1,1,0,0,0
2023-05-12,8.96209,76.87268,8.96209_76.87268,Kollam,2023-05-12,0.56101966,0.074519575,0.5931517481803894,R1_FLOOD_LEVEL,1,1,0,0,0
2023-05-13,8.96209,76.87268,8.96209_76.87268,Kollam,2023-05-13,0.56101966,0.07486619,0.6018598278363546,R1_FLOOD_LEVEL,1,1,0,0,0
2023-05-14,8.96209,76.87268,8.96209_76.87268,Kollam,2023-05-14,0.56101966,0.07486619,0.5938337445259094,R1_FLOOD_LEVEL,1,1,0,0,0
2023-05-15,8.96209,76.87268,8.96209_76.87268,Kollam,2023-05-15,0.5002613,0.07593492,0.5753259460131327,R1_FLOOD_LEVEL,1,1,0,0,0
2023-05-16,8.96209,76.87268,8.96209_76.87268,Kollam,2023-05-16,0.5234541,0.07593492,0.5639113187789917,R1_FLOOD_LEVEL,1,1,0,0,0
2023-05-17,8.96209,76.87268,8.96209_76.87268,Kollam,2023-05-17,0.5690753,0.10330716,0.5704807837804159,R1_FLOOD_LEVEL,1,1,0,0,0
2023-05-18,8.96209,76.87268,8.96209_76.87268,Kollam,2023-05-18,0.5089112,0.13967247,0.5835787455240885,R1_FLOOD_LEVEL,1,1,0,0,0
2023-05-22,8.96209,76.87268,8.96209_76.87268,Kollam,2023-05-22,0.5599849,0.41156656,0.5168338219324747,R1_FLOOD_LEVEL,1,1,0,0,0
2023-05-23,8.96209,76.87268,8.96209_76.87268,Kollam,2023-05-23,0.5397161,0.15136743,0.5904491742451986,R1_FLOOD_LEVEL|R5_RISING_LANDSLIDE,2,1,0,0,0
2023-05-24,8.96209,76.87268,8.96209_76.87268,Kollam,2023-05-24,0.3876093,0.14570722,0.6091025273005167,R5_RISING_LANDSLIDE,1,0,0,0,0
2023-05-29,8.96209,76.87268,8.96209_76.87268,Kollam,2023-05-29,0.50136006,0.21096273,0.4754057327906291,R1_FLOOD_LEVEL,1,1,0,0,0
2023-05-30,8.96209,76.87268,8.96209_76.87268,Kollam,2023-05-30,0.5163697,0.108994074,0.5284664630889893,R1_FLOOD_LEVEL,1,1,0,0,0
2023-05-31,8.96209,76.87268,8.96209_76.87268,Kollam,2023-05-31,0.50815505,0.24909985,0.6021035114924113,R1_FLOOD_LEVEL|R5_RISING_LANDSLIDE,2,1,0,0,0
2023-06-01,8.96209,76.87268,8.96209_76.87268,Kollam,2023-06-01,0.5714886,0.13108587,0.6091388066609701,R1_FLOOD_LEVEL|R4_RISING_FLOOD,2,1,0,0,0
2023-06-02,8.96209,76.87268,8.96209_76.87268,Kollam,2023-06-02,0.5714886,0.117790215,0.6267656683921814,R1_FLOOD_LEVEL|R4_RISING_FLOOD|R7_JOINT_MODERATE,3,1,0,0,0
2023-06-03,8.96209,76.87268,8.96209_76.87268,Kollam,2023-06-03,0.5734732,0.39650685,0.6640724937121073,R1_FLOOD_LEVEL|R4_RISING_FLOOD|R7_JOINT_MODERATE,3,1,0,0,0
2023-06-04,8.96209,76.87268,8.96209_76.87268,Kollam,2023-06-04,0.5734732,0.117790215,0.6627569993336996,R1_FLOOD_LEVEL|R7_JOINT_MODERATE,2,1,0,0,0
2023-06-05,8.96209,76.87268,8.96209_76.87268,Kollam,2023-06-05,0.5734732,0.12809654,0.6648059089978536,R1_FLOOD_LEVEL|R7_JOINT_MODERATE,2,1,0,0,0
2023-06-06,8.96209,76.87268,8.96209_76.87268,Kollam,2023-06-06,0.5734732,0.13565837,0.6277196208635966,R1_FLOOD_LEVEL,1,1,0,0,0
2023-06-07,8.96209,76.87268,8.96209_76.87268,Kollam,2023-06-07,0.5714886,0.12214998,0.6277587413787842,R1_FLOOD_LEVEL,1,1,0,0,0
2023-06-08,8.96209,76.87268,8.96209_76.87268,Kollam,2023-06-08,0.58632964,0.13329339,0.6322118441263834,R1_FLOOD_LEVEL,1,1,0,0,0
2023-06-09,8.96209,76.87268,8.96209_76.87268,Kollam,2023-06-09,0.5734732,0.12368762,0.6305098930994669,R1_FLOOD_LEVEL,1,1,0,0,0
2023-06-10,8.96209,76.87268,8.96209_76.87268,Kollam,2023-06-10,0.56101966,0.13525051,0.6293634573618571,R1_FLOOD_LEVEL,1,1,0,0,0
2023-06-11,8.96209,76.87268,8.96209_76.87268,Kollam,2023-06-11,0.5734732,0.17716026,0.6318860252698263,R1_FLOOD_LEVEL,1,1,0,0,0
2023-06-12,8.96209,76.87268,8.96209_76.87268,Kollam,2023-06-12,0.5734732,0.12714696,0.6323778629302979,R1_FLOOD_LEVEL,1,1,0,0,0
2023-06-13,8.96209,76.87268,8.96209_76.87268,Kollam,2023-06-13,0.584147,0.1895928,0.6465771198272705,R1_FLOOD_LEVEL|R7_JOINT_MODERATE,2,1,0,0,0
2023-06-14,8.96209,76.87268,8.96209_76.87268,Kollam,2023-06-14,0.5744692,0.14085934,0.6417012413342794,R1_FLOOD_LEVEL,1,1,0,0,0
2023-06-15,8.96209,76.87268,8.96209_76.87268,Kollam,2023-06-15,0.56101966,0.09487955,0.6333562930425009,R1_FLOOD_LEVEL,1,1,0,0,0
2023-06-16,8.96209,76.87268,8.96209_76.87268,Kollam,2023-06-16,0.58475924,0.09487955,0.6204120715459188,R1_FLOOD_LEVEL,1,1,0,0,0
2023-06-17,8.96209,76.87268,8.96209_76.87268,Kollam,2023-06-17,0.5731571,0.5181957,0.673724095026652,R1_FLOOD_LEVEL|R2_LANDSLIDE_LEVEL|R5_RISING_LANDSLIDE|R7_JOINT_MODERATE,4,1,1,0,0
2023-06-18,8.96209,76.87268,8.96209_76.87268,Kollam,2023-06-18,0.5731571,0.7205269,0.7664037346839905,R1_FLOOD_LEVEL|R2_LANDSLIDE_LEVEL|R5_RISING_LANDSLIDE|R7_JOINT_MODERATE,4,1,1,0,0
2023-06-19,8.96209,76.87268,8.96209_76.87268,Kollam,2023-06-19,0.5872379,0.7191777,0.8530471126238505,R1_FLOOD_LEVEL|R2_LANDSLIDE_LEVEL|R3_SUSTAINED_JOINT|R5_RISING_LANDSLIDE|R7_JOINT_MODERATE,5,1,1,0,0
2023-06-20,8.96209,76.87268,8.96209_76.87268,Kollam,2023-06-20,0.58253,0.7411383,0.8855763673782349,R1_FLOOD_LEVEL|R2_LANDSLIDE_LEVEL|R3_SUSTAINED_JOINT|R5_RISING_LANDSLIDE|R7_JOINT_MODERATE,5,1,1,0,0
2023-06-21,8.96209,76.87268,8.96209_76.87268,Kollam,2023-06-21,0.5894799,0.7475929,0.8908006946245829,R1_FLOOD_LEVEL|R2_LANDSLIDE_LEVEL|R3_SUSTAINED_JOINT|R5_RISING_LANDSLIDE|R7_JOINT_MODERATE,5,1,1,0,0
2023-06-22,8.96209,76.87268,8.96209_76.87268,Kollam,2023-06-22,0.5894799,0.2871089,0.8318862517674764,R1_FLOOD_LEVEL|R3_SUSTAINED_JOINT|R7_JOINT_MODERATE,3,1,0,0,0
2023-06-23,8.96209,76.87268,8.96209_76.87268,Kollam,2023-06-23,0.5894799,0.26504216,0.7673369447390238,R1_FLOOD_LEVEL|R3_SUSTAINED_JOINT|R7_JOINT_MODERATE,3,1,0,0,0
2023-06-24,8.96209,76.87268,8.96209_76.87268,Kollam,2023-06-24,0.5894799,0.094324835,0.6779437263806661,R1_FLOOD_LEVEL|R7_JOINT_MODERATE,2,1,0,0,0
2023-06-25,8.96209,76.87268,8.96209_76.87268,Kollam,2023-06-25,0.5894799,0.096432805,0.6518516143163046,R1_FLOOD_LEVEL,1,1,0,0,0
2023-06-26,8.96209,76.87268,8.96209_76.87268,Kollam,2023-06-26,0.57512987,0.095938295,0.6243869860967001,R1_FLOOD_LEVEL,1,1,0,0,0
2023-06-27,8.96209,76.87268,8.96209_76.87268,Kollam,2023-06-27,0.57512987,0.09237209,0.6197782556215922,R1_FLOOD_LEVEL,1,1,0,0,0
2023-06-28,8.96209,76.87268,8.96209_76.87268,Kollam,2023-06-28,0.577931,0.075082004,0.6132960120836893,R1_FLOOD_LEVEL,1,1,0,0,0
2023-06-29,8.96209,76.87268,8.96209_76.87268,Kollam,2023-06-29,0.56717193,0.075082004,0.6078887780507406,R1_FLOOD_LEVEL,1,1,0,0,0
2023-06-30,8.96209,76.87268,8.96209_76.87268,Kollam,2023-06-30,0.5345354,0.07510986,0.5929289062817892,R1_FLOOD_LEVEL,1,1,0,0,0
2023-07-01,8.96209,76.87268,8.96209_76.87268,Kollam,2023-07-01,0.54585755,0.08533404,0.5845924218495687,R1_FLOOD_LEVEL,1,1,0,0,0
2023-07-02,8.96209,76.87268,8.96209_76.87268,Kollam,2023-07-02,0.55536485,0.13334239,0.5895871122678121,R1_FLOOD_LEVEL,1,1,0,0,0
2023-07-03,8.96209,76.87268,8.96209_76.87268,Kollam,2023-07-03,0.61493546,0.22903161,0.6341307759284973,R1_FLOOD_LEVEL|R5_RISING_LANDSLIDE,2,1,0,0,0
2023-07-04,8.96209,76.87268,8.96209_76.87268,Kollam,2023-07-04,0.61844236,0.2579939,0.6782209475835165,R1_FLOOD_LEVEL|R5_RISING_LANDSLIDE|R6_ENV_PRECURSOR|R7_JOINT_MODERATE,4,1,0,0,0
2023-07-05,8.96209,76.87268,8.96209_76.87268,Kollam,2023-07-05,0.63386965,0.38188055,0.7312323252360026,R1_FLOOD_LEVEL|R4_RISING_FLOOD|R5_RISING_LANDSLIDE|R6_ENV_PRECURSOR|R7_JOINT_MODERATE,5,1,0,0,0
2023-07-06,8.96209,76.87268,8.96209_76.87268,Kollam,2023-07-06,0.64222354,0.74290377,0.7995288769404093,R1_FLOOD_LEVEL|R2_LANDSLIDE_LEVEL|R3_SUSTAINED_JOINT|R4_RISING_FLOOD|R5_RISING_LANDSLIDE|R6_ENV_PRECURSOR|R7_JOINT_MODERATE,7,1,1,0,0
2023-07-07,8.96209,76.87268,8.96209_76.87268,Kollam,2023-07-07,0.63386965,0.6796651,0.8548068006833395,R1_FLOOD_LEVEL|R2_LANDSLIDE_LEVEL|R3_SUSTAINED_JOINT|R5_RISING_LANDSLIDE|R6_ENV_PRECURSOR|R7_JOINT_MODERATE,6,1,1,0,0
2023-07-08,8.96209,76.87268,8.96209_76.87268,Kollam,2023-07-08,0.6275351,0.20750506,0.8318520585695902,R1_FLOOD_LEVEL|R3_SUSTAINED_JOINT|R5_RISING_LANDSLIDE|R7_JOINT_MODERATE,4,1,0,0,0
2023-07-09,8.96209,76.87268,8.96209_76.87268,Kollam,2023-07-09,0.61780584,0.112731524,0.7494767705599467,R1_FLOOD_LEVEL|R3_SUSTAINED_JOINT|R7_JOINT_MODERATE,3,1,0,0,0
2023-07-10,8.96209,76.87268,8.96209_76.87268,Kollam,2023-07-10,0.620557,0.45146626,0.7191924651463827,R1_FLOOD_LEVEL|R3_SUSTAINED_JOINT|R7_JOINT_MODERATE,3,1,0,0,0
2023-07-11,8.96209,76.87268,8.96209_76.87268,Kollam,2023-07-11,0.620557,0.11622764,0.7058042287826538,R1_FLOOD_LEVEL|R3_SUSTAINED_JOINT|R7_JOINT_MODERATE,3,1,0,0,0
2023-07-12,8.96209,76.87268,8.96209_76.87268,Kollam,2023-07-12,0.61375654,0.1546198,0.7099996407826742,R1_FLOOD_LEVEL|R3_SUSTAINED_JOINT|R7_JOINT_MODERATE,3,1,0,0,0
2023-07-13,8.96209,76.87268,8.96209_76.87268,Kollam,2023-07-13,0.620557,0.101619504,0.6657506624857584,R1_FLOOD_LEVEL,1,1,0,0,0
2023-07-14,8.96209,76.87268,8.96209_76.87268,Kollam,2023-07-14,0.58844936,0.07421563,0.6505286892255148,R1_FLOOD_LEVEL,1,1,0,0,0
2023-07-15,8.96209,76.87268,8.96209_76.87268,Kollam,2023-07-15,0.56155926,0.079332605,0.6248168547948202,R1_FLOOD_LEVEL,1,1,0,0,0
2023-07-16,8.96209,76.87268,8.96209_76.87268,Kollam,2023-07-16,0.59540176,0.16626014,0.6260016957918803,R1_FLOOD_LEVEL,1,1,0,0,0
2023-07-17,8.96209,76.87268,8.96209_76.87268,Kollam,2023-07-17,0.56856436,0.09860753,0.6233731309572855,R1_FLOOD_LEVEL,1,1,0,0,0
2023-07-18,8.96209,76.87268,8.96209_76.87268,Kollam,2023-07-18,0.58332276,0.08545534,0.6309025287628174,R1_FLOOD_LEVEL,1,1,0,0,0
2023-07-19,8.96209,76.87268,8.96209_76.87268,Kollam,2023-07-19,0.56856436,0.09897335,0.613767405351003,R1_FLOOD_LEVEL,1,1,0,0,0
2023-07-20,8.96209,76.87268,8.96209_76.87268,Kollam,2023-07-20,0.5424202,0.09334537,0.6051094134648641,R1_FLOOD_LEVEL,1,1,0,0,0
2023-07-25,8.96209,76.87268,8.96209_76.87268,Kollam,2023-07-25,0.416155,0.16028741,0.500505268573761,R5_RISING_LANDSLIDE,1,0,0,0,0
2023-09-01,8.96209,76.87268,8.96209_76.87268,Kollam,2023-09-01,0.5169929,0.19720905,0.511254072189331,R1_FLOOD_LEVEL|R5_RISING_LANDSLIDE,2,1,0,0,0
2023-09-02,8.96209,76.87268,8.96209_76.87268,Kollam,2023-09-02,0.54297066,0.10987966,0.564367433389028,R1_FLOOD_LEVEL|R5_RISING_LANDSLIDE,2,1,0,0,0
2023-09-03,8.96209,76.87268,8.96209_76.87268,Kollam,2023-09-03,0.55794644,0.11903561,0.6053339044253031,R1_FLOOD_LEVEL|R4_RISING_FLOOD,2,1,0,0,0
2023-09-04,8.96209,76.87268,8.96209_76.87268,Kollam,2023-09-04,0.5650152,0.102661744,0.6044756372769674,R1_FLOOD_LEVEL|R4_RISING_FLOOD,2,1,0,0,0
2023-09-05,8.96209,76.87268,8.96209_76.87268,Kollam,2023-09-05,0.5269657,0.09339922,0.5971282521883646,R1_FLOOD_LEVEL|R4_RISING_FLOOD,2,1,0,0,0
2023-09-06,8.96209,76.87268,8.96209_76.87268,Kollam,2023-09-06,0.55794644,0.07864893,0.591177225112915,R1_FLOOD_LEVEL,1,1,0,0,0
2023-09-07,8.96209,76.87268,8.96209_76.87268,Kollam,2023-09-07,0.5453989,0.07880235,0.5816942453384399,R1_FLOOD_LEVEL,1,1,0,0,0
2023-09-08,8.96209,76.87268,8.96209_76.87268,Kollam,2023-09-08,0.54988515,0.07289778,0.5855445067087809,R1_FLOOD_LEVEL,1,1,0,0,0
2023-09-09,8.96209,76.87268,8.96209_76.87268,Kollam,2023-09-09,0.53869915,0.07289778,0.5787490010261536,R1_FLOOD_LEVEL,1,1,0,0,0
2023-09-10,8.96209,76.87268,8.96209_76.87268,Kollam,2023-09-10,0.54988515,0.07289778,0.5792406598726908,R1_FLOOD_LEVEL,1,1,0,0,0
2023-09-11,8.96209,76.87268,8.96209_76.87268,Kollam,2023-09-11,0.52393675,0.07289778,0.5712217291196188,R1_FLOOD_LEVEL,1,1,0,0,0
2023-09-12,8.96209,76.87268,8.96209_76.87268,Kollam,2023-09-12,0.53869915,0.07289778,0.5712217291196188,R1_FLOOD_LEVEL,1,1,0,0,0
2023-09-28,8.96209,76.87268,8.96209_76.87268,Kollam,2023-09-28,0.5184972,0.18697913,0.473467489083608,R1_FLOOD_LEVEL,1,1,0,0,0
2023-09-29,8.96209,76.87268,8.96209_76.87268,Kollam,2023-09-29,0.5731537,0.1555938,0.5513445536295573,R1_FLOOD_LEVEL,1,1,0,0,0
2023-09-30,8.96209,76.87268,8.96209_76.87268,Kollam,2023-09-30,0.59827954,0.2590989,0.6501537958780924,R1_FLOOD_LEVEL|R4_RISING_FLOOD|R5_RISING_LANDSLIDE|R6_ENV_PRECURSOR|R7_JOINT_MODERATE,5,1,0,0,0
2023-10-01,8.96209,76.87268,8.96209_76.87268,Kollam,2023-10-01,0.6358212,0.122287825,0.6740963459014893,R1_FLOOD_LEVEL|R4_RISING_FLOOD|R7_JOINT_MODERATE,3,1,0,0,0
2023-10-02,8.96209,76.87268,8.96209_76.87268,Kollam,2023-10-02,0.64222354,0.13117328,0.690624992052714,R1_FLOOD_LEVEL|R4_RISING_FLOOD|R7_JOINT_MODERATE,3,1,0,0,0
2023-10-03,8.96209,76.87268,8.96209_76.87268,Kollam,2023-10-03,0.6358212,0.076037295,0.6776741544405619,R1_FLOOD_LEVEL|R4_RISING_FLOOD,2,1,0,0,0
2023-10-04,8.96209,76.87268,8.96209_76.87268,Kollam,2023-10-04,0.64222354,0.09816352,0.676670253276825,R1_FLOOD_LEVEL,1,1,0,0,0
2023-10-05,8.96209,76.87268,8.96209_76.87268,Kollam,2023-10-05,0.6358212,0.10268791,0.6713581681251526,R1_FLOOD_LEVEL,1,1,0,0,0
2023-10-06,8.96209,76.87268,8.96209_76.87268,Kollam,2023-10-06,0.54338336,0.09779815,0.6462005972862244,R1_FLOOD_LEVEL,1,1,0,0,0
2023-10-10,8.96209,76.87268,8.96209_76.87268,Kollam,2023-10-10,0.5021308,0.07547809,0.5163209835688273,R1_FLOOD_LEVEL,1,1,0,0,0
2023-10-11,8.96209,76.87268,8.96209_76.87268,Kollam,2023-10-11,0.59515536,0.1883367,0.5719000895818075,R1_FLOOD_LEVEL,1,1,0,0,0
2023-10-12,8.96209,76.87268,8.96209_76.87268,Kollam,2023-10-12,0.64222354,0.6253332,0.6923548181851705,R1_FLOOD_LEVEL|R2_LANDSLIDE_LEVEL|R4_RISING_FLOOD|R5_RISING_LANDSLIDE|R7_JOINT_MODERATE,5,1,1,0,0
2023-10-13,8.96209,76.87268,8.96209_76.87268,Kollam,2023-10-13,0.6359505,0.10308863,0.736945112546285,R1_FLOOD_LEVEL|R3_SUSTAINED_JOINT|R4_RISING_FLOOD|R5_RISING_LANDSLIDE|R7_JOINT_MODERATE,5,1,0,0,0
2023-10-14,8.96209,76.87268,8.96209_76.87268,Kollam,2023-10-14,0.6432827,0.3846758,0.7733120322227478,R1_FLOOD_LEVEL|R3_SUSTAINED_JOINT|R4_RISING_FLOOD|R5_RISING_LANDSLIDE|R7_JOINT_MODERATE,5,1,0,0,0
2023-10-15,8.96209,76.87268,8.96209_76.87268,Kollam,2023-10-15,0.6449054,0.235936,0.727556029955546,R1_FLOOD_LEVEL|R3_SUSTAINED_JOINT|R4_RISING_FLOOD|R7_JOINT_MODERATE,4,1,0,0,0
2023-10-16,8.96209,76.87268,8.96209_76.87268,Kollam,2023-10-16,0.6284251,0.12440256,0.7279460628827413,R1_FLOOD_LEVEL|R3_SUSTAINED_JOINT|R7_JOINT_MODERATE,3,1,0,0,0
2023-10-17,8.96209,76.87268,8.96209_76.87268,Kollam,2023-10-17,0.64222354,0.21401675,0.707376221815745,R1_FLOOD_LEVEL|R3_SUSTAINED_JOINT|R7_JOINT_MODERATE,3,1,0,0,0
2023-10-18,8.96209,76.87268,8.96209_76.87268,Kollam,2023-10-18,0.64792067,0.17148384,0.7005800803502401,R1_FLOOD_LEVEL|R3_SUSTAINED_JOINT|R7_JOINT_MODERATE,3,1,0,0,0
2023-10-19,8.96209,76.87268,8.96209_76.87268,Kollam,2023-10-19,0.6359505,0.11031192,0.7010665933291117,R1_FLOOD_LEVEL|R3_SUSTAINED_JOINT|R7_JOINT_MODERATE,3,1,0,0,0
2023-10-20,8.96209,76.87268,8.96209_76.87268,Kollam,2023-10-20,0.6359505,0.1305683,0.6892966429392496,R1_FLOOD_LEVEL|R3_SUSTAINED_JOINT,2,1,0,0,0
2023-10-21,8.96209,76.87268,8.96209_76.87268,Kollam,2023-10-21,0.6359505,0.07529301,0.6743180751800537,R1_FLOOD_LEVEL,1,1,0,0,0
2023-10-22,8.96209,76.87268,8.96209_76.87268,Kollam,2023-10-22,0.6359505,0.07824731,0.6704270442326864,R1_FLOOD_LEVEL,1,1,0,0,0
2023-10-23,8.96209,76.87268,8.96209_76.87268,Kollam,2023-10-23,0.64222354,0.1685906,0.6767795284589132,R1_FLOOD_LEVEL,1,1,0,0,0
2023-10-24,8.96209,76.87268,8.96209_76.87268,Kollam,2023-10-24,0.62119275,0.0941401,0.674610455830892,R1_FLOOD_LEVEL,1,1,0,0,0
2023-10-25,8.96209,76.87268,8.96209_76.87268,Kollam,2023-10-25,0.5856643,0.1001855,0.6621899008750916,R1_FLOOD_LEVEL,1,1,0,0,0
2023-10-26,8.96209,76.87268,8.96209_76.87268,Kollam,2023-10-26,0.5856643,0.13086301,0.641304632027944,R1_FLOOD_LEVEL,1,1,0,0,0
2023-10-27,8.96209,76.87268,8.96209_76.87268,Kollam,2023-10-27,0.61500657,0.13066736,0.6441242893536886,R1_FLOOD_LEVEL,1,1,0,0,0
2023-10-28,8.96209,76.87268,8.96209_76.87268,Kollam,2023-10-28,0.53862983,0.14178921,0.6364151040712992,R1_FLOOD_LEVEL,1,1,0,0,0
2023-10-29,8.96209,76.87268,8.96209_76.87268,Kollam,2023-10-29,0.55255055,0.22581245,0.6409833431243896,R1_FLOOD_LEVEL|R7_JOINT_MODERATE,2,1,0,0,0
2023-10-30,8.96209,76.87268,8.96209_76.87268,Kollam,2023-10-30,0.5842093,0.31734315,0.6579316854476929,R1_FLOOD_LEVEL|R5_RISING_LANDSLIDE|R7_JOINT_MODERATE,3,1,0,0,0
2023-10-31,8.96209,76.87268,8.96209_76.87268,Kollam,2023-10-31,0.5734069,0.1120837,0.6636562943458557,R1_FLOOD_LEVEL|R5_RISING_LANDSLIDE|R7_JOINT_MODERATE,3,1,0,0,0
2023-11-01,8.96209,76.87268,8.96209_76.87268,Kollam,2023-11-01,0.5734069,0.111776344,0.6528228720029196,R1_FLOOD_LEVEL|R7_JOINT_MODERATE,2,1,0,0,0
2023-11-02,8.96209,76.87268,8.96209_76.87268,Kollam,2023-11-02,0.5804322,0.2713171,0.6455263495445251,R1_FLOOD_LEVEL|R7_JOINT_MODERATE,2,1,0,0,0
2023-11-03,8.96209,76.87268,8.96209_76.87268,Kollam,2023-11-03,0.5734069,0.115992025,0.6460821032524109,R1_FLOOD_LEVEL|R7_JOINT_MODERATE,2,1,0,0,0
2023-11-04,8.96209,76.87268,8.96209_76.87268,Kollam,2023-11-04,0.5804322,0.75134295,0.7376092871030172,R1_FLOOD_LEVEL|R2_LANDSLIDE_LEVEL|R5_RISING_LANDSLIDE|R7_JOINT_MODERATE,4,1,1,0,0
2023-11-05,8.96209,76.87268,8.96209_76.87268,Kollam,2023-11-05,0.57758814,0.16227633,0.7215651075045267,R1_FLOOD_LEVEL|R3_SUSTAINED_JOINT|R5_RISING_LANDSLIDE|R7_JOINT_MODERATE,4,1,0,0,0
2023-11-06,8.96209,76.87268,8.96209_76.87268,Kollam,2023-11-06,0.57758814,0.1394531,0.7261006037394205,R1_FLOOD_LEVEL|R3_SUSTAINED_JOINT|R5_RISING_LANDSLIDE|R7_JOINT_MODERATE,4,1,0,0,0
2023-11-07,8.96209,76.87268,8.96209_76.87268,Kollam,2023-11-07,0.64222354,0.28576255,0.6756976445515951,R1_FLOOD_LEVEL|R7_JOINT_MODERATE,2,1,0,0,0
2023-11-08,8.96209,76.87268,8.96209_76.87268,Kollam,2023-11-08,0.6359505,0.12268036,0.6871898571650187,R1_FLOOD_LEVEL|R7_JOINT_MODERATE,2,1,0,0,0
2023-11-09,8.96209,76.87268,8.96209_76.87268,Kollam,2023-11-09,0.64222354,0.147568,0.7066982388496399,R1_FLOOD_LEVEL|R4_RISING_FLOOD|R7_JOINT_MODERATE,3,1,0,0,0
2023-11-10,8.96209,76.87268,8.96209_76.87268,Kollam,2023-11-10,0.57758814,0.11782883,0.6676641901334127,R1_FLOOD_LEVEL,1,1,0,0,0
2023-11-11,8.96209,76.87268,8.96209_76.87268,Kollam,2023-11-11,0.59224826,0.16798258,0.66104127963384,R1_FLOOD_LEVEL,1,1,0,0,0
2023-11-12,8.96209,76.87268,8.96209_76.87268,Kollam,2023-11-12,0.57758814,0.090333484,0.6346166729927063,R1_FLOOD_LEVEL,1,1,0,0,0
2023-11-13,8.96209,76.87268,8.96209_76.87268,Kollam,2023-11-13,0.545424,0.07780176,0.6190934379895529,R1_FLOOD_LEVEL,1,1,0,0,0
2023-11-19,8.96209,76.87268,8.96209_76.87268,Kollam,2023-11-19,0.5733028,0.20373845,0.5854167540868124,R1_FLOOD_LEVEL,1,1,0,0,0
2023-11-22,8.96209,76.87268,8.96209_76.87268,Kollam,2023-11-22,0.50223947,0.30494732,0.5613303979237875,R1_FLOOD_LEVEL,1,1,0,0,0
2023-11-23,8.96209,76.87268,8.96209_76.87268,Kollam,2023-11-23,0.62137645,0.17176819,0.6403001546859741,R1_FLOOD_LEVEL|R4_RISING_FLOOD|R5_RISING_LANDSLIDE|R7_JOINT_MODERATE,4,1,0,0,0
2024-05-13,8.96209,76.87268,8.96209_76.87268,Kollam,2024-05-13,0.5567078,0.13117242,0.5473718245824178,R1_FLOOD_LEVEL,1,1,0,0,0
2024-05-14,8.96209,76.87268,8.96209_76.87268,Kollam,2024-05-14,0.5896005,0.13057113,0.5871709982554117,R1_FLOOD_LEVEL|R4_RISING_FLOOD,2,1,0,0,0
2024-05-15,8.96209,76.87268,8.96209_76.87268,Kollam,2024-05-15,0.57244545,0.12685935,0.6282423734664917,R1_FLOOD_LEVEL|R4_RISING_FLOOD,2,1,0,0,0
2024-05-16,8.96209,76.87268,8.96209_76.87268,Kollam,2024-05-16,0.5734732,0.21155119,0.6445256868998209,R1_FLOOD_LEVEL|R4_RISING_FLOOD,2,1,0,0,0
2024-05-17,8.96209,76.87268,8.96209_76.87268,Kollam,2024-05-17,0.5734732,0.14108783,0.641347070535024,R1_FLOOD_LEVEL,1,1,0,0,0
2024-05-18,8.96209,76.87268,8.96209_76.87268,Kollam,2024-05-18,0.5734732,0.31987318,0.6690880457560221,R1_FLOOD_LEVEL|R5_RISING_LANDSLIDE|R6_ENV_PRECURSOR|R7_JOINT_MODERATE,4,1,0,0,0
2024-05-19,8.96209,76.87268,8.96209_76.87268,Kollam,2024-05-19,0.59329313,0.42919347,0.7038025856018066,R1_FLOOD_LEVEL|R5_RISING_LANDSLIDE|R7_JOINT_MODERATE,3,1,0,0,0
2024-05-20,8.96209,76.87268,8.96209_76.87268,Kollam,2024-05-20,0.60177344,0.401467,0.7464683453241984,R1_FLOOD_LEVEL|R3_SUSTAINED_JOINT|R5_RISING_LANDSLIDE|R7_JOINT_MODERATE,4,1,0,0,0
2024-05-21,8.96209,76.87268,8.96209_76.87268,Kollam,2024-05-21,0.586931,0.19167116,0.731867253780365,R1_FLOOD_LEVEL|R3_SUSTAINED_JOINT|R5_RISING_LANDSLIDE|R7_JOINT_MODERATE,4,1,0,0,0
2024-05-22,8.96209,76.87268,8.96209_76.87268,Kollam,2024-05-22,0.5938913,0.36691406,0.7235503196716309,R1_FLOOD_LEVEL|R3_SUSTAINED_JOINT|R7_JOINT_MODERATE,3,1,0,0,0
2024-05-23,8.96209,76.87268,8.96209_76.87268,Kollam,2024-05-23,0.628358,0.50241274,0.7413594722747803,R1_FLOOD_LEVEL|R2_LANDSLIDE_LEVEL|R3_SUSTAINED_JOINT|R7_JOINT_MODERATE,4,1,1,0,0
2024-05-24,8.96209,76.87268,8.96209_76.87268,Kollam,2024-05-24,0.62824553,0.78424484,0.8259220123291016,R1_FLOOD_LEVEL|R2_LANDSLIDE_LEVEL|R3_SUSTAINED_JOINT|R5_RISING_LANDSLIDE|R6_ENV_PRECURSOR|R7_JOINT_MODERATE,6,1,1,0,0
2024-05-25,8.96209,76.87268,8.96209_76.87268,Kollam,2024-05-25,0.62887514,0.45510054,0.8442140022913615,R1_FLOOD_LEVEL|R3_SUSTAINED_JOINT|R5_RISING_LANDSLIDE|R6_ENV_PRECURSOR|R7_JOINT_MODERATE,5,1,0,0,0
2024-05-26,8.96209,76.87268,8.96209_76.87268,Kollam,2024-05-26,0.6218717,0.2239506,0.8080400427182516,R1_FLOOD_LEVEL|R3_SUSTAINED_JOINT|R5_RISING_LANDSLIDE|R7_JOINT_MODERATE,4,1,0,0,0
2024-05-27,8.96209,76.87268,8.96209_76.87268,Kollam,2024-05-27,0.620557,0.26514605,0.7418309648831686,R1_FLOOD_LEVEL|R3_SUSTAINED_JOINT|R7_JOINT_MODERATE,3,1,0,0,0
2024-05-28,8.96209,76.87268,8.96209_76.87268,Kollam,2024-05-28,0.6354241,0.7415323,0.7778291900952657,R1_FLOOD_LEVEL|R2_LANDSLIDE_LEVEL|R3_SUSTAINED_JOINT|R7_JOINT_MODERATE,4,1,1,0,0
2024-05-29,8.96209,76.87268,8.96209_76.87268,Kollam,2024-05-29,0.64715695,0.16564335,0.777512272198995,R1_FLOOD_LEVEL|R3_SUSTAINED_JOINT|R7_JOINT_MODERATE,3,1,0,0,0
2024-05-30,8.96209,76.87268,8.96209_76.87268,Kollam,2024-05-30,0.6151873,0.15190189,0.7616710265477499,R1_FLOOD_LEVEL|R3_SUSTAINED_JOINT|R7_JOINT_MODERATE,3,1,0,0,0
2024-05-31,8.96209,76.87268,8.96209_76.87268,Kollam,2024-05-31,0.6151873,0.09377375,0.6768389145533243,R1_FLOOD_LEVEL,1,1,0,0,0
2024-06-01,8.96209,76.87268,8.96209_76.87268,Kollam,2024-06-01,0.6151873,0.2312936,0.6763685743014017,R1_FLOOD_LEVEL,1,1,0,0,0
2024-06-02,8.96209,76.87268,8.96209_76.87268,Kollam,2024-06-02,0.60739744,0.2594765,0.6882444024085999,R1_FLOOD_LEVEL|R7_JOINT_MODERATE,2,1,0,0,0
2024-06-03,8.96209,76.87268,8.96209_76.87268,Kollam,2024-06-03,0.60739744,0.15272616,0.6936062574386597,R1_FLOOD_LEVEL|R5_RISING_LANDSLIDE|R7_JOINT_MODERATE,3,1,0,0,0
2024-06-04,8.96209,76.87268,8.96209_76.87268,Kollam,2024-06-04,0.60739744,0.12234354,0.6773521900177002,R1_FLOOD_LEVEL|R7_JOINT_MODERATE,2,1,0,0,0
2024-06-05,8.96209,76.87268,8.96209_76.87268,Kollam,2024-06-05,0.61554873,0.08601029,0.657134493192037,R1_FLOOD_LEVEL,1,1,0,0,0
2024-06-06,8.96209,76.87268,8.96209_76.87268,Kollam,2024-06-06,0.61554873,0.18508306,0.6635831594467163,R1_FLOOD_LEVEL,1,1,0,0,0
2024-06-07,8.96209,76.87268,8.96209_76.87268,Kollam,2024-06-07,0.608715,0.542896,0.7188205718994141,R1_FLOOD_LEVEL|R2_LANDSLIDE_LEVEL|R5_RISING_LANDSLIDE|R7_JOINT_MODERATE,4,1,1,0,0
2024-06-08,8.96209,76.87268,8.96209_76.87268,Kollam,2024-06-08,0.60739744,0.15729591,0.7256661653518677,R1_FLOOD_LEVEL|R3_SUSTAINED_JOINT|R5_RISING_LANDSLIDE|R7_JOINT_MODERATE,4,1,0,0,0
2024-06-09,8.96209,76.87268,8.96209_76.87268,Kollam,2024-06-09,0.6151873,0.17583069,0.72438116868337,R1_FLOOD_LEVEL|R3_SUSTAINED_JOINT|R5_RISING_LANDSLIDE|R7_JOINT_MODERATE,4,1,0,0,0
2024-06-10,8.96209,76.87268,8.96209_76.87268,Kollam,2024-06-10,0.6151873,0.114285365,0.6703890562057495,R1_FLOOD_LEVEL,1,1,0,0,0
2024-06-11,8.96209,76.87268,8.96209_76.87268,Kollam,2024-06-11,0.6005129,0.093306854,0.6599342425664266,R1_FLOOD_LEVEL,1,1,0,0,0
2024-06-12,8.96209,76.87268,8.96209_76.87268,Kollam,2024-06-12,0.60739744,0.14765704,0.6541071732838949,R1_FLOOD_LEVEL,1,1,0,0,0
2024-06-13,8.96209,76.87268,8.96209_76.87268,Kollam,2024-06-13,0.6005129,0.09969211,0.6478314797083536,R1_FLOOD_LEVEL,1,1,0,0,0
2024-06-14,8.96209,76.87268,8.96209_76.87268,Kollam,2024-06-14,0.5852554,0.11261092,0.6458889245986938,R1_FLOOD_LEVEL,1,1,0,0,0
2024-06-15,8.96209,76.87268,8.96209_76.87268,Kollam,2024-06-15,0.5852554,0.08046789,0.630309263865153,R1_FLOOD_LEVEL,1,1,0,0,0
2024-06-16,8.96209,76.87268,8.96209_76.87268,Kollam,2024-06-16,0.59222436,0.10150414,0.6280681292215983,R1_FLOOD_LEVEL,1,1,0,0,0
2024-06-17,8.96209,76.87268,8.96209_76.87268,Kollam,2024-06-17,0.56730443,0.09897335,0.6207913160324097,R1_FLOOD_LEVEL,1,1,0,0,0
2024-06-18,8.96209,76.87268,8.96209_76.87268,Kollam,2024-06-18,0.5794867,0.15326874,0.6292277574539185,R1_FLOOD_LEVEL,1,1,0,0,0
2024-06-19,8.96209,76.87268,8.96209_76.87268,Kollam,2024-06-19,0.60739744,0.1596394,0.6413801113764445,R1_FLOOD_LEVEL,1,1,0,0,0
2024-06-20,8.96209,76.87268,8.96209_76.87268,Kollam,2024-06-20,0.6110944,0.14518684,0.6605230172475179,R1_FLOOD_LEVEL,1,1,0,0,0
2024-06-21,8.96209,76.87268,8.96209_76.87268,Kollam,2024-06-21,0.50130713,0.18417808,0.6435953974723816,R1_FLOOD_LEVEL|R7_JOINT_MODERATE,2,1,0,0,0
2024-06-24,8.96209,76.87268,8.96209_76.87268,Kollam,2024-06-24,0.50223947,0.12902208,0.5124335686365763,R1_FLOOD_LEVEL,1,1,0,0,0
2024-06-25,8.96209,76.87268,8.96209_76.87268,Kollam,2024-06-25,0.61895263,0.45536932,0.6045820315678915,R1_FLOOD_LEVEL,1,1,0,0,0
2024-06-26,8.96209,76.87268,8.96209_76.87268,Kollam,2024-06-26,0.64222354,0.49854228,0.7265072464942932,R1_FLOOD_LEVEL|R4_RISING_FLOOD|R5_RISING_LANDSLIDE|R7_JOINT_MODERATE,4,1,0,0,0
2024-06-27,8.96209,76.87268,8.96209_76.87268,Kollam,2024-06-27,0.64222354,0.2337715,0.7796405553817749,R1_FLOOD_LEVEL|R3_SUSTAINED_JOINT|R4_RISING_FLOOD|R5_RISING_LANDSLIDE|R7_JOINT_MODERATE,5,1,0,0,0
2024-06-28,8.96209,76.87268,8.96209_76.87268,Kollam,2024-06-28,0.64222354,0.15019786,0.7474708358446757,R1_FLOOD_LEVEL|R3_SUSTAINED_JOINT|R4_RISING_FLOOD|R5_RISING_LANDSLIDE|R7_JOINT_MODERATE,5,1,0,0,0
2024-06-29,8.96209,76.87268,8.96209_76.87268,Kollam,2024-06-29,0.6110944,0.108989105,0.6917677124341329,R1_FLOOD_LEVEL|R3_SUSTAINED_JOINT|R7_JOINT_MODERATE,3,1,0,0,0
2024-06-30,8.96209,76.87268,8.96209_76.87268,Kollam,2024-06-30,0.60739744,0.15525068,0.6725969711939493,R1_FLOOD_LEVEL,1,1,0,0,0
2024-07-01,8.96209,76.87268,8.96209_76.87268,Kollam,2024-07-01,0.6005129,0.27014,0.6767535010973612,R1_FLOOD_LEVEL|R7_JOINT_MODERATE,2,1,0,0,0
2024-07-02,8.96209,76.87268,8.96209_76.87268,Kollam,2024-07-02,0.5842093,0.44847172,0.715819776058197,R1_FLOOD_LEVEL|R5_RISING_LANDSLIDE|R7_JOINT_MODERATE,3,1,0,0,0
2024-07-03,8.96209,76.87268,8.96209_76.87268,Kollam,2024-07-03,0.5526851,0.12309675,0.6956193844477335,R1_FLOOD_LEVEL|R3_SUSTAINED_JOINT|R5_RISING_LANDSLIDE|R7_JOINT_MODERATE,4,1,0,0,0
2024-07-04,8.96209,76.87268,8.96209_76.87268,Kollam,2024-07-04,0.6005129,0.16832243,0.6820611357688904,R1_FLOOD_LEVEL|R5_RISING_LANDSLIDE|R7_JOINT_MODERATE,3,1,0,0,0
2024-07-05,8.96209,76.87268,8.96209_76.87268,Kollam,2024-07-05,0.60739744,0.2851027,0.6649443904558817,R1_FLOOD_LEVEL|R7_JOINT_MODERATE,2,1,0,0,0
2024-07-06,8.96209,76.87268,8.96209_76.87268,Kollam,2024-07-06,0.61500657,0.20977636,0.694284717241923,R1_FLOOD_LEVEL|R7_JOINT_MODERATE,2,1,0,0,0
2024-07-07,8.96209,76.87268,8.96209_76.87268,Kollam,2024-07-07,0.5842093,0.15997879,0.6886085271835327,R1_FLOOD_LEVEL|R7_JOINT_MODERATE,2,1,0,0,0
2024-07-08,8.96209,76.87268,8.96209_76.87268,Kollam,2024-07-08,0.5842093,0.14333689,0.6634345253308614,R1_FLOOD_LEVEL|R7_JOINT_MODERATE,2,1,0,0,0
2024-07-09,8.96209,76.87268,8.96209_76.87268,Kollam,2024-07-09,0.5804322,0.08597336,0.637012779712677,R1_FLOOD_LEVEL,1,1,0,0,0
2024-07-10,8.96209,76.87268,8.96209_76.87268,Kollam,2024-07-10,0.5046662,0.16569562,0.6156840523084005,R1_FLOOD_LEVEL,1,1,0,0,0
2024-07-12,8.96209,76.87268,8.96209_76.87268,Kollam,2024-07-12,0.5293804,0.23745602,0.5825356841087341,R1_FLOOD_LEVEL,1,1,0,0,0
2024-07-13,8.96209,76.87268,8.96209_76.87268,Kollam,2024-07-13,0.5842093,0.38836113,0.6355174779891968,R1_FLOOD_LEVEL|R5_RISING_LANDSLIDE,2,1,0,0,0
2024-07-14,8.96209,76.87268,8.96209_76.87268,Kollam,2024-07-14,0.5842093,0.23027903,0.6889250874519348,R1_FLOOD_LEVEL|R4_RISING_FLOOD|R5_RISING_LANDSLIDE|R7_JOINT_MODERATE,4,1,0,0,0
2024-07-15,8.96209,76.87268,8.96209_76.87268,Kollam,2024-07-15,0.60739744,0.73877263,0.7743616104125977,R1_FLOOD_LEVEL|R2_LANDSLIDE_LEVEL|R3_SUSTAINED_JOINT|R4_RISING_FLOOD|R5_RISING_LANDSLIDE|R7_JOINT_MODERATE,6,1,1,0,0
2024-07-16,8.96209,76.87268,8.96209_76.87268,Kollam,2024-07-16,0.64222354,0.5089727,0.8005735278129578,R1_FLOOD_LEVEL|R2_LANDSLIDE_LEVEL|R3_SUSTAINED_JOINT|R4_RISING_FLOOD|R5_RISING_LANDSLIDE|R7_JOINT_MODERATE,6,1,1,0,0
2024-07-17,8.96209,76.87268,8.96209_76.87268,Kollam,2024-07-17,0.64222354,0.6619169,0.8669350941975912,R1_FLOOD_LEVEL|R2_LANDSLIDE_LEVEL|R3_SUSTAINED_JOINT|R4_RISING_FLOOD|R5_RISING_LANDSLIDE|R7_JOINT_MODERATE,6,1,1,0,0
2024-07-18,8.96209,76.87268,8.96209_76.87268,Kollam,2024-07-18,0.6358212,0.22521779,0.8070682088534037,R1_FLOOD_LEVEL|R3_SUSTAINED_JOINT|R7_JOINT_MODERATE,3,1,0,0,0
2024-07-19,8.96209,76.87268,8.96209_76.87268,Kollam,2024-07-19,0.62804055,0.4718583,0.8001451094945272,R1_FLOOD_LEVEL|R3_SUSTAINED_JOINT|R7_JOINT_MODERATE,3,1,0,0,0
2024-07-20,8.96209,76.87268,8.96209_76.87268,Kollam,2024-07-20,0.62804055,0.29762885,0.7533799608548483,R1_FLOOD_LEVEL|R3_SUSTAINED_JOINT|R7_JOINT_MODERATE,3,1,0,0,0
2024-07-21,8.96209,76.87268,8.96209_76.87268,Kollam,2024-07-21,0.6110944,0.27180913,0.7530338565508524,R1_FLOOD_LEVEL|R3_SUSTAINED_JOINT|R7_JOINT_MODERATE,3,1,0,0,0
2024-07-22,8.96209,76.87268,8.96209_76.87268,Kollam,2024-07-22,0.6151873,0.27052948,0.7249464591344198,R1_FLOOD_LEVEL|R3_SUSTAINED_JOINT|R7_JOINT_MODERATE,3,1,0,0,0
2024-07-23,8.96209,76.87268,8.96209_76.87268,Kollam,2024-07-23,0.6151873,0.12050862,0.6992178360621134,R1_FLOOD_LEVEL|R3_SUSTAINED_JOINT|R7_JOINT_MODERATE,3,1,0,0,0
2024-07-24,8.96209,76.87268,8.96209_76.87268,Kollam,2024-07-24,0.6151873,0.16580784,0.6866144339243571,R1_FLOOD_LEVEL|R7_JOINT_MODERATE,2,1,0,0,0
2024-07-25,8.96209,76.87268,8.96209_76.87268,Kollam,2024-07-25,0.6151873,0.18807244,0.676037589708964,R1_FLOOD_LEVEL,1,1,0,0,0
2024-07-26,8.96209,76.87268,8.96209_76.87268,Kollam,2024-07-26,0.5883945,0.14072812,0.670957068602244,R1_FLOOD_LEVEL|R7_JOINT_MODERATE,2,1,0,0,0
2024-07-27,8.96209,76.87268,8.96209_76.87268,Kollam,2024-07-27,0.5842093,0.14651464,0.6596692204475403,R1_FLOOD_LEVEL,1,1,0,0,0
2024-07-28,8.96209,76.87268,8.96209_76.87268,Kollam,2024-07-28,0.5804322,0.12396289,0.641296903292338,R1_FLOOD_LEVEL,1,1,0,0,0
2024-07-29,8.96209,76.87268,8.96209_76.87268,Kollam,2024-07-29,0.64222354,0.32091567,0.6782037814458212,R1_FLOOD_LEVEL|R7_JOINT_MODERATE,2,1,0,0,0
2024-07-30,8.96209,76.87268,8.96209_76.87268,Kollam,2024-07-30,0.64222354,0.38141194,0.7227221131324768,R1_FLOOD_LEVEL|R5_RISING_LANDSLIDE|R7_JOINT_MODERATE,3,1,0,0,0
2024-07-31,8.96209,76.87268,8.96209_76.87268,Kollam,2024-07-31,0.64222354,0.24033415,0.7546442548433939,R1_FLOOD_LEVEL|R3_SUSTAINED_JOINT|R4_RISING_FLOOD|R5_RISING_LANDSLIDE|R7_JOINT_MODERATE,5,1,0,0,0
2024-08-01,8.96209,76.87268,8.96209_76.87268,Kollam,2024-08-01,0.64222354,0.19991441,0.7402137915293375,R1_FLOOD_LEVEL|R3_SUSTAINED_JOINT|R5_RISING_LANDSLIDE|R7_JOINT_MODERATE,4,1,0,0,0
2024-08-02,8.96209,76.87268,8.96209_76.87268,Kollam,2024-08-02,0.6358212,0.14094926,0.7097031871477762,R1_FLOOD_LEVEL|R3_SUSTAINED_JOINT|R7_JOINT_MODERATE,3,1,0,0,0
2024-08-03,8.96209,76.87268,8.96209_76.87268,Kollam,2024-08-03,0.61629194,0.1320877,0.6892917156219482,R1_FLOOD_LEVEL|R3_SUSTAINED_JOINT,2,1,0,0,0
2024-08-04,8.96209,76.87268,8.96209_76.87268,Kollam,2024-08-04,0.5297447,0.1320877,0.6486621896425883,R1_FLOOD_LEVEL,1,1,0,0,0
2024-08-05,8.96209,76.87268,8.96209_76.87268,Kollam,2024-08-05,0.48643845,0.25435278,0.6252996325492859,R7_JOINT_MODERATE,1,0,0,0,0
2024-08-06,8.96209,76.87268,8.96209_76.87268,Kollam,2024-08-06,0.545381,0.24401358,0.6217460234959921,R1_FLOOD_LEVEL,1,1,0,0,0
2024-08-07,8.96209,76.87268,8.96209_76.87268,Kollam,2024-08-07,0.5293804,0.26391092,0.6423201560974121,R1_FLOOD_LEVEL|R5_RISING_LANDSLIDE,2,1,0,0,0
2024-08-11,8.96209,76.87268,8.96209_76.87268,Kollam,2024-08-11,0.56849396,0.4197316,0.6314675609270731,R1_FLOOD_LEVEL,1,1,0,0,0
2024-08-12,8.96209,76.87268,8.96209_76.87268,Kollam,2024-08-12,0.5293804,0.21584006,0.6658490896224976,R1_FLOOD_LEVEL|R5_RISING_LANDSLIDE,2,1,0,0,0
2024-08-13,8.96209,76.87268,8.96209_76.87268,Kollam,2024-08-13,0.62804055,0.31446105,0.7085256179173788,R1_FLOOD_LEVEL|R4_RISING_FLOOD|R5_RISING_LANDSLIDE|R7_JOINT_MODERATE,4,1,0,0,0
2024-08-14,8.96209,76.87268,8.96209_76.87268,Kollam,2024-08-14,0.5842093,0.4527746,0.7161449988683065,R1_FLOOD_LEVEL|R3_SUSTAINED_JOINT|R4_RISING_FLOOD|R5_RISING_LANDSLIDE|R7_JOINT_MODERATE,5,1,0,0,0
2024-08-15,8.96209,76.87268,8.96209_76.87268,Kollam,2024-08-15,0.5842093,0.19036058,0.726945181687673,R1_FLOOD_LEVEL|R3_SUSTAINED_JOINT|R4_RISING_FLOOD|R7_JOINT_MODERATE,4,1,0,0,0
2024-08-16,8.96209,76.87268,8.96209_76.87268,Kollam,2024-08-16,0.5842093,0.19793802,0.7007794578870138,R1_FLOOD_LEVEL|R3_SUSTAINED_JOINT|R7_JOINT_MODERATE,3,1,0,0,0
2024-08-17,8.96209,76.87268,8.96209_76.87268,Kollam,2024-08-17,0.5804322,0.5842355,0.7184760570526123,R1_FLOOD_LEVEL|R2_LANDSLIDE_LEVEL|R3_SUSTAINED_JOINT|R7_JOINT_MODERATE,4,1,1,0,0
2024-08-18,8.96209,76.87268,8.96209_76.87268,Kollam,2024-08-18,0.5842093,0.062400494,0.700741191705068,R1_FLOOD_LEVEL|R3_SUSTAINED_JOINT|R7_JOINT_MODERATE,3,1,0,0,0
2024-08-19,8.96209,76.87268,8.96209_76.87268,Kollam,2024-08-19,0.5842093,0.25220168,0.7082619667053223,R1_FLOOD_LEVEL|R3_SUSTAINED_JOINT|R7_JOINT_MODERATE,3,1,0,0,0
2024-08-20,8.96209,76.87268,8.96209_76.87268,Kollam,2024-08-20,0.5804322,0.18312205,0.6521638631820679,R1_FLOOD_LEVEL|R7_JOINT_MODERATE,2,1,0,0,0
2024-08-21,8.96209,76.87268,8.96209_76.87268,Kollam,2024-08-21,0.5842093,0.22485244,0.6746791998545328,R1_FLOOD_LEVEL|R7_JOINT_MODERATE,2,1,0,0,0
2024-08-22,8.96209,76.87268,8.96209_76.87268,Kollam,2024-08-22,0.5842093,0.1364165,0.6586317420005798,R1_FLOOD_LEVEL|R7_JOINT_MODERATE,2,1,0,1,0
2024-08-23,8.96209,76.87268,8.96209_76.87268,Kollam,2024-08-23,0.5842093,0.09836204,0.6479127605756124,R1_FLOOD_LEVEL,1,1,0,0,0
2024-08-24,8.96209,76.87268,8.96209_76.87268,Kollam,2024-08-24,0.5649634,0.12963887,0.6291328072547913,R1_FLOOD_LEVEL,1,1,0,0,0
2024-08-25,8.96209,76.87268,8.96209_76.87268,Kollam,2024-08-25,0.55255055,0.096274234,0.614032248655955,R1_FLOOD_LEVEL,1,1,0,0,0
2024-08-31,8.96209,76.87268,8.96209_76.87268,Kollam,2024-08-31,0.3876613,0.22750692,0.4888080358505249,R5_RISING_LANDSLIDE,1,0,0,0,0
2024-09-01,8.96209,76.87268,8.96209_76.87268,Kollam,2024-09-01,0.39727154,0.10884714,0.4931219220161438,R5_RISING_LANDSLIDE,1,0,0,0,0
2024-09-23,8.96209,76.87268,8.96209_76.87268,Kollam,2024-09-23,0.3970569,0.275774,0.4551939169565837,R5_RISING_LANDSLIDE,1,0,0,0,0
2024-09-24,8.96209,76.87268,8.96209_76.87268,Kollam,2024-09-24,0.37900063,0.15421191,0.48277560869852704,R5_RISING_LANDSLIDE,1,0,0,0,0
2024-09-25,8.96209,76.87268,8.96209_76.87268,Kollam,2024-09-25,0.37003347,0.115402184,0.493610680103302,R5_RISING_LANDSLIDE,1,0,0,0,0
2024-10-02,8.96209,76.87268,8.96209_76.87268,Kollam,2024-10-02,0.5167554,0.110098414,0.47358957926432294,R1_FLOOD_LEVEL,1,1,0,0,0
2024-10-03,8.96209,76.87268,8.96209_76.87268,Kollam,2024-10-03,0.5051047,0.09761866,0.5180773933728536,R1_FLOOD_LEVEL,1,1,0,0,0
2024-10-04,8.96209,76.87268,8.96209_76.87268,Kollam,2024-10-04,0.5225857,0.18004465,0.5773057341575623,R1_FLOOD_LEVEL,1,1,0,0,0
2024-10-05,8.96209,76.87268,8.96209_76.87268,Kollam,2024-10-05,0.5225857,0.1258637,0.581544041633606,R1_FLOOD_LEVEL|R4_RISING_FLOOD,2,1,0,0,0
2024-10-06,8.96209,76.87268,8.96209_76.87268,Kollam,2024-10-06,0.45343748,0.23036037,0.5901867349942526,R5_RISING_LANDSLIDE,1,0,0,0,0
2024-10-08,8.96209,76.87268,8.96209_76.87268,Kollam,2024-10-08,0.5010879,0.13813508,0.5612818996111552,R1_FLOOD_LEVEL,1,1,0,0,0
2024-10-10,8.96209,76.87268,8.96209_76.87268,Kollam,2024-10-10,0.50867796,0.09663141,0.5709824562072754,R1_FLOOD_LEVEL,1,1,0,0,0
2024-10-14,8.96209,76.87268,8.96209_76.87268,Kollam,2024-10-14,0.5299363,0.3757894,0.6166799465815226,R1_FLOOD_LEVEL|R5_RISING_LANDSLIDE,2,1,0,0,0
2024-10-15,8.96209,76.87268,8.96209_76.87268,Kollam,2024-10-15,0.5227606,0.121092856,0.6217907667160034,R1_FLOOD_LEVEL|R5_RISING_LANDSLIDE,2,1,0,0,0
2024-10-16,8.96209,76.87268,8.96209_76.87268,Kollam,2024-10-16,0.5059464,0.16384065,0.6246748765309652,R1_FLOOD_LEVEL,1,1,0,0,0
2024-10-17,8.96209,76.87268,8.96209_76.87268,Kollam,2024-10-17,0.5059464,0.11774127,0.5771867632865906,R1_FLOOD_LEVEL,1,1,0,0,0
2024-10-23,8.96209,76.87268,8.96209_76.87268,Kollam,2024-10-23,0.5344699,0.22757585,0.5742273926734924,R1_FLOOD_LEVEL,1,1,0,0,0
2024-10-24,8.96209,76.87268,8.96209_76.87268,Kollam,2024-10-24,0.61500657,0.14943033,0.6165400942166647,R1_FLOOD_LEVEL|R4_RISING_FLOOD,2,1,0,0,0
2024-10-25,8.96209,76.87268,8.96209_76.87268,Kollam,2024-10-25,0.5842093,0.292665,0.6729487578074137,R1_FLOOD_LEVEL|R4_RISING_FLOOD|R5_RISING_LANDSLIDE|R7_JOINT_MODERATE,4,1,0,0,0
2024-10-26,8.96209,76.87268,8.96209_76.87268,Kollam,2024-10-26,0.5842093,0.12934995,0.6721415917078654,R1_FLOOD_LEVEL|R4_RISING_FLOOD|R7_JOINT_MODERATE,3,1,0,0,0
2024-10-27,8.96209,76.87268,8.96209_76.87268,Kollam,2024-10-27,0.545381,0.1920197,0.658855120340983,R1_FLOOD_LEVEL|R7_JOINT_MODERATE,2,1,0,0,0
2024-10-31,8.96209,76.87268,8.96209_76.87268,Kollam,2024-10-31,0.46035627,0.480445,0.5061165491739908,R5_RISING_LANDSLIDE,1,0,0,0,0
2024-11-01,8.96209,76.87268,8.96209_76.87268,Kollam,2024-11-01,0.49893725,0.17888848,0.568481981754303,R5_RISING_LANDSLIDE,1,0,0,0,0
2024-11-02,8.96209,76.87268,8.96209_76.87268,Kollam,2024-11-02,0.56849396,0.34926713,0.675800621509552,R1_FLOOD_LEVEL|R5_RISING_LANDSLIDE,2,1,0,0,0
2024-11-03,8.96209,76.87268,8.96209_76.87268,Kollam,2024-11-03,0.5842093,0.18977441,0.6569640636444092,R1_FLOOD_LEVEL|R4_RISING_FLOOD|R7_JOINT_MODERATE,3,1,0,0,0
2024-11-04,8.96209,76.87268,8.96209_76.87268,Kollam,2024-11-04,0.545424,0.12050942,0.6608417630195618,R1_FLOOD_LEVEL|R4_RISING_FLOOD|R7_JOINT_MODERATE,3,1,0,0,0
2024-11-05,8.96209,76.87268,8.96209_76.87268,Kollam,2024-11-05,0.5060362,0.084608406,0.6037167310714722,R1_FLOOD_LEVEL,1,1,0,0,0
2024-11-16,8.96209,76.87268,8.96209_76.87268,Kollam,2024-11-16,0.35794383,0.13551155,0.44998576243718463,R5_RISING_LANDSLIDE,1,0,0,0,0
2024-11-27,8.96209,76.87268,8.96209_76.87268,Kollam,2024-11-27,0.45073172,0.15036938,0.5254953702290853,R5_RISING_LANDSLIDE,1,0,0,0,0
2024-11-28,8.96209,76.87268,8.96209_76.87268,Kollam,2024-11-28,0.43476337,0.12955272,0.5368184645970663,R5_RISING_LANDSLIDE,1,0,0,0,0
2023-03-25,9.28512,76.92861,9.28512_76.92861,Pattanamtitta,2023-03-25,0.40538678,0.2292742,0.5133741895357767,R5_RISING_LANDSLIDE,1,0,0,0,0
2023-03-26,9.28512,76.92861,9.28512_76.92861,Pattanamtitta,2023-03-26,0.42850652,0.21168508,0.5429528554280599,R5_RISING_LANDSLIDE,1,0,0,0,0
2023-04-29,9.28512,76.92861,9.28512_76.92861,Pattanamtitta,2023-04-29,0.3605702,0.17457178,0.4643589456876119,R5_RISING_LANDSLIDE,1,0,0,0,0
2023-04-30,9.28512,76.92861,9.28512_76.92861,Pattanamtitta,2023-04-30,0.3605702,0.15748453,0.48117850224177044,R5_RISING_LANDSLIDE,1,0,0,0,0
2023-05-01,9.28512,76.92861,9.28512_76.92861,Pattanamtitta,2023-05-01,0.52468556,0.31231526,0.5355335275332133,R1_FLOOD_LEVEL|R5_RISING_LANDSLIDE,2,1,0,0,0
2023-05-02,9.28512,76.92861,9.28512_76.92861,Pattanamtitta,2023-05-02,0.5589822,0.39429379,0.6224255959192911,R1_FLOOD_LEVEL|R5_RISING_LANDSLIDE|R6_ENV_PRECURSOR,3,1,0,0,0
2023-05-03,9.28512,76.92861,9.28512_76.92861,Pattanamtitta,2023-05-03,0.5589822,0.33863398,0.7047773798306783,R1_FLOOD_LEVEL|R4_RISING_FLOOD|R5_RISING_LANDSLIDE|R6_ENV_PRECURSOR|R7_JOINT_MODERATE,5,1,0,0,0
2023-05-04,9.28512,76.92861,9.28512_76.92861,Pattanamtitta,2023-05-04,0.5589822,0.12807721,0.6855550607045492,R1_FLOOD_LEVEL|R4_RISING_FLOOD|R5_RISING_LANDSLIDE|R7_JOINT_MODERATE,4,1,0,0,0
2023-05-05,9.28512,76.92861,9.28512_76.92861,Pattanamtitta,2023-05-05,0.5589822,0.12856436,0.6464912494023641,R1_FLOOD_LEVEL|R4_RISING_FLOOD|R7_JOINT_MODERATE,3,1,0,0,0
2023-05-06,9.28512,76.92861,9.28512_76.92861,Pattanamtitta,2023-05-06,0.5714509,0.17327057,0.6256179014841715,R1_FLOOD_LEVEL,1,1,0,0,0
2023-05-07,9.28512,76.92861,9.28512_76.92861,Pattanamtitta,2023-05-07,0.5589822,0.18948758,0.6346455812454224,R1_FLOOD_LEVEL|R7_JOINT_MODERATE,2,1,0,0,0
2023-05-08,9.28512,76.92861,9.28512_76.92861,Pattanamtitta,2023-05-08,0.58583575,0.1746396,0.6488068699836731,R1_FLOOD_LEVEL|R7_JOINT_MODERATE,2,1,0,0,0
2023-05-09,9.28512,76.92861,9.28512_76.92861,Pattanamtitta,2023-05-09,0.5368191,0.2398768,0.649546762307485,R1_FLOOD_LEVEL|R7_JOINT_MODERATE,2,1,0,0,0
2023-05-10,9.28512,76.92861,9.28512_76.92861,Pattanamtitta,2023-05-10,0.5714886,0.10908177,0.6414407094319662,R1_FLOOD_LEVEL|R7_JOINT_MODERATE,2,1,0,0,0
2023-05-11,9.28512,76.92861,9.28512_76.92861,Pattanamtitta,2023-05-11,0.5734732,0.14159763,0.6333417693773905,R1_FLOOD_LEVEL|R7_JOINT_MODERATE,2,1,0,0,0
2023-05-12,9.28512,76.92861,9.28512_76.92861,Pattanamtitta,2023-05-12,0.57515836,0.09719472,0.6228501796722412,R1_FLOOD_LEVEL,1,1,0,0,0
2023-05-13,9.28512,76.92861,9.28512_76.92861,Pattanamtitta,2023-05-13,0.56101966,0.0986616,0.6182164351145426,R1_FLOOD_LEVEL,1,1,0,0,0
2023-05-14,9.28512,76.92861,9.28512_76.92861,Pattanamtitta,2023-05-14,0.56101966,0.09763599,0.6082202792167664,R1_FLOOD_LEVEL,1,1,0,0,0
2023-05-15,9.28512,76.92861,9.28512_76.92861,Pattanamtitta,2023-05-15,0.56101966,0.07730721,0.601055383682251,R1_FLOOD_LEVEL,1,1,0,0,0
2023-05-16,9.28512,76.92861,9.28512_76.92861,Pattanamtitta,2023-05-16,0.5717525,0.078045614,0.6013370951016744,R1_FLOOD_LEVEL,1,1,0,0,0
2023-05-17,9.28512,76.92861,9.28512_76.92861,Pattanamtitta,2023-05-17,0.5255978,0.12131101,0.5944264531135559,R1_FLOOD_LEVEL,1,1,0,0,0
2023-05-18,9.28512,76.92861,9.28512_76.92861,Pattanamtitta,2023-05-18,0.5451366,0.14666218,0.600057045618693,R1_FLOOD_LEVEL,1,1,0,0,0
2023-05-19,9.28512,76.92861,9.28512_76.92861,Pattanamtitta,2023-05-19,0.53642994,0.14101425,0.5989319086074829,R1_FLOOD_LEVEL,1,1,0,0,0
2023-05-20,9.28512,76.92861,9.28512_76.92861,Pattanamtitta,2023-05-20,0.5565911,0.12748261,0.6089219252268473,R1_FLOOD_LEVEL,1,1,0,0,0
2023-05-21,9.28512,76.92861,9.28512_76.92861,Pattanamtitta,2023-05-21,0.5163697,0.12559023,0.597342292467753,R1_FLOOD_LEVEL,1,1,0,0,0
2023-05-22,9.28512,76.92861,9.28512_76.92861,Pattanamtitta,2023-05-22,0.5152108,0.25494075,0.6096767783164978,R1_FLOOD_LEVEL,1,1,0,0,0
2023-05-23,9.28512,76.92861,9.28512_76.92861,Pattanamtitta,2023-05-23,0.5441524,0.22113806,0.6202899813652039,R1_FLOOD_LEVEL,1,1,0,0,0
2023-05-24,9.28512,76.92861,9.28512_76.92861,Pattanamtitta,2023-05-24,0.53264624,0.22204456,0.6400602261225382,R1_FLOOD_LEVEL|R5_RISING_LANDSLIDE,2,1,0,0,0
2023-05-25,9.28512,76.92861,9.28512_76.92861,Pattanamtitta,2023-05-25,0.531491,0.17770131,0.6320409774780273,R1_FLOOD_LEVEL|R7_JOINT_MODERATE,2,1,0,0,0
2023-05-26,9.28512,76.92861,9.28512_76.92861,Pattanamtitta,2023-05-26,0.53264624,0.14994511,0.6179629762967428,R1_FLOOD_LEVEL,1,1,0,0,0
2023-05-27,9.28512,76.92861,9.28512_76.92861,Pattanamtitta,2023-05-27,0.53264624,0.17445584,0.6105493704477946,R1_FLOOD_LEVEL,1,1,0,0,0
2023-05-28,9.28512,76.92861,9.28512_76.92861,Pattanamtitta,2023-05-28,0.5163697,0.23139618,0.6150608062744141,R1_FLOOD_LEVEL,1,1,0,0,0
2023-05-29,9.28512,76.92861,9.28512_76.92861,Pattanamtitta,2023-05-29,0.5345051,0.2570246,0.6322025060653687,R1_FLOOD_LEVEL,1,1,0,0,0
2023-05-30,9.28512,76.92861,9.28512_76.92861,Pattanamtitta,2023-05-30,0.5252687,0.19153799,0.6328754822413126,R1_FLOOD_LEVEL,1,1,0,0,0
2023-05-31,9.28512,76.92861,9.28512_76.92861,Pattanamtitta,2023-05-31,0.5731571,0.5892525,0.6983406146367391,R1_FLOOD_LEVEL|R2_LANDSLIDE_LEVEL|R5_RISING_LANDSLIDE|R7_JOINT_MODERATE,4,1,1,0,0
2023-06-01,9.28512,76.92861,9.28512_76.92861,Pattanamtitta,2023-06-01,0.5734732,0.21460538,0.7019604245821635,R1_FLOOD_LEVEL|R3_SUSTAINED_JOINT|R5_RISING_LANDSLIDE|R7_JOINT_MODERATE,4,1,0,0,0
2023-06-02,9.28512,76.92861,9.28512_76.92861,Pattanamtitta,2023-06-02,0.5734732,0.17094755,0.7120234767595927,R1_FLOOD_LEVEL|R3_SUSTAINED_JOINT|R5_RISING_LANDSLIDE|R7_JOINT_MODERATE,4,1,0,0,0
2023-06-03,9.28512,76.92861,9.28512_76.92861,Pattanamtitta,2023-06-03,0.5731571,0.5755504,0.7100739280382792,R1_FLOOD_LEVEL|R2_LANDSLIDE_LEVEL|R3_SUSTAINED_JOINT|R7_JOINT_MODERATE,4,1,1,0,0
2023-06-04,9.28512,76.92861,9.28512_76.92861,Pattanamtitta,2023-06-04,0.5731571,0.16548681,0.7030025124549866,R1_FLOOD_LEVEL|R3_SUSTAINED_JOINT|R7_JOINT_MODERATE,3,1,0,0,0
2023-06-05,9.28512,76.92861,9.28512_76.92861,Pattanamtitta,2023-06-05,0.5586636,0.40201974,0.7329034010569254,R1_FLOOD_LEVEL|R3_SUSTAINED_JOINT|R7_JOINT_MODERATE,3,1,0,0,0
2023-06-06,9.28512,76.92861,9.28512_76.92861,Pattanamtitta,2023-06-06,0.5731571,0.17928898,0.6765229304631551,R1_FLOOD_LEVEL|R7_JOINT_MODERATE,2,1,0,0,0
2023-06-07,9.28512,76.92861,9.28512_76.92861,Pattanamtitta,2023-06-07,0.5586636,0.16366231,0.6722228527069092,R1_FLOOD_LEVEL|R7_JOINT_MODERATE,2,1,0,0,0
2023-06-08,9.28512,76.92861,9.28512_76.92861,Pattanamtitta,2023-06-08,0.5882249,0.17870782,0.6474637587865194,R1_FLOOD_LEVEL|R7_JOINT_MODERATE,2,1,0,0,0
2023-06-09,9.28512,76.92861,9.28512_76.92861,Pattanamtitta,2023-06-09,0.5882249,0.14711212,0.6471693515777588,R1_FLOOD_LEVEL|R7_JOINT_MODERATE,2,1,0,0,0
2023-06-10,9.28512,76.92861,9.28512_76.92861,Pattanamtitta,2023-06-10,0.59482354,0.15366688,0.6559000213940939,R1_FLOOD_LEVEL,1,1,0,0,0
2023-06-11,9.28512,76.92861,9.28512_76.92861,Pattanamtitta,2023-06-11,0.5731571,0.30089113,0.6691593527793884,R1_FLOOD_LEVEL|R7_JOINT_MODERATE,2,1,0,0,0
2023-06-12,9.28512,76.92861,9.28512_76.92861,Pattanamtitta,2023-06-12,0.5731571,0.34656978,0.6932546496391296,R1_FLOOD_LEVEL|R5_RISING_LANDSLIDE|R7_JOINT_MODERATE,3,1,0,0,0
2023-06-13,9.28512,76.92861,9.28512_76.92861,Pattanamtitta,2023-06-13,0.5586636,0.1498649,0.6824942231178284,R1_FLOOD_LEVEL|R5_RISING_LANDSLIDE|R7_JOINT_MODERATE,3,1,0,0,0
2023-06-14,9.28512,76.92861,9.28512_76.92861,Pattanamtitta,2023-06-14,0.59086937,0.18191068,0.6703956723213196,R1_FLOOD_LEVEL|R7_JOINT_MODERATE,2,1,0,0,0
2023-06-15,9.28512,76.92861,9.28512_76.92861,Pattanamtitta,2023-06-15,0.5607014,0.1008099,0.6316953698794047,R1_FLOOD_LEVEL,1,1,0,0,0
2023-06-16,9.28512,76.92861,9.28512_76.92861,Pattanamtitta,2023-06-16,0.5607014,0.085217245,0.6228062907854716,R1_FLOOD_LEVEL,1,1,0,0,0
2023-06-17,9.28512,76.92861,9.28512_76.92861,Pattanamtitta,2023-06-17,0.55666333,0.28065026,0.6280700365702311,R1_FLOOD_LEVEL,1,1,0,0,0
2023-06-18,9.28512,76.92861,9.28512_76.92861,Pattanamtitta,2023-06-18,0.55229306,0.45477,0.6783732771873474,R1_FLOOD_LEVEL|R5_RISING_LANDSLIDE|R7_JOINT_MODERATE,3,1,0,0,0
2023-06-19,9.28512,76.92861,9.28512_76.92861,Pattanamtitta,2023-06-19,0.5586636,0.49706724,0.7383400201797485,R1_FLOOD_LEVEL|R5_RISING_LANDSLIDE|R7_JOINT_MODERATE,3,1,0,0,0
2023-06-20,9.28512,76.92861,9.28512_76.92861,Pattanamtitta,2023-06-20,0.56811494,0.4702384,0.7683793505032858,R1_FLOOD_LEVEL|R3_SUSTAINED_JOINT|R5_RISING_LANDSLIDE|R6_ENV_PRECURSOR|R7_JOINT_MODERATE,5,1,0,0,0
2023-06-21,9.28512,76.92861,9.28512_76.92861,Pattanamtitta,2023-06-21,0.57512987,0.4702384,0.7747204701105753,R1_FLOOD_LEVEL|R3_SUSTAINED_JOINT|R5_RISING_LANDSLIDE|R7_JOINT_MODERATE,4,1,0,0,0
2023-06-22,9.28512,76.92861,9.28512_76.92861,Pattanamtitta,2023-06-22,0.57512987,0.3230776,0.7528399626413981,R1_FLOOD_LEVEL|R3_SUSTAINED_JOINT|R7_JOINT_MODERATE,3,1,0,0,0
2023-06-23,9.28512,76.92861,9.28512_76.92861,Pattanamtitta,2023-06-23,0.57512987,0.30288315,0.7303772966066996,R1_FLOOD_LEVEL|R3_SUSTAINED_JOINT|R7_JOINT_MODERATE,3,1,0,0,0
2023-06-24,9.28512,76.92861,9.28512_76.92861,Pattanamtitta,2023-06-24,0.57512987,0.20101646,0.6922491788864136,R1_FLOOD_LEVEL|R3_SUSTAINED_JOINT|R7_JOINT_MODERATE,3,1,0,0,0
2023-06-25,9.28512,76.92861,9.28512_76.92861,Pattanamtitta,2023-06-25,0.57512987,0.30954558,0.6903327306111654,R1_FLOOD_LEVEL|R3_SUSTAINED_JOINT|R7_JOINT_MODERATE,3,1,0,0,0
2023-06-26,9.28512,76.92861,9.28512_76.92861,Pattanamtitta,2023-06-26,0.57512987,0.16243336,0.6704417665799459,R1_FLOOD_LEVEL|R7_JOINT_MODERATE,2,1,0,0,0
2023-06-27,9.28512,76.92861,9.28512_76.92861,Pattanamtitta,2023-06-27,0.57512987,0.17650032,0.6669696966807047,R1_FLOOD_LEVEL|R7_JOINT_MODERATE,2,1,0,0,0
2023-06-28,9.28512,76.92861,9.28512_76.92861,Pattanamtitta,2023-06-28,0.5394912,0.07248489,0.622377872467041,R1_FLOOD_LEVEL,1,1,0,0,0
2023-06-29,9.28512,76.92861,9.28512_76.92861,Pattanamtitta,2023-06-29,0.5394912,0.07277195,0.5986646413803101,R1_FLOOD_LEVEL,1,1,0,0,0
2023-06-30,9.28512,76.92861,9.28512_76.92861,Pattanamtitta,2023-06-30,0.5227898,0.07277195,0.5677972237269083,R1_FLOOD_LEVEL,1,1,0,0,0
2023-07-01,9.28512,76.92861,9.28512_76.92861,Pattanamtitta,2023-07-01,0.5323663,0.18020917,0.5823862552642822,R1_FLOOD_LEVEL,1,1,0,0,0
2023-07-02,9.28512,76.92861,9.28512_76.92861,Pattanamtitta,2023-07-02,0.5323663,0.14857388,0.5919999678929647,R1_FLOOD_LEVEL,1,1,0,0,0
2023-07-03,9.28512,76.92861,9.28512_76.92861,Pattanamtitta,2023-07-03,0.59604645,0.29522496,0.6445954243342081,R1_FLOOD_LEVEL|R5_RISING_LANDSLIDE|R7_JOINT_MODERATE,3,1,0,1,0
2023-07-04,9.28512,76.92861,9.28512_76.92861,Pattanamtitta,2023-07-04,0.6359505,0.20790048,0.6762615442276001,R1_FLOOD_LEVEL|R4_RISING_FLOOD|R5_RISING_LANDSLIDE|R7_JOINT_MODERATE,4,1,0,1,0
2023-07-05,9.28512,76.92861,9.28512_76.92861,Pattanamtitta,2023-07-05,0.64965856,0.53805006,0.7550333340962728,R1_FLOOD_LEVEL|R2_LANDSLIDE_LEVEL|R4_RISING_FLOOD|R5_RISING_LANDSLIDE|R7_JOINT_MODERATE,5,1,1,1,0
2023-07-06,9.28512,76.92861,9.28512_76.92861,Pattanamtitta,2023-07-06,0.6640747,0.7676871,0.82391885916392,R1_FLOOD_LEVEL|R2_LANDSLIDE_LEVEL|R3_SUSTAINED_JOINT|R4_RISING_FLOOD|R5_RISING_LANDSLIDE|R6_ENV_PRECURSOR|R7_JOINT_MODERATE,7,1,1,1,0
2023-07-07,9.28512,76.92861,9.28512_76.92861,Pattanamtitta,2023-07-07,0.6640747,0.72402954,0.8891382018725077,R1_FLOOD_LEVEL|R2_LANDSLIDE_LEVEL|R3_SUSTAINED_JOINT|R4_RISING_FLOOD|R5_RISING_LANDSLIDE|R6_ENV_PRECURSOR|R7_JOINT_MODERATE,7,1,1,1,0
2023-07-08,9.28512,76.92861,9.28512_76.92861,Pattanamtitta,2023-07-08,0.64602685,0.15905268,0.8438606858253479,R1_FLOOD_LEVEL|R3_SUSTAINED_JOINT|R5_RISING_LANDSLIDE|R7_JOINT_MODERATE,4,1,0,0,0
2023-07-09,9.28512,76.92861,9.28512_76.92861,Pattanamtitta,2023-07-09,0.6359505,0.12541983,0.7637437780698141,R1_FLOOD_LEVEL|R3_SUSTAINED_JOINT|R7_JOINT_MODERATE,3,1,0,0,0
2023-07-10,9.28512,76.92861,9.28512_76.92861,Pattanamtitta,2023-07-10,0.6151873,0.78009963,0.7664387623469034,R1_FLOOD_LEVEL|R2_LANDSLIDE_LEVEL|R3_SUSTAINED_JOINT|R7_JOINT_MODERATE,4,1,1,0,0
2023-07-11,9.28512,76.92861,9.28512_76.92861,Pattanamtitta,2023-07-11,0.60739744,0.6514855,0.820053776105245,R1_FLOOD_LEVEL|R2_LANDSLIDE_LEVEL|R3_SUSTAINED_JOINT|R7_JOINT_MODERATE,4,1,1,0,0
2023-07-12,9.28512,76.92861,9.28512_76.92861,Pattanamtitta,2023-07-12,0.6005129,0.36242324,0.8412827253341675,R1_FLOOD_LEVEL|R3_SUSTAINED_JOINT|R5_RISING_LANDSLIDE|R7_JOINT_MODERATE,4,1,0,0,0
2023-07-13,9.28512,76.92861,9.28512_76.92861,Pattanamtitta,2023-07-13,0.614024,0.18697959,0.7648874123891195,R1_FLOOD_LEVEL|R3_SUSTAINED_JOINT|R7_JOINT_MODERATE,3,1,0,0,0
2023-07-14,9.28512,76.92861,9.28512_76.92861,Pattanamtitta,2023-07-14,0.58844936,0.09300188,0.6860714356104533,R1_FLOOD_LEVEL|R7_JOINT_MODERATE,2,1,0,0,0
2023-07-15,9.28512,76.92861,9.28512_76.92861,Pattanamtitta,2023-07-15,0.5807529,0.09300188,0.6442205508550009,R1_FLOOD_LEVEL,1,1,0,0,0
2023-07-16,9.28512,76.92861,9.28512_76.92861,Pattanamtitta,2023-07-16,0.5891922,0.39141312,0.6654852628707886,R1_FLOOD_LEVEL|R7_JOINT_MODERATE,2,1,0,0,0
2023-07-17,9.28512,76.92861,9.28512_76.92861,Pattanamtitta,2023-07-17,0.5494973,0.23313583,0.6747523546218872,R1_FLOOD_LEVEL|R7_JOINT_MODERATE,2,1,0,0,0
2023-07-18,9.28512,76.92861,9.28512_76.92861,Pattanamtitta,2023-07-18,0.5323663,0.24325304,0.6835443178812662,R1_FLOOD_LEVEL|R5_RISING_LANDSLIDE|R7_JOINT_MODERATE,3,1,0,0,0
2023-07-19,9.28512,76.92861,9.28512_76.92861,Pattanamtitta,2023-07-19,0.5137833,0.11857614,0.624027411142985,R1_FLOOD_LEVEL,1,1,0,0,0
2023-07-20,9.28512,76.92861,9.28512_76.92861,Pattanamtitta,2023-07-20,0.51273394,0.19756672,0.6088527043660482,R1_FLOOD_LEVEL,1,1,0,0,0
2023-07-21,9.28512,76.92861,9.28512_76.92861,Pattanamtitta,2023-07-21,0.53319216,0.1299136,0.5914251208305359,R1_FLOOD_LEVEL,1,1,0,0,0
2023-07-22,9.28512,76.92861,9.28512_76.92861,Pattanamtitta,2023-07-22,0.51273394,0.106595404,0.5891708731651306,R1_FLOOD_LEVEL,1,1,0,0,0
2023-07-23,9.28512,76.92861,9.28512_76.92861,Pattanamtitta,2023-07-23,0.5124814,0.11820523,0.5762065847714742,R1_FLOOD_LEVEL,1,1,0,0,0
2023-08-11,9.28512,76.92861,9.28512_76.92861,Pattanamtitta,2023-08-11,0.34684148,0.2322677,0.44809051354726154,R5_RISING_LANDSLIDE,1,0,0,0,0
2023-08-12,9.28512,76.92861,9.28512_76.92861,Pattanamtitta,2023-08-12,0.33894205,0.18372816,0.4673321843147278,R5_RISING_LANDSLIDE,1,0,0,0,0
2023-08-31,9.28512,76.92861,9.28512_76.92861,Pattanamtitta,2023-08-31,0.34730047,0.28759107,0.4849572579065959,R5_RISING_LANDSLIDE,1,0,0,0,0
2023-09-01,9.28512,76.92861,9.28512_76.92861,Pattanamtitta,2023-09-01,0.5116266,0.19273002,0.5478498935699463,R1_FLOOD_LEVEL|R5_RISING_LANDSLIDE,2,1,0,0,0
2023-09-02,9.28512,76.92861,9.28512_76.92861,Pattanamtitta,2023-09-02,0.554627,0.13752685,0.5855465332667033,R1_FLOOD_LEVEL|R6_ENV_PRECURSOR,2,1,0,0,0
2023-09-03,9.28512,76.92861,9.28512_76.92861,Pattanamtitta,2023-09-03,0.5794905,0.2483499,0.6351841688156128,R1_FLOOD_LEVEL|R4_RISING_FLOOD|R7_JOINT_MODERATE,3,1,0,0,0
2023-09-04,9.28512,76.92861,9.28512_76.92861,Pattanamtitta,2023-09-04,0.64222354,0.16623946,0.6671672662099203,R1_FLOOD_LEVEL|R4_RISING_FLOOD|R7_JOINT_MODERATE,3,1,0,0,0
2023-09-05,9.28512,76.92861,9.28512_76.92861,Pattanamtitta,2023-09-05,0.6358212,0.09753208,0.6856547991434733,R1_FLOOD_LEVEL|R4_RISING_FLOOD|R7_JOINT_MODERATE,3,1,0,0,0
2023-09-06,9.28512,76.92861,9.28512_76.92861,Pattanamtitta,2023-09-06,0.5782781,0.08337982,0.6621605555216471,R1_FLOOD_LEVEL|R4_RISING_FLOOD,2,1,0,0,0
2023-09-07,9.28512,76.92861,9.28512_76.92861,Pattanamtitta,2023-09-07,0.5520217,0.07165834,0.6229682167371114,R1_FLOOD_LEVEL,1,1,0,0,0
2023-09-08,9.28512,76.92861,9.28512_76.92861,Pattanamtitta,2023-09-08,0.52393675,0.07241363,0.5853248437245687,R1_FLOOD_LEVEL,1,1,0,0,0
2023-09-09,9.28512,76.92861,9.28512_76.92861,Pattanamtitta,2023-09-09,0.5461274,0.07246239,0.5738497972488403,R1_FLOOD_LEVEL,1,1,0,0,0
2023-09-10,9.28512,76.92861,9.28512_76.92861,Pattanamtitta,2023-09-10,0.52393675,0.072604686,0.5653091470400492,R1_FLOOD_LEVEL,1,1,0,0,0
2023-09-11,9.28512,76.92861,9.28512_76.92861,Pattanamtitta,2023-09-11,0.52393675,0.072604686,0.5653394460678101,R1_FLOOD_LEVEL,1,1,0,0,0
2023-09-12,9.28512,76.92861,9.28512_76.92861,Pattanamtitta,2023-09-12,0.5059318,0.08755799,0.5553978880246481,R1_FLOOD_LEVEL,1,1,0,0,0
2023-09-18,9.28512,76.92861,9.28512_76.92861,Pattanamtitta,2023-09-18,0.3970569,0.29442987,0.45917606353759766,R5_RISING_LANDSLIDE,1,0,0,0,0
2023-09-19,9.28512,76.92861,9.28512_76.92861,Pattanamtitta,2023-09-19,0.3876613,0.24726175,0.5098053812980652,R5_RISING_LANDSLIDE,1,0,0,0,0
2023-09-20,9.28512,76.92861,9.28512_76.92861,Pattanamtitta,2023-09-20,0.40277007,0.22953463,0.5511685609817505,R5_RISING_LANDSLIDE,1,0,0,0,0
2023-09-21,9.28512,76.92861,9.28512_76.92861,Pattanamtitta,2023-09-21,0.40277007,0.3390129,0.5613876581192017,R5_RISING_LANDSLIDE,1,0,0,0,0
2023-09-22,9.28512,76.92861,9.28512_76.92861,Pattanamtitta,2023-09-22,0.45271754,0.2945168,0.5863317052523295,R5_RISING_LANDSLIDE,1,0,0,0,0
2023-09-26,9.28512,76.92861,9.28512_76.92861,Pattanamtitta,2023-09-26,0.5145041,0.09081943,0.5251309275627136,R1_FLOOD_LEVEL,1,1,0,0,0
2023-09-27,9.28512,76.92861,9.28512_76.92861,Pattanamtitta,2023-09-27,0.53530777,0.13477512,0.5497580567995707,R1_FLOOD_LEVEL,1,1,0,0,0
2023-09-29,9.28512,76.92861,9.28512_76.92861,Pattanamtitta,2023-09-29,0.5323061,0.21971376,0.5847217241923014,R1_FLOOD_LEVEL,1,1,0,0,0
2023-09-30,9.28512,76.92861,9.28512_76.92861,Pattanamtitta,2023-09-30,0.56389624,0.20349646,0.6029567321141561,R1_FLOOD_LEVEL|R5_RISING_LANDSLIDE,2,1,0,0,0
2023-10-01,9.28512,76.92861,9.28512_76.92861,Pattanamtitta,2023-10-01,0.64792067,0.18227014,0.6666002670923868,R1_FLOOD_LEVEL|R4_RISING_FLOOD|R5_RISING_LANDSLIDE|R7_JOINT_MODERATE,4,1,0,0,0
2023-10-02,9.28512,76.92861,9.28512_76.92861,Pattanamtitta,2023-10-02,0.6264869,0.111875676,0.6776699622472128,R1_FLOOD_LEVEL|R4_RISING_FLOOD|R7_JOINT_MODERATE,3,1,0,0,0
2023-10-03,9.28512,76.92861,9.28512_76.92861,Pattanamtitta,2023-10-03,0.6264869,0.08733129,0.6798247893651327,R1_FLOOD_LEVEL|R4_RISING_FLOOD,2,1,0,0,0
2023-10-04,9.28512,76.92861,9.28512_76.92861,Pattanamtitta,2023-10-04,0.61232924,0.08733129,0.6578550736109415,R1_FLOOD_LEVEL,1,1,0,0,0
2023-10-11,9.28512,76.92861,9.28512_76.92861,Pattanamtitta,2023-10-11,0.40277007,0.2595491,0.4882676402727763,R5_RISING_LANDSLIDE,1,0,0,0,0
2023-10-12,9.28512,76.92861,9.28512_76.92861,Pattanamtitta,2023-10-12,0.62137645,0.42117244,0.6046446959177653,R1_FLOOD_LEVEL|R5_RISING_LANDSLIDE,2,1,0,0,0
2023-10-13,9.28512,76.92861,9.28512_76.92861,Pattanamtitta,2023-10-13,0.62137645,0.30795664,0.6921996275583903,R1_FLOOD_LEVEL|R4_RISING_FLOOD|R5_RISING_LANDSLIDE|R7_JOINT_MODERATE,4,1,0,0,0
2023-10-14,9.28512,76.92861,9.28512_76.92861,Pattanamtitta,2023-10-14,0.64222354,0.41601104,0.7699602643648783,R1_FLOOD_LEVEL|R3_SUSTAINED_JOINT|R4_RISING_FLOOD|R5_RISING_LANDSLIDE|R7_JOINT_MODERATE,5,1,0,0,0
2023-10-15,9.28512,76.92861,9.28512_76.92861,Pattanamtitta,2023-10-15,0.64222354,0.236183,0.7519209384918213,R1_FLOOD_LEVEL|R3_SUSTAINED_JOINT|R4_RISING_FLOOD|R7_JOINT_MODERATE,4,1,0,0,0
2023-10-16,9.28512,76.92861,9.28512_76.92861,Pattanamtitta,2023-10-16,0.64222354,0.33584255,0.7600556214650472,R1_FLOOD_LEVEL|R3_SUSTAINED_JOINT|R4_RISING_FLOOD|R7_JOINT_MODERATE,4,1,0,0,0
2023-10-17,9.28512,76.92861,9.28512_76.92861,Pattanamtitta,2023-10-17,0.61500657,0.17672835,0.7240500847498575,R1_FLOOD_LEVEL|R3_SUSTAINED_JOINT|R7_JOINT_MODERATE,3,1,0,0,0
2023-10-18,9.28512,76.92861,9.28512_76.92861,Pattanamtitta,2023-10-18,0.6359505,0.117754176,0.7080816030502319,R1_FLOOD_LEVEL|R3_SUSTAINED_JOINT|R7_JOINT_MODERATE,3,1,0,0,0
2023-10-19,9.28512,76.92861,9.28512_76.92861,Pattanamtitta,2023-10-19,0.6359505,0.10412743,0.6785742441813151,R1_FLOOD_LEVEL,1,1,0,0,0
2023-10-20,9.28512,76.92861,9.28512_76.92861,Pattanamtitta,2023-10-20,0.55719674,0.083793506,0.6489925384521484,R1_FLOOD_LEVEL,1,1,0,0,0
2023-10-21,9.28512,76.92861,9.28512_76.92861,Pattanamtitta,2023-10-21,0.5885858,0.07245016,0.62885053952535,R1_FLOOD_LEVEL,1,1,0,0,0
2023-10-22,9.28512,76.92861,9.28512_76.92861,Pattanamtitta,2023-10-22,0.55719674,0.10251563,0.6050948699315389,R1_FLOOD_LEVEL,1,1,0,0,0
2023-10-23,9.28512,76.92861,9.28512_76.92861,Pattanamtitta,2023-10-23,0.64222354,0.15542796,0.6396052837371826,R1_FLOOD_LEVEL,1,1,0,0,0
2023-10-24,9.28512,76.92861,9.28512_76.92861,Pattanamtitta,2023-10-24,0.62119275,0.092414714,0.6522077123324076,R1_FLOOD_LEVEL,1,1,0,0,0
2023-10-25,9.28512,76.92861,9.28512_76.92861,Pattanamtitta,2023-10-25,0.5885858,0.104330815,0.6618470152219137,R1_FLOOD_LEVEL|R4_RISING_FLOOD,2,1,0,0,0
2023-10-26,9.28512,76.92861,9.28512_76.92861,Pattanamtitta,2023-10-26,0.56389624,0.31304285,0.6627081433931986,R1_FLOOD_LEVEL|R7_JOINT_MODERATE,2,1,0,0,0
2023-10-27,9.28512,76.92861,9.28512_76.92861,Pattanamtitta,2023-10-27,0.5247143,0.20587121,0.6514954169591268,R1_FLOOD_LEVEL|R5_RISING_LANDSLIDE|R7_JOINT_MODERATE,3,1,0,0,0
2023-10-28,9.28512,76.92861,9.28512_76.92861,Pattanamtitta,2023-10-28,0.48526886,0.14284523,0.6272576649983724,R5_RISING_LANDSLIDE,1,0,0,0,0
2023-10-29,9.28512,76.92861,9.28512_76.92861,Pattanamtitta,2023-10-29,0.56849396,0.31419814,0.6284766594568888,R1_FLOOD_LEVEL,1,1,0,0,0
2023-10-30,9.28512,76.92861,9.28512_76.92861,Pattanamtitta,2023-10-30,0.5344699,0.31584927,0.6481250921885172,R1_FLOOD_LEVEL,1,1,0,0,0
2023-10-31,9.28512,76.92861,9.28512_76.92861,Pattanamtitta,2023-10-31,0.5256967,0.17114086,0.6641496419906616,R1_FLOOD_LEVEL|R7_JOINT_MODERATE,2,1,0,0,0
2023-11-01,9.28512,76.92861,9.28512_76.92861,Pattanamtitta,2023-11-01,0.5256967,0.3303672,0.6569224993387858,R1_FLOOD_LEVEL,1,1,0,0,0
2023-11-02,9.28512,76.92861,9.28512_76.92861,Pattanamtitta,2023-11-02,0.5328676,0.41015637,0.6712417205174764,R1_FLOOD_LEVEL,1,1,0,0,0
2023-11-03,9.28512,76.92861,9.28512_76.92861,Pattanamtitta,2023-11-03,0.5256967,0.35816836,0.7008109887441,R1_FLOOD_LEVEL|R5_RISING_LANDSLIDE,2,1,0,0,0
2023-11-04,9.28512,76.92861,9.28512_76.92861,Pattanamtitta,2023-11-04,0.5328676,0.75222546,0.7680995066960653,R1_FLOOD_LEVEL|R2_LANDSLIDE_LEVEL|R3_SUSTAINED_JOINT|R5_RISING_LANDSLIDE,4,1,1,0,0
2023-11-05,9.28512,76.92861,9.28512_76.92861,Pattanamtitta,2023-11-05,0.57102114,0.3426998,0.7659552494684855,R1_FLOOD_LEVEL|R3_SUSTAINED_JOINT|R5_RISING_LANDSLIDE|R7_JOINT_MODERATE,4,1,0,0,0
2023-11-06,9.28512,76.92861,9.28512_76.92861,Pattanamtitta,2023-11-06,0.5734069,0.20734006,0.754715104897817,R1_FLOOD_LEVEL|R3_SUSTAINED_JOINT|R5_RISING_LANDSLIDE|R7_JOINT_MODERATE,4,1,0,0,0
2023-11-07,9.28512,76.92861,9.28512_76.92861,Pattanamtitta,2023-11-07,0.58291173,0.84375346,0.7715734044710795,R1_FLOOD_LEVEL|R2_LANDSLIDE_LEVEL|R3_SUSTAINED_JOINT|R7_JOINT_MODERATE,4,1,1,0,0
2023-11-08,9.28512,76.92861,9.28512_76.92861,Pattanamtitta,2023-11-08,0.5681607,0.24867171,0.7574116587638855,R1_FLOOD_LEVEL|R3_SUSTAINED_JOINT|R7_JOINT_MODERATE,3,1,0,0,0
2023-11-09,9.28512,76.92861,9.28512_76.92861,Pattanamtitta,2023-11-09,0.6333229,0.39430326,0.7960943778355917,R1_FLOOD_LEVEL|R3_SUSTAINED_JOINT|R7_JOINT_MODERATE,3,1,0,0,0
2023-11-10,9.28512,76.92861,9.28512_76.92861,Pattanamtitta,2023-11-10,0.5681607,0.24085721,0.7085413535435995,R1_FLOOD_LEVEL|R3_SUSTAINED_JOINT|R7_JOINT_MODERATE,3,1,0,0,0
2023-11-11,9.28512,76.92861,9.28512_76.92861,Pattanamtitta,2023-11-11,0.56395656,0.26007858,0.7091464201609293,R1_FLOOD_LEVEL|R3_SUSTAINED_JOINT|R7_JOINT_MODERATE,3,1,0,0,0
2023-11-12,9.28512,76.92861,9.28512_76.92861,Pattanamtitta,2023-11-12,0.5734069,0.11270807,0.6570072571436564,R1_FLOOD_LEVEL|R7_JOINT_MODERATE,2,1,0,0,0
2023-11-18,9.28512,76.92861,9.28512_76.92861,Pattanamtitta,2023-11-18,0.45764515,0.19642498,0.5618758797645569,R5_RISING_LANDSLIDE,1,0,0,0,0
2023-11-19,9.28512,76.92861,9.28512_76.92861,Pattanamtitta,2023-11-19,0.43163222,0.42605698,0.5993417302767435,R5_RISING_LANDSLIDE,1,0,0,0,0
2023-11-20,9.28512,76.92861,9.28512_76.92861,Pattanamtitta,2023-11-20,0.36221611,0.09079367,0.5526964465777079,R5_RISING_LANDSLIDE,1,0,0,0,0
2023-11-21,9.28512,76.92861,9.28512_76.92861,Pattanamtitta,2023-11-21,0.44720316,0.36023867,0.5800846815109253,R5_RISING_LANDSLIDE,1,0,0,0,0
2023-11-23,9.28512,76.92861,9.28512_76.92861,Pattanamtitta,2023-11-23,0.6018777,0.24042976,0.6922552982966105,R1_FLOOD_LEVEL|R5_RISING_LANDSLIDE,2,1,0,1,0
2023-11-24,9.28512,76.92861,9.28512_76.92861,Pattanamtitta,2023-11-24,0.62137645,0.227694,0.7126702467600504,R1_FLOOD_LEVEL|R3_SUSTAINED_JOINT|R4_RISING_FLOOD|R7_JOINT_MODERATE,4,1,0,0,0
2023-11-25,9.28512,76.92861,9.28512_76.92861,Pattanamtitta,2023-11-25,0.40277007,0.18421021,0.6393235921859741,R4_RISING_FLOOD|R7_JOINT_MODERATE,2,0,0,0,0
2023-12-19,9.28512,76.92861,9.28512_76.92861,Pattanamtitta,2023-12-19,0.36221611,0.15938668,0.47519826889038086,R5_RISING_LANDSLIDE,1,0,0,0,0
2024-05-10,9.28512,76.92861,9.28512_76.92861,Pattanamtitta,2024-05-10,0.34929222,0.22002466,0.49929120143254596,R5_RISING_LANDSLIDE,1,0,0,0,0
2024-05-11,9.28512,76.92861,9.28512_76.92861,Pattanamtitta,2024-05-11,0.34929222,0.19409092,0.50580761830012,R5_RISING_LANDSLIDE,1,0,0,0,0
2024-05-12,9.28512,76.92861,9.28512_76.92861,Pattanamtitta,2024-05-12,0.5028278,0.17175558,0.5187575022379557,R1_FLOOD_LEVEL|R5_RISING_LANDSLIDE,2,1,0,0,0
2024-05-13,9.28512,76.92861,9.28512_76.92861,Pattanamtitta,2024-05-13,0.50710523,0.1367872,0.5461118221282959,R1_FLOOD_LEVEL,1,1,0,0,0
2024-05-14,9.28512,76.92861,9.28512_76.92861,Pattanamtitta,2024-05-14,0.5478466,0.1367872,0.5908140738805135,R1_FLOOD_LEVEL|R4_RISING_FLOOD,2,1,0,0,0
2024-05-15,9.28512,76.92861,9.28512_76.92861,Pattanamtitta,2024-05-15,0.57244545,0.10932163,0.6011362473169962,R1_FLOOD_LEVEL|R4_RISING_FLOOD,2,1,0,0,0
2024-05-16,9.28512,76.92861,9.28512_76.92861,Pattanamtitta,2024-05-16,0.5734732,0.44582403,0.6641703049341837,R1_FLOOD_LEVEL|R4_RISING_FLOOD|R7_JOINT_MODERATE,3,1,0,0,0
2024-05-17,9.28512,76.92861,9.28512_76.92861,Pattanamtitta,2024-05-17,0.5734732,0.17370178,0.6767923831939697,R1_FLOOD_LEVEL|R4_RISING_FLOOD|R5_RISING_LANDSLIDE|R7_JOINT_MODERATE,4,1,0,0,0
2024-05-18,9.28512,76.92861,9.28512_76.92861,Pattanamtitta,2024-05-18,0.5589822,0.3104636,0.7023643056551615,R1_FLOOD_LEVEL|R5_RISING_LANDSLIDE|R7_JOINT_MODERATE,3,1,0,0,0
2024-05-19,9.28512,76.92861,9.28512_76.92861,Pattanamtitta,2024-05-19,0.5744692,0.12908684,0.657621165116628,R1_FLOOD_LEVEL|R7_JOINT_MODERATE,2,1,0,1,0
2024-05-20,9.28512,76.92861,9.28512_76.92861,Pattanamtitta,2024-05-20,0.5814898,0.50136745,0.7055396835009257,R1_FLOOD_LEVEL|R2_LANDSLIDE_LEVEL|R5_RISING_LANDSLIDE|R7_JOINT_MODERATE,4,1,1,1,0
2024-05-21,9.28512,76.92861,9.28512_76.92861,Pattanamtitta,2024-05-21,0.5843518,0.24885702,0.702835202217102,R1_FLOOD_LEVEL|R3_SUSTAINED_JOINT|R7_JOINT_MODERATE,3,1,0,1,0
2024-05-22,9.28512,76.92861,9.28512_76.92861,Pattanamtitta,2024-05-22,0.5526793,0.34002718,0.7279621561368307,R1_FLOOD_LEVEL|R3_SUSTAINED_JOINT|R5_RISING_LANDSLIDE|R7_JOINT_MODERATE,4,1,0,1,0
2024-05-23,9.28512,76.92861,9.28512_76.92861,Pattanamtitta,2024-05-23,0.6068567,0.53135806,0.7361086010932922,R1_FLOOD_LEVEL|R2_LANDSLIDE_LEVEL|R3_SUSTAINED_JOINT|R6_ENV_PRECURSOR|R7_JOINT_MODERATE,5,1,1,0,0
2024-05-24,9.28512,76.92861,9.28512_76.92861,Pattanamtitta,2024-05-24,0.620557,0.6840797,0.8002211054166158,R1_FLOOD_LEVEL|R2_LANDSLIDE_LEVEL|R3_SUSTAINED_JOINT|R5_RISING_LANDSLIDE|R6_ENV_PRECURSOR|R7_JOINT_MODERATE,6,1,1,0,0
2024-05-25,9.28512,76.92861,9.28512_76.92861,Pattanamtitta,2024-05-25,0.6567059,0.74647903,0.8696168462435404,R1_FLOOD_LEVEL|R2_LANDSLIDE_LEVEL|R3_SUSTAINED_JOINT|R4_RISING_FLOOD|R5_RISING_LANDSLIDE|R6_ENV_PRECURSOR|R7_JOINT_MODERATE,7,1,1,0,0
2024-05-26,9.28512,76.92861,9.28512_76.92861,Pattanamtitta,2024-05-26,0.6218717,0.2973157,0.8424630562464396,R1_FLOOD_LEVEL|R3_SUSTAINED_JOINT|R4_RISING_FLOOD|R5_RISING_LANDSLIDE|R7_JOINT_MODERATE,5,1,0,0,0
2024-05-27,9.28512,76.92861,9.28512_76.92861,Pattanamtitta,2024-05-27,0.620557,0.3339455,0.7981777389844259,R1_FLOOD_LEVEL|R3_SUSTAINED_JOINT|R7_JOINT_MODERATE,3,1,0,0,0
2024-05-28,9.28512,76.92861,9.28512_76.92861,Pattanamtitta,2024-05-28,0.620557,0.3908727,0.7501454750696818,R1_FLOOD_LEVEL|R3_SUSTAINED_JOINT|R7_JOINT_MODERATE,3,1,0,0,0
2024-05-29,9.28512,76.92861,9.28512_76.92861,Pattanamtitta,2024-05-29,0.6151873,0.21273102,0.7377300461133321,R1_FLOOD_LEVEL|R3_SUSTAINED_JOINT|R7_JOINT_MODERATE,3,1,0,0,0
2024-05-30,9.28512,76.92861,9.28512_76.92861,Pattanamtitta,2024-05-30,0.6151873,0.18200335,0.7170481284459432,R1_FLOOD_LEVEL|R3_SUSTAINED_JOINT|R7_JOINT_MODERATE,3,1,0,0,0
2024-05-31,9.28512,76.92861,9.28512_76.92861,Pattanamtitta,2024-05-31,0.60739744,0.13700236,0.6811527808507284,R1_FLOOD_LEVEL|R7_JOINT_MODERATE,2,1,0,0,0
2024-06-01,9.28512,76.92861,9.28512_76.92861,Pattanamtitta,2024-06-01,0.60739744,0.2995774,0.6904739141464233,R1_FLOOD_LEVEL|R7_JOINT_MODERATE,2,1,0,0,0
2024-06-02,9.28512,76.92861,9.28512_76.92861,Pattanamtitta,2024-06-02,0.60721266,0.4292246,0.7206679582595825,R1_FLOOD_LEVEL|R3_SUSTAINED_JOINT|R7_JOINT_MODERATE,3,1,0,0,0
2024-06-03,9.28512,76.92861,9.28512_76.92861,Pattanamtitta,2024-06-03,0.61554873,0.2152649,0.7330422004063925,R1_FLOOD_LEVEL|R3_SUSTAINED_JOINT|R5_RISING_LANDSLIDE|R7_JOINT_MODERATE,4,1,0,0,0
2024-06-04,9.28512,76.92861,9.28512_76.92861,Pattanamtitta,2024-06-04,0.58834815,0.14608166,0.7075324058532715,R1_FLOOD_LEVEL|R3_SUSTAINED_JOINT|R7_JOINT_MODERATE,3,1,0,0,0
2024-06-05,9.28512,76.92861,9.28512_76.92861,Pattanamtitta,2024-06-05,0.5881651,0.25877202,0.6805090109507242,R1_FLOOD_LEVEL|R7_JOINT_MODERATE,2,1,0,0,0
2024-06-06,9.28512,76.92861,9.28512_76.92861,Pattanamtitta,2024-06-06,0.5967666,0.60000426,0.7273092468579611,R1_FLOOD_LEVEL|R2_LANDSLIDE_LEVEL|R7_JOINT_MODERATE,3,1,1,0,0
2024-06-07,9.28512,76.92861,9.28512_76.92861,Pattanamtitta,2024-06-07,0.5967666,0.69087493,0.8029317657152811,R1_FLOOD_LEVEL|R2_LANDSLIDE_LEVEL|R3_SUSTAINED_JOINT|R5_RISING_LANDSLIDE|R7_JOINT_MODERATE,5,1,1,0,0
2024-06-08,9.28512,76.92861,9.28512_76.92861,Pattanamtitta,2024-06-08,0.61123043,0.8442044,0.8844967484474182,R1_FLOOD_LEVEL|R2_LANDSLIDE_LEVEL|R3_SUSTAINED_JOINT|R5_RISING_LANDSLIDE|R7_JOINT_MODERATE,5,1,1,0,0
2024-06-09,9.28512,76.92861,9.28512_76.92861,Pattanamtitta,2024-06-09,0.61554873,0.71993613,0.9023703336715698,R1_FLOOD_LEVEL|R2_LANDSLIDE_LEVEL|R3_SUSTAINED_JOINT|R5_RISING_LANDSLIDE|R7_JOINT_MODERATE,5,1,1,0,0
2024-06-10,9.28512,76.92861,9.28512_76.92861,Pattanamtitta,2024-06-10,0.6110944,0.25640205,0.8475237091382345,R1_FLOOD_LEVEL|R3_SUSTAINED_JOINT|R5_RISING_LANDSLIDE|R7_JOINT_MODERATE,4,1,0,0,0
2024-06-11,9.28512,76.92861,9.28512_76.92861,Pattanamtitta,2024-06-11,0.6005129,0.13054831,0.7519349853197733,R1_FLOOD_LEVEL|R3_SUSTAINED_JOINT|R7_JOINT_MODERATE,3,1,0,0,0
2024-06-12,9.28512,76.92861,9.28512_76.92861,Pattanamtitta,2024-06-12,0.61554873,0.3341772,0.7024998068809509,R1_FLOOD_LEVEL|R3_SUSTAINED_JOINT|R7_JOINT_MODERATE,3,1,0,0,0
2024-06-13,9.28512,76.92861,9.28512_76.92861,Pattanamtitta,2024-06-13,0.6018708,0.09961962,0.6794070402781168,R1_FLOOD_LEVEL|R7_JOINT_MODERATE,2,1,0,0,0
2024-06-14,9.28512,76.92861,9.28512_76.92861,Pattanamtitta,2024-06-14,0.56589955,0.0902347,0.663542111714681,R1_FLOOD_LEVEL|R7_JOINT_MODERATE,2,1,0,0,0
2024-06-15,9.28512,76.92861,9.28512_76.92861,Pattanamtitta,2024-06-15,0.5515599,0.090673365,0.6129414240519205,R1_FLOOD_LEVEL,1,1,0,0,0
2024-06-18,9.28512,76.92861,9.28512_76.92861,Pattanamtitta,2024-06-18,0.5103797,0.34412193,0.59522678454717,R1_FLOOD_LEVEL|R5_RISING_LANDSLIDE,2,1,0,0,0
2024-06-19,9.28512,76.92861,9.28512_76.92861,Pattanamtitta,2024-06-19,0.5002948,0.7492543,0.6968497435251871,R1_FLOOD_LEVEL|R2_LANDSLIDE_LEVEL|R5_RISING_LANDSLIDE,3,1,1,0,0
2024-06-20,9.28512,76.92861,9.28512_76.92861,Pattanamtitta,2024-06-20,0.54994375,0.60621893,0.7921154101689657,R1_FLOOD_LEVEL|R2_LANDSLIDE_LEVEL|R3_SUSTAINED_JOINT|R5_RISING_LANDSLIDE,4,1,1,0,0
2024-06-21,9.28512,76.92861,9.28512_76.92861,Pattanamtitta,2024-06-21,0.53394365,0.3808713,0.8029762109120687,R1_FLOOD_LEVEL|R3_SUSTAINED_JOINT|R5_RISING_LANDSLIDE,3,1,0,0,0
2024-06-22,9.28512,76.92861,9.28512_76.92861,Pattanamtitta,2024-06-22,0.5410987,0.15355106,0.7152636647224426,R1_FLOOD_LEVEL|R3_SUSTAINED_JOINT|R7_JOINT_MODERATE,3,1,0,0,0
2024-06-23,9.28512,76.92861,9.28512_76.92861,Pattanamtitta,2024-06-23,0.5132292,0.2189193,0.6476024389266968,R1_FLOOD_LEVEL,1,1,0,0,0
2024-06-24,9.28512,76.92861,9.28512_76.92861,Pattanamtitta,2024-06-24,0.5293804,0.34896454,0.6416553656260172,R1_FLOOD_LEVEL,1,1,0,0,0
2024-06-25,9.28512,76.92861,9.28512_76.92861,Pattanamtitta,2024-06-25,0.61500657,0.7723893,0.7419246832529703,R1_FLOOD_LEVEL|R2_LANDSLIDE_LEVEL|R7_JOINT_MODERATE,3,1,1,0,0
2024-06-26,9.28512,76.92861,9.28512_76.92861,Pattanamtitta,2024-06-26,0.64965856,0.7160117,0.835496167341868,R1_FLOOD_LEVEL|R2_LANDSLIDE_LEVEL|R3_SUSTAINED_JOINT|R4_RISING_FLOOD|R5_RISING_LANDSLIDE|R7_JOINT_MODERATE,6,1,1,0,0
2024-06-27,9.28512,76.92861,9.28512_76.92861,Pattanamtitta,2024-06-27,0.651268,0.49343023,0.8787404894828796,R1_FLOOD_LEVEL|R3_SUSTAINED_JOINT|R4_RISING_FLOOD|R5_RISING_LANDSLIDE|R6_ENV_PRECURSOR|R7_JOINT_MODERATE,6,1,0,0,0
2024-06-28,9.28512,76.92861,9.28512_76.92861,Pattanamtitta,2024-06-28,0.64602685,0.20693798,0.8143757979075114,R1_FLOOD_LEVEL|R3_SUSTAINED_JOINT|R4_RISING_FLOOD|R7_JOINT_MODERATE,4,1,0,0,0
2024-06-29,9.28512,76.92861,9.28512_76.92861,Pattanamtitta,2024-06-29,0.64222354,0.2078636,0.7530708114306132,R1_FLOOD_LEVEL|R3_SUSTAINED_JOINT|R4_RISING_FLOOD|R7_JOINT_MODERATE,4,1,0,0,0
2024-06-30,9.28512,76.92861,9.28512_76.92861,Pattanamtitta,2024-06-30,0.62301373,0.6520252,0.7682292660077413,R1_FLOOD_LEVEL|R2_LANDSLIDE_LEVEL|R3_SUSTAINED_JOINT|R7_JOINT_MODERATE,4,1,1,0,0
2024-07-01,9.28512,76.92861,9.28512_76.92861,Pattanamtitta,2024-07-01,0.6151873,0.6338972,0.8148431579271952,R1_FLOOD_LEVEL|R2_LANDSLIDE_LEVEL|R3_SUSTAINED_JOINT|R7_JOINT_MODERATE,4,1,1,0,0
2024-07-02,9.28512,76.92861,9.28512_76.92861,Pattanamtitta,2024-07-02,0.60739744,0.15927707,0.7992891073226929,R1_FLOOD_LEVEL|R3_SUSTAINED_JOINT|R5_RISING_LANDSLIDE|R7_JOINT_MODERATE,4,1,0,0,0
2024-07-03,9.28512,76.92861,9.28512_76.92861,Pattanamtitta,2024-07-03,0.60739744,0.68501276,0.8017947475115458,R1_FLOOD_LEVEL|R2_LANDSLIDE_LEVEL|R3_SUSTAINED_JOINT|R5_RISING_LANDSLIDE|R7_JOINT_MODERATE,5,1,1,0,0
2024-07-04,9.28512,76.92861,9.28512_76.92861,Pattanamtitta,2024-07-04,0.58785397,0.21423954,0.7408057252566019,R1_FLOOD_LEVEL|R3_SUSTAINED_JOINT|R7_JOINT_MODERATE,3,1,0,0,0
2024-07-05,9.28512,76.92861,9.28512_76.92861,Pattanamtitta,2024-07-05,0.5904133,0.5721871,0.792420228322347,R1_FLOOD_LEVEL|R2_LANDSLIDE_LEVEL|R3_SUSTAINED_JOINT|R7_JOINT_MODERATE,4,1,1,0,0
2024-07-06,9.28512,76.92861,9.28512_76.92861,Pattanamtitta,2024-07-06,0.59325683,0.39362037,0.751428226629893,R1_FLOOD_LEVEL|R3_SUSTAINED_JOINT|R7_JOINT_MODERATE,3,1,0,0,0
2024-07-07,9.28512,76.92861,9.28512_76.92861,Pattanamtitta,2024-07-07,0.5521373,0.20798056,0.7411389350891113,R1_FLOOD_LEVEL|R3_SUSTAINED_JOINT|R7_JOINT_MODERATE,3,1,0,0,0
2024-07-08,9.28512,76.92861,9.28512_76.92861,Pattanamtitta,2024-07-08,0.53583694,0.33488446,0.6966403921445211,R1_FLOOD_LEVEL|R3_SUSTAINED_JOINT|R7_JOINT_MODERATE,3,1,0,0,0
2024-07-09,9.28512,76.92861,9.28512_76.92861,Pattanamtitta,2024-07-09,0.5036195,0.32260728,0.666772464911143,R1_FLOOD_LEVEL,1,1,0,0,0
2024-07-10,9.28512,76.92861,9.28512_76.92861,Pattanamtitta,2024-07-10,0.53263426,0.6835425,0.7357106407483419,R1_FLOOD_LEVEL|R2_LANDSLIDE_LEVEL,2,1,1,0,0
2024-07-11,9.28512,76.92861,9.28512_76.92861,Pattanamtitta,2024-07-11,0.49420297,0.11718806,0.6897767782211304,R3_SUSTAINED_JOINT,1,0,0,0,0
2024-07-12,9.28512,76.92861,9.28512_76.92861,Pattanamtitta,2024-07-12,0.5103797,0.3966404,0.7033859292666117,R1_FLOOD_LEVEL|R3_SUSTAINED_JOINT|R5_RISING_LANDSLIDE,3,1,0,0,0
2024-07-13,9.28512,76.92861,9.28512_76.92861,Pattanamtitta,2024-07-13,0.60739744,0.70875394,0.7145717541376749,R1_FLOOD_LEVEL|R2_LANDSLIDE_LEVEL|R3_SUSTAINED_JOINT|R7_JOINT_MODERATE,4,1,1,0,0
2024-07-14,9.28512,76.92861,9.28512_76.92861,Pattanamtitta,2024-07-14,0.60739744,0.648694,0.8174384236335754,R1_FLOOD_LEVEL|R2_LANDSLIDE_LEVEL|R3_SUSTAINED_JOINT|R4_RISING_FLOOD|R5_RISING_LANDSLIDE|R7_JOINT_MODERATE,6,1,1,0,0
2024-07-15,9.28512,76.92861,9.28512_76.92861,Pattanamtitta,2024-07-15,0.6110944,0.77626675,0.8869071006774902,R1_FLOOD_LEVEL|R2_LANDSLIDE_LEVEL|R3_SUSTAINED_JOINT|R4_RISING_FLOOD|R5_RISING_LANDSLIDE|R7_JOINT_MODERATE,6,1,1,0,0
2024-07-16,9.28512,76.92861,9.28512_76.92861,Pattanamtitta,2024-07-16,0.64965856,0.8252678,0.9046164353688558,R1_FLOOD_LEVEL|R2_LANDSLIDE_LEVEL|R3_SUSTAINED_JOINT|R4_RISING_FLOOD|R5_RISING_LANDSLIDE|R7_JOINT_MODERATE,6,1,1,0,0
2024-07-17,9.28512,76.92861,9.28512_76.92861,Pattanamtitta,2024-07-17,0.64965856,0.68983954,0.9143702983856201,R1_FLOOD_LEVEL|R2_LANDSLIDE_LEVEL|R3_SUSTAINED_JOINT|R4_RISING_FLOOD|R5_RISING_LANDSLIDE|R7_JOINT_MODERATE,6,1,1,0,0
2024-07-18,9.28512,76.92861,9.28512_76.92861,Pattanamtitta,2024-07-18,0.64222354,0.3074339,0.8607793847719828,R1_FLOOD_LEVEL|R3_SUSTAINED_JOINT|R7_JOINT_MODERATE,3,1,0,0,0
2024-07-19,9.28512,76.92861,9.28512_76.92861,Pattanamtitta,2024-07-19,0.6534685,0.87691104,0.8669666250546774,R1_FLOOD_LEVEL|R2_LANDSLIDE_LEVEL|R3_SUSTAINED_JOINT|R7_JOINT_MODERATE,4,1,1,0,0
2024-07-20,9.28512,76.92861,9.28512_76.92861,Pattanamtitta,2024-07-20,0.6151873,0.495137,0.8384280800819397,R1_FLOOD_LEVEL|R3_SUSTAINED_JOINT|R7_JOINT_MODERATE,3,1,0,0,0
2024-07-21,9.28512,76.92861,9.28512_76.92861,Pattanamtitta,2024-07-21,0.60739744,0.700302,0.881801962852478,R1_FLOOD_LEVEL|R2_LANDSLIDE_LEVEL|R3_SUSTAINED_JOINT|R5_RISING_LANDSLIDE|R7_JOINT_MODERATE,5,1,1,0,0
2024-07-22,9.28512,76.92861,9.28512_76.92861,Pattanamtitta,2024-07-22,0.60739744,0.40193394,0.8177526195844015,R1_FLOOD_LEVEL|R3_SUSTAINED_JOINT|R7_JOINT_MODERATE,3,1,0,0,0
2024-07-23,9.28512,76.92861,9.28512_76.92861,Pattanamtitta,2024-07-23,0.59480953,0.2569292,0.7821501096089681,R1_FLOOD_LEVEL|R3_SUSTAINED_JOINT|R7_JOINT_MODERATE,3,1,0,0,0
2024-07-24,9.28512,76.92861,9.28512_76.92861,Pattanamtitta,2024-07-24,0.5904133,0.24174066,0.7178465127944946,R1_FLOOD_LEVEL|R3_SUSTAINED_JOINT|R7_JOINT_MODERATE,3,1,0,0,0
2024-07-25,9.28512,76.92861,9.28512_76.92861,Pattanamtitta,2024-07-25,0.5904133,0.44578978,0.7204482158025106,R1_FLOOD_LEVEL|R3_SUSTAINED_JOINT|R7_JOINT_MODERATE,3,1,0,0,0
2024-07-26,9.28512,76.92861,9.28512_76.92861,Pattanamtitta,2024-07-26,0.56698775,0.39263546,0.7331445217132568,R1_FLOOD_LEVEL|R3_SUSTAINED_JOINT|R7_JOINT_MODERATE,3,1,0,0,0
2024-07-27,9.28512,76.92861,9.28512_76.92861,Pattanamtitta,2024-07-27,0.56698775,0.24005361,0.7269801497459412,R1_FLOOD_LEVEL|R3_SUSTAINED_JOINT|R7_JOINT_MODERATE,3,1,0,0,0
2024-07-28,9.28512,76.92861,9.28512_76.92861,Pattanamtitta,2024-07-28,0.56698775,0.5072336,0.7315212289492289,R1_FLOOD_LEVEL|R2_LANDSLIDE_LEVEL|R3_SUSTAINED_JOINT|R7_JOINT_MODERATE,4,1,1,0,0
2024-07-29,9.28512,76.92861,9.28512_76.92861,Pattanamtitta,2024-07-29,0.60739744,0.7155817,0.7819655537605286,R1_FLOOD_LEVEL|R2_LANDSLIDE_LEVEL|R3_SUSTAINED_JOINT|R5_RISING_LANDSLIDE|R7_JOINT_MODERATE,5,1,1,0,0
2024-07-30,9.28512,76.92861,9.28512_76.92861,Pattanamtitta,2024-07-30,0.6358212,0.72132057,0.8578245441118876,R1_FLOOD_LEVEL|R2_LANDSLIDE_LEVEL|R3_SUSTAINED_JOINT|R5_RISING_LANDSLIDE|R7_JOINT_MODERATE,5,1,1,0,0
2024-07-31,9.28512,76.92861,9.28512_76.92861,Pattanamtitta,2024-07-31,0.64222354,0.3590834,0.8525142272313436,R1_FLOOD_LEVEL|R3_SUSTAINED_JOINT|R4_RISING_FLOOD|R5_RISING_LANDSLIDE|R7_JOINT_MODERATE,5,1,0,0,0
2024-08-01,9.28512,76.92861,9.28512_76.92861,Pattanamtitta,2024-08-01,0.6110944,0.54420435,0.8306481838226318,R1_FLOOD_LEVEL|R2_LANDSLIDE_LEVEL|R3_SUSTAINED_JOINT|R4_RISING_FLOOD|R7_JOINT_MODERATE,5,1,1,0,0
2024-08-02,9.28512,76.92861,9.28512_76.92861,Pattanamtitta,2024-08-02,0.5571232,0.5566531,0.7990285356839498,R1_FLOOD_LEVEL|R2_LANDSLIDE_LEVEL|R3_SUSTAINED_JOINT|R7_JOINT_MODERATE,4,1,1,0,0
2024-08-03,9.28512,76.92861,9.28512_76.92861,Pattanamtitta,2024-08-03,0.5293804,0.27468386,0.761680801709493,R1_FLOOD_LEVEL|R3_SUSTAINED_JOINT|R7_JOINT_MODERATE,3,1,0,0,0
2024-08-04,9.28512,76.92861,9.28512_76.92861,Pattanamtitta,2024-08-04,0.56416273,0.28707305,0.7171945770581564,R1_FLOOD_LEVEL|R3_SUSTAINED_JOINT|R7_JOINT_MODERATE,3,1,0,0,0
2024-08-05,9.28512,76.92861,9.28512_76.92861,Pattanamtitta,2024-08-05,0.5622102,0.36791578,0.6904039184252421,R1_FLOOD_LEVEL|R3_SUSTAINED_JOINT|R7_JOINT_MODERATE,3,1,0,0,0
2024-08-06,9.28512,76.92861,9.28512_76.92861,Pattanamtitta,2024-08-06,0.5549603,0.36791578,0.7104190786679586,R1_FLOOD_LEVEL|R3_SUSTAINED_JOINT|R7_JOINT_MODERATE,3,1,0,0,0
2024-08-07,9.28512,76.92861,9.28512_76.92861,Pattanamtitta,2024-08-07,0.5692688,0.78655046,0.7833459973335266,R1_FLOOD_LEVEL|R2_LANDSLIDE_LEVEL|R3_SUSTAINED_JOINT|R5_RISING_LANDSLIDE|R7_JOINT_MODERATE,5,1,1,0,0
2024-08-08,9.28512,76.92861,9.28512_76.92861,Pattanamtitta,2024-08-08,0.53494775,0.70699936,0.8301658034324646,R1_FLOOD_LEVEL|R2_LANDSLIDE_LEVEL|R3_SUSTAINED_JOINT|R5_RISING_LANDSLIDE|R7_JOINT_MODERATE,5,1,1,0,0
2024-08-09,9.28512,76.92861,9.28512_76.92861,Pattanamtitta,2024-08-09,0.5204596,0.33498645,0.8176330327987671,R1_FLOOD_LEVEL|R3_SUSTAINED_JOINT|R5_RISING_LANDSLIDE|R7_JOINT_MODERATE,4,1,0,0,0
2024-08-10,9.28512,76.92861,9.28512_76.92861,Pattanamtitta,2024-08-10,0.506017,0.6398645,0.7889792323112488,R1_FLOOD_LEVEL|R2_LANDSLIDE_LEVEL|R3_SUSTAINED_JOINT,3,1,1,0,0
2024-08-11,9.28512,76.92861,9.28512_76.92861,Pattanamtitta,2024-08-11,0.5537908,0.7639793,0.7992945710817972,R1_FLOOD_LEVEL|R2_LANDSLIDE_LEVEL|R3_SUSTAINED_JOINT,3,1,1,0,0
2024-08-12,9.28512,76.92861,9.28512_76.92861,Pattanamtitta,2024-08-12,0.5537908,0.8679459,0.8859536250432333,R1_FLOOD_LEVEL|R2_LANDSLIDE_LEVEL|R3_SUSTAINED_JOINT|R5_RISING_LANDSLIDE|R7_JOINT_MODERATE,5,1,1,0,0
2024-08-13,9.28512,76.92861,9.28512_76.92861,Pattanamtitta,2024-08-13,0.60739744,0.4525698,0.8736130595207214,R1_FLOOD_LEVEL|R3_SUSTAINED_JOINT|R4_RISING_FLOOD|R5_RISING_LANDSLIDE|R7_JOINT_MODERATE,5,1,0,0,0
2024-08-14,9.28512,76.92861,9.28512_76.92861,Pattanamtitta,2024-08-14,0.57102114,0.82961243,0.8843537171681722,R1_FLOOD_LEVEL|R2_LANDSLIDE_LEVEL|R3_SUSTAINED_JOINT|R4_RISING_FLOOD|R5_RISING_LANDSLIDE|R7_JOINT_MODERATE,6,1,1,0,0
2024-08-15,9.28512,76.92861,9.28512_76.92861,Pattanamtitta,2024-08-15,0.5344699,0.22754489,0.7841279109319051,R1_FLOOD_LEVEL|R3_SUSTAINED_JOINT|R7_JOINT_MODERATE,3,1,0,0,0
2024-08-16,9.28512,76.92861,9.28512_76.92861,Pattanamtitta,2024-08-16,0.5786378,0.80625874,0.8285569945971171,R1_FLOOD_LEVEL|R2_LANDSLIDE_LEVEL|R3_SUSTAINED_JOINT|R7_JOINT_MODERATE,4,1,1,0,0
2024-08-17,9.28512,76.92861,9.28512_76.92861,Pattanamtitta,2024-08-17,0.61500657,0.8702802,0.8362741271654764,R1_FLOOD_LEVEL|R2_LANDSLIDE_LEVEL|R3_SUSTAINED_JOINT|R7_JOINT_MODERATE,4,1,1,0,0
2024-08-18,9.28512,76.92861,9.28512_76.92861,Pattanamtitta,2024-08-18,0.61500657,0.45137057,0.8857349356015524,R1_FLOOD_LEVEL|R3_SUSTAINED_JOINT|R5_RISING_LANDSLIDE|R7_JOINT_MODERATE,4,1,0,0,0
2024-08-19,9.28512,76.92861,9.28512_76.92861,Pattanamtitta,2024-08-19,0.5842093,0.6591064,0.8656998872756958,R1_FLOOD_LEVEL|R2_LANDSLIDE_LEVEL|R3_SUSTAINED_JOINT|R7_JOINT_MODERATE,4,1,1,0,0
2024-08-20,9.28512,76.92861,9.28512_76.92861,Pattanamtitta,2024-08-20,0.5804322,0.36069238,0.7929359873135885,R1_FLOOD_LEVEL|R3_SUSTAINED_JOINT|R7_JOINT_MODERATE,3,1,0,0,0
2024-08-21,9.28512,76.92861,9.28512_76.92861,Pattanamtitta,2024-08-21,0.5748209,0.6432153,0.8127764264742533,R1_FLOOD_LEVEL|R2_LANDSLIDE_LEVEL|R3_SUSTAINED_JOINT|R7_JOINT_MODERATE,4,1,1,0,0
2024-08-22,9.28512,76.92861,9.28512_76.92861,Pattanamtitta,2024-08-22,0.5842093,0.2833635,0.7606996297836304,R1_FLOOD_LEVEL|R3_SUSTAINED_JOINT|R7_JOINT_MODERATE,3,1,0,0,0
2024-08-23,9.28512,76.92861,9.28512_76.92861,Pattanamtitta,2024-08-23,0.5734069,0.08502519,0.7200032869974772,R1_FLOOD_LEVEL|R3_SUSTAINED_JOINT|R7_JOINT_MODERATE,3,1,0,0,0
2024-08-24,9.28512,76.92861,9.28512_76.92861,Pattanamtitta,2024-08-24,0.5804322,0.1765709,0.6554076274236044,R1_FLOOD_LEVEL|R7_JOINT_MODERATE,2,1,0,0,0
2024-08-30,9.28512,76.92861,9.28512_76.92861,Pattanamtitta,2024-08-30,0.44561505,0.5859548,0.6086109479268392,R2_LANDSLIDE_LEVEL|R5_RISING_LANDSLIDE,2,0,1,0,0
2024-08-31,9.28512,76.92861,9.28512_76.92861,Pattanamtitta,2024-08-31,0.3876613,0.35080627,0.6307538946469625,R5_RISING_LANDSLIDE,1,0,0,0,0
2024-09-01,9.28512,76.92861,9.28512_76.92861,Pattanamtitta,2024-09-01,0.40277007,0.17354672,0.6264501611391703,R5_RISING_LANDSLIDE,1,0,0,0,0
2024-09-24,9.28512,76.92861,9.28512_76.92861,Pattanamtitta,2024-09-24,0.33776316,0.14025159,0.43414785464604694,R5_RISING_LANDSLIDE,1,0,0,0,0
2024-09-29,9.28512,76.92861,9.28512_76.92861,Pattanamtitta,2024-09-29,0.34730047,0.3141845,0.49649425347646076,R5_RISING_LANDSLIDE,1,0,0,0,0
2024-09-30,9.28512,76.92861,9.28512_76.92861,Pattanamtitta,2024-09-30,0.35794383,0.2471308,0.5296895702679952,R5_RISING_LANDSLIDE,1,0,0,0,0
2024-10-01,9.28512,76.92861,9.28512_76.92861,Pattanamtitta,2024-10-01,0.43200547,0.15705933,0.530066172281901,R5_RISING_LANDSLIDE,1,0,0,0,0
2024-10-07,9.28512,76.92861,9.28512_76.92861,Pattanamtitta,2024-10-07,0.48866653,0.1768793,0.5871436794598898,R5_RISING_LANDSLIDE,1,0,0,0,0
2024-10-08,9.28512,76.92861,9.28512_76.92861,Pattanamtitta,2024-10-08,0.5059464,0.1774761,0.5878617962201437,R1_FLOOD_LEVEL,1,1,0,0,0
2024-10-10,9.28512,76.92861,9.28512_76.92861,Pattanamtitta,2024-10-10,0.50867796,0.18040933,0.5989741683006287,R1_FLOOD_LEVEL,1,1,0,0,0
2024-10-11,9.28512,76.92861,9.28512_76.92861,Pattanamtitta,2024-10-11,0.53265774,0.15489732,0.6027804017066956,R1_FLOOD_LEVEL,1,1,0,0,0
2024-10-12,9.28512,76.92861,9.28512_76.92861,Pattanamtitta,2024-10-12,0.5299363,0.2216393,0.612161914507548,R1_FLOOD_LEVEL,1,1,0,0,0
2024-10-13,9.28512,76.92861,9.28512_76.92861,Pattanamtitta,2024-10-13,0.5299363,0.24810281,0.628576378027598,R1_FLOOD_LEVEL,1,1,0,0,0
2024-10-14,9.28512,76.92861,9.28512_76.92861,Pattanamtitta,2024-10-14,0.5299363,0.6181868,0.7004016041755676,R1_FLOOD_LEVEL|R2_LANDSLIDE_LEVEL|R5_RISING_LANDSLIDE,3,1,1,0,0
2024-10-15,9.28512,76.92861,9.28512_76.92861,Pattanamtitta,2024-10-15,0.5227606,0.10705875,0.6803123950958252,R1_FLOOD_LEVEL|R5_RISING_LANDSLIDE,2,1,0,0,0
2024-10-16,9.28512,76.92861,9.28512_76.92861,Pattanamtitta,2024-10-16,0.5299363,0.31241977,0.6903900901476542,R1_FLOOD_LEVEL|R5_RISING_LANDSLIDE,2,1,0,0,0
2024-10-17,9.28512,76.92861,9.28512_76.92861,Pattanamtitta,2024-10-17,0.50867796,0.14483131,0.6101611653963724,R1_FLOOD_LEVEL,1,1,0,0,0
2024-10-20,9.28512,76.92861,9.28512_76.92861,Pattanamtitta,2024-10-20,0.4958604,0.42012554,0.6346113483111063,R5_RISING_LANDSLIDE,1,0,0,0,0
2024-10-21,9.28512,76.92861,9.28512_76.92861,Pattanamtitta,2024-10-21,0.5804322,0.38418475,0.704555869102478,R1_FLOOD_LEVEL|R5_RISING_LANDSLIDE,2,1,0,0,0
2024-10-22,9.28512,76.92861,9.28512_76.92861,Pattanamtitta,2024-10-22,0.5734069,0.34276235,0.7229710022608439,R1_FLOOD_LEVEL|R3_SUSTAINED_JOINT|R4_RISING_FLOOD|R5_RISING_LANDSLIDE|R7_JOINT_MODERATE,5,1,0,0,0
2024-10-23,9.28512,76.92861,9.28512_76.92861,Pattanamtitta,2024-10-23,0.5734069,0.34498352,0.7272750536600748,R1_FLOOD_LEVEL|R3_SUSTAINED_JOINT|R4_RISING_FLOOD|R7_JOINT_MODERATE,4,1,0,0,0
2024-10-24,9.28512,76.92861,9.28512_76.92861,Pattanamtitta,2024-10-24,0.61500657,0.20035061,0.7107805411020914,R1_FLOOD_LEVEL|R3_SUSTAINED_JOINT|R4_RISING_FLOOD|R7_JOINT_MODERATE,4,1,0,0,0
2024-10-25,9.28512,76.92861,9.28512_76.92861,Pattanamtitta,2024-10-25,0.5804322,0.3890518,0.718793511390686,R1_FLOOD_LEVEL|R3_SUSTAINED_JOINT|R7_JOINT_MODERATE,3,1,0,0,0
2024-10-26,9.28512,76.92861,9.28512_76.92861,Pattanamtitta,2024-10-26,0.5842093,0.20189722,0.7013207674026489,R1_FLOOD_LEVEL|R3_SUSTAINED_JOINT|R7_JOINT_MODERATE,3,1,0,0,0
2024-10-27,9.28512,76.92861,9.28512_76.92861,Pattanamtitta,2024-10-27,0.5293804,0.15195583,0.6709052920341492,R1_FLOOD_LEVEL|R7_JOINT_MODERATE,2,1,0,0,0
2024-11-01,9.28512,76.92861,9.28512_76.92861,Pattanamtitta,2024-11-01,0.5010879,0.7982604,0.6132507920265198,R1_FLOOD_LEVEL|R2_LANDSLIDE_LEVEL|R5_RISING_LANDSLIDE,3,1,1,0,0
2024-11-02,9.28512,76.92861,9.28512_76.92861,Pattanamtitta,2024-11-02,0.56849396,0.7842378,0.7912070155143738,R1_FLOOD_LEVEL|R2_LANDSLIDE_LEVEL|R5_RISING_LANDSLIDE,3,1,1,0,0
2024-11-03,9.28512,76.92861,9.28512_76.92861,Pattanamtitta,2024-11-03,0.545381,0.46770433,0.8547517458597819,R1_FLOOD_LEVEL|R3_SUSTAINED_JOINT|R4_RISING_FLOOD|R5_RISING_LANDSLIDE|R7_JOINT_MODERATE,5,1,0,0,0
2024-11-04,9.28512,76.92861,9.28512_76.92861,Pattanamtitta,2024-11-04,0.53862983,0.28082976,0.7777006228764852,R1_FLOOD_LEVEL|R3_SUSTAINED_JOINT|R4_RISING_FLOOD|R5_RISING_LANDSLIDE|R7_JOINT_MODERATE,5,1,0,0,0
2024-11-05,9.28512,76.92861,9.28512_76.92861,Pattanamtitta,2024-11-05,0.50223947,0.13777637,0.6656745672225952,R1_FLOOD_LEVEL,1,1,0,0,0
2024-11-15,9.28512,76.92861,9.28512_76.92861,Pattanamtitta,2024-11-15,0.35944635,0.34896833,0.4905511736869812,R5_RISING_LANDSLIDE,1,0,0,0,0
2024-11-16,9.28512,76.92861,9.28512_76.92861,Pattanamtitta,2024-11-16,0.35944635,0.15415014,0.48637616634368896,R5_RISING_LANDSLIDE,1,0,0,0,0
2024-11-17,9.28512,76.92861,9.28512_76.92861,Pattanamtitta,2024-11-17,0.35794383,0.15728934,0.5000331600507101,R5_RISING_LANDSLIDE,1,0,0,0,0
2024-11-27,9.28512,76.92861,9.28512_76.92861,Pattanamtitta,2024-11-27,0.46303344,0.57837063,0.6144391496976217,R2_LANDSLIDE_LEVEL|R5_RISING_LANDSLIDE,2,0,1,0,0
2024-11-28,9.28512,76.92861,9.28512_76.92861,Pattanamtitta,2024-11-28,0.42407668,0.2660174,0.641365130742391,R5_RISING_LANDSLIDE,1,0,0,0,0
2024-11-29,9.28512,76.92861,9.28512_76.92861,Pattanamtitta,2024-11-29,0.44870058,0.09659892,0.6176123221715292,R5_RISING_LANDSLIDE,1,0,0,0,0
2024-12-13,9.28512,76.92861,9.28512_76.92861,Pattanamtitta,2024-12-13,0.40277007,0.12618458,0.45650466283162433,R5_RISING_LANDSLIDE,1,0,0,0,0
2024-12-14,9.28512,76.92861,9.28512_76.92861,Pattanamtitta,2024-12-14,0.40277007,0.18155853,0.503081738948822,R5_RISING_LANDSLIDE,1,0,0,0,0
2023-03-26,9.42945,76.44763,9.42945_76.44763,Alappuzha,2023-03-26,0.5473636,0.07885918,0.5477642814318339,R1_FLOOD_LEVEL,1,1,0,0,0
2023-03-28,9.42945,76.44763,9.42945_76.44763,Alappuzha,2023-03-28,0.5195404,0.073103055,0.5520062446594238,R1_FLOOD_LEVEL,1,1,0,0,0
2023-03-29,9.42945,76.44763,9.42945_76.44763,Alappuzha,2023-03-29,0.5473636,0.07265966,0.5510708689689636,R1_FLOOD_LEVEL,1,1,0,0,0
2023-03-30,9.42945,76.44763,9.42945_76.44763,Alappuzha,2023-03-30,0.5473636,0.07201702,0.5716255307197571,R1_FLOOD_LEVEL,1,1,0,0,0
2023-04-01,9.42945,76.44763,9.42945_76.44763,Alappuzha,2023-04-01,0.5473636,0.073103055,0.5595702727635702,R1_FLOOD_LEVEL,1,1,0,0,0
2023-04-02,9.42945,76.44763,9.42945_76.44763,Alappuzha,2023-04-02,0.5473636,0.073103055,0.5597341458002726,R1_FLOOD_LEVEL,1,1,0,0,0
2023-04-03,9.42945,76.44763,9.42945_76.44763,Alappuzha,2023-04-03,0.5473636,0.073103055,0.5804526805877686,R1_FLOOD_LEVEL,1,1,0,0,0
2023-04-04,9.42945,76.44763,9.42945_76.44763,Alappuzha,2023-04-04,0.5473636,0.073103055,0.5804526805877686,R1_FLOOD_LEVEL,1,1,0,0,0
2023-04-05,9.42945,76.44763,9.42945_76.44763,Alappuzha,2023-04-05,0.5473636,0.073103055,0.5804526805877686,R1_FLOOD_LEVEL,1,1,0,0,0
2023-04-06,9.42945,76.44763,9.42945_76.44763,Alappuzha,2023-04-06,0.5473636,0.073103055,0.5804526805877686,R1_FLOOD_LEVEL,1,1,0,0,0
2023-04-07,9.42945,76.44763,9.42945_76.44763,Alappuzha,2023-04-07,0.5473636,0.073103055,0.5804526805877686,R1_FLOOD_LEVEL,1,1,0,0,0
2023-04-08,9.42945,76.44763,9.42945_76.44763,Alappuzha,2023-04-08,0.5473636,0.073103055,0.5804526805877686,R1_FLOOD_LEVEL,1,1,0,0,0
2023-04-09,9.42945,76.44763,9.42945_76.44763,Alappuzha,2023-04-09,0.5473636,0.073103055,0.5804526805877686,R1_FLOOD_LEVEL,1,1,0,0,0
2023-04-10,9.42945,76.44763,9.42945_76.44763,Alappuzha,2023-04-10,0.5473636,0.073103055,0.5804526805877686,R1_FLOOD_LEVEL,1,1,0,0,0
2023-04-28,9.42945,76.44763,9.42945_76.44763,Alappuzha,2023-04-28,0.5473636,0.07862307,0.5054616133371989,R1_FLOOD_LEVEL,1,1,0,0,0
2023-04-29,9.42945,76.44763,9.42945_76.44763,Alappuzha,2023-04-29,0.55035824,0.15519232,0.5581894119580587,R1_FLOOD_LEVEL,1,1,0,0,0
2023-04-30,9.42945,76.44763,9.42945_76.44763,Alappuzha,2023-04-30,0.55035824,0.10532535,0.6002691189448038,R1_FLOOD_LEVEL|R4_RISING_FLOOD,2,1,0,0,0
2023-05-01,9.42945,76.44763,9.42945_76.44763,Alappuzha,2023-05-01,0.51001155,0.10532535,0.5931586225827535,R1_FLOOD_LEVEL|R4_RISING_FLOOD,2,1,0,0,0
2023-05-02,9.42945,76.44763,9.42945_76.44763,Alappuzha,2023-05-02,0.568814,0.06930711,0.5860116481781006,R1_FLOOD_LEVEL,1,1,0,0,0
2023-05-03,9.42945,76.44763,9.42945_76.44763,Alappuzha,2023-05-03,0.56989354,0.08467666,0.5888771812121073,R1_FLOOD_LEVEL,1,1,0,0,0
2023-05-04,9.42945,76.44763,9.42945_76.44763,Alappuzha,2023-05-04,0.58177096,0.09095146,0.6082737644513448,R1_FLOOD_LEVEL,1,1,0,0,0
2023-05-05,9.42945,76.44763,9.42945_76.44763,Alappuzha,2023-05-05,0.58177096,0.104504585,0.6172002752621969,R1_FLOOD_LEVEL,1,1,0,0,0
2023-05-06,9.42945,76.44763,9.42945_76.44763,Alappuzha,2023-05-06,0.5785931,0.10373747,0.6225320100784302,R1_FLOOD_LEVEL,1,1,0,0,0
2023-05-07,9.42945,76.44763,9.42945_76.44763,Alappuzha,2023-05-07,0.5785931,0.09435555,0.622047225634257,R1_FLOOD_LEVEL,1,1,0,0,0
2023-05-08,9.42945,76.44763,9.42945_76.44763,Alappuzha,2023-05-08,0.5785931,0.121970825,0.6235521038373312,R1_FLOOD_LEVEL,1,1,0,0,0
2023-05-09,9.42945,76.44763,9.42945_76.44763,Alappuzha,2023-05-09,0.5150257,0.111600764,0.6058322389920553,R1_FLOOD_LEVEL,1,1,0,0,0
2023-05-10,9.42945,76.44763,9.42945_76.44763,Alappuzha,2023-05-10,0.5150257,0.08779994,0.5855826338132223,R1_FLOOD_LEVEL,1,1,0,0,0
2023-05-11,9.42945,76.44763,9.42945_76.44763,Alappuzha,2023-05-11,0.5150257,0.09478728,0.5625835259755453,R1_FLOOD_LEVEL,1,1,0,0,0
2023-05-12,9.42945,76.44763,9.42945_76.44763,Alappuzha,2023-05-12,0.5150257,0.07424938,0.5565453767776489,R1_FLOOD_LEVEL,1,1,0,0,0
2023-05-13,9.42945,76.44763,9.42945_76.44763,Alappuzha,2023-05-13,0.5150257,0.07468503,0.5544252594312032,R1_FLOOD_LEVEL,1,1,0,0,0
2023-05-14,9.42945,76.44763,9.42945_76.44763,Alappuzha,2023-05-14,0.5430141,0.07210096,0.5594146450360616,R1_FLOOD_LEVEL,1,1,0,0,0
2023-05-15,9.42945,76.44763,9.42945_76.44763,Alappuzha,2023-05-15,0.5215262,0.072706014,0.5611744523048401,R1_FLOOD_LEVEL,1,1,0,0,0
2023-05-16,9.42945,76.44763,9.42945_76.44763,Alappuzha,2023-05-16,0.5223118,0.07289778,0.5631371935208639,R1_FLOOD_LEVEL,1,1,0,0,0
2023-05-17,9.42945,76.44763,9.42945_76.44763,Alappuzha,2023-05-17,0.54624987,0.08927294,0.5667352477709452,R1_FLOOD_LEVEL,1,1,0,0,0
2023-05-18,9.42945,76.44763,9.42945_76.44763,Alappuzha,2023-05-18,0.53417134,0.12607478,0.5789307554562887,R1_FLOOD_LEVEL,1,1,0,0,0
2023-05-19,9.42945,76.44763,9.42945_76.44763,Alappuzha,2023-05-19,0.5215262,0.1062095,0.5840009053548177,R1_FLOOD_LEVEL,1,1,0,0,0
2023-05-20,9.42945,76.44763,9.42945_76.44763,Alappuzha,2023-05-20,0.54515827,0.07850726,0.5820373098055521,R1_FLOOD_LEVEL,1,1,0,0,0
2023-05-21,9.42945,76.44763,9.42945_76.44763,Alappuzha,2023-05-21,0.54624987,0.09021825,0.5801325639088949,R1_FLOOD_LEVEL,1,1,0,0,0
2023-05-22,9.42945,76.44763,9.42945_76.44763,Alappuzha,2023-05-22,0.54624987,0.10200421,0.5868624448776245,R1_FLOOD_LEVEL,1,1,0,0,0
2023-05-23,9.42945,76.44763,9.42945_76.44763,Alappuzha,2023-05-23,0.5182837,0.16105299,0.5918621023495992,R1_FLOOD_LEVEL,1,1,0,0,0
2023-05-24,9.42945,76.44763,9.42945_76.44763,Alappuzha,2023-05-24,0.52496105,0.14852712,0.5946390430132548,R1_FLOOD_LEVEL,1,1,0,0,0
2023-05-25,9.42945,76.44763,9.42945_76.44763,Alappuzha,2023-05-25,0.54515827,0.084477894,0.5916550556818644,R1_FLOOD_LEVEL,1,1,0,0,0
2023-05-26,9.42945,76.44763,9.42945_76.44763,Alappuzha,2023-05-26,0.54624987,0.11859518,0.5930540164311727,R1_FLOOD_LEVEL,1,1,0,0,0
2023-05-27,9.42945,76.44763,9.42945_76.44763,Alappuzha,2023-05-27,0.53417134,0.11474594,0.5904226899147034,R1_FLOOD_LEVEL,1,1,0,0,0
2023-05-28,9.42945,76.44763,9.42945_76.44763,Alappuzha,2023-05-28,0.53417134,0.09626452,0.5888999501864115,R1_FLOOD_LEVEL,1,1,0,0,0
2023-05-29,9.42945,76.44763,9.42945_76.44763,Alappuzha,2023-05-29,0.5303979,0.092095,0.5800944368044535,R1_FLOOD_LEVEL,1,1,0,0,0
2023-05-30,9.42945,76.44763,9.42945_76.44763,Alappuzha,2023-05-30,0.56617445,0.09326368,0.5864315629005432,R1_FLOOD_LEVEL,1,1,0,0,0
2023-05-31,9.42945,76.44763,9.42945_76.44763,Alappuzha,2023-05-31,0.5785931,0.09871068,0.6001570026079813,R1_FLOOD_LEVEL,1,1,0,0,0
2023-06-01,9.42945,76.44763,9.42945_76.44763,Alappuzha,2023-06-01,0.5785931,0.097681545,0.6155272722244263,R1_FLOOD_LEVEL,1,1,0,0,0
2023-06-02,9.42945,76.44763,9.42945_76.44763,Alappuzha,2023-06-02,0.5785931,0.10292597,0.6206379930178324,R1_FLOOD_LEVEL,1,1,0,0,0
2023-06-03,9.42945,76.44763,9.42945_76.44763,Alappuzha,2023-06-03,0.5800022,0.11544963,0.6234047810236613,R1_FLOOD_LEVEL,1,1,0,0,0
2023-06-04,9.42945,76.44763,9.42945_76.44763,Alappuzha,2023-06-04,0.5800022,0.10610802,0.6250083049138387,R1_FLOOD_LEVEL,1,1,0,0,0
2023-06-05,9.42945,76.44763,9.42945_76.44763,Alappuzha,2023-06-05,0.5800022,0.13245097,0.6295631527900696,R1_FLOOD_LEVEL,1,1,0,0,0
2023-06-06,9.42945,76.44763,9.42945_76.44763,Alappuzha,2023-06-06,0.5800022,0.13149296,0.6318092147509257,R1_FLOOD_LEVEL,1,1,0,0,0
2023-06-07,9.42945,76.44763,9.42945_76.44763,Alappuzha,2023-06-07,0.5800022,0.16817985,0.6404992341995239,R1_FLOOD_LEVEL,1,1,0,0,0
2023-06-08,9.42945,76.44763,9.42945_76.44763,Alappuzha,2023-06-08,0.5800022,0.20124713,0.6501306295394897,R1_FLOOD_LEVEL|R7_JOINT_MODERATE,2,1,0,0,0
2023-06-09,9.42945,76.44763,9.42945_76.44763,Alappuzha,2023-06-09,0.5800022,0.15412861,0.6532995899518331,R1_FLOOD_LEVEL|R7_JOINT_MODERATE,2,1,0,0,0
2023-06-10,9.42945,76.44763,9.42945_76.44763,Alappuzha,2023-06-10,0.5800022,0.09432305,0.6429596940676371,R1_FLOOD_LEVEL,1,1,0,0,0
2023-06-11,9.42945,76.44763,9.42945_76.44763,Alappuzha,2023-06-11,0.61834234,0.16817985,0.6489610075950623,R1_FLOOD_LEVEL,1,1,0,0,0
2023-06-12,9.42945,76.44763,9.42945_76.44763,Alappuzha,2023-06-12,0.61834234,0.16817985,0.6615588665008545,R1_FLOOD_LEVEL,1,1,0,0,0
2023-06-13,9.42945,76.44763,9.42945_76.44763,Alappuzha,2023-06-13,0.61834234,0.16942519,0.6826878786087036,R1_FLOOD_LEVEL|R7_JOINT_MODERATE,2,1,0,0,0
2023-06-14,9.42945,76.44763,9.42945_76.44763,Alappuzha,2023-06-14,0.61834234,0.094768435,0.6733485460281372,R1_FLOOD_LEVEL,1,1,0,0,0
2023-06-15,9.42945,76.44763,9.42945_76.44763,Alappuzha,2023-06-15,0.61834234,0.08657142,0.6629663904507955,R1_FLOOD_LEVEL,1,1,0,0,0
2023-06-16,9.42945,76.44763,9.42945_76.44763,Alappuzha,2023-06-16,0.61834234,0.07212998,0.6505885720252991,R1_FLOOD_LEVEL,1,1,0,0,0
2023-06-17,9.42945,76.44763,9.42945_76.44763,Alappuzha,2023-06-17,0.61834234,0.14975432,0.6575838128725687,R1_FLOOD_LEVEL,1,1,0,0,0
2023-06-18,9.42945,76.44763,9.42945_76.44763,Alappuzha,2023-06-18,0.61834234,0.15569292,0.6663773854573568,R1_FLOOD_LEVEL,1,1,0,0,0
2023-06-19,9.42945,76.44763,9.42945_76.44763,Alappuzha,2023-06-19,0.61834234,0.14858323,0.6761037111282349,R1_FLOOD_LEVEL|R6_ENV_PRECURSOR,2,1,0,0,0
2023-06-20,9.42945,76.44763,9.42945_76.44763,Alappuzha,2023-06-20,0.61834234,0.11124455,0.6712045470873514,R1_FLOOD_LEVEL,1,1,0,0,0
2023-06-21,9.42945,76.44763,9.42945_76.44763,Alappuzha,2023-06-21,0.61834234,0.14975432,0.6704490383466085,R1_FLOOD_LEVEL,1,1,0,0,0
2023-06-22,9.42945,76.44763,9.42945_76.44763,Alappuzha,2023-06-22,0.61834234,0.106428854,0.6650862097740173,R1_FLOOD_LEVEL,1,1,0,0,0
2023-06-23,9.42945,76.44763,9.42945_76.44763,Alappuzha,2023-06-23,0.61834234,0.091727875,0.6626032988230387,R1_FLOOD_LEVEL,1,1,0,0,0
2023-06-24,9.42945,76.44763,9.42945_76.44763,Alappuzha,2023-06-24,0.61834234,0.07212998,0.652728001276652,R1_FLOOD_LEVEL,1,1,0,0,0
2023-06-25,9.42945,76.44763,9.42945_76.44763,Alappuzha,2023-06-25,0.61834234,0.09277754,0.6509912808736166,R1_FLOOD_LEVEL,1,1,0,0,0
2023-06-26,9.42945,76.44763,9.42945_76.44763,Alappuzha,2023-06-26,0.61834234,0.094408214,0.6513322790463766,R1_FLOOD_LEVEL,1,1,0,0,0
2023-06-27,9.42945,76.44763,9.42945_76.44763,Alappuzha,2023-06-27,0.61834234,0.07746678,0.6520112156867981,R1_FLOOD_LEVEL,1,1,0,0,0
2023-06-28,9.42945,76.44763,9.42945_76.44763,Alappuzha,2023-06-28,0.5665277,0.07319009,0.6335118810335795,R1_FLOOD_LEVEL,1,1,0,0,0
2023-06-29,9.42945,76.44763,9.42945_76.44763,Alappuzha,2023-06-29,0.5665277,0.07319009,0.6148051023483276,R1_FLOOD_LEVEL,1,1,0,0,0
2023-06-30,9.42945,76.44763,9.42945_76.44763,Alappuzha,2023-06-30,0.5665277,0.070257485,0.5978298584620158,R1_FLOOD_LEVEL,1,1,0,0,0
2023-07-01,9.42945,76.44763,9.42945_76.44763,Alappuzha,2023-07-01,0.5665277,0.08897008,0.6001099149386088,R1_FLOOD_LEVEL,1,1,0,0,0
2023-07-02,9.42945,76.44763,9.42945_76.44763,Alappuzha,2023-07-02,0.5665277,0.08174692,0.6013462940851847,R1_FLOOD_LEVEL,1,1,0,0,0
2023-07-03,9.42945,76.44763,9.42945_76.44763,Alappuzha,2023-07-03,0.61834234,0.09571162,0.6206426421801249,R1_FLOOD_LEVEL|R6_ENV_PRECURSOR,2,1,0,1,0
2023-07-04,9.42945,76.44763,9.42945_76.44763,Alappuzha,2023-07-04,0.61834234,0.15423436,0.644680400689443,R1_FLOOD_LEVEL|R6_ENV_PRECURSOR,2,1,0,1,0
2023-07-05,9.42945,76.44763,9.42945_76.44763,Alappuzha,2023-07-05,0.61834234,0.1810961,0.6731791694959005,R1_FLOOD_LEVEL|R4_RISING_FLOOD|R6_ENV_PRECURSOR,3,1,0,1,0
2023-07-06,9.42945,76.44763,9.42945_76.44763,Alappuzha,2023-07-06,0.61834234,0.1810961,0.6840417186419169,R1_FLOOD_LEVEL|R5_RISING_LANDSLIDE|R6_ENV_PRECURSOR|R7_JOINT_MODERATE,4,1,0,1,0
2023-07-07,9.42945,76.44763,9.42945_76.44763,Alappuzha,2023-07-07,0.61834234,0.24450937,0.6955264409383138,R1_FLOOD_LEVEL|R5_RISING_LANDSLIDE|R6_ENV_PRECURSOR|R7_JOINT_MODERATE,4,1,0,1,0
2023-07-08,9.42945,76.44763,9.42945_76.44763,Alappuzha,2023-07-08,0.61834234,0.15104306,0.6917031208674113,R1_FLOOD_LEVEL|R3_SUSTAINED_JOINT|R7_JOINT_MODERATE,3,1,0,0,0
2023-07-09,9.42945,76.44763,9.42945_76.44763,Alappuzha,2023-07-09,0.61834234,0.095142856,0.6807682116826376,R1_FLOOD_LEVEL|R7_JOINT_MODERATE,2,1,0,0,0
2023-07-10,9.42945,76.44763,9.42945_76.44763,Alappuzha,2023-07-10,0.61834234,0.100761734,0.6624807516733805,R1_FLOOD_LEVEL,1,1,0,0,0
2023-07-11,9.42945,76.44763,9.42945_76.44763,Alappuzha,2023-07-11,0.61834234,0.12897038,0.6596726775169373,R1_FLOOD_LEVEL,1,1,0,0,0
2023-07-12,9.42945,76.44763,9.42945_76.44763,Alappuzha,2023-07-12,0.61834234,0.09115198,0.6591649651527405,R1_FLOOD_LEVEL,1,1,0,0,0
2023-07-13,9.42945,76.44763,9.42945_76.44763,Alappuzha,2023-07-13,0.61834234,0.085345805,0.657203753789266,R1_FLOOD_LEVEL,1,1,0,0,0
2023-07-14,9.42945,76.44763,9.42945_76.44763,Alappuzha,2023-07-14,0.58566445,0.08001564,0.6409547328948975,R1_FLOOD_LEVEL,1,1,0,0,0
2023-07-15,9.42945,76.44763,9.42945_76.44763,Alappuzha,2023-07-15,0.58566445,0.07234206,0.6284571091334025,R1_FLOOD_LEVEL,1,1,0,0,0
2023-07-16,9.42945,76.44763,9.42945_76.44763,Alappuzha,2023-07-16,0.61834234,0.08301585,0.6281606952349345,R1_FLOOD_LEVEL,1,1,0,0,0
2023-07-17,9.42945,76.44763,9.42945_76.44763,Alappuzha,2023-07-17,0.5735822,0.087213896,0.6254786650339762,R1_FLOOD_LEVEL,1,1,0,0,0
2023-07-18,9.42945,76.44763,9.42945_76.44763,Alappuzha,2023-07-18,0.5594796,0.082692854,0.6189017097155253,R1_FLOOD_LEVEL,1,1,0,0,0
2023-07-19,9.42945,76.44763,9.42945_76.44763,Alappuzha,2023-07-19,0.5193904,0.075703286,0.5874844193458557,R1_FLOOD_LEVEL,1,1,0,0,0
2023-07-20,9.42945,76.44763,9.42945_76.44763,Alappuzha,2023-07-20,0.5193088,0.07541854,0.5690811276435852,R1_FLOOD_LEVEL,1,1,0,0,0
2023-07-21,9.42945,76.44763,9.42945_76.44763,Alappuzha,2023-07-21,0.50249237,0.08809981,0.5525528788566589,R1_FLOOD_LEVEL,1,1,0,0,0
2023-09-01,9.42945,76.44763,9.42945_76.44763,Alappuzha,2023-09-01,0.529544,0.06420296,0.4942193229993184,R1_FLOOD_LEVEL,1,1,0,0,0
2023-09-02,9.42945,76.44763,9.42945_76.44763,Alappuzha,2023-09-02,0.5509819,0.08126955,0.5365473826726278,R1_FLOOD_LEVEL,1,1,0,0,0
2023-09-03,9.42945,76.44763,9.42945_76.44763,Alappuzha,2023-09-03,0.5004519,0.08032493,0.5626000563303629,R1_FLOOD_LEVEL|R4_RISING_FLOOD,2,1,0,0,0
2023-09-04,9.42945,76.44763,9.42945_76.44763,Alappuzha,2023-09-04,0.5004519,0.074941985,0.5553135275840759,R1_FLOOD_LEVEL|R4_RISING_FLOOD,2,1,0,0,0
2023-09-05,9.42945,76.44763,9.42945_76.44763,Alappuzha,2023-09-05,0.5004519,0.09036104,0.5413529276847839,R1_FLOOD_LEVEL,1,1,0,0,0
2023-09-06,9.42945,76.44763,9.42945_76.44763,Alappuzha,2023-09-06,0.5004519,0.07167334,0.5399122834205627,R1_FLOOD_LEVEL,1,1,0,0,0
2023-10-01,9.42945,76.44763,9.42945_76.44763,Alappuzha,2023-10-01,0.5004519,0.09909578,0.5214939514795939,R1_FLOOD_LEVEL,1,1,0,0,0
2023-10-02,9.42945,76.44763,9.42945_76.44763,Alappuzha,2023-10-02,0.5004519,0.09299989,0.5376035968462626,R1_FLOOD_LEVEL,1,1,0,0,0
2023-10-03,9.42945,76.44763,9.42945_76.44763,Alappuzha,2023-10-03,0.5004519,0.09581105,0.5483929912249247,R1_FLOOD_LEVEL,1,1,0,0,0
2023-10-04,9.42945,76.44763,9.42945_76.44763,Alappuzha,2023-10-04,0.5004519,0.07401687,0.5442169706026713,R1_FLOOD_LEVEL,1,1,0,0,0
2023-10-05,9.42945,76.44763,9.42945_76.44763,Alappuzha,2023-10-05,0.5004519,0.08587567,0.5430306792259216,R1_FLOOD_LEVEL,1,1,0,0,0
2023-11-03,9.42945,76.44763,9.42945_76.44763,Alappuzha,2023-11-03,0.5004519,0.08732055,0.5223401188850403,R1_FLOOD_LEVEL,1,1,0,0,0
2023-11-04,9.42945,76.44763,9.42945_76.44763,Alappuzha,2023-11-04,0.5076471,0.081621476,0.5345404942830404,R1_FLOOD_LEVEL,1,1,0,0,0
2023-11-05,9.42945,76.44763,9.42945_76.44763,Alappuzha,2023-11-05,0.51573545,0.08816434,0.550112247467041,R1_FLOOD_LEVEL,1,1,0,0,0
2023-11-06,9.42945,76.44763,9.42945_76.44763,Alappuzha,2023-11-06,0.53111833,0.09408396,0.560498853524526,R1_FLOOD_LEVEL,1,1,0,0,0
2023-11-07,9.42945,76.44763,9.42945_76.44763,Alappuzha,2023-11-07,0.5900558,0.09752339,0.5878992875417074,R1_FLOOD_LEVEL|R4_RISING_FLOOD,2,1,0,0,0
2023-11-08,9.42945,76.44763,9.42945_76.44763,Alappuzha,2023-11-08,0.5415524,0.09324237,0.5965222318967184,R1_FLOOD_LEVEL,1,1,0,0,0
2023-11-09,9.42945,76.44763,9.42945_76.44763,Alappuzha,2023-11-09,0.5415524,0.09375262,0.5996224085489908,R1_FLOOD_LEVEL,1,1,0,0,0
2023-11-10,9.42945,76.44763,9.42945_76.44763,Alappuzha,2023-11-10,0.5415524,0.10041397,0.5854730804761251,R1_FLOOD_LEVEL,1,1,0,0,0
2023-11-11,9.42945,76.44763,9.42945_76.44763,Alappuzha,2023-11-11,0.5220411,0.09752339,0.580257773399353,R1_FLOOD_LEVEL,1,1,0,0,0
2024-03-30,9.42945,76.44763,9.42945_76.44763,Alappuzha,2024-03-30,0.50717026,0.08058558,0.5344944794972738,R1_FLOOD_LEVEL,1,1,0,0,0
2024-04-04,9.42945,76.44763,9.42945_76.44763,Alappuzha,2024-04-04,0.5473636,0.073103055,0.5148993929227194,R1_FLOOD_LEVEL,1,1,0,0,0
2024-04-12,9.42945,76.44763,9.42945_76.44763,Alappuzha,2024-04-12,0.5473636,0.10389006,0.5263153513272604,R1_FLOOD_LEVEL,1,1,0,0,0
2024-04-13,9.42945,76.44763,9.42945_76.44763,Alappuzha,2024-04-13,0.50717026,0.08058558,0.5448272029558817,R1_FLOOD_LEVEL,1,1,0,0,0
2024-04-14,9.42945,76.44763,9.42945_76.44763,Alappuzha,2024-04-14,0.5473636,0.073103055,0.5739086469014486,R1_FLOOD_LEVEL|R4_RISING_FLOOD,2,1,0,0,0
2024-04-15,9.42945,76.44763,9.42945_76.44763,Alappuzha,2024-04-15,0.5473636,0.073103055,0.5692635377248129,R1_FLOOD_LEVEL|R4_RISING_FLOOD,2,1,0,0,0
2024-04-18,9.42945,76.44763,9.42945_76.44763,Alappuzha,2024-04-18,0.5473636,0.073103055,0.5390156110127767,R1_FLOOD_LEVEL,1,1,0,0,0
2024-04-19,9.42945,76.44763,9.42945_76.44763,Alappuzha,2024-04-19,0.53364027,0.073103055,0.5554941097895304,R1_FLOOD_LEVEL,1,1,0,0,0
2024-04-21,9.42945,76.44763,9.42945_76.44763,Alappuzha,2024-04-21,0.5270599,0.073103055,0.5491145650545756,R1_FLOOD_LEVEL,1,1,0,0,0
2024-04-23,9.42945,76.44763,9.42945_76.44763,Alappuzha,2024-04-23,0.5473636,0.073103055,0.555893619855245,R1_FLOOD_LEVEL,1,1,0,0,0
2024-04-24,9.42945,76.44763,9.42945_76.44763,Alappuzha,2024-04-24,0.5473636,0.073103055,0.5621667504310608,R1_FLOOD_LEVEL,1,1,0,0,0
2024-04-30,9.42945,76.44763,9.42945_76.44763,Alappuzha,2024-04-30,0.5473636,0.073103055,0.5166716376940409,R1_FLOOD_LEVEL,1,1,0,0,0
2024-05-01,9.42945,76.44763,9.42945_76.44763,Alappuzha,2024-05-01,0.5195404,0.073103055,0.5444002151489258,R1_FLOOD_LEVEL,1,1,0,0,0
2024-05-05,9.42945,76.44763,9.42945_76.44763,Alappuzha,2024-05-05,0.50717026,0.073103055,0.5051535566647848,R1_FLOOD_LEVEL,1,1,0,0,0
2024-05-09,9.42945,76.44763,9.42945_76.44763,Alappuzha,2024-05-09,0.5473636,0.07862307,0.5196985403696696,R1_FLOOD_LEVEL,1,1,0,0,0
2024-05-10,9.42945,76.44763,9.42945_76.44763,Alappuzha,2024-05-10,0.5473636,0.11977514,0.5641065239906311,R1_FLOOD_LEVEL|R4_RISING_FLOOD,2,1,0,0,0
2024-05-11,9.42945,76.44763,9.42945_76.44763,Alappuzha,2024-05-11,0.55035824,0.10532535,0.5940820972124735,R1_FLOOD_LEVEL|R4_RISING_FLOOD,2,1,0,0,0
2024-05-12,9.42945,76.44763,9.42945_76.44763,Alappuzha,2024-05-12,0.55035824,0.10532535,0.5990039904912313,R1_FLOOD_LEVEL|R4_RISING_FLOOD,2,1,0,0,0
2024-05-13,9.42945,76.44763,9.42945_76.44763,Alappuzha,2024-05-13,0.55035824,0.10532535,0.5977169275283813,R1_FLOOD_LEVEL,1,1,0,0,0
2024-05-14,9.42945,76.44763,9.42945_76.44763,Alappuzha,2024-05-14,0.57872355,0.10482826,0.6061063607533773,R1_FLOOD_LEVEL,1,1,0,0,0
2024-05-15,9.42945,76.44763,9.42945_76.44763,Alappuzha,2024-05-15,0.58177096,0.08930697,0.6132412950197855,R1_FLOOD_LEVEL,1,1,0,0,0
2024-05-16,9.42945,76.44763,9.42945_76.44763,Alappuzha,2024-05-16,0.5785931,0.08390461,0.6186526815096537,R1_FLOOD_LEVEL,1,1,0,0,0
2024-05-17,9.42945,76.44763,9.42945_76.44763,Alappuzha,2024-05-17,0.5785931,0.08930697,0.6164334813753763,R1_FLOOD_LEVEL,1,1,0,0,0
2024-05-18,9.42945,76.44763,9.42945_76.44763,Alappuzha,2024-05-18,0.56617445,0.08930697,0.6116989453633627,R1_FLOOD_LEVEL,1,1,0,0,0
2024-05-19,9.42945,76.44763,9.42945_76.44763,Alappuzha,2024-05-19,0.56617445,0.092069864,0.6090874870618185,R1_FLOOD_LEVEL,1,1,0,1,0
2024-05-20,9.42945,76.44763,9.42945_76.44763,Alappuzha,2024-05-20,0.5383987,0.074352786,0.5945849617322286,R1_FLOOD_LEVEL,1,1,0,1,0
2024-05-21,9.42945,76.44763,9.42945_76.44763,Alappuzha,2024-05-21,0.5383987,0.07062661,0.5832789142926534,R1_FLOOD_LEVEL,1,1,0,1,0
2024-05-22,9.42945,76.44763,9.42945_76.44763,Alappuzha,2024-05-22,0.5383987,0.10977747,0.5775973796844482,R1_FLOOD_LEVEL,1,1,0,1,0
2024-05-23,9.42945,76.44763,9.42945_76.44763,Alappuzha,2024-05-23,0.57518584,0.17996833,0.6039036909739176,R1_FLOOD_LEVEL|R6_ENV_PRECURSOR,2,1,0,0,0
2024-05-24,9.42945,76.44763,9.42945_76.44763,Alappuzha,2024-05-24,0.57518584,0.20321095,0.6340746084849039,R1_FLOOD_LEVEL|R5_RISING_LANDSLIDE|R6_ENV_PRECURSOR|R7_JOINT_MODERATE,4,1,0,0,0
2024-05-25,9.42945,76.44763,9.42945_76.44763,Alappuzha,2024-05-25,0.57518584,0.18148799,0.6551454067230225,R1_FLOOD_LEVEL|R5_RISING_LANDSLIDE|R6_ENV_PRECURSOR|R7_JOINT_MODERATE,4,1,0,0,0
2024-05-26,9.42945,76.44763,9.42945_76.44763,Alappuzha,2024-05-26,0.57518584,0.17106508,0.6538846492767334,R1_FLOOD_LEVEL|R7_JOINT_MODERATE,2,1,0,0,0
2024-05-27,9.42945,76.44763,9.42945_76.44763,Alappuzha,2024-05-27,0.57518584,0.11075069,0.6407918334007263,R1_FLOOD_LEVEL,1,1,0,0,0
2024-05-28,9.42945,76.44763,9.42945_76.44763,Alappuzha,2024-05-28,0.57518584,0.14204702,0.6352067987124125,R1_FLOOD_LEVEL,1,1,0,1,0
2024-05-29,9.42945,76.44763,9.42945_76.44763,Alappuzha,2024-05-29,0.611559,0.1263537,0.6394678751627604,R1_FLOOD_LEVEL,1,1,0,0,0
2024-05-30,9.42945,76.44763,9.42945_76.44763,Alappuzha,2024-05-30,0.611559,0.14570412,0.6547752618789673,R1_FLOOD_LEVEL,1,1,0,0,0
2024-05-31,9.42945,76.44763,9.42945_76.44763,Alappuzha,2024-05-31,0.61834234,0.08953682,0.6604370474815369,R1_FLOOD_LEVEL,1,1,0,0,0
2024-06-01,9.42945,76.44763,9.42945_76.44763,Alappuzha,2024-06-01,0.61834234,0.09426986,0.6583307981491089,R1_FLOOD_LEVEL,1,1,0,0,0
2024-06-02,9.42945,76.44763,9.42945_76.44763,Alappuzha,2024-06-02,0.61834234,0.10735967,0.6553843220074972,R1_FLOOD_LEVEL,1,1,0,0,0
2024-06-03,9.42945,76.44763,9.42945_76.44763,Alappuzha,2024-06-03,0.61834234,0.07518467,0.6535584529240926,R1_FLOOD_LEVEL,1,1,0,0,0
2024-06-04,9.42945,76.44763,9.42945_76.44763,Alappuzha,2024-06-04,0.61834234,0.08886887,0.652871330579122,R1_FLOOD_LEVEL,1,1,0,0,0
2024-06-05,9.42945,76.44763,9.42945_76.44763,Alappuzha,2024-06-05,0.61834234,0.07168708,0.6483330726623535,R1_FLOOD_LEVEL,1,1,0,0,0
2024-06-06,9.42945,76.44763,9.42945_76.44763,Alappuzha,2024-06-06,0.61834234,0.08044804,0.6490026712417603,R1_FLOOD_LEVEL,1,1,0,0,0
2024-06-07,9.42945,76.44763,9.42945_76.44763,Alappuzha,2024-06-07,0.61834234,0.12139618,0.6531407833099365,R1_FLOOD_LEVEL,1,1,0,0,0
2024-06-08,9.42945,76.44763,9.42945_76.44763,Alappuzha,2024-06-08,0.61834234,0.09596892,0.6562298933664957,R1_FLOOD_LEVEL,1,1,0,0,0
2024-06-09,9.42945,76.44763,9.42945_76.44763,Alappuzha,2024-06-09,0.61834234,0.09179701,0.65767369667689,R1_FLOOD_LEVEL,1,1,0,0,0
2024-06-10,9.42945,76.44763,9.42945_76.44763,Alappuzha,2024-06-10,0.61834234,0.09428056,0.6542240579922994,R1_FLOOD_LEVEL,1,1,0,0,0
2024-06-11,9.42945,76.44763,9.42945_76.44763,Alappuzha,2024-06-11,0.61834234,0.07513444,0.6515735189119974,R1_FLOOD_LEVEL,1,1,0,0,0
2024-06-12,9.42945,76.44763,9.42945_76.44763,Alappuzha,2024-06-12,0.61834234,0.07711513,0.649705708026886,R1_FLOOD_LEVEL,1,1,0,0,0
2024-06-13,9.42945,76.44763,9.42945_76.44763,Alappuzha,2024-06-13,0.5665277,0.08702993,0.6330148975054423,R1_FLOOD_LEVEL,1,1,0,0,0
2024-06-14,9.42945,76.44763,9.42945_76.44763,Alappuzha,2024-06-14,0.5665277,0.07547292,0.6170899669329325,R1_FLOOD_LEVEL,1,1,0,0,0
2024-06-15,9.42945,76.44763,9.42945_76.44763,Alappuzha,2024-06-15,0.5681311,0.07664991,0.6015766064325968,R1_FLOOD_LEVEL,1,1,0,0,0
2024-06-16,9.42945,76.44763,9.42945_76.44763,Alappuzha,2024-06-16,0.5681311,0.07664991,0.600570281346639,R1_FLOOD_LEVEL,1,1,0,0,0
2024-06-17,9.42945,76.44763,9.42945_76.44763,Alappuzha,2024-06-17,0.5681311,0.07982644,0.6016911069552103,R1_FLOOD_LEVEL,1,1,0,0,0
2024-06-18,9.42945,76.44763,9.42945_76.44763,Alappuzha,2024-06-18,0.5665277,0.111633554,0.6062524120012919,R1_FLOOD_LEVEL,1,1,0,0,0
2024-06-19,9.42945,76.44763,9.42945_76.44763,Alappuzha,2024-06-19,0.61834234,0.12949061,0.6284289360046387,R1_FLOOD_LEVEL,1,1,0,0,0
2024-06-20,9.42945,76.44763,9.42945_76.44763,Alappuzha,2024-06-20,0.61834234,0.16085675,0.6541385650634766,R1_FLOOD_LEVEL,1,1,0,0,0
2024-06-21,9.42945,76.44763,9.42945_76.44763,Alappuzha,2024-06-21,0.61834234,0.0901466,0.6667484839757284,R1_FLOOD_LEVEL|R4_RISING_FLOOD,2,1,0,0,0
2024-06-22,9.42945,76.44763,9.42945_76.44763,Alappuzha,2024-06-22,0.611559,0.099582836,0.6609076857566833,R1_FLOOD_LEVEL,1,1,0,0,0
2024-06-23,9.42945,76.44763,9.42945_76.44763,Alappuzha,2024-06-23,0.57518584,0.089011855,0.6386626164118449,R1_FLOOD_LEVEL,1,1,0,0,0
2024-06-24,9.42945,76.44763,9.42945_76.44763,Alappuzha,2024-06-24,0.57518584,0.10986088,0.6283655563990275,R1_FLOOD_LEVEL,1,1,0,0,0
2024-06-25,9.42945,76.44763,9.42945_76.44763,Alappuzha,2024-06-25,0.611559,0.20245968,0.6416860818862915,R1_FLOOD_LEVEL,1,1,0,0,0
2024-06-26,9.42945,76.44763,9.42945_76.44763,Alappuzha,2024-06-26,0.61834234,0.24251258,0.674319346745809,R1_FLOOD_LEVEL|R5_RISING_LANDSLIDE|R7_JOINT_MODERATE,3,1,0,0,0
2024-06-27,9.42945,76.44763,9.42945_76.44763,Alappuzha,2024-06-27,0.61834234,0.19530925,0.697995106379191,R1_FLOOD_LEVEL|R5_RISING_LANDSLIDE|R7_JOINT_MODERATE,3,1,0,0,0
2024-06-28,9.42945,76.44763,9.42945_76.44763,Alappuzha,2024-06-28,0.61834234,0.16575912,0.6951294342676798,R1_FLOOD_LEVEL|R3_SUSTAINED_JOINT|R7_JOINT_MODERATE,3,1,0,0,0
2024-06-29,9.42945,76.44763,9.42945_76.44763,Alappuzha,2024-06-29,0.61834234,0.100981176,0.6771239240964254,R1_FLOOD_LEVEL,1,1,0,0,0
2024-06-30,9.42945,76.44763,9.42945_76.44763,Alappuzha,2024-06-30,0.61834234,0.105420634,0.6656883756319681,R1_FLOOD_LEVEL,1,1,0,0,0
2024-07-01,9.42945,76.44763,9.42945_76.44763,Alappuzha,2024-07-01,0.61834234,0.15997179,0.6649520993232727,R1_FLOOD_LEVEL,1,1,0,0,0
2024-07-02,9.42945,76.44763,9.42945_76.44763,Alappuzha,2024-07-02,0.61834234,0.1022716,0.6651162703831991,R1_FLOOD_LEVEL,1,1,0,0,0
2024-07-03,9.42945,76.44763,9.42945_76.44763,Alappuzha,2024-07-03,0.61834234,0.07518467,0.6612696647644043,R1_FLOOD_LEVEL,1,1,0,0,0
2024-07-04,9.42945,76.44763,9.42945_76.44763,Alappuzha,2024-07-04,0.58566445,0.07234206,0.6400168538093567,R1_FLOOD_LEVEL,1,1,0,0,0
2024-07-05,9.42945,76.44763,9.42945_76.44763,Alappuzha,2024-07-05,0.61834234,0.09392509,0.6389550169308981,R1_FLOOD_LEVEL,1,1,0,0,0
2024-07-06,9.42945,76.44763,9.42945_76.44763,Alappuzha,2024-07-06,0.611559,0.09065619,0.6388671596844991,R1_FLOOD_LEVEL,1,1,0,0,0
2024-07-07,9.42945,76.44763,9.42945_76.44763,Alappuzha,2024-07-07,0.5786961,0.09065619,0.6392843325932821,R1_FLOOD_LEVEL,1,1,0,0,0
2024-07-08,9.42945,76.44763,9.42945_76.44763,Alappuzha,2024-07-08,0.5594796,0.06996272,0.6179876724878947,R1_FLOOD_LEVEL,1,1,0,0,0
2024-07-09,9.42945,76.44763,9.42945_76.44763,Alappuzha,2024-07-09,0.5220411,0.070257485,0.5876035690307617,R1_FLOOD_LEVEL,1,1,0,0,0
2024-07-10,9.42945,76.44763,9.42945_76.44763,Alappuzha,2024-07-10,0.5594796,0.08139335,0.5804186264673868,R1_FLOOD_LEVEL,1,1,0,0,0
2024-07-11,9.42945,76.44763,9.42945_76.44763,Alappuzha,2024-07-11,0.5594796,0.09763845,0.5844825307528178,R1_FLOOD_LEVEL,1,1,0,0,0
2024-07-12,9.42945,76.44763,9.42945_76.44763,Alappuzha,2024-07-12,0.58566445,0.12169653,0.6113046606381735,R1_FLOOD_LEVEL,1,1,0,0,0
2024-07-13,9.42945,76.44763,9.42945_76.44763,Alappuzha,2024-07-13,0.61834234,0.1063791,0.6325072248776754,R1_FLOOD_LEVEL,1,1,0,0,0
2024-07-14,9.42945,76.44763,9.42945_76.44763,Alappuzha,2024-07-14,0.61834234,0.18223117,0.6609742045402527,R1_FLOOD_LEVEL|R4_RISING_FLOOD,2,1,0,0,0
2024-07-15,9.42945,76.44763,9.42945_76.44763,Alappuzha,2024-07-15,0.63266647,0.17401408,0.6811408797899882,R1_FLOOD_LEVEL|R4_RISING_FLOOD,2,1,0,0,0
2024-07-16,9.42945,76.44763,9.42945_76.44763,Alappuzha,2024-07-16,0.63266647,0.13287574,0.6886520385742188,R1_FLOOD_LEVEL|R7_JOINT_MODERATE,2,1,0,1,0
2024-07-17,9.42945,76.44763,9.42945_76.44763,Alappuzha,2024-07-17,0.63266647,0.16089238,0.6899438301722208,R1_FLOOD_LEVEL,1,1,0,1,0
2024-07-18,9.42945,76.44763,9.42945_76.44763,Alappuzha,2024-07-18,0.63266647,0.10354352,0.6813151041666666,R1_FLOOD_LEVEL,1,1,0,0,0
2024-07-19,9.42945,76.44763,9.42945_76.44763,Alappuzha,2024-07-19,0.63932973,0.11906889,0.6815811594327291,R1_FLOOD_LEVEL,1,1,0,0,0
2024-07-20,9.42945,76.44763,9.42945_76.44763,Alappuzha,2024-07-20,0.62511146,0.08454747,0.669927716255188,R1_FLOOD_LEVEL,1,1,0,0,0
2024-07-21,9.42945,76.44763,9.42945_76.44763,Alappuzha,2024-07-21,0.62511146,0.08775927,0.6656976938247681,R1_FLOOD_LEVEL,1,1,0,0,0
2024-07-22,9.42945,76.44763,9.42945_76.44763,Alappuzha,2024-07-22,0.61834234,0.08097974,0.6546892126401266,R1_FLOOD_LEVEL,1,1,0,0,0
2024-07-23,9.42945,76.44763,9.42945_76.44763,Alappuzha,2024-07-23,0.61834234,0.07795952,0.6517855127652487,R1_FLOOD_LEVEL,1,1,0,0,0
2024-07-24,9.42945,76.44763,9.42945_76.44763,Alappuzha,2024-07-24,0.58566445,0.08225048,0.6390296022097269,R1_FLOOD_LEVEL,1,1,0,0,0
2024-07-25,9.42945,76.44763,9.42945_76.44763,Alappuzha,2024-07-25,0.61834234,0.072491065,0.6379496653874716,R1_FLOOD_LEVEL,1,1,0,0,0
2024-07-26,9.42945,76.44763,9.42945_76.44763,Alappuzha,2024-07-26,0.5220411,0.07234206,0.6074568033218384,R1_FLOOD_LEVEL,1,1,0,0,0
2024-07-27,9.42945,76.44763,9.42945_76.44763,Alappuzha,2024-07-27,0.5220411,0.07718986,0.587187131245931,R1_FLOOD_LEVEL,1,1,0,0,0
2024-07-28,9.42945,76.44763,9.42945_76.44763,Alappuzha,2024-07-28,0.58220315,0.082431994,0.577398419380188,R1_FLOOD_LEVEL,1,1,0,0,0
2024-07-29,9.42945,76.44763,9.42945_76.44763,Alappuzha,2024-07-29,0.63932973,0.16687295,0.6250311533610026,R1_FLOOD_LEVEL,1,1,0,0,0
2024-07-30,9.42945,76.44763,9.42945_76.44763,Alappuzha,2024-07-30,0.63266647,0.15990621,0.6691880623499552,R1_FLOOD_LEVEL|R4_RISING_FLOOD,2,1,0,0,0
2024-07-31,9.42945,76.44763,9.42945_76.44763,Alappuzha,2024-07-31,0.6259838,0.10369501,0.6852295398712158,R1_FLOOD_LEVEL|R4_RISING_FLOOD,2,1,0,0,0
2024-08-01,9.42945,76.44763,9.42945_76.44763,Alappuzha,2024-08-01,0.6259838,0.08590848,0.6714292367299398,R1_FLOOD_LEVEL,1,1,0,0,0
2024-08-02,9.42945,76.44763,9.42945_76.44763,Alappuzha,2024-08-02,0.611559,0.07711513,0.6547986467679342,R1_FLOOD_LEVEL,1,1,0,0,0
2024-08-03,9.42945,76.44763,9.42945_76.44763,Alappuzha,2024-08-03,0.611559,0.07711513,0.6470474004745483,R1_FLOOD_LEVEL,1,1,0,0,0
2024-08-04,9.42945,76.44763,9.42945_76.44763,Alappuzha,2024-08-04,0.57518584,0.07182798,0.6295755704243978,R1_FLOOD_LEVEL,1,1,0,0,0
2024-08-05,9.42945,76.44763,9.42945_76.44763,Alappuzha,2024-08-05,0.5594796,0.08233551,0.6143210530281067,R1_FLOOD_LEVEL,1,1,0,0,0
2024-08-06,9.42945,76.44763,9.42945_76.44763,Alappuzha,2024-08-06,0.5594796,0.08511843,0.5994751652081808,R1_FLOOD_LEVEL,1,1,0,0,0
2024-08-07,9.42945,76.44763,9.42945_76.44763,Alappuzha,2024-08-07,0.5594796,0.07939213,0.5957265098889669,R1_FLOOD_LEVEL,1,1,0,0,0
2024-08-08,9.42945,76.44763,9.42945_76.44763,Alappuzha,2024-08-08,0.58566445,0.07822351,0.6031682292620341,R1_FLOOD_LEVEL,1,1,0,0,0
2024-08-09,9.42945,76.44763,9.42945_76.44763,Alappuzha,2024-08-09,0.5594796,0.08001564,0.6024189392725626,R1_FLOOD_LEVEL,1,1,0,0,0
2024-08-10,9.42945,76.44763,9.42945_76.44763,Alappuzha,2024-08-10,0.5786961,0.0840821,0.6089745362599691,R1_FLOOD_LEVEL,1,1,0,0,0
2024-08-11,9.42945,76.44763,9.42945_76.44763,Alappuzha,2024-08-11,0.6183742,0.094634466,0.6211125055948893,R1_FLOOD_LEVEL,1,1,0,0,0
2024-08-12,9.42945,76.44763,9.42945_76.44763,Alappuzha,2024-08-12,0.6183742,0.19534898,0.6538446148236593,R1_FLOOD_LEVEL,1,1,0,0,0
2024-08-13,9.42945,76.44763,9.42945_76.44763,Alappuzha,2024-08-13,0.6183742,0.20645575,0.6815255681673685,R1_FLOOD_LEVEL|R5_RISING_LANDSLIDE|R7_JOINT_MODERATE,3,1,0,0,0
2024-08-14,9.42945,76.44763,9.42945_76.44763,Alappuzha,2024-08-14,0.59699965,0.09061178,0.6745345791180929,R1_FLOOD_LEVEL|R5_RISING_LANDSLIDE|R7_JOINT_MODERATE,3,1,0,0,0
2024-08-15,9.42945,76.44763,9.42945_76.44763,Alappuzha,2024-08-15,0.58220315,0.09671589,0.6510966817537943,R1_FLOOD_LEVEL,1,1,0,0,0
2024-08-16,9.42945,76.44763,9.42945_76.44763,Alappuzha,2024-08-16,0.58220315,0.22106475,0.6435634096463522,R1_FLOOD_LEVEL,1,1,0,0,0
2024-08-17,9.42945,76.44763,9.42945_76.44763,Alappuzha,2024-08-17,0.58220315,0.2701057,0.664075513680776,R1_FLOOD_LEVEL|R7_JOINT_MODERATE,2,1,0,0,0
2024-08-18,9.42945,76.44763,9.42945_76.44763,Alappuzha,2024-08-18,0.58220315,0.09061178,0.6632254123687744,R1_FLOOD_LEVEL|R7_JOINT_MODERATE,2,1,0,0,0
2024-08-19,9.42945,76.44763,9.42945_76.44763,Alappuzha,2024-08-19,0.58220315,0.084563546,0.6442155043284098,R1_FLOOD_LEVEL,1,1,0,0,0
2024-08-20,9.42945,76.44763,9.42945_76.44763,Alappuzha,2024-08-20,0.57518584,0.07588758,0.6150059700012207,R1_FLOOD_LEVEL,1,1,0,0,0
2024-08-21,9.42945,76.44763,9.42945_76.44763,Alappuzha,2024-08-21,0.57518584,0.08594294,0.6122177044550577,R1_FLOOD_LEVEL,1,1,0,0,0
2024-08-22,9.42945,76.44763,9.42945_76.44763,Alappuzha,2024-08-22,0.57518584,0.08647137,0.6103465557098389,R1_FLOOD_LEVEL,1,1,0,1,0
2024-08-23,9.42945,76.44763,9.42945_76.44763,Alappuzha,2024-08-23,0.5415524,0.077340655,0.6002082824707031,R1_FLOOD_LEVEL,1,1,0,0,0
2024-08-24,9.42945,76.44763,9.42945_76.44763,Alappuzha,2024-08-24,0.5220411,0.08359279,0.5836414098739624,R1_FLOOD_LEVEL,1,1,0,0,0
2024-08-25,9.42945,76.44763,9.42945_76.44763,Alappuzha,2024-08-25,0.5220411,0.07591516,0.565776507059733,R1_FLOOD_LEVEL,1,1,0,0,0
2024-08-26,9.42945,76.44763,9.42945_76.44763,Alappuzha,2024-08-26,0.5236706,0.07664991,0.5601672331492106,R1_FLOOD_LEVEL,1,1,0,0,0
2024-08-30,9.42945,76.44763,9.42945_76.44763,Alappuzha,2024-08-30,0.5220411,0.08053322,0.5224173466364542,R1_FLOOD_LEVEL,1,1,0,0,0
2024-08-31,9.42945,76.44763,9.42945_76.44763,Alappuzha,2024-08-31,0.5220411,0.08781578,0.5407028595606486,R1_FLOOD_LEVEL,1,1,0,0,0
2024-09-01,9.42945,76.44763,9.42945_76.44763,Alappuzha,2024-09-01,0.5415524,0.08866389,0.5689154267311096,R1_FLOOD_LEVEL|R4_RISING_FLOOD,2,1,0,0,0
2024-09-02,9.42945,76.44763,9.42945_76.44763,Alappuzha,2024-09-02,0.51325375,0.110940404,0.5711557269096375,R1_FLOOD_LEVEL,1,1,0,0,0
2024-09-03,9.42945,76.44763,9.42945_76.44763,Alappuzha,2024-09-03,0.51325375,0.09578911,0.5697774887084961,R1_FLOOD_LEVEL,1,1,0,0,0
2024-10-11,9.42945,76.44763,9.42945_76.44763,Alappuzha,2024-10-11,0.5004519,0.08172987,0.5189710855484009,R1_FLOOD_LEVEL,1,1,0,0,0
2024-10-12,9.42945,76.44763,9.42945_76.44763,Alappuzha,2024-10-12,0.5004519,0.09017502,0.5333400964736938,R1_FLOOD_LEVEL,1,1,0,0,0
2024-10-13,9.42945,76.44763,9.42945_76.44763,Alappuzha,2024-10-13,0.5004519,0.08503553,0.5432366530100504,R1_FLOOD_LEVEL,1,1,0,0,0
2024-10-14,9.42945,76.44763,9.42945_76.44763,Alappuzha,2024-10-14,0.5004519,0.085321255,0.5438346862792969,R1_FLOOD_LEVEL,1,1,0,0,0
2024-10-15,9.42945,76.44763,9.42945_76.44763,Alappuzha,2024-10-15,0.5004519,0.092133805,0.5441608428955078,R1_FLOOD_LEVEL,1,1,0,0,0
2023-02-06,9.63819,76.65185,9.63819_76.65185,Kottayam,2023-02-06,0.5473636,0.073066205,0.5423357486724854,R1_FLOOD_LEVEL,1,1,0,0,0
2023-03-25,9.63819,76.65185,9.63819_76.65185,Kottayam,2023-03-25,0.50717026,0.0802523,0.5237947305043539,R1_FLOOD_LEVEL,1,1,0,0,0
2023-03-26,9.63819,76.65185,9.63819_76.65185,Kottayam,2023-03-26,0.5473636,0.1210602,0.5601119001706442,R1_FLOOD_LEVEL,1,1,0,0,0
2023-03-27,9.63819,76.65185,9.63819_76.65185,Kottayam,2023-03-27,0.5195404,0.085335664,0.569807211558024,R1_FLOOD_LEVEL|R4_RISING_FLOOD,2,1,0,0,0
2023-03-28,9.63819,76.65185,9.63819_76.65185,Kottayam,2023-03-28,0.5473636,0.07291079,0.5810221036275228,R1_FLOOD_LEVEL|R4_RISING_FLOOD,2,1,0,0,0
2023-03-29,9.63819,76.65185,9.63819_76.65185,Kottayam,2023-03-29,0.55035824,0.07291079,0.5746828118960062,R1_FLOOD_LEVEL,1,1,0,0,0
2023-03-30,9.63819,76.65185,9.63819_76.65185,Kottayam,2023-03-30,0.55035824,0.080760285,0.5833930373191833,R1_FLOOD_LEVEL,1,1,0,0,0
2023-03-31,9.63819,76.65185,9.63819_76.65185,Kottayam,2023-03-31,0.5195404,0.07291079,0.574794868628184,R1_FLOOD_LEVEL,1,1,0,0,0
2023-04-01,9.63819,76.65185,9.63819_76.65185,Kottayam,2023-04-01,0.5473636,0.073103055,0.573898434638977,R1_FLOOD_LEVEL,1,1,0,0,0
2023-04-02,9.63819,76.65185,9.63819_76.65185,Kottayam,2023-04-02,0.5473636,0.073103055,0.5718255043029785,R1_FLOOD_LEVEL,1,1,0,0,0
2023-04-03,9.63819,76.65185,9.63819_76.65185,Kottayam,2023-04-03,0.5473636,0.073103055,0.5804526805877686,R1_FLOOD_LEVEL,1,1,0,0,0
2023-04-04,9.63819,76.65185,9.63819_76.65185,Kottayam,2023-04-04,0.5473636,0.073103055,0.5804526805877686,R1_FLOOD_LEVEL,1,1,0,0,0
2023-04-05,9.63819,76.65185,9.63819_76.65185,Kottayam,2023-04-05,0.5473636,0.073103055,0.5804526805877686,R1_FLOOD_LEVEL,1,1,0,0,0
2023-04-06,9.63819,76.65185,9.63819_76.65185,Kottayam,2023-04-06,0.5473636,0.073103055,0.5804526805877686,R1_FLOOD_LEVEL,1,1,0,0,0
2023-04-07,9.63819,76.65185,9.63819_76.65185,Kottayam,2023-04-07,0.5473636,0.073103055,0.5804526805877686,R1_FLOOD_LEVEL,1,1,0,0,0
2023-04-08,9.63819,76.65185,9.63819_76.65185,Kottayam,2023-04-08,0.5473636,0.073103055,0.5804526805877686,R1_FLOOD_LEVEL,1,1,0,0,0
2023-04-09,9.63819,76.65185,9.63819_76.65185,Kottayam,2023-04-09,0.5473636,0.073103055,0.5804526805877686,R1_FLOOD_LEVEL,1,1,0,0,0
2023-04-10,9.63819,76.65185,9.63819_76.65185,Kottayam,2023-04-10,0.5473636,0.073103055,0.5804526805877686,R1_FLOOD_LEVEL,1,1,0,0,0
2023-04-28,9.63819,76.65185,9.63819_76.65185,Kottayam,2023-04-28,0.5473636,0.10774081,0.5477492610613505,R1_FLOOD_LEVEL,1,1,0,0,0
2023-04-29,9.63819,76.65185,9.63819_76.65185,Kottayam,2023-04-29,0.55035824,0.12523516,0.5771090388298035,R1_FLOOD_LEVEL|R4_RISING_FLOOD,2,1,0,0,0
2023-04-30,9.63819,76.65185,9.63819_76.65185,Kottayam,2023-04-30,0.55035824,0.10589286,0.600257396697998,R1_FLOOD_LEVEL|R4_RISING_FLOOD,2,1,0,0,0
2023-05-01,9.63819,76.65185,9.63819_76.65185,Kottayam,2023-05-01,0.5397161,0.12243152,0.6002368529637655,R1_FLOOD_LEVEL,1,1,0,0,0
2023-05-02,9.63819,76.65185,9.63819_76.65185,Kottayam,2023-05-02,0.54475546,0.08031822,0.5917870998382568,R1_FLOOD_LEVEL,1,1,0,0,0
2023-05-03,9.63819,76.65185,9.63819_76.65185,Kottayam,2023-05-03,0.54475546,0.089435786,0.587619960308075,R1_FLOOD_LEVEL,1,1,0,0,0
2023-05-04,9.63819,76.65185,9.63819_76.65185,Kottayam,2023-05-04,0.536609,0.094229765,0.5823549230893453,R1_FLOOD_LEVEL,1,1,0,0,0
2023-05-05,9.63819,76.65185,9.63819_76.65185,Kottayam,2023-05-05,0.5320235,0.11248485,0.5834695299466451,R1_FLOOD_LEVEL,1,1,0,0,0
2023-05-06,9.63819,76.65185,9.63819_76.65185,Kottayam,2023-05-06,0.5592644,0.113339655,0.5913850863774618,R1_FLOOD_LEVEL,1,1,0,0,0
2023-05-07,9.63819,76.65185,9.63819_76.65185,Kottayam,2023-05-07,0.521646,0.099367045,0.587686558564504,R1_FLOOD_LEVEL,1,1,0,0,0
2023-05-08,9.63819,76.65185,9.63819_76.65185,Kottayam,2023-05-08,0.5592644,0.11988768,0.5968330502510071,R1_FLOOD_LEVEL,1,1,0,0,0
2023-05-09,9.63819,76.65185,9.63819_76.65185,Kottayam,2023-05-09,0.55726475,0.10309518,0.5947301586469015,R1_FLOOD_LEVEL,1,1,0,0,0
2023-05-10,9.63819,76.65185,9.63819_76.65185,Kottayam,2023-05-10,0.5308046,0.085534215,0.595316211382548,R1_FLOOD_LEVEL,1,1,0,0,0
2023-05-11,9.63819,76.65185,9.63819_76.65185,Kottayam,2023-05-11,0.5492,0.1004823,0.5894476175308228,R1_FLOOD_LEVEL,1,1,0,0,0
2023-05-12,9.63819,76.65185,9.63819_76.65185,Kottayam,2023-05-12,0.5308046,0.102406174,0.581429104010264,R1_FLOOD_LEVEL,1,1,0,0,0
2023-05-13,9.63819,76.65185,9.63819_76.65185,Kottayam,2023-05-13,0.5204244,0.09109775,0.579154392083486,R1_FLOOD_LEVEL,1,1,0,0,0
2023-05-14,9.63819,76.65185,9.63819_76.65185,Kottayam,2023-05-14,0.5204244,0.07210096,0.5659893353780111,R1_FLOOD_LEVEL,1,1,0,0,0
2023-05-15,9.63819,76.65185,9.63819_76.65185,Kottayam,2023-05-15,0.5204244,0.072706014,0.5581357876459757,R1_FLOOD_LEVEL,1,1,0,0,0
2023-05-16,9.63819,76.65185,9.63819_76.65185,Kottayam,2023-05-16,0.5516261,0.07289778,0.5648687481880188,R1_FLOOD_LEVEL,1,1,0,0,0
2023-05-17,9.63819,76.65185,9.63819_76.65185,Kottayam,2023-05-17,0.5709961,0.08258662,0.58201003074646,R1_FLOOD_LEVEL,1,1,0,0,0
2023-05-18,9.63819,76.65185,9.63819_76.65185,Kottayam,2023-05-18,0.53238195,0.11031447,0.5915682117144266,R1_FLOOD_LEVEL,1,1,0,0,0
2023-05-19,9.63819,76.65185,9.63819_76.65185,Kottayam,2023-05-19,0.53238195,0.09943823,0.589758058389028,R1_FLOOD_LEVEL,1,1,0,0,0
2023-05-20,9.63819,76.65185,9.63819_76.65185,Kottayam,2023-05-20,0.5552262,0.114147894,0.589614748954773,R1_FLOOD_LEVEL,1,1,0,0,0
2023-05-21,9.63819,76.65185,9.63819_76.65185,Kottayam,2023-05-21,0.5353916,0.109205656,0.5903355876604716,R1_FLOOD_LEVEL,1,1,0,0,0
2023-05-22,9.63819,76.65185,9.63819_76.65185,Kottayam,2023-05-22,0.5353916,0.10356333,0.5918778975804647,R1_FLOOD_LEVEL,1,1,0,0,0
2023-05-23,9.63819,76.65185,9.63819_76.65185,Kottayam,2023-05-23,0.5492786,0.15891956,0.59684818983078,R1_FLOOD_LEVEL,1,1,0,0,0
2023-05-24,9.63819,76.65185,9.63819_76.65185,Kottayam,2023-05-24,0.5353916,0.11332495,0.597486138343811,R1_FLOOD_LEVEL,1,1,0,0,0
2023-05-25,9.63819,76.65185,9.63819_76.65185,Kottayam,2023-05-25,0.5353916,0.12176488,0.6003050009409586,R1_FLOOD_LEVEL,1,1,0,0,0
2023-05-26,9.63819,76.65185,9.63819_76.65185,Kottayam,2023-05-26,0.5353916,0.111125804,0.5890098412831625,R1_FLOOD_LEVEL,1,1,0,0,0
2023-05-27,9.63819,76.65185,9.63819_76.65185,Kottayam,2023-05-27,0.52502215,0.105275415,0.5846706032752991,R1_FLOOD_LEVEL,1,1,0,0,0
2023-05-28,9.63819,76.65185,9.63819_76.65185,Kottayam,2023-05-28,0.5353916,0.09898743,0.5811430811882019,R1_FLOOD_LEVEL,1,1,0,0,0
2023-05-29,9.63819,76.65185,9.63819_76.65185,Kottayam,2023-05-29,0.5308046,0.11415117,0.5802571574846903,R1_FLOOD_LEVEL,1,1,0,0,0
2023-05-30,9.63819,76.65185,9.63819_76.65185,Kottayam,2023-05-30,0.5401815,0.14671955,0.5911305745442709,R1_FLOOD_LEVEL,1,1,0,0,0
2023-05-31,9.63819,76.65185,9.63819_76.65185,Kottayam,2023-05-31,0.5633748,0.21883374,0.6169776121775309,R1_FLOOD_LEVEL,1,1,0,0,0
2023-06-01,9.63819,76.65185,9.63819_76.65185,Kottayam,2023-06-01,0.5482262,0.13826606,0.6257534027099609,R1_FLOOD_LEVEL|R7_JOINT_MODERATE,2,1,0,0,0
2023-06-02,9.63819,76.65185,9.63819_76.65185,Kottayam,2023-06-02,0.56792516,0.13030146,0.6312798261642456,R1_FLOOD_LEVEL|R7_JOINT_MODERATE,2,1,0,0,0
2023-06-03,9.63819,76.65185,9.63819_76.65185,Kottayam,2023-06-03,0.5727606,0.22218058,0.6342004140218099,R1_FLOOD_LEVEL|R7_JOINT_MODERATE,2,1,0,0,0
2023-06-04,9.63819,76.65185,9.63819_76.65185,Kottayam,2023-06-04,0.5727606,0.21075168,0.6515706777572632,R1_FLOOD_LEVEL|R7_JOINT_MODERATE,2,1,0,0,0
2023-06-05,9.63819,76.65185,9.63819_76.65185,Kottayam,2023-06-05,0.5727606,0.10763609,0.6497446298599243,R1_FLOOD_LEVEL|R7_JOINT_MODERATE,2,1,0,0,0
2023-06-06,9.63819,76.65185,9.63819_76.65185,Kottayam,2023-06-06,0.5727606,0.14559409,0.6388376951217651,R1_FLOOD_LEVEL,1,1,0,0,0
2023-06-07,9.63819,76.65185,9.63819_76.65185,Kottayam,2023-06-07,0.5727606,0.20410436,0.6378910342852274,R1_FLOOD_LEVEL,1,1,0,0,0
2023-06-08,9.63819,76.65185,9.63819_76.65185,Kottayam,2023-06-08,0.5727606,0.15764003,0.6450122396151224,R1_FLOOD_LEVEL|R7_JOINT_MODERATE,2,1,0,0,0
2023-06-09,9.63819,76.65185,9.63819_76.65185,Kottayam,2023-06-09,0.5727606,0.10774959,0.639622688293457,R1_FLOOD_LEVEL,1,1,0,0,0
2023-06-10,9.63819,76.65185,9.63819_76.65185,Kottayam,2023-06-10,0.5647148,0.1263577,0.6262074907620748,R1_FLOOD_LEVEL,1,1,0,0,0
2023-06-11,9.63819,76.65185,9.63819_76.65185,Kottayam,2023-06-11,0.55445516,0.13588239,0.6178362369537354,R1_FLOOD_LEVEL,1,1,0,0,0
2023-06-12,9.63819,76.65185,9.63819_76.65185,Kottayam,2023-06-12,0.5647148,0.10079602,0.6144343614578247,R1_FLOOD_LEVEL,1,1,0,0,0
2023-06-13,9.63819,76.65185,9.63819_76.65185,Kottayam,2023-06-13,0.5647148,0.1002343,0.6106439828872681,R1_FLOOD_LEVEL,1,1,0,0,0
2023-06-14,9.63819,76.65185,9.63819_76.65185,Kottayam,2023-06-14,0.53047144,0.14374496,0.6049663027127584,R1_FLOOD_LEVEL,1,1,0,0,0
2023-06-15,9.63819,76.65185,9.63819_76.65185,Kottayam,2023-06-15,0.55090046,0.09530304,0.6000033617019653,R1_FLOOD_LEVEL,1,1,0,0,0
2023-06-16,9.63819,76.65185,9.63819_76.65185,Kottayam,2023-06-16,0.5393642,0.13325478,0.5974703232447306,R1_FLOOD_LEVEL,1,1,0,0,0
2023-06-17,9.63819,76.65185,9.63819_76.65185,Kottayam,2023-06-17,0.601602,0.2099884,0.626569390296936,R1_FLOOD_LEVEL,1,1,0,0,0
2023-06-18,9.63819,76.65185,9.63819_76.65185,Kottayam,2023-06-18,0.601602,0.102732554,0.642845869064331,R1_FLOOD_LEVEL,1,1,0,0,0
2023-06-19,9.63819,76.65185,9.63819_76.65185,Kottayam,2023-06-19,0.601602,0.20840468,0.6708071629206339,R1_FLOOD_LEVEL|R4_RISING_FLOOD|R7_JOINT_MODERATE,3,1,0,0,0
2023-06-20,9.63819,76.65185,9.63819_76.65185,Kottayam,2023-06-20,0.601602,0.22183733,0.6723806858062744,R1_FLOOD_LEVEL|R7_JOINT_MODERATE,2,1,0,0,0
2023-06-21,9.63819,76.65185,9.63819_76.65185,Kottayam,2023-06-21,0.601602,0.22183733,0.6881977319717407,R1_FLOOD_LEVEL|R5_RISING_LANDSLIDE|R7_JOINT_MODERATE,3,1,0,0,0
2023-06-22,9.63819,76.65185,9.63819_76.65185,Kottayam,2023-06-22,0.601602,0.23858672,0.6922058860460917,R1_FLOOD_LEVEL|R7_JOINT_MODERATE,2,1,0,0,0
2023-06-23,9.63819,76.65185,9.63819_76.65185,Kottayam,2023-06-23,0.601602,0.28691205,0.7008477648099264,R1_FLOOD_LEVEL|R3_SUSTAINED_JOINT|R5_RISING_LANDSLIDE|R7_JOINT_MODERATE,4,1,0,0,0
2023-06-24,9.63819,76.65185,9.63819_76.65185,Kottayam,2023-06-24,0.5937141,0.14532152,0.6884393095970154,R1_FLOOD_LEVEL|R7_JOINT_MODERATE,2,1,0,0,0
2023-06-25,9.63819,76.65185,9.63819_76.65185,Kottayam,2023-06-25,0.5937141,0.1354438,0.6724688212076823,R1_FLOOD_LEVEL|R7_JOINT_MODERATE,2,1,0,0,0
2023-06-26,9.63819,76.65185,9.63819_76.65185,Kottayam,2023-06-26,0.5937141,0.1436094,0.6511866251627604,R1_FLOOD_LEVEL,1,1,0,0,0
2023-06-27,9.63819,76.65185,9.63819_76.65185,Kottayam,2023-06-27,0.5937141,0.0825293,0.6426827510197958,R1_FLOOD_LEVEL,1,1,0,0,0
2023-06-28,9.63819,76.65185,9.63819_76.65185,Kottayam,2023-06-28,0.5559283,0.079655305,0.6235353946685791,R1_FLOOD_LEVEL,1,1,0,0,0
2023-06-29,9.63819,76.65185,9.63819_76.65185,Kottayam,2023-06-29,0.5559283,0.08110967,0.6034974455833435,R1_FLOOD_LEVEL,1,1,0,0,0
2023-06-30,9.63819,76.65185,9.63819_76.65185,Kottayam,2023-06-30,0.5559283,0.08186753,0.5918437043825785,R1_FLOOD_LEVEL,1,1,0,0,0
2023-07-01,9.63819,76.65185,9.63819_76.65185,Kottayam,2023-07-01,0.5559283,0.10200032,0.5951512853304545,R1_FLOOD_LEVEL,1,1,0,0,0
2023-07-02,9.63819,76.65185,9.63819_76.65185,Kottayam,2023-07-02,0.5881045,0.15358363,0.614957332611084,R1_FLOOD_LEVEL,1,1,0,0,0
2023-07-03,9.63819,76.65185,9.63819_76.65185,Kottayam,2023-07-03,0.5881045,0.12005387,0.630047599474589,R1_FLOOD_LEVEL,1,1,0,1,0
2023-07-04,9.63819,76.65185,9.63819_76.65185,Kottayam,2023-07-04,0.601602,0.15503022,0.650761604309082,R1_FLOOD_LEVEL|R6_ENV_PRECURSOR,2,1,0,1,0
2023-07-05,9.63819,76.65185,9.63819_76.65185,Kottayam,2023-07-05,0.566362,0.20504062,0.65206511815389,R1_FLOOD_LEVEL,1,1,0,1,0
2023-07-06,9.63819,76.65185,9.63819_76.65185,Kottayam,2023-07-06,0.601602,0.29554492,0.6793292363484701,R1_FLOOD_LEVEL|R5_RISING_LANDSLIDE|R7_JOINT_MODERATE,3,1,0,1,0
2023-07-07,9.63819,76.65185,9.63819_76.65185,Kottayam,2023-07-07,0.601602,0.35322016,0.7056487401326498,R1_FLOOD_LEVEL|R5_RISING_LANDSLIDE|R7_JOINT_MODERATE,3,1,0,1,0
2023-07-08,9.63819,76.65185,9.63819_76.65185,Kottayam,2023-07-08,0.601602,0.15824962,0.7087730367978414,R1_FLOOD_LEVEL|R3_SUSTAINED_JOINT|R5_RISING_LANDSLIDE|R7_JOINT_MODERATE,4,1,0,0,0
2023-07-09,9.63819,76.65185,9.63819_76.65185,Kottayam,2023-07-09,0.5937141,0.11527016,0.6825064420700073,R1_FLOOD_LEVEL|R7_JOINT_MODERATE,2,1,0,0,0
2023-07-10,9.63819,76.65185,9.63819_76.65185,Kottayam,2023-07-10,0.601602,0.22245367,0.6651407281557719,R1_FLOOD_LEVEL|R7_JOINT_MODERATE,2,1,0,0,0
2023-07-11,9.63819,76.65185,9.63819_76.65185,Kottayam,2023-07-11,0.601602,0.2848263,0.6819500128428141,R1_FLOOD_LEVEL|R7_JOINT_MODERATE,2,1,0,0,0
2023-07-12,9.63819,76.65185,9.63819_76.65185,Kottayam,2023-07-12,0.601602,0.3216439,0.7116825381914774,R1_FLOOD_LEVEL|R7_JOINT_MODERATE,2,1,0,0,0
2023-07-13,9.63819,76.65185,9.63819_76.65185,Kottayam,2023-07-13,0.5937141,0.143591,0.6989578803380331,R1_FLOOD_LEVEL|R3_SUSTAINED_JOINT|R5_RISING_LANDSLIDE|R7_JOINT_MODERATE,4,1,0,0,0
2023-07-14,9.63819,76.65185,9.63819_76.65185,Kottayam,2023-07-14,0.5937141,0.097927704,0.6717660625775655,R1_FLOOD_LEVEL|R7_JOINT_MODERATE,2,1,0,0,0
2023-07-15,9.63819,76.65185,9.63819_76.65185,Kottayam,2023-07-15,0.5937141,0.08976682,0.6385796666145325,R1_FLOOD_LEVEL,1,1,0,0,0
2023-07-16,9.63819,76.65185,9.63819_76.65185,Kottayam,2023-07-16,0.5937141,0.1268229,0.6363087693850199,R1_FLOOD_LEVEL,1,1,0,0,0
2023-07-17,9.63819,76.65185,9.63819_76.65185,Kottayam,2023-07-17,0.5738389,0.16113167,0.6393108367919922,R1_FLOOD_LEVEL,1,1,0,0,0
2023-07-18,9.63819,76.65185,9.63819_76.65185,Kottayam,2023-07-18,0.5559283,0.088044085,0.6275911927223206,R1_FLOOD_LEVEL,1,1,0,0,0
2023-07-19,9.63819,76.65185,9.63819_76.65185,Kottayam,2023-07-19,0.5658646,0.0721141,0.6115683515866598,R1_FLOOD_LEVEL,1,1,0,0,0
2023-09-01,9.63819,76.65185,9.63819_76.65185,Kottayam,2023-09-01,0.51677877,0.06991653,0.4896443883577983,R1_FLOOD_LEVEL,1,1,0,0,0
2023-09-02,9.63819,76.65185,9.63819_76.65185,Kottayam,2023-09-02,0.5121754,0.07452017,0.5199492573738098,R1_FLOOD_LEVEL,1,1,0,0,0
2023-09-03,9.63819,76.65185,9.63819_76.65185,Kottayam,2023-09-03,0.5121754,0.092005886,0.5520500739415487,R1_FLOOD_LEVEL,1,1,0,0,0
2023-09-04,9.63819,76.65185,9.63819_76.65185,Kottayam,2023-09-04,0.50397676,0.091993265,0.551731288433075,R1_FLOOD_LEVEL,1,1,0,0,0
2023-09-06,9.63819,76.65185,9.63819_76.65185,Kottayam,2023-09-06,0.50397676,0.07969085,0.5470971862475077,R1_FLOOD_LEVEL,1,1,0,0,0
2023-09-21,9.63819,76.65185,9.63819_76.65185,Kottayam,2023-09-21,0.50096935,0.093157925,0.47990546623865765,R1_FLOOD_LEVEL,1,1,0,0,0
2023-10-12,9.63819,76.65185,9.63819_76.65185,Kottayam,2023-10-12,0.4354514,0.64385164,0.5841622153917948,R2_LANDSLIDE_LEVEL|R5_RISING_LANDSLIDE,2,0,1,0,0
2023-10-13,9.63819,76.65185,9.63819_76.65185,Kottayam,2023-10-13,0.4354514,0.098101646,0.5948199232419332,R5_RISING_LANDSLIDE,1,0,0,0,0
2023-10-14,9.63819,76.65185,9.63819_76.65185,Kottayam,2023-10-14,0.425709,0.13541996,0.5977503259976705,R5_RISING_LANDSLIDE,1,0,0,0,0
2023-11-04,9.63819,76.65185,9.63819_76.65185,Kottayam,2023-11-04,0.49267188,0.6886751,0.6436751087506613,R2_LANDSLIDE_LEVEL|R5_RISING_LANDSLIDE,2,0,1,0,0
2023-11-05,9.63819,76.65185,9.63819_76.65185,Kottayam,2023-11-05,0.54738325,0.1343459,0.6644883354504904,R1_FLOOD_LEVEL|R5_RISING_LANDSLIDE,2,1,0,0,0
2023-11-06,9.63819,76.65185,9.63819_76.65185,Kottayam,2023-11-06,0.55040944,0.15692872,0.6904032031695048,R1_FLOOD_LEVEL|R4_RISING_FLOOD|R5_RISING_LANDSLIDE,3,1,0,0,0
2023-11-07,9.63819,76.65185,9.63819_76.65185,Kottayam,2023-11-07,0.5748662,0.75109035,0.7077778577804565,R1_FLOOD_LEVEL|R2_LANDSLIDE_LEVEL|R3_SUSTAINED_JOINT|R4_RISING_FLOOD|R7_JOINT_MODERATE,5,1,1,0,0
2023-11-08,9.63819,76.65185,9.63819_76.65185,Kottayam,2023-11-08,0.5748662,0.15936673,0.7192538380622864,R1_FLOOD_LEVEL|R3_SUSTAINED_JOINT|R4_RISING_FLOOD|R7_JOINT_MODERATE,4,1,0,0,0
2023-11-09,9.63819,76.65185,9.63819_76.65185,Kottayam,2023-11-09,0.5748662,0.16453966,0.7272053360939026,R1_FLOOD_LEVEL|R3_SUSTAINED_JOINT|R7_JOINT_MODERATE,3,1,0,0,0
2023-11-10,9.63819,76.65185,9.63819_76.65185,Kottayam,2023-11-10,0.5748662,0.17681079,0.6458234588305155,R1_FLOOD_LEVEL|R7_JOINT_MODERATE,2,1,0,0,0
2023-11-11,9.63819,76.65185,9.63819_76.65185,Kottayam,2023-11-11,0.512028,0.174481,0.6306739648183187,R1_FLOOD_LEVEL|R7_JOINT_MODERATE,2,1,0,0,0
2023-11-23,9.63819,76.65185,9.63819_76.65185,Kottayam,2023-11-23,0.4361602,0.4501502,0.5523767669995626,R5_RISING_LANDSLIDE,1,0,0,1,0
2023-11-24,9.63819,76.65185,9.63819_76.65185,Kottayam,2023-11-24,0.41051573,0.16636176,0.56522003809611,R5_RISING_LANDSLIDE,1,0,0,0,0
2023-11-25,9.63819,76.65185,9.63819_76.65185,Kottayam,2023-11-25,0.3957178,0.104520716,0.5524779756863912,R5_RISING_LANDSLIDE,1,0,0,0,0
2023-12-03,9.63819,76.65185,9.63819_76.65185,Kottayam,2023-12-03,0.42786333,0.1530207,0.4970187147458394,R5_RISING_LANDSLIDE,1,0,0,0,0
2023-12-04,9.63819,76.65185,9.63819_76.65185,Kottayam,2023-12-04,0.42786333,0.16313548,0.5231930812199911,R5_RISING_LANDSLIDE,1,0,0,0,0
2024-03-28,9.63819,76.65185,9.63819_76.65185,Kottayam,2024-03-28,0.50717026,0.07208774,0.4344477852185567,R1_FLOOD_LEVEL,1,1,0,0,0
2024-03-29,9.63819,76.65185,9.63819_76.65185,Kottayam,2024-03-29,0.50717026,0.073103055,0.4887393116950989,R1_FLOOD_LEVEL,1,1,0,0,0
2024-03-30,9.63819,76.65185,9.63819_76.65185,Kottayam,2024-03-30,0.51924336,0.073103055,0.5467610160509745,R1_FLOOD_LEVEL,1,1,0,0,0
2024-04-04,9.63819,76.65185,9.63819_76.65185,Kottayam,2024-04-04,0.5260223,0.073103055,0.5400140285491943,R1_FLOOD_LEVEL,1,1,0,0,0
2024-04-05,9.63819,76.65185,9.63819_76.65185,Kottayam,2024-04-05,0.5053007,0.073103055,0.543940524260203,R1_FLOOD_LEVEL,1,1,0,0,0
2024-04-12,9.63819,76.65185,9.63819_76.65185,Kottayam,2024-04-12,0.50717026,0.07220712,0.4980253577232361,R1_FLOOD_LEVEL,1,1,0,0,0
2024-04-13,9.63819,76.65185,9.63819_76.65185,Kottayam,2024-04-13,0.5473636,0.0802523,0.5398843685785929,R1_FLOOD_LEVEL,1,1,0,0,0
2024-04-14,9.63819,76.65185,9.63819_76.65185,Kottayam,2024-04-14,0.5473636,0.073103055,0.5689658125241598,R1_FLOOD_LEVEL|R4_RISING_FLOOD,2,1,0,0,0
2024-04-15,9.63819,76.65185,9.63819_76.65185,Kottayam,2024-04-15,0.5473636,0.073103055,0.5815313458442688,R1_FLOOD_LEVEL|R4_RISING_FLOOD,2,1,0,0,0
2024-04-16,9.63819,76.65185,9.63819_76.65185,Kottayam,2024-04-16,0.5195404,0.073103055,0.5718563000361124,R1_FLOOD_LEVEL,1,1,0,0,0
2024-04-18,9.63819,76.65185,9.63819_76.65185,Kottayam,2024-04-18,0.5473636,0.073103055,0.5511377652486166,R1_FLOOD_LEVEL,1,1,0,0,0
2024-04-20,9.63819,76.65185,9.63819_76.65185,Kottayam,2024-04-20,0.5006956,0.073103055,0.5475038687388102,R1_FLOOD_LEVEL,1,1,0,0,0
2024-04-21,9.63819,76.65185,9.63819_76.65185,Kottayam,2024-04-21,0.5473636,0.073103055,0.5475038687388102,R1_FLOOD_LEVEL,1,1,0,0,0
2024-04-22,9.63819,76.65185,9.63819_76.65185,Kottayam,2024-04-22,0.5006956,0.073103055,0.5516150792439779,R1_FLOOD_LEVEL,1,1,0,0,0
2024-04-23,9.63819,76.65185,9.63819_76.65185,Kottayam,2024-04-23,0.5473636,0.073103055,0.5660338799158732,R1_FLOOD_LEVEL,1,1,0,0,0
2024-04-24,9.63819,76.65185,9.63819_76.65185,Kottayam,2024-04-24,0.5473636,0.073103055,0.5660338799158732,R1_FLOOD_LEVEL,1,1,0,0,0
2024-05-03,9.63819,76.65185,9.63819_76.65185,Kottayam,2024-05-03,0.50717026,0.073103055,0.5013106465339661,R1_FLOOD_LEVEL,1,1,0,0,0
2024-05-05,9.63819,76.65185,9.63819_76.65185,Kottayam,2024-05-05,0.5348649,0.07220712,0.5271357496579488,R1_FLOOD_LEVEL,1,1,0,0,0
2024-05-08,9.63819,76.65185,9.63819_76.65185,Kottayam,2024-05-08,0.5473636,0.07895015,0.5184241533279419,R1_FLOOD_LEVEL,1,1,0,0,0
2024-05-09,9.63819,76.65185,9.63819_76.65185,Kottayam,2024-05-09,0.5397161,0.12277582,0.5492271184921265,R1_FLOOD_LEVEL,1,1,0,0,0
2024-05-10,9.63819,76.65185,9.63819_76.65185,Kottayam,2024-05-10,0.55035824,0.11821077,0.5942793091138204,R1_FLOOD_LEVEL|R4_RISING_FLOOD,2,1,0,0,0
2024-05-11,9.63819,76.65185,9.63819_76.65185,Kottayam,2024-05-11,0.55035824,0.11821077,0.6010831197102865,R1_FLOOD_LEVEL|R4_RISING_FLOOD,2,1,0,0,0
2024-05-12,9.63819,76.65185,9.63819_76.65185,Kottayam,2024-05-12,0.57046837,0.117660865,0.6093429724375407,R1_FLOOD_LEVEL|R4_RISING_FLOOD,2,1,0,0,0
2024-05-13,9.63819,76.65185,9.63819_76.65185,Kottayam,2024-05-13,0.536609,0.10045276,0.6025586922963461,R1_FLOOD_LEVEL,1,1,0,0,0
2024-05-14,9.63819,76.65185,9.63819_76.65185,Kottayam,2024-05-14,0.5757222,0.10045276,0.6075024803479513,R1_FLOOD_LEVEL,1,1,0,0,0
2024-05-15,9.63819,76.65185,9.63819_76.65185,Kottayam,2024-05-15,0.54672235,0.08930697,0.596234401067098,R1_FLOOD_LEVEL,1,1,0,0,0
2024-05-16,9.63819,76.65185,9.63819_76.65185,Kottayam,2024-05-16,0.5401815,0.08768819,0.5953491528828939,R1_FLOOD_LEVEL,1,1,0,0,0
2024-05-17,9.63819,76.65185,9.63819_76.65185,Kottayam,2024-05-17,0.558515,0.08073377,0.587287704149882,R1_FLOOD_LEVEL,1,1,0,0,0
2024-05-18,9.63819,76.65185,9.63819_76.65185,Kottayam,2024-05-18,0.558515,0.086892314,0.5905121763547262,R1_FLOOD_LEVEL,1,1,0,0,0
2024-05-19,9.63819,76.65185,9.63819_76.65185,Kottayam,2024-05-19,0.55985826,0.09295533,0.5972687204678854,R1_FLOOD_LEVEL,1,1,0,0,0
2024-05-20,9.63819,76.65185,9.63819_76.65185,Kottayam,2024-05-20,0.56792516,0.29151762,0.6305103302001953,R1_FLOOD_LEVEL|R5_RISING_LANDSLIDE,2,1,0,0,0
2024-05-21,9.63819,76.65185,9.63819_76.65185,Kottayam,2024-05-21,0.56792516,0.076373905,0.6318595806757609,R1_FLOOD_LEVEL|R5_RISING_LANDSLIDE,2,1,0,0,0
2024-05-22,9.63819,76.65185,9.63819_76.65185,Kottayam,2024-05-22,0.54017043,0.35307226,0.6657768090566,R1_FLOOD_LEVEL|R5_RISING_LANDSLIDE|R6_ENV_PRECURSOR|R7_JOINT_MODERATE,4,1,0,0,0
2024-05-23,9.63819,76.65185,9.63819_76.65185,Kottayam,2024-05-23,0.5727606,0.31715563,0.6705699364344279,R1_FLOOD_LEVEL|R5_RISING_LANDSLIDE|R6_ENV_PRECURSOR|R7_JOINT_MODERATE,4,1,0,0,0
2024-05-24,9.63819,76.65185,9.63819_76.65185,Kottayam,2024-05-24,0.5727606,0.23078088,0.6940482457478842,R1_FLOOD_LEVEL|R5_RISING_LANDSLIDE|R6_ENV_PRECURSOR|R7_JOINT_MODERATE,4,1,0,0,0
2024-05-25,9.63819,76.65185,9.63819_76.65185,Kottayam,2024-05-25,0.5727606,0.24490348,0.6856714089711508,R1_FLOOD_LEVEL|R7_JOINT_MODERATE,2,1,0,0,0
2024-05-26,9.63819,76.65185,9.63819_76.65185,Kottayam,2024-05-26,0.5727606,0.12722957,0.658623456954956,R1_FLOOD_LEVEL|R7_JOINT_MODERATE,2,1,0,0,0
2024-05-27,9.63819,76.65185,9.63819_76.65185,Kottayam,2024-05-27,0.5647148,0.106476046,0.6385244528452555,R1_FLOOD_LEVEL,1,1,0,0,0
2024-05-28,9.63819,76.65185,9.63819_76.65185,Kottayam,2024-05-28,0.5647148,0.102976315,0.6159064173698425,R1_FLOOD_LEVEL,1,1,0,0,0
2024-05-29,9.63819,76.65185,9.63819_76.65185,Kottayam,2024-05-29,0.54957336,0.11291185,0.6070110003153483,R1_FLOOD_LEVEL,1,1,0,0,0
2024-05-30,9.63819,76.65185,9.63819_76.65185,Kottayam,2024-05-30,0.5598562,0.0836851,0.6022201180458069,R1_FLOOD_LEVEL,1,1,0,0,0
2024-05-31,9.63819,76.65185,9.63819_76.65185,Kottayam,2024-05-31,0.5937141,0.08408182,0.6083322962125143,R1_FLOOD_LEVEL,1,1,0,1,0
2024-06-01,9.63819,76.65185,9.63819_76.65185,Kottayam,2024-06-01,0.601602,0.15088825,0.6287602186203003,R1_FLOOD_LEVEL,1,1,0,0,0
2024-06-02,9.63819,76.65185,9.63819_76.65185,Kottayam,2024-06-02,0.601602,0.19311455,0.6560431520144144,R1_FLOOD_LEVEL,1,1,0,0,0
2024-06-03,9.63819,76.65185,9.63819_76.65185,Kottayam,2024-06-03,0.601602,0.08828597,0.6590096950531006,R1_FLOOD_LEVEL,1,1,0,0,0
2024-06-04,9.63819,76.65185,9.63819_76.65185,Kottayam,2024-06-04,0.5801359,0.09416908,0.6449958483378092,R1_FLOOD_LEVEL,1,1,0,0,0
2024-06-05,9.63819,76.65185,9.63819_76.65185,Kottayam,2024-06-05,0.5937141,0.23315038,0.6482963164647421,R1_FLOOD_LEVEL,1,1,0,0,0
2024-06-06,9.63819,76.65185,9.63819_76.65185,Kottayam,2024-06-06,0.601602,0.53410727,0.7075010736783346,R1_FLOOD_LEVEL|R2_LANDSLIDE_LEVEL|R5_RISING_LANDSLIDE|R7_JOINT_MODERATE,4,1,1,0,0
2024-06-07,9.63819,76.65185,9.63819_76.65185,Kottayam,2024-06-07,0.601602,0.21132013,0.729540228843689,R1_FLOOD_LEVEL|R3_SUSTAINED_JOINT|R5_RISING_LANDSLIDE|R7_JOINT_MODERATE,4,1,0,0,0
2024-06-08,9.63819,76.65185,9.63819_76.65185,Kottayam,2024-06-08,0.601602,0.7337658,0.7980378866195679,R1_FLOOD_LEVEL|R2_LANDSLIDE_LEVEL|R3_SUSTAINED_JOINT|R5_RISING_LANDSLIDE|R7_JOINT_MODERATE,5,1,1,0,0
2024-06-09,9.63819,76.65185,9.63819_76.65185,Kottayam,2024-06-09,0.5937141,0.38810432,0.7770399252573649,R1_FLOOD_LEVEL|R3_SUSTAINED_JOINT|R5_RISING_LANDSLIDE|R7_JOINT_MODERATE,4,1,0,0,0
2024-06-10,9.63819,76.65185,9.63819_76.65185,Kottayam,2024-06-10,0.5937141,0.07566194,0.7565942406654358,R1_FLOOD_LEVEL|R3_SUSTAINED_JOINT|R5_RISING_LANDSLIDE|R7_JOINT_MODERATE,4,1,0,0,0
2024-06-11,9.63819,76.65185,9.63819_76.65185,Kottayam,2024-06-11,0.5937141,0.09947829,0.669993539651235,R1_FLOOD_LEVEL|R7_JOINT_MODERATE,2,1,0,0,0
2024-06-12,9.63819,76.65185,9.63819_76.65185,Kottayam,2024-06-12,0.5937141,0.16086853,0.639219323794047,R1_FLOOD_LEVEL,1,1,0,0,0
2024-06-13,9.63819,76.65185,9.63819_76.65185,Kottayam,2024-06-13,0.52899194,0.097596236,0.6227213541666666,R1_FLOOD_LEVEL,1,1,0,0,0
2024-06-18,9.63819,76.65185,9.63819_76.65185,Kottayam,2024-06-18,0.50094116,0.1224993,0.5173326333363851,R1_FLOOD_LEVEL,1,1,0,0,0
2024-06-19,9.63819,76.65185,9.63819_76.65185,Kottayam,2024-06-19,0.5268168,0.15925013,0.5530693332354227,R1_FLOOD_LEVEL,1,1,0,0,0
2024-06-20,9.63819,76.65185,9.63819_76.65185,Kottayam,2024-06-20,0.5550788,0.24970105,0.6101409594217936,R1_FLOOD_LEVEL|R4_RISING_FLOOD|R5_RISING_LANDSLIDE,3,1,0,0,0
2024-06-21,9.63819,76.65185,9.63819_76.65185,Kottayam,2024-06-21,0.49752313,0.19732033,0.6216731468836466,R4_RISING_FLOOD|R5_RISING_LANDSLIDE,2,0,0,0,0
2024-06-22,9.63819,76.65185,9.63819_76.65185,Kottayam,2024-06-22,0.49752313,0.21765174,0.6232453982035319,R5_RISING_LANDSLIDE,1,0,0,0,0
2024-06-23,9.63819,76.65185,9.63819_76.65185,Kottayam,2024-06-23,0.5124091,0.1600739,0.5980065862337748,R1_FLOOD_LEVEL,1,1,0,0,0
2024-06-24,9.63819,76.65185,9.63819_76.65185,Kottayam,2024-06-24,0.5206009,0.114655174,0.5909714102745056,R1_FLOOD_LEVEL,1,1,0,0,0
2024-06-25,9.63819,76.65185,9.63819_76.65185,Kottayam,2024-06-25,0.567923,0.2303793,0.611163596312205,R1_FLOOD_LEVEL,1,1,0,0,0
2024-06-26,9.63819,76.65185,9.63819_76.65185,Kottayam,2024-06-26,0.601602,0.5585502,0.6890528202056885,R1_FLOOD_LEVEL|R2_LANDSLIDE_LEVEL|R4_RISING_FLOOD|R5_RISING_LANDSLIDE|R7_JOINT_MODERATE,5,1,1,0,0
2024-06-27,9.63819,76.65185,9.63819_76.65185,Kottayam,2024-06-27,0.601602,0.25618148,0.7317520380020142,R1_FLOOD_LEVEL|R3_SUSTAINED_JOINT|R4_RISING_FLOOD|R5_RISING_LANDSLIDE|R6_ENV_PRECURSOR|R7_JOINT_MODERATE,6,1,0,0,0
2024-06-28,9.63819,76.65185,9.63819_76.65185,Kottayam,2024-06-28,0.601602,0.18600866,0.7344996730486552,R1_FLOOD_LEVEL|R3_SUSTAINED_JOINT|R4_RISING_FLOOD|R5_RISING_LANDSLIDE|R7_JOINT_MODERATE,5,1,0,0,0
2024-06-29,9.63819,76.65185,9.63819_76.65185,Kottayam,2024-06-29,0.5937141,0.09877101,0.6710717082023621,R1_FLOOD_LEVEL|R7_JOINT_MODERATE,2,1,0,0,0
2024-06-30,9.63819,76.65185,9.63819_76.65185,Kottayam,2024-06-30,0.5937141,0.40978175,0.6899178624153137,R1_FLOOD_LEVEL|R7_JOINT_MODERATE,2,1,0,0,0
2024-07-01,9.63819,76.65185,9.63819_76.65185,Kottayam,2024-07-01,0.601602,0.33759663,0.7100486358006796,R1_FLOOD_LEVEL|R3_SUSTAINED_JOINT|R7_JOINT_MODERATE,3,1,0,0,0
2024-07-02,9.63819,76.65185,9.63819_76.65185,Kottayam,2024-07-02,0.601602,0.29340893,0.7382660110791525,R1_FLOOD_LEVEL|R3_SUSTAINED_JOINT|R5_RISING_LANDSLIDE|R7_JOINT_MODERATE,4,1,0,0,0
2024-07-03,9.63819,76.65185,9.63819_76.65185,Kottayam,2024-07-03,0.601602,0.43232912,0.7428121566772461,R1_FLOOD_LEVEL|R3_SUSTAINED_JOINT|R5_RISING_LANDSLIDE|R7_JOINT_MODERATE,4,1,0,0,0
2024-07-04,9.63819,76.65185,9.63819_76.65185,Kottayam,2024-07-04,0.5801359,0.08976682,0.703387459119161,R1_FLOOD_LEVEL|R3_SUSTAINED_JOINT|R7_JOINT_MODERATE,3,1,0,0,0
2024-07-05,9.63819,76.65185,9.63819_76.65185,Kottayam,2024-07-05,0.5937141,0.14368904,0.6812532544136047,R1_FLOOD_LEVEL|R7_JOINT_MODERATE,2,1,0,0,0
2024-07-06,9.63819,76.65185,9.63819_76.65185,Kottayam,2024-07-06,0.5598562,0.19405606,0.6383958061536154,R1_FLOOD_LEVEL,1,1,0,0,0
2024-07-07,9.63819,76.65185,9.63819_76.65185,Kottayam,2024-07-07,0.5117067,0.12741888,0.623762051264445,R1_FLOOD_LEVEL,1,1,0,0,0
2024-07-08,9.63819,76.65185,9.63819_76.65185,Kottayam,2024-07-08,0.5284865,0.16363142,0.6082780361175537,R1_FLOOD_LEVEL,1,1,0,0,0
2024-07-09,9.63819,76.65185,9.63819_76.65185,Kottayam,2024-07-09,0.51810163,0.12413472,0.5858291188875834,R1_FLOOD_LEVEL,1,1,0,0,0
2024-07-10,9.63819,76.65185,9.63819_76.65185,Kottayam,2024-07-10,0.5646444,0.29646665,0.6257585684458414,R1_FLOOD_LEVEL|R7_JOINT_MODERATE,2,1,0,0,0
2024-07-12,9.63819,76.65185,9.63819_76.65185,Kottayam,2024-07-12,0.601602,0.16238469,0.6236935456593832,R1_FLOOD_LEVEL|R7_JOINT_MODERATE,2,1,0,1,0
2024-07-13,9.63819,76.65185,9.63819_76.65185,Kottayam,2024-07-13,0.601602,0.37196526,0.6423866748809814,R1_FLOOD_LEVEL|R7_JOINT_MODERATE,2,1,0,0,0
2024-07-14,9.63819,76.65185,9.63819_76.65185,Kottayam,2024-07-14,0.601602,0.253215,0.7061901092529297,R1_FLOOD_LEVEL|R4_RISING_FLOOD|R5_RISING_LANDSLIDE|R7_JOINT_MODERATE,4,1,0,0,0
2024-07-15,9.63819,76.65185,9.63819_76.65185,Kottayam,2024-07-15,0.601602,0.74387497,0.7834116220474243,R1_FLOOD_LEVEL|R2_LANDSLIDE_LEVEL|R3_SUSTAINED_JOINT|R4_RISING_FLOOD|R5_RISING_LANDSLIDE|R7_JOINT_MODERATE,6,1,1,0,0
2024-07-16,9.63819,76.65185,9.63819_76.65185,Kottayam,2024-07-16,0.601602,0.7993182,0.8401638070742289,R1_FLOOD_LEVEL|R2_LANDSLIDE_LEVEL|R3_SUSTAINED_JOINT|R4_RISING_FLOOD|R5_RISING_LANDSLIDE|R6_ENV_PRECURSOR|R7_JOINT_MODERATE,7,1,1,0,0
2024-07-17,9.63819,76.65185,9.63819_76.65185,Kottayam,2024-07-17,0.601602,0.7517077,0.906363308429718,R1_FLOOD_LEVEL|R2_LANDSLIDE_LEVEL|R3_SUSTAINED_JOINT|R5_RISING_LANDSLIDE|R7_JOINT_MODERATE,5,1,1,0,0
2024-07-18,9.63819,76.65185,9.63819_76.65185,Kottayam,2024-07-18,0.601602,0.8461921,0.9199509620666504,R1_FLOOD_LEVEL|R2_LANDSLIDE_LEVEL|R3_SUSTAINED_JOINT|R5_RISING_LANDSLIDE|R7_JOINT_MODERATE,5,1,1,0,0
2024-07-19,9.63819,76.65185,9.63819_76.65185,Kottayam,2024-07-19,0.601602,0.8711471,0.92948979139328,R1_FLOOD_LEVEL|R2_LANDSLIDE_LEVEL|R3_SUSTAINED_JOINT|R5_RISING_LANDSLIDE|R7_JOINT_MODERATE,5,1,1,0,0
2024-07-20,9.63819,76.65185,9.63819_76.65185,Kottayam,2024-07-20,0.5937141,0.21869193,0.8566513657569885,R1_FLOOD_LEVEL|R3_SUSTAINED_JOINT|R7_JOINT_MODERATE,3,1,0,0,0
2024-07-21,9.63819,76.65185,9.63819_76.65185,Kottayam,2024-07-21,0.5937141,0.51590496,0.8115166227022806,R1_FLOOD_LEVEL|R2_LANDSLIDE_LEVEL|R3_SUSTAINED_JOINT|R7_JOINT_MODERATE,4,1,1,0,0
2024-07-22,9.63819,76.65185,9.63819_76.65185,Kottayam,2024-07-22,0.601602,0.29349393,0.7348046700159708,R1_FLOOD_LEVEL|R3_SUSTAINED_JOINT|R7_JOINT_MODERATE,3,1,0,0,0
2024-07-23,9.63819,76.65185,9.63819_76.65185,Kottayam,2024-07-23,0.601602,0.117693305,0.7234464089075724,R1_FLOOD_LEVEL|R3_SUSTAINED_JOINT|R7_JOINT_MODERATE,3,1,0,0,0
2024-07-24,9.63819,76.65185,9.63819_76.65185,Kottayam,2024-07-24,0.5881045,0.10329307,0.6658901969591776,R1_FLOOD_LEVEL|R7_JOINT_MODERATE,2,1,0,0,0
2024-07-25,9.63819,76.65185,9.63819_76.65185,Kottayam,2024-07-25,0.5937141,0.091254435,0.6366435686747233,R1_FLOOD_LEVEL,1,1,0,0,0
2024-07-26,9.63819,76.65185,9.63819_76.65185,Kottayam,2024-07-26,0.55656415,0.15767936,0.629308263460795,R1_FLOOD_LEVEL,1,1,0,0,0
2024-07-27,9.63819,76.65185,9.63819_76.65185,Kottayam,2024-07-27,0.52210224,0.12558557,0.6131312251091003,R1_FLOOD_LEVEL,1,1,0,0,0
2024-07-28,9.63819,76.65185,9.63819_76.65185,Kottayam,2024-07-28,0.5801359,0.3247431,0.6416959961255392,R1_FLOOD_LEVEL|R5_RISING_LANDSLIDE|R7_JOINT_MODERATE,3,1,0,0,0
2024-07-29,9.63819,76.65185,9.63819_76.65185,Kottayam,2024-07-29,0.601602,0.5785557,0.7102335095405579,R1_FLOOD_LEVEL|R2_LANDSLIDE_LEVEL|R5_RISING_LANDSLIDE|R7_JOINT_MODERATE,4,1,1,0,0
2024-07-30,9.63819,76.65185,9.63819_76.65185,Kottayam,2024-07-30,0.601602,0.54845107,0.7895616888999939,R1_FLOOD_LEVEL|R2_LANDSLIDE_LEVEL|R3_SUSTAINED_JOINT|R5_RISING_LANDSLIDE|R7_JOINT_MODERATE,5,1,1,0,0
2024-07-31,9.63819,76.65185,9.63819_76.65185,Kottayam,2024-07-31,0.601602,0.17379126,0.7743471264839172,R1_FLOOD_LEVEL|R3_SUSTAINED_JOINT|R4_RISING_FLOOD|R5_RISING_LANDSLIDE|R6_ENV_PRECURSOR|R7_JOINT_MODERATE,6,1,0,0,0
2024-08-01,9.63819,76.65185,9.63819_76.65185,Kottayam,2024-08-01,0.5937141,0.19101319,0.7207546830177307,R1_FLOOD_LEVEL|R3_SUSTAINED_JOINT|R7_JOINT_MODERATE,3,1,0,0,0
2024-08-02,9.63819,76.65185,9.63819_76.65185,Kottayam,2024-08-02,0.5937141,0.29548365,0.6853083968162537,R1_FLOOD_LEVEL|R7_JOINT_MODERATE,2,1,0,0,0
2024-08-03,9.63819,76.65185,9.63819_76.65185,Kottayam,2024-08-03,0.5937141,0.09703606,0.6727411945660909,R1_FLOOD_LEVEL|R7_JOINT_MODERATE,2,1,0,0,0
2024-08-04,9.63819,76.65185,9.63819_76.65185,Kottayam,2024-08-04,0.5937141,0.10271863,0.660783588886261,R1_FLOOD_LEVEL|R7_JOINT_MODERATE,2,1,0,0,0
2024-08-05,9.63819,76.65185,9.63819_76.65185,Kottayam,2024-08-05,0.53903127,0.1224993,0.6213618119557699,R1_FLOOD_LEVEL,1,1,0,0,0
2024-08-06,9.63819,76.65185,9.63819_76.65185,Kottayam,2024-08-06,0.5646444,0.12892298,0.6172395547231039,R1_FLOOD_LEVEL,1,1,0,0,0
2024-08-07,9.63819,76.65185,9.63819_76.65185,Kottayam,2024-08-07,0.601602,0.5435749,0.6781441966692606,R1_FLOOD_LEVEL|R2_LANDSLIDE_LEVEL|R5_RISING_LANDSLIDE|R7_JOINT_MODERATE,4,1,1,0,0
2024-08-08,9.63819,76.65185,9.63819_76.65185,Kottayam,2024-08-08,0.601602,0.45703775,0.7408726414044698,R1_FLOOD_LEVEL|R5_RISING_LANDSLIDE|R7_JOINT_MODERATE,3,1,0,0,0
2024-08-09,9.63819,76.65185,9.63819_76.65185,Kottayam,2024-08-09,0.5937141,0.098025225,0.745128850142161,R1_FLOOD_LEVEL|R3_SUSTAINED_JOINT|R5_RISING_LANDSLIDE|R7_JOINT_MODERATE,4,1,0,0,0
2024-08-10,9.63819,76.65185,9.63819_76.65185,Kottayam,2024-08-10,0.5937141,0.45421317,0.7318266232808431,R1_FLOOD_LEVEL|R3_SUSTAINED_JOINT|R5_RISING_LANDSLIDE|R7_JOINT_MODERATE,4,1,0,0,0
2024-08-11,9.63819,76.65185,9.63819_76.65185,Kottayam,2024-08-11,0.601602,0.48164496,0.735094428062439,R1_FLOOD_LEVEL|R3_SUSTAINED_JOINT|R7_JOINT_MODERATE,3,1,0,0,0
2024-08-12,9.63819,76.65185,9.63819_76.65185,Kottayam,2024-08-12,0.601602,0.810525,0.8320854703585306,R1_FLOOD_LEVEL|R2_LANDSLIDE_LEVEL|R3_SUSTAINED_JOINT|R5_RISING_LANDSLIDE|R7_JOINT_MODERATE,5,1,1,0,0
2024-08-13,9.63819,76.65185,9.63819_76.65185,Kottayam,2024-08-13,0.601602,0.11180968,0.788049558798472,R1_FLOOD_LEVEL|R3_SUSTAINED_JOINT|R5_RISING_LANDSLIDE|R7_JOINT_MODERATE,4,1,0,0,0
2024-08-14,9.63819,76.65185,9.63819_76.65185,Kottayam,2024-08-14,0.6083771,0.7230703,0.8207360903422037,R1_FLOOD_LEVEL|R2_LANDSLIDE_LEVEL|R3_SUSTAINED_JOINT|R5_RISING_LANDSLIDE|R7_JOINT_MODERATE,5,1,1,0,0
2024-08-15,9.63819,76.65185,9.63819_76.65185,Kottayam,2024-08-15,0.5598562,0.13099605,0.7184026837348938,R1_FLOOD_LEVEL|R3_SUSTAINED_JOINT|R7_JOINT_MODERATE,3,1,0,0,0
2024-08-16,9.63819,76.65185,9.63819_76.65185,Kottayam,2024-08-16,0.5598562,0.76817733,0.8023419976234436,R1_FLOOD_LEVEL|R2_LANDSLIDE_LEVEL|R3_SUSTAINED_JOINT|R5_RISING_LANDSLIDE|R7_JOINT_MODERATE,5,1,1,0,0
2024-08-17,9.63819,76.65185,9.63819_76.65185,Kottayam,2024-08-17,0.5598562,0.7412155,0.8005252083142599,R1_FLOOD_LEVEL|R2_LANDSLIDE_LEVEL|R3_SUSTAINED_JOINT|R7_JOINT_MODERATE,4,1,1,0,0
2024-08-18,9.63819,76.65185,9.63819_76.65185,Kottayam,2024-08-18,0.55413014,0.7523421,0.891213039557139,R1_FLOOD_LEVEL|R2_LANDSLIDE_LEVEL|R3_SUSTAINED_JOINT|R5_RISING_LANDSLIDE|R7_JOINT_MODERATE,5,1,1,0,0
2024-08-19,9.63819,76.65185,9.63819_76.65185,Kottayam,2024-08-19,0.567923,0.40646246,0.8397401571273804,R1_FLOOD_LEVEL|R3_SUSTAINED_JOINT|R5_RISING_LANDSLIDE|R7_JOINT_MODERATE,4,1,0,0,0
2024-08-20,9.63819,76.65185,9.63819_76.65185,Kottayam,2024-08-20,0.601602,0.12798221,0.761904239654541,R1_FLOOD_LEVEL|R3_SUSTAINED_JOINT|R7_JOINT_MODERATE,3,1,0,0,0
2024-08-21,9.63819,76.65185,9.63819_76.65185,Kottayam,2024-08-21,0.58286285,0.38791904,0.713604748249054,R1_FLOOD_LEVEL|R3_SUSTAINED_JOINT|R7_JOINT_MODERATE,3,1,0,0,0
2024-08-22,9.63819,76.65185,9.63819_76.65185,Kottayam,2024-08-22,0.54957336,0.17622305,0.6754057010014852,R1_FLOOD_LEVEL|R7_JOINT_MODERATE,2,1,0,1,0
2024-08-23,9.63819,76.65185,9.63819_76.65185,Kottayam,2024-08-23,0.5460116,0.10738385,0.6561299761136373,R1_FLOOD_LEVEL|R7_JOINT_MODERATE,2,1,0,0,0
2024-08-24,9.63819,76.65185,9.63819_76.65185,Kottayam,2024-08-24,0.51397985,0.13478102,0.6010659138361613,R1_FLOOD_LEVEL,1,1,0,0,0
2024-08-30,9.63819,76.65185,9.63819_76.65185,Kottayam,2024-08-30,0.46630168,0.7667648,0.665429929892222,R2_LANDSLIDE_LEVEL|R5_RISING_LANDSLIDE,2,0,1,0,0
2024-08-31,9.63819,76.65185,9.63819_76.65185,Kottayam,2024-08-31,0.46630168,0.7434755,0.768016497294108,R2_LANDSLIDE_LEVEL|R5_RISING_LANDSLIDE,2,0,1,0,0
2024-09-01,9.63819,76.65185,9.63819_76.65185,Kottayam,2024-09-01,0.46630168,0.43907985,0.8130846619606018,R3_SUSTAINED_JOINT|R5_RISING_LANDSLIDE,2,0,0,0,0
2024-09-02,9.63819,76.65185,9.63819_76.65185,Kottayam,2024-09-02,0.47569633,0.4349084,0.755817194779714,R3_SUSTAINED_JOINT|R5_RISING_LANDSLIDE,2,0,0,0,0
2024-09-08,9.63819,76.65185,9.63819_76.65185,Kottayam,2024-09-08,0.42786333,0.22910775,0.511140247186025,R5_RISING_LANDSLIDE,1,0,0,0,0
2024-10-15,9.63819,76.65185,9.63819_76.65185,Kottayam,2024-10-15,0.4740858,0.09310005,0.5557525157928467,R5_RISING_LANDSLIDE,1,0,0,0,0
2024-10-21,9.63819,76.65185,9.63819_76.65185,Kottayam,2024-10-21,0.42589226,0.1937427,0.5295341809590658,R5_RISING_LANDSLIDE,1,0,0,0,0
2024-10-25,9.63819,76.65185,9.63819_76.65185,Kottayam,2024-10-25,0.45383972,0.44610575,0.5767779350280762,R5_RISING_LANDSLIDE,1,0,0,0,0
2024-10-26,9.63819,76.65185,9.63819_76.65185,Kottayam,2024-10-26,0.41467407,0.09256729,0.5631013711293539,R5_RISING_LANDSLIDE,1,0,0,0,0
2024-10-27,9.63819,76.65185,9.63819_76.65185,Kottayam,2024-10-27,0.42524594,0.13932839,0.5572221875190735,R5_RISING_LANDSLIDE,1,0,0,0,0
2024-11-01,9.63819,76.65185,9.63819_76.65185,Kottayam,2024-11-01,0.42715782,0.6729685,0.5518202582995096,R2_LANDSLIDE_LEVEL|R5_RISING_LANDSLIDE,2,0,1,0,0
2024-11-02,9.63819,76.65185,9.63819_76.65185,Kottayam,2024-11-02,0.4354514,0.6714692,0.6985134283701578,R2_LANDSLIDE_LEVEL|R5_RISING_LANDSLIDE,2,0,1,0,0
2024-11-03,9.63819,76.65185,9.63819_76.65185,Kottayam,2024-11-03,0.4354514,0.16317293,0.7182538310686747,R3_SUSTAINED_JOINT|R5_RISING_LANDSLIDE,2,0,0,0,0
2024-11-27,9.63819,76.65185,9.63819_76.65185,Kottayam,2024-11-27,0.44215056,0.33976018,0.5032708247502645,R5_RISING_LANDSLIDE,1,0,0,0,0
2024-11-28,9.63819,76.65185,9.63819_76.65185,Kottayam,2024-11-28,0.3876613,0.08017011,0.5047208070755005,R5_RISING_LANDSLIDE,1,0,0,0,0
2024-11-29,9.63819,76.65185,9.63819_76.65185,Kottayam,2024-11-29,0.3876613,0.06988462,0.4996308485666911,R5_RISING_LANDSLIDE,1,0,0,0,0
2023-03-24,9.83875,77.0588,9.83875_77.0588,Idukki,2023-03-24,0.34684148,0.37922105,0.46134479840596515,R5_RISING_LANDSLIDE,1,0,0,0,0
2023-03-25,9.83875,77.0588,9.83875_77.0588,Idukki,2023-03-25,0.33894205,0.35894516,0.5224356253941854,R5_RISING_LANDSLIDE,1,0,0,0,0
2023-03-26,9.83875,77.0588,9.83875_77.0588,Idukki,2023-03-26,0.34684148,0.35736668,0.5836723645528158,R5_RISING_LANDSLIDE,1,0,0,0,0
2023-03-27,9.83875,77.0588,9.83875_77.0588,Idukki,2023-03-27,0.33894205,0.07651752,0.5153362353642782,R5_RISING_LANDSLIDE,1,0,0,0,0
2023-04-27,9.83875,77.0588,9.83875_77.0588,Idukki,2023-04-27,0.34684148,0.11748227,0.44849226872126263,R5_RISING_LANDSLIDE,1,0,0,0,0
2023-04-28,9.83875,77.0588,9.83875_77.0588,Idukki,2023-04-28,0.3605702,0.36678565,0.5030990044275919,R5_RISING_LANDSLIDE,1,0,0,0,0
2023-04-29,9.83875,77.0588,9.83875_77.0588,Idukki,2023-04-29,0.3605702,0.48714614,0.5635819435119629,R5_RISING_LANDSLIDE,1,0,0,0,0
2023-04-30,9.83875,77.0588,9.83875_77.0588,Idukki,2023-04-30,0.3605702,0.4775389,0.6443642179171244,R5_RISING_LANDSLIDE,1,0,0,0,0
2023-05-01,9.83875,77.0588,9.83875_77.0588,Idukki,2023-05-01,0.37138888,0.40081283,0.6537776986757914,R5_RISING_LANDSLIDE,1,0,0,0,0
2023-05-02,9.83875,77.0588,9.83875_77.0588,Idukki,2023-05-02,0.5453989,0.48046413,0.6843618353207906,R1_FLOOD_LEVEL|R5_RISING_LANDSLIDE,2,1,0,0,0
2023-05-03,9.83875,77.0588,9.83875_77.0588,Idukki,2023-05-03,0.5559456,0.35705754,0.7005537549654642,R1_FLOOD_LEVEL,1,1,0,0,0
2023-05-04,9.83875,77.0588,9.83875_77.0588,Idukki,2023-05-04,0.55794644,0.22799507,0.7123498121897379,R1_FLOOD_LEVEL|R3_SUSTAINED_JOINT|R4_RISING_FLOOD|R7_JOINT_MODERATE,4,1,0,0,0
2023-05-05,9.83875,77.0588,9.83875_77.0588,Idukki,2023-05-05,0.5569822,0.30731434,0.6887863278388977,R1_FLOOD_LEVEL|R4_RISING_FLOOD|R7_JOINT_MODERATE,3,1,0,0,0
2023-05-06,9.83875,77.0588,9.83875_77.0588,Idukki,2023-05-06,0.5569822,0.29953066,0.680513342221578,R1_FLOOD_LEVEL|R4_RISING_FLOOD|R7_JOINT_MODERATE,3,1,0,0,0
2023-05-07,9.83875,77.0588,9.83875_77.0588,Idukki,2023-05-07,0.5569822,0.2060587,0.6770258148511251,R1_FLOOD_LEVEL|R7_JOINT_MODERATE,2,1,0,0,0
2023-05-08,9.83875,77.0588,9.83875_77.0588,Idukki,2023-05-08,0.5569822,0.26947045,0.6714373032251993,R1_FLOOD_LEVEL|R7_JOINT_MODERATE,2,1,0,0,0
2023-05-09,9.83875,77.0588,9.83875_77.0588,Idukki,2023-05-09,0.5703644,0.19975454,0.6602727969487509,R1_FLOOD_LEVEL|R7_JOINT_MODERATE,2,1,0,0,0
2023-05-10,9.83875,77.0588,9.83875_77.0588,Idukki,2023-05-10,0.5464401,0.1498617,0.6489866177241007,R1_FLOOD_LEVEL|R7_JOINT_MODERATE,2,1,0,0,0
2023-05-11,9.83875,77.0588,9.83875_77.0588,Idukki,2023-05-11,0.5464401,0.12534736,0.6246300538380941,R1_FLOOD_LEVEL,1,1,0,0,0
2023-05-12,9.83875,77.0588,9.83875_77.0588,Idukki,2023-05-12,0.5464401,0.07617401,0.5995645523071289,R1_FLOOD_LEVEL,1,1,0,0,0
2023-05-13,9.83875,77.0588,9.83875_77.0588,Idukki,2023-05-13,0.5453989,0.07026551,0.5872079928716024,R1_FLOOD_LEVEL,1,1,0,0,0
2023-05-14,9.83875,77.0588,9.83875_77.0588,Idukki,2023-05-14,0.5219822,0.07030104,0.5713062087694804,R1_FLOOD_LEVEL,1,1,0,0,0
2023-05-15,9.83875,77.0588,9.83875_77.0588,Idukki,2023-05-15,0.51910317,0.07138469,0.5621202985445658,R1_FLOOD_LEVEL,1,1,0,0,0
2023-05-16,9.83875,77.0588,9.83875_77.0588,Idukki,2023-05-16,0.5289387,0.07138469,0.5571948289871216,R1_FLOOD_LEVEL,1,1,0,0,0
2023-05-23,9.83875,77.0588,9.83875_77.0588,Idukki,2023-05-23,0.3605702,0.33429986,0.4665952722231547,R5_RISING_LANDSLIDE,1,0,0,0,0
2023-05-24,9.83875,77.0588,9.83875_77.0588,Idukki,2023-05-24,0.3605702,0.40081304,0.5395985643068949,R5_RISING_LANDSLIDE,1,0,0,0,0
2023-05-25,9.83875,77.0588,9.83875_77.0588,Idukki,2023-05-25,0.3605702,0.10905856,0.5404996673266093,R5_RISING_LANDSLIDE,1,0,0,0,0
2023-05-30,9.83875,77.0588,9.83875_77.0588,Idukki,2023-05-30,0.5016246,0.49262497,0.6236690680185953,R1_FLOOD_LEVEL|R5_RISING_LANDSLIDE,2,1,0,0,0
2023-05-31,9.83875,77.0588,9.83875_77.0588,Idukki,2023-05-31,0.5050398,0.3023362,0.7067176699638367,R1_FLOOD_LEVEL|R5_RISING_LANDSLIDE,2,1,0,0,0
2023-06-01,9.83875,77.0588,9.83875_77.0588,Idukki,2023-06-01,0.49235532,0.31270006,0.6843056082725525,R5_RISING_LANDSLIDE,1,0,0,0,0
2023-06-03,9.83875,77.0588,9.83875_77.0588,Idukki,2023-06-03,0.5221205,0.3897164,0.6691722869873047,R1_FLOOD_LEVEL,1,1,0,0,0
2023-06-04,9.83875,77.0588,9.83875_77.0588,Idukki,2023-06-04,0.5094486,0.2891826,0.6692428390185038,R1_FLOOD_LEVEL,1,1,0,0,0
2023-06-07,9.83875,77.0588,9.83875_77.0588,Idukki,2023-06-07,0.5026747,0.3152473,0.657975435256958,R1_FLOOD_LEVEL,1,1,0,0,0
2023-06-08,9.83875,77.0588,9.83875_77.0588,Idukki,2023-06-08,0.5026747,0.12528771,0.6153068939844767,R1_FLOOD_LEVEL,1,1,0,0,0
2023-06-09,9.83875,77.0588,9.83875_77.0588,Idukki,2023-06-09,0.5026747,0.07602529,0.5883075594902039,R1_FLOOD_LEVEL,1,1,0,0,0
2023-06-10,9.83875,77.0588,9.83875_77.0588,Idukki,2023-06-10,0.5026747,0.07026551,0.5476956764856974,R1_FLOOD_LEVEL,1,1,0,0,0
2023-06-12,9.83875,77.0588,9.83875_77.0588,Idukki,2023-06-12,0.5026747,0.5428056,0.608855148156484,R1_FLOOD_LEVEL|R2_LANDSLIDE_LEVEL,2,1,1,0,0
2023-06-13,9.83875,77.0588,9.83875_77.0588,Idukki,2023-06-13,0.5074558,0.38157573,0.6614482005437216,R1_FLOOD_LEVEL|R5_RISING_LANDSLIDE,2,1,0,0,0
2023-06-14,9.83875,77.0588,9.83875_77.0588,Idukki,2023-06-14,0.50640595,0.20633726,0.6920923789342245,R1_FLOOD_LEVEL|R5_RISING_LANDSLIDE,2,1,0,0,0
2023-06-15,9.83875,77.0588,9.83875_77.0588,Idukki,2023-06-15,0.5016246,0.08017143,0.6150771776835123,R1_FLOOD_LEVEL,1,1,0,0,0
2023-06-16,9.83875,77.0588,9.83875_77.0588,Idukki,2023-06-16,0.5016246,0.080327556,0.5638302365938822,R1_FLOOD_LEVEL,1,1,0,0,0
2023-06-20,9.83875,77.0588,9.83875_77.0588,Idukki,2023-06-20,0.4789082,0.46338585,0.6111732721328735,R5_RISING_LANDSLIDE|R6_ENV_PRECURSOR,2,0,0,0,0
2023-06-21,9.83875,77.0588,9.83875_77.0588,Idukki,2023-06-21,0.5265591,0.4430008,0.6686575810114542,R1_FLOOD_LEVEL|R5_RISING_LANDSLIDE,2,1,0,0,0
2023-06-22,9.83875,77.0588,9.83875_77.0588,Idukki,2023-06-22,0.5265591,0.443862,0.7311233282089233,R1_FLOOD_LEVEL|R5_RISING_LANDSLIDE,2,1,0,0,0
2023-06-23,9.83875,77.0588,9.83875_77.0588,Idukki,2023-06-23,0.5265591,0.3859581,0.7274275620778402,R1_FLOOD_LEVEL|R3_SUSTAINED_JOINT|R5_RISING_LANDSLIDE,3,1,0,0,0
2023-06-24,9.83875,77.0588,9.83875_77.0588,Idukki,2023-06-24,0.5265591,0.31694433,0.7075341542561849,R1_FLOOD_LEVEL|R3_SUSTAINED_JOINT,2,1,0,0,0
2023-06-25,9.83875,77.0588,9.83875_77.0588,Idukki,2023-06-25,0.5265591,0.25972974,0.678475578625997,R1_FLOOD_LEVEL,1,1,0,0,0
2023-06-26,9.83875,77.0588,9.83875_77.0588,Idukki,2023-06-26,0.5586636,0.26873583,0.6678019364674886,R1_FLOOD_LEVEL|R7_JOINT_MODERATE,2,1,0,0,0
2023-06-27,9.83875,77.0588,9.83875_77.0588,Idukki,2023-06-27,0.55229306,0.15369625,0.6492987275123596,R1_FLOOD_LEVEL|R7_JOINT_MODERATE,2,1,0,0,0
2023-06-28,9.83875,77.0588,9.83875_77.0588,Idukki,2023-06-28,0.52260303,0.11902792,0.6259323358535767,R1_FLOOD_LEVEL|R7_JOINT_MODERATE,2,1,0,0,0
2023-06-29,9.83875,77.0588,9.83875_77.0588,Idukki,2023-06-29,0.536459,0.5209585,0.6594917178153992,R1_FLOOD_LEVEL|R2_LANDSLIDE_LEVEL|R7_JOINT_MODERATE,3,1,1,0,0
2023-06-30,9.83875,77.0588,9.83875_77.0588,Idukki,2023-06-30,0.536459,0.4791586,0.7053133050600687,R1_FLOOD_LEVEL|R5_RISING_LANDSLIDE,2,1,0,0,0
2023-07-01,9.83875,77.0588,9.83875_77.0588,Idukki,2023-07-01,0.536459,0.5311343,0.773058295249939,R1_FLOOD_LEVEL|R2_LANDSLIDE_LEVEL|R3_SUSTAINED_JOINT|R5_RISING_LANDSLIDE|R7_JOINT_MODERATE,5,1,1,0,0
2023-07-02,9.83875,77.0588,9.83875_77.0588,Idukki,2023-07-02,0.54229736,0.2185519,0.7278531193733215,R1_FLOOD_LEVEL|R3_SUSTAINED_JOINT|R5_RISING_LANDSLIDE|R7_JOINT_MODERATE,4,1,0,0,0
2023-07-03,9.83875,77.0588,9.83875_77.0588,Idukki,2023-07-03,0.5586636,0.46946064,0.7302814324696859,R1_FLOOD_LEVEL|R3_SUSTAINED_JOINT|R7_JOINT_MODERATE,3,1,0,0,0
2023-07-04,9.83875,77.0588,9.83875_77.0588,Idukki,2023-07-04,0.6456655,0.47868583,0.7411543925603231,R1_FLOOD_LEVEL|R3_SUSTAINED_JOINT|R7_JOINT_MODERATE,3,1,0,0,0
2023-07-05,9.83875,77.0588,9.83875_77.0588,Idukki,2023-07-05,0.6364623,0.75479555,0.830664336681366,R1_FLOOD_LEVEL|R2_LANDSLIDE_LEVEL|R3_SUSTAINED_JOINT|R4_RISING_FLOOD|R5_RISING_LANDSLIDE|R7_JOINT_MODERATE,6,1,1,0,0
2023-07-06,9.83875,77.0588,9.83875_77.0588,Idukki,2023-07-06,0.6364623,0.5266043,0.8513473868370056,R1_FLOOD_LEVEL|R2_LANDSLIDE_LEVEL|R3_SUSTAINED_JOINT|R4_RISING_FLOOD|R5_RISING_LANDSLIDE|R7_JOINT_MODERATE,6,1,1,0,0
2023-07-07,9.83875,77.0588,9.83875_77.0588,Idukki,2023-07-07,0.6364623,0.39584845,0.8397099375724792,R1_FLOOD_LEVEL|R3_SUSTAINED_JOINT|R4_RISING_FLOOD|R5_RISING_LANDSLIDE|R7_JOINT_MODERATE,5,1,0,0,0
2023-07-08,9.83875,77.0588,9.83875_77.0588,Idukki,2023-07-08,0.63286155,0.23909234,0.7763041456540426,R1_FLOOD_LEVEL|R3_SUSTAINED_JOINT|R7_JOINT_MODERATE,3,1,0,0,0
2023-07-09,9.83875,77.0588,9.83875_77.0588,Idukki,2023-07-09,0.6261487,0.16659577,0.7298134565353394,R1_FLOOD_LEVEL|R3_SUSTAINED_JOINT|R7_JOINT_MODERATE,3,1,0,0,0
2023-07-10,9.83875,77.0588,9.83875_77.0588,Idukki,2023-07-10,0.6048908,0.6080816,0.751407245794932,R1_FLOOD_LEVEL|R2_LANDSLIDE_LEVEL|R3_SUSTAINED_JOINT|R7_JOINT_MODERATE,4,1,1,0,0
2023-07-11,9.83875,77.0588,9.83875_77.0588,Idukki,2023-07-11,0.5972216,0.6865228,0.8024394512176514,R1_FLOOD_LEVEL|R2_LANDSLIDE_LEVEL|R3_SUSTAINED_JOINT|R5_RISING_LANDSLIDE|R7_JOINT_MODERATE,5,1,1,0,0
2023-07-12,9.83875,77.0588,9.83875_77.0588,Idukki,2023-07-12,0.59305346,0.5571021,0.8462172945340475,R1_FLOOD_LEVEL|R2_LANDSLIDE_LEVEL|R3_SUSTAINED_JOINT|R5_RISING_LANDSLIDE|R7_JOINT_MODERATE,5,1,1,0,0
2023-07-13,9.83875,77.0588,9.83875_77.0588,Idukki,2023-07-13,0.568029,0.37325868,0.8075894514719645,R1_FLOOD_LEVEL|R3_SUSTAINED_JOINT|R5_RISING_LANDSLIDE|R7_JOINT_MODERATE,4,1,0,0,0
2023-07-14,9.83875,77.0588,9.83875_77.0588,Idukki,2023-07-14,0.5537908,0.21486342,0.7328983545303345,R1_FLOOD_LEVEL|R3_SUSTAINED_JOINT|R7_JOINT_MODERATE,3,1,0,0,0
2023-07-15,9.83875,77.0588,9.83875_77.0588,Idukki,2023-07-15,0.5537908,0.4498991,0.7111569046974182,R1_FLOOD_LEVEL|R3_SUSTAINED_JOINT|R7_JOINT_MODERATE,3,1,0,0,0
2023-07-16,9.83875,77.0588,9.83875_77.0588,Idukki,2023-07-16,0.5537908,0.41626945,0.7145796020825704,R1_FLOOD_LEVEL|R3_SUSTAINED_JOINT|R7_JOINT_MODERATE,3,1,0,0,0
2023-07-17,9.83875,77.0588,9.83875_77.0588,Idukki,2023-07-17,0.5385566,0.47960374,0.7513135075569153,R1_FLOOD_LEVEL|R3_SUSTAINED_JOINT|R7_JOINT_MODERATE,3,1,0,0,0
2023-07-18,9.83875,77.0588,9.83875_77.0588,Idukki,2023-07-18,0.54647565,0.31325212,0.7293145656585693,R1_FLOOD_LEVEL|R3_SUSTAINED_JOINT|R7_JOINT_MODERATE,3,1,0,0,0
2023-07-19,9.83875,77.0588,9.83875_77.0588,Idukki,2023-07-19,0.5607621,0.11892649,0.6871362527211508,R1_FLOOD_LEVEL|R7_JOINT_MODERATE,2,1,0,0,0
2023-07-20,9.83875,77.0588,9.83875_77.0588,Idukki,2023-07-20,0.5835437,0.24741064,0.6627072095870972,R1_FLOOD_LEVEL|R7_JOINT_MODERATE,2,1,0,0,0
2023-07-21,9.83875,77.0588,9.83875_77.0588,Idukki,2023-07-21,0.5231847,0.3562982,0.6642172336578369,R1_FLOOD_LEVEL|R7_JOINT_MODERATE,2,1,0,0,0
2023-07-22,9.83875,77.0588,9.83875_77.0588,Idukki,2023-07-22,0.5231847,0.13790706,0.6561978260676066,R1_FLOOD_LEVEL|R7_JOINT_MODERATE,2,1,0,0,0
2023-07-23,9.83875,77.0588,9.83875_77.0588,Idukki,2023-07-23,0.47883615,0.4099366,0.6581647793451945,R5_RISING_LANDSLIDE,1,0,0,0,0
2023-07-24,9.83875,77.0588,9.83875_77.0588,Idukki,2023-07-24,0.49585834,0.7276525,0.7147064805030823,R2_LANDSLIDE_LEVEL|R5_RISING_LANDSLIDE,2,0,1,0,0
2023-07-25,9.83875,77.0588,9.83875_77.0588,Idukki,2023-07-25,0.5595204,0.581217,0.7902377446492513,R1_FLOOD_LEVEL|R2_LANDSLIDE_LEVEL|R3_SUSTAINED_JOINT|R5_RISING_LANDSLIDE,4,1,1,0,0
2023-07-26,9.83875,77.0588,9.83875_77.0588,Idukki,2023-07-26,0.57996887,0.42065907,0.8116305669148763,R1_FLOOD_LEVEL|R3_SUSTAINED_JOINT|R5_RISING_LANDSLIDE|R7_JOINT_MODERATE,4,1,0,0,0
2023-07-27,9.83875,77.0588,9.83875_77.0588,Idukki,2023-07-27,0.5738388,0.1072695,0.7305820981661478,R1_FLOOD_LEVEL|R3_SUSTAINED_JOINT|R4_RISING_FLOOD|R7_JOINT_MODERATE,4,1,0,0,0
2023-07-28,9.83875,77.0588,9.83875_77.0588,Idukki,2023-07-28,0.4689396,0.07812392,0.6288799246152242,R7_JOINT_MODERATE,1,0,0,0,0
2023-08-09,9.83875,77.0588,9.83875_77.0588,Idukki,2023-08-09,0.34684148,0.51737416,0.524644136428833,R2_LANDSLIDE_LEVEL|R5_RISING_LANDSLIDE,2,0,1,0,0
2023-08-10,9.83875,77.0588,9.83875_77.0588,Idukki,2023-08-10,0.35650146,0.49554098,0.6144065459569296,R5_RISING_LANDSLIDE,1,0,0,0,0
2023-08-11,9.83875,77.0588,9.83875_77.0588,Idukki,2023-08-11,0.34730047,0.45351416,0.6678196986516317,R5_RISING_LANDSLIDE,1,0,0,0,0
2023-08-12,9.83875,77.0588,9.83875_77.0588,Idukki,2023-08-12,0.35650146,0.50657314,0.6670569578806559,R2_LANDSLIDE_LEVEL|R5_RISING_LANDSLIDE,2,0,1,0,0
2023-08-30,9.83875,77.0588,9.83875_77.0588,Idukki,2023-08-30,0.34684148,0.31414053,0.48322880268096924,R5_RISING_LANDSLIDE,1,0,0,0,0
2023-08-31,9.83875,77.0588,9.83875_77.0588,Idukki,2023-08-31,0.34730047,0.39917764,0.5601654251416525,R5_RISING_LANDSLIDE,1,0,0,0,0
2023-09-01,9.83875,77.0588,9.83875_77.0588,Idukki,2023-09-01,0.34730047,0.41074237,0.5917534828186035,R5_RISING_LANDSLIDE,1,0,0,0,0
2023-09-02,9.83875,77.0588,9.83875_77.0588,Idukki,2023-09-02,0.52624434,0.45330527,0.6547452211380005,R1_FLOOD_LEVEL|R5_RISING_LANDSLIDE,2,1,0,0,0
2023-09-03,9.83875,77.0588,9.83875_77.0588,Idukki,2023-09-03,0.52624434,0.467464,0.7013667424519857,R1_FLOOD_LEVEL|R5_RISING_LANDSLIDE,2,1,0,0,0
2023-09-04,9.83875,77.0588,9.83875_77.0588,Idukki,2023-09-04,0.52258295,0.19570164,0.7015742063522339,R1_FLOOD_LEVEL|R3_SUSTAINED_JOINT|R4_RISING_FLOOD,3,1,0,0,0
2023-09-05,9.83875,77.0588,9.83875_77.0588,Idukki,2023-09-05,0.5555855,0.13433352,0.6596692005793253,R1_FLOOD_LEVEL|R4_RISING_FLOOD,2,1,0,0,0
2023-09-06,9.83875,77.0588,9.83875_77.0588,Idukki,2023-09-06,0.52038234,0.08778771,0.5979288021723429,R1_FLOOD_LEVEL|R4_RISING_FLOOD,2,1,0,0,0
2023-09-07,9.83875,77.0588,9.83875_77.0588,Idukki,2023-09-07,0.54059005,0.0971495,0.5876645644505819,R1_FLOOD_LEVEL,1,1,0,0,0
2023-09-08,9.83875,77.0588,9.83875_77.0588,Idukki,2023-09-08,0.5375081,0.093880445,0.5762118101119995,R1_FLOOD_LEVEL,1,1,0,0,0
2023-09-09,9.83875,77.0588,9.83875_77.0588,Idukki,2023-09-09,0.5321817,0.08911509,0.5800066391626993,R1_FLOOD_LEVEL,1,1,0,0,0
2023-09-10,9.83875,77.0588,9.83875_77.0588,Idukki,2023-09-10,0.53038615,0.07743305,0.5738493998845419,R1_FLOOD_LEVEL,1,1,0,0,0
2023-09-19,9.83875,77.0588,9.83875_77.0588,Idukki,2023-09-19,0.500231,0.25366515,0.5372353394826254,R1_FLOOD_LEVEL|R5_RISING_LANDSLIDE,2,1,0,0,0
2023-09-20,9.83875,77.0588,9.83875_77.0588,Idukki,2023-09-20,0.36726817,0.31113032,0.5747509797414144,R5_RISING_LANDSLIDE,1,0,0,0,0
2023-09-21,9.83875,77.0588,9.83875_77.0588,Idukki,2023-09-21,0.36726817,0.30235723,0.5832381248474121,R5_RISING_LANDSLIDE,1,0,0,0,0
2023-09-22,9.83875,77.0588,9.83875_77.0588,Idukki,2023-09-22,0.56783646,0.32031685,0.6096583604812622,R1_FLOOD_LEVEL|R5_RISING_LANDSLIDE,2,1,0,0,0
2023-09-23,9.83875,77.0588,9.83875_77.0588,Idukki,2023-09-23,0.57996887,0.35243908,0.664283037185669,R1_FLOOD_LEVEL,1,1,0,0,0
2023-09-24,9.83875,77.0588,9.83875_77.0588,Idukki,2023-09-24,0.5831728,0.10112449,0.6865313847859701,R1_FLOOD_LEVEL|R4_RISING_FLOOD|R7_JOINT_MODERATE,3,1,0,0,0
2023-09-25,9.83875,77.0588,9.83875_77.0588,Idukki,2023-09-25,0.4963018,0.0971495,0.6328547398249308,R4_RISING_FLOOD|R7_JOINT_MODERATE,2,0,0,0,0
2023-09-30,9.83875,77.0588,9.83875_77.0588,Idukki,2023-09-30,0.5144467,0.09521754,0.5419406692186991,R1_FLOOD_LEVEL,1,1,0,0,0
2023-10-01,9.83875,77.0588,9.83875_77.0588,Idukki,2023-10-01,0.6065063,0.20168225,0.5990175207455953,R1_FLOOD_LEVEL|R4_RISING_FLOOD,2,1,0,0,0
2023-10-02,9.83875,77.0588,9.83875_77.0588,Idukki,2023-10-02,0.5595204,0.093397036,0.6157355705897013,R1_FLOOD_LEVEL|R4_RISING_FLOOD,2,1,0,0,0
2023-10-03,9.83875,77.0588,9.83875_77.0588,Idukki,2023-10-03,0.4530862,0.10704787,0.5993863344192505,R4_RISING_FLOOD,1,0,0,0,0
2023-10-07,9.83875,77.0588,9.83875_77.0588,Idukki,2023-10-07,0.523648,0.07604728,0.493117094039917,R1_FLOOD_LEVEL,1,1,0,0,0
2023-10-10,9.83875,77.0588,9.83875_77.0588,Idukki,2023-10-10,0.35944635,0.15799338,0.5066880583763123,R5_RISING_LANDSLIDE,1,0,0,0,0
2023-10-11,9.83875,77.0588,9.83875_77.0588,Idukki,2023-10-11,0.36726817,0.3193399,0.5194080074628195,R5_RISING_LANDSLIDE,1,0,0,0,0
2023-10-12,9.83875,77.0588,9.83875_77.0588,Idukki,2023-10-12,0.36726817,0.16489322,0.5005252361297607,R5_RISING_LANDSLIDE,1,0,0,0,0
2023-10-14,9.83875,77.0588,9.83875_77.0588,Idukki,2023-10-14,0.500231,0.3851574,0.5443033377329508,R1_FLOOD_LEVEL,1,1,0,0,0
2023-10-15,9.83875,77.0588,9.83875_77.0588,Idukki,2023-10-15,0.57996887,0.32294056,0.625640869140625,R1_FLOOD_LEVEL|R5_RISING_LANDSLIDE,2,1,0,0,0
2023-10-16,9.83875,77.0588,9.83875_77.0588,Idukki,2023-10-16,0.4963018,0.34587228,0.6929505864779154,R4_RISING_FLOOD|R5_RISING_LANDSLIDE,2,0,0,0,0
2023-10-17,9.83875,77.0588,9.83875_77.0588,Idukki,2023-10-17,0.5052413,0.39551428,0.6956854661305746,R1_FLOOD_LEVEL|R3_SUSTAINED_JOINT|R4_RISING_FLOOD|R5_RISING_LANDSLIDE,4,1,0,0,0
2023-10-18,9.83875,77.0588,9.83875_77.0588,Idukki,2023-10-18,0.50435394,0.09150047,0.640382726987203,R1_FLOOD_LEVEL,1,1,0,0,0
2023-10-25,9.83875,77.0588,9.83875_77.0588,Idukki,2023-10-25,0.5595204,0.09875147,0.5194592873255411,R1_FLOOD_LEVEL,1,1,0,0,0
2023-10-26,9.83875,77.0588,9.83875_77.0588,Idukki,2023-10-26,0.5595204,0.10689807,0.5808140635490417,R1_FLOOD_LEVEL|R4_RISING_FLOOD,2,1,0,0,0
2023-10-27,9.83875,77.0588,9.83875_77.0588,Idukki,2023-10-27,0.5595204,0.13102394,0.6089529991149902,R1_FLOOD_LEVEL|R4_RISING_FLOOD,2,1,0,0,0
2023-10-28,9.83875,77.0588,9.83875_77.0588,Idukki,2023-10-28,0.5595204,0.12916087,0.613417903582255,R1_FLOOD_LEVEL|R4_RISING_FLOOD,2,1,0,0,0
2023-10-29,9.83875,77.0588,9.83875_77.0588,Idukki,2023-10-29,0.500231,0.31701076,0.6307700077692667,R1_FLOOD_LEVEL|R5_RISING_LANDSLIDE|R7_JOINT_MODERATE,3,1,0,0,0
2023-10-30,9.83875,77.0588,9.83875_77.0588,Idukki,2023-10-30,0.36726817,0.19805458,0.5892199675242106,R5_RISING_LANDSLIDE,1,0,0,0,0
2023-10-31,9.83875,77.0588,9.83875_77.0588,Idukki,2023-10-31,0.35794383,0.33792663,0.5753861665725708,R5_RISING_LANDSLIDE,1,0,0,0,0
2023-11-01,9.83875,77.0588,9.83875_77.0588,Idukki,2023-11-01,0.48189846,0.30187577,0.5685987075169882,R5_RISING_LANDSLIDE,1,0,0,0,0
2023-11-02,9.83875,77.0588,9.83875_77.0588,Idukki,2023-11-02,0.48307183,0.37041926,0.6292548179626465,R5_RISING_LANDSLIDE,1,0,0,0,0
2023-11-03,9.83875,77.0588,9.83875_77.0588,Idukki,2023-11-03,0.5026433,0.34250492,0.6619477272033691,R1_FLOOD_LEVEL,1,1,0,0,0
2023-11-04,9.83875,77.0588,9.83875_77.0588,Idukki,2023-11-04,0.53265774,0.70169383,0.7360437711079916,R1_FLOOD_LEVEL|R2_LANDSLIDE_LEVEL|R5_RISING_LANDSLIDE,3,1,1,0,0
2023-11-05,9.83875,77.0588,9.83875_77.0588,Idukki,2023-11-05,0.53010523,0.7677562,0.8081497351328532,R1_FLOOD_LEVEL|R2_LANDSLIDE_LEVEL|R3_SUSTAINED_JOINT|R4_RISING_FLOOD|R5_RISING_LANDSLIDE,5,1,1,1,1
2023-11-06,9.83875,77.0588,9.83875_77.0588,Idukki,2023-11-06,0.54499996,0.22084728,0.7989814082781473,R1_FLOOD_LEVEL|R3_SUSTAINED_JOINT|R5_RISING_LANDSLIDE,3,1,0,0,0
2023-11-07,9.83875,77.0588,9.83875_77.0588,Idukki,2023-11-07,0.54649997,0.7944847,0.8143846988677979,R1_FLOOD_LEVEL|R2_LANDSLIDE_LEVEL|R3_SUSTAINED_JOINT|R5_RISING_LANDSLIDE|R7_JOINT_MODERATE,5,1,1,0,0
2023-11-08,9.83875,77.0588,9.83875_77.0588,Idukki,2023-11-08,0.5521277,0.3679906,0.7564082543055216,R1_FLOOD_LEVEL|R3_SUSTAINED_JOINT|R7_JOINT_MODERATE,3,1,0,0,0
2023-11-09,9.83875,77.0588,9.83875_77.0588,Idukki,2023-11-09,0.54499996,0.3214191,0.771661659081777,R1_FLOOD_LEVEL|R3_SUSTAINED_JOINT|R7_JOINT_MODERATE,3,1,0,0,0
2023-11-10,9.83875,77.0588,9.83875_77.0588,Idukki,2023-11-10,0.51025397,0.3827924,0.7019704182942709,R1_FLOOD_LEVEL|R3_SUSTAINED_JOINT,2,1,0,0,0
2023-11-11,9.83875,77.0588,9.83875_77.0588,Idukki,2023-11-11,0.51312333,0.38740388,0.6969039837519327,R1_FLOOD_LEVEL|R3_SUSTAINED_JOINT,2,1,0,0,0
2023-11-16,9.83875,77.0588,9.83875_77.0588,Idukki,2023-11-16,0.51907486,0.23367696,0.5874730745951334,R1_FLOOD_LEVEL,1,1,0,0,0
2023-11-22,9.83875,77.0588,9.83875_77.0588,Idukki,2023-11-22,0.36726817,0.31873292,0.5262604753176371,R5_RISING_LANDSLIDE,1,0,0,0,0
2023-11-23,9.83875,77.0588,9.83875_77.0588,Idukki,2023-11-23,0.57996887,0.26079533,0.6241811116536459,R1_FLOOD_LEVEL|R5_RISING_LANDSLIDE,2,1,0,1,0
2023-11-24,9.83875,77.0588,9.83875_77.0588,Idukki,2023-11-24,0.35794383,0.5377633,0.6538899342219034,R2_LANDSLIDE_LEVEL|R5_RISING_LANDSLIDE,2,0,1,0,0
2023-12-17,9.83875,77.0588,9.83875_77.0588,Idukki,2023-12-17,0.47446755,0.3241313,0.4689409136772156,R5_RISING_LANDSLIDE,1,0,0,0,0
2023-12-18,9.83875,77.0588,9.83875_77.0588,Idukki,2023-12-18,0.57996887,0.16006841,0.5591265360514323,R1_FLOOD_LEVEL|R5_RISING_LANDSLIDE,2,1,0,0,0
2023-12-19,9.83875,77.0588,9.83875_77.0588,Idukki,2023-12-19,0.35544908,0.18593153,0.5891010165214539,R5_RISING_LANDSLIDE|R6_ENV_PRECURSOR,2,0,0,0,0
2024-01-05,9.83875,77.0588,9.83875_77.0588,Idukki,2024-01-05,0.35944635,0.184443,0.4472946921984355,R5_RISING_LANDSLIDE,1,0,0,0,0
2024-01-06,9.83875,77.0588,9.83875_77.0588,Idukki,2024-01-06,0.35944635,0.16839515,0.4756459593772888,R5_RISING_LANDSLIDE,1,0,0,0,0
2024-05-09,9.83875,77.0588,9.83875_77.0588,Idukki,2024-05-09,0.41386533,0.31780893,0.498975932598114,R5_RISING_LANDSLIDE,1,0,0,0,0
2024-05-10,9.83875,77.0588,9.83875_77.0588,Idukki,2024-05-10,0.3605702,0.4569212,0.5704516371091207,R5_RISING_LANDSLIDE,1,0,0,0,0
2024-05-11,9.83875,77.0588,9.83875_77.0588,Idukki,2024-05-11,0.3605702,0.38498142,0.6198740601539612,R5_RISING_LANDSLIDE,1,0,0,0,0
2024-05-12,9.83875,77.0588,9.83875_77.0588,Idukki,2024-05-12,0.3605702,0.40630564,0.6266173919041952,R5_RISING_LANDSLIDE,1,0,0,0,0
2024-05-13,9.83875,77.0588,9.83875_77.0588,Idukki,2024-05-13,0.3605702,0.44631702,0.6243571837743124,R5_RISING_LANDSLIDE,1,0,0,0,0
2024-05-15,9.83875,77.0588,9.83875_77.0588,Idukki,2024-05-15,0.5251896,0.33491355,0.6590308547019958,R1_FLOOD_LEVEL,1,1,0,0,0
2024-05-16,9.83875,77.0588,9.83875_77.0588,Idukki,2024-05-16,0.52468556,0.2779304,0.6626412868499756,R1_FLOOD_LEVEL,1,1,0,0,0
2024-05-17,9.83875,77.0588,9.83875_77.0588,Idukki,2024-05-17,0.5684338,0.21842143,0.6678990324338278,R1_FLOOD_LEVEL|R4_RISING_FLOOD|R7_JOINT_MODERATE,3,1,0,0,0
2024-05-18,9.83875,77.0588,9.83875_77.0588,Idukki,2024-05-18,0.5793799,0.35356572,0.6825279196103414,R1_FLOOD_LEVEL|R4_RISING_FLOOD|R7_JOINT_MODERATE,3,1,0,0,0
2024-05-19,9.83875,77.0588,9.83875_77.0588,Idukki,2024-05-19,0.57515836,0.27799866,0.6946858763694763,R1_FLOOD_LEVEL|R4_RISING_FLOOD|R7_JOINT_MODERATE,3,1,0,1,0
2024-05-20,9.83875,77.0588,9.83875_77.0588,Idukki,2024-05-20,0.5667039,0.4942591,0.7340749899546305,R1_FLOOD_LEVEL|R3_SUSTAINED_JOINT|R5_RISING_LANDSLIDE|R7_JOINT_MODERATE,4,1,0,1,0
2024-05-21,9.83875,77.0588,9.83875_77.0588,Idukki,2024-05-21,0.58135474,0.16347732,0.7079739967981974,R1_FLOOD_LEVEL|R3_SUSTAINED_JOINT|R7_JOINT_MODERATE,3,1,0,1,0
2024-05-22,9.83875,77.0588,9.83875_77.0588,Idukki,2024-05-22,0.54490834,0.7394419,0.7706934611002604,R1_FLOOD_LEVEL|R2_LANDSLIDE_LEVEL|R3_SUSTAINED_JOINT|R5_RISING_LANDSLIDE|R7_JOINT_MODERATE,5,1,1,1,0
2024-05-23,9.83875,77.0588,9.83875_77.0588,Idukki,2024-05-23,0.5526793,0.73654616,0.8044558564821879,R1_FLOOD_LEVEL|R2_LANDSLIDE_LEVEL|R3_SUSTAINED_JOINT|R5_RISING_LANDSLIDE|R7_JOINT_MODERATE,5,1,1,0,0
2024-05-24,9.83875,77.0588,9.83875_77.0588,Idukki,2024-05-24,0.574493,0.41837043,0.8386954665184021,R1_FLOOD_LEVEL|R3_SUSTAINED_JOINT|R5_RISING_LANDSLIDE|R7_JOINT_MODERATE,4,1,0,0,0
2024-05-25,9.83875,77.0588,9.83875_77.0588,Idukki,2024-05-25,0.65312964,0.45734394,0.8154776493708292,R1_FLOOD_LEVEL|R3_SUSTAINED_JOINT|R5_RISING_LANDSLIDE|R7_JOINT_MODERATE,4,1,0,0,0
2024-05-26,9.83875,77.0588,9.83875_77.0588,Idukki,2024-05-26,0.6456655,0.5267981,0.7988698482513428,R1_FLOOD_LEVEL|R2_LANDSLIDE_LEVEL|R3_SUSTAINED_JOINT|R4_RISING_FLOOD|R7_JOINT_MODERATE,5,1,1,0,0
2024-05-27,9.83875,77.0588,9.83875_77.0588,Idukki,2024-05-27,0.59124684,0.48659682,0.8114139238993326,R1_FLOOD_LEVEL|R3_SUSTAINED_JOINT|R4_RISING_FLOOD|R7_JOINT_MODERATE,4,1,0,0,0
2024-05-28,9.83875,77.0588,9.83875_77.0588,Idukki,2024-05-28,0.574493,0.7624902,0.8404703338940939,R1_FLOOD_LEVEL|R2_LANDSLIDE_LEVEL|R3_SUSTAINED_JOINT|R7_JOINT_MODERATE,4,1,1,1,0
2024-05-29,9.83875,77.0588,9.83875_77.0588,Idukki,2024-05-29,0.56817436,0.203546,0.7817178169886271,R1_FLOOD_LEVEL|R3_SUSTAINED_JOINT|R7_JOINT_MODERATE,3,1,0,0,0
2024-05-30,9.83875,77.0588,9.83875_77.0588,Idukki,2024-05-30,0.5130007,0.24929689,0.729805588722229,R1_FLOOD_LEVEL|R3_SUSTAINED_JOINT|R7_JOINT_MODERATE,3,1,0,0,0
2024-05-31,9.83875,77.0588,9.83875_77.0588,Idukki,2024-05-31,0.502804,0.3085759,0.6489018201828003,R1_FLOOD_LEVEL,1,1,0,1,0
2024-06-01,9.83875,77.0588,9.83875_77.0588,Idukki,2024-06-01,0.4771228,0.83142,0.734162708123525,R2_LANDSLIDE_LEVEL,1,0,1,1,0
2024-06-02,9.83875,77.0588,9.83875_77.0588,Idukki,2024-06-02,0.509033,0.34227806,0.7483867605527242,R1_FLOOD_LEVEL|R3_SUSTAINED_JOINT|R5_RISING_LANDSLIDE,3,1,0,0,0
2024-06-03,9.83875,77.0588,9.83875_77.0588,Idukki,2024-06-03,0.5140094,0.45633632,0.774906059106191,R1_FLOOD_LEVEL|R3_SUSTAINED_JOINT|R5_RISING_LANDSLIDE,3,1,0,0,0
2024-06-04,9.83875,77.0588,9.83875_77.0588,Idukki,2024-06-04,0.5240808,0.39366618,0.7080996433893839,R1_FLOOD_LEVEL|R3_SUSTAINED_JOINT,2,1,0,0,0
2024-06-05,9.83875,77.0588,9.83875_77.0588,Idukki,2024-06-05,0.5240808,0.54670614,0.7438291311264038,R1_FLOOD_LEVEL|R2_LANDSLIDE_LEVEL|R3_SUSTAINED_JOINT,3,1,1,0,0
2024-06-06,9.83875,77.0588,9.83875_77.0588,Idukki,2024-06-06,0.5537908,0.7287152,0.7915510336558024,R1_FLOOD_LEVEL|R2_LANDSLIDE_LEVEL|R3_SUSTAINED_JOINT,3,1,1,0,0
2024-06-07,9.83875,77.0588,9.83875_77.0588,Idukki,2024-06-07,0.5537908,0.4969496,0.8129177490870158,R1_FLOOD_LEVEL|R3_SUSTAINED_JOINT|R5_RISING_LANDSLIDE|R7_JOINT_MODERATE,4,1,0,0,0
2024-06-08,9.83875,77.0588,9.83875_77.0588,Idukki,2024-06-08,0.5443909,0.8708803,0.8652187983194987,R1_FLOOD_LEVEL|R2_LANDSLIDE_LEVEL|R3_SUSTAINED_JOINT|R5_RISING_LANDSLIDE|R7_JOINT_MODERATE,5,1,1,0,0
2024-06-09,9.83875,77.0588,9.83875_77.0588,Idukki,2024-06-09,0.60002065,0.31627077,0.8144095341364542,R1_FLOOD_LEVEL|R3_SUSTAINED_JOINT|R7_JOINT_MODERATE,3,1,0,0,0
2024-06-10,9.83875,77.0588,9.83875_77.0588,Idukki,2024-06-10,0.5880561,0.16707453,0.7748585939407349,R1_FLOOD_LEVEL|R3_SUSTAINED_JOINT|R7_JOINT_MODERATE,3,1,0,0,0
2024-06-11,9.83875,77.0588,9.83875_77.0588,Idukki,2024-06-11,0.5761764,0.21567357,0.6836626132329305,R1_FLOOD_LEVEL|R7_JOINT_MODERATE,2,1,0,0,0
2024-06-12,9.83875,77.0588,9.83875_77.0588,Idukki,2024-06-12,0.54856956,0.4263993,0.6885081926981608,R1_FLOOD_LEVEL|R7_JOINT_MODERATE,2,1,0,0,0
2024-06-13,9.83875,77.0588,9.83875_77.0588,Idukki,2024-06-13,0.5240692,0.10079286,0.6602275768915812,R1_FLOOD_LEVEL|R7_JOINT_MODERATE,2,1,0,0,0
2024-06-18,9.83875,77.0588,9.83875_77.0588,Idukki,2024-06-18,0.4872796,0.5915678,0.6519983410835266,R2_LANDSLIDE_LEVEL|R5_RISING_LANDSLIDE,2,0,1,0,0
2024-06-19,9.83875,77.0588,9.83875_77.0588,Idukki,2024-06-19,0.515323,0.4714198,0.713247815767924,R1_FLOOD_LEVEL|R5_RISING_LANDSLIDE,2,1,0,0,0
2024-06-20,9.83875,77.0588,9.83875_77.0588,Idukki,2024-06-20,0.4599199,0.49878204,0.7545666694641113,R3_SUSTAINED_JOINT|R5_RISING_LANDSLIDE,2,0,0,0,0
2024-06-22,9.83875,77.0588,9.83875_77.0588,Idukki,2024-06-22,0.500231,0.14121361,0.5745544830958048,R1_FLOOD_LEVEL,1,1,0,0,0
2024-06-23,9.83875,77.0588,9.83875_77.0588,Idukki,2024-06-23,0.57996887,0.1427102,0.544757624467214,R1_FLOOD_LEVEL,1,1,0,0,0
2024-06-24,9.83875,77.0588,9.83875_77.0588,Idukki,2024-06-24,0.57996887,0.24873085,0.6317201256752014,R1_FLOOD_LEVEL|R4_RISING_FLOOD|R7_JOINT_MODERATE,3,1,0,0,0
2024-06-25,9.83875,77.0588,9.83875_77.0588,Idukki,2024-06-25,0.5711554,0.4077318,0.6901213924090067,R1_FLOOD_LEVEL|R4_RISING_FLOOD|R7_JOINT_MODERATE,3,1,0,0,0
2024-06-26,9.83875,77.0588,9.83875_77.0588,Idukki,2024-06-26,0.6468543,0.8371891,0.7909855445226034,R1_FLOOD_LEVEL|R2_LANDSLIDE_LEVEL|R3_SUSTAINED_JOINT|R4_RISING_FLOOD|R5_RISING_LANDSLIDE|R7_JOINT_MODERATE,6,1,1,0,0
2024-06-27,9.83875,77.0588,9.83875_77.0588,Idukki,2024-06-27,0.6468543,0.65381396,0.8554196357727051,R1_FLOOD_LEVEL|R2_LANDSLIDE_LEVEL|R3_SUSTAINED_JOINT|R4_RISING_FLOOD|R5_RISING_LANDSLIDE|R6_ENV_PRECURSOR|R7_JOINT_MODERATE,7,1,1,0,0
2024-06-28,9.83875,77.0588,9.83875_77.0588,Idukki,2024-06-28,0.6364623,0.21048701,0.8444107174873352,R1_FLOOD_LEVEL|R3_SUSTAINED_JOINT|R4_RISING_FLOOD|R5_RISING_LANDSLIDE|R7_JOINT_MODERATE,5,1,0,0,0
2024-06-29,9.83875,77.0588,9.83875_77.0588,Idukki,2024-06-29,0.63286155,0.3282137,0.7813631693522135,R1_FLOOD_LEVEL|R3_SUSTAINED_JOINT|R7_JOINT_MODERATE,3,1,0,0,0
2024-06-30,9.83875,77.0588,9.83875_77.0588,Idukki,2024-06-30,0.63286155,0.83771354,0.8022540211677551,R1_FLOOD_LEVEL|R2_LANDSLIDE_LEVEL|R3_SUSTAINED_JOINT|R7_JOINT_MODERATE,4,1,1,0,0
2024-07-01,9.83875,77.0588,9.83875_77.0588,Idukki,2024-07-01,0.63286155,0.3379571,0.8169061541557312,R1_FLOOD_LEVEL|R3_SUSTAINED_JOINT|R7_JOINT_MODERATE,3,1,0,0,0
2024-07-02,9.83875,77.0588,9.83875_77.0588,Idukki,2024-07-02,0.6261487,0.23727585,0.8040705521901449,R1_FLOOD_LEVEL|R3_SUSTAINED_JOINT|R5_RISING_LANDSLIDE|R7_JOINT_MODERATE,4,1,0,0,0
2024-07-03,9.83875,77.0588,9.83875_77.0588,Idukki,2024-07-03,0.53985673,0.7040718,0.7785412867863973,R1_FLOOD_LEVEL|R2_LANDSLIDE_LEVEL|R3_SUSTAINED_JOINT|R7_JOINT_MODERATE,4,1,1,0,0
2024-07-04,9.83875,77.0588,9.83875_77.0588,Idukki,2024-07-04,0.51025397,0.15720338,0.7219763000806173,R1_FLOOD_LEVEL|R3_SUSTAINED_JOINT|R7_JOINT_MODERATE,3,1,0,0,0
2024-07-05,9.83875,77.0588,9.83875_77.0588,Idukki,2024-07-05,0.50536114,0.43529215,0.7239159544308981,R1_FLOOD_LEVEL|R3_SUSTAINED_JOINT,2,1,0,0,0
2024-07-10,9.83875,77.0588,9.83875_77.0588,Idukki,2024-07-10,0.49164146,0.8371891,0.6946635643641154,R2_LANDSLIDE_LEVEL|R5_RISING_LANDSLIDE,2,0,1,0,0
2024-07-11,9.83875,77.0588,9.83875_77.0588,Idukki,2024-07-11,0.48156267,0.23984392,0.6886341174443563,R5_RISING_LANDSLIDE,1,0,0,0,0
2024-07-12,9.83875,77.0588,9.83875_77.0588,Idukki,2024-07-12,0.4975155,0.61575717,0.7766881187756857,R2_LANDSLIDE_LEVEL|R5_RISING_LANDSLIDE,2,0,1,0,0
2024-07-13,9.83875,77.0588,9.83875_77.0588,Idukki,2024-07-13,0.5275097,0.74126023,0.763526201248169,R1_FLOOD_LEVEL|R2_LANDSLIDE_LEVEL|R3_SUSTAINED_JOINT|R5_RISING_LANDSLIDE,4,1,1,0,0
2024-07-14,9.83875,77.0588,9.83875_77.0588,Idukki,2024-07-14,0.6048908,0.49392262,0.8282386859258016,R1_FLOOD_LEVEL|R3_SUSTAINED_JOINT|R4_RISING_FLOOD|R5_RISING_LANDSLIDE|R7_JOINT_MODERATE,5,1,0,1,1
2024-07-15,9.83875,77.0588,9.83875_77.0588,Idukki,2024-07-15,0.6364623,0.8899768,0.8792648514111837,R1_FLOOD_LEVEL|R2_LANDSLIDE_LEVEL|R3_SUSTAINED_JOINT|R4_RISING_FLOOD|R5_RISING_LANDSLIDE|R7_JOINT_MODERATE,6,1,1,0,0
2024-07-16,9.83875,77.0588,9.83875_77.0588,Idukki,2024-07-16,0.6468543,0.89391327,0.907527506351471,R1_FLOOD_LEVEL|R2_LANDSLIDE_LEVEL|R3_SUSTAINED_JOINT|R4_RISING_FLOOD|R5_RISING_LANDSLIDE|R7_JOINT_MODERATE,6,1,1,0,0
2024-07-17,9.83875,77.0588,9.83875_77.0588,Idukki,2024-07-17,0.6468543,0.8934992,0.9616426825523376,R1_FLOOD_LEVEL|R2_LANDSLIDE_LEVEL|R3_SUSTAINED_JOINT|R4_RISING_FLOOD|R5_RISING_LANDSLIDE|R7_JOINT_MODERATE,6,1,1,1,0
2024-07-18,9.83875,77.0588,9.83875_77.0588,Idukki,2024-07-18,0.6437596,0.8958436,0.9626069664955139,R1_FLOOD_LEVEL|R2_LANDSLIDE_LEVEL|R3_SUSTAINED_JOINT|R4_RISING_FLOOD|R5_RISING_LANDSLIDE|R7_JOINT_MODERATE,6,1,1,0,0
2024-07-19,9.83875,77.0588,9.83875_77.0588,Idukki,2024-07-19,0.6364623,0.8899768,0.9617624680201212,R1_FLOOD_LEVEL|R2_LANDSLIDE_LEVEL|R3_SUSTAINED_JOINT|R5_RISING_LANDSLIDE|R7_JOINT_MODERATE,5,1,1,0,0
2024-07-20,9.83875,77.0588,9.83875_77.0588,Idukki,2024-07-20,0.63286155,0.30731317,0.8895285924275717,R1_FLOOD_LEVEL|R3_SUSTAINED_JOINT|R7_JOINT_MODERATE,3,1,0,0,0
2024-07-21,9.83875,77.0588,9.83875_77.0588,Idukki,2024-07-21,0.63286155,0.5888756,0.8515836397806803,R1_FLOOD_LEVEL|R2_LANDSLIDE_LEVEL|R3_SUSTAINED_JOINT|R7_JOINT_MODERATE,4,1,1,0,0
2024-07-22,9.83875,77.0588,9.83875_77.0588,Idukki,2024-07-22,0.63286155,0.6740306,0.8250242074330648,R1_FLOOD_LEVEL|R2_LANDSLIDE_LEVEL|R3_SUSTAINED_JOINT|R7_JOINT_MODERATE,4,1,1,0,0
2024-07-23,9.83875,77.0588,9.83875_77.0588,Idukki,2024-07-23,0.6048908,0.4016698,0.8309929370880127,R1_FLOOD_LEVEL|R3_SUSTAINED_JOINT|R7_JOINT_MODERATE,3,1,0,0,0
2024-07-24,9.83875,77.0588,9.83875_77.0588,Idukki,2024-07-24,0.5880561,0.30967066,0.7865138053894043,R1_FLOOD_LEVEL|R3_SUSTAINED_JOINT|R7_JOINT_MODERATE,3,1,0,0,0
2024-07-25,9.83875,77.0588,9.83875_77.0588,Idukki,2024-07-25,0.5880561,0.59887266,0.7713251113891602,R1_FLOOD_LEVEL|R2_LANDSLIDE_LEVEL|R3_SUSTAINED_JOINT|R7_JOINT_MODERATE,4,1,1,0,0
2024-07-26,9.83875,77.0588,9.83875_77.0588,Idukki,2024-07-26,0.5880561,0.5507704,0.7884412209192911,R1_FLOOD_LEVEL|R2_LANDSLIDE_LEVEL|R3_SUSTAINED_JOINT|R7_JOINT_MODERATE,4,1,1,0,0
2024-07-27,9.83875,77.0588,9.83875_77.0588,Idukki,2024-07-27,0.5880561,0.58985096,0.8269140720367432,R1_FLOOD_LEVEL|R2_LANDSLIDE_LEVEL|R3_SUSTAINED_JOINT|R5_RISING_LANDSLIDE|R7_JOINT_MODERATE,5,1,1,0,0
2024-07-28,9.83875,77.0588,9.83875_77.0588,Idukki,2024-07-28,0.5880561,0.33332625,0.790450652440389,R1_FLOOD_LEVEL|R3_SUSTAINED_JOINT|R7_JOINT_MODERATE,3,1,0,0,0
2024-07-29,9.83875,77.0588,9.83875_77.0588,Idukki,2024-07-29,0.63286155,0.8687922,0.8360792994499207,R1_FLOOD_LEVEL|R2_LANDSLIDE_LEVEL|R3_SUSTAINED_JOINT|R5_RISING_LANDSLIDE|R7_JOINT_MODERATE,5,1,1,0,0
2024-07-30,9.83875,77.0588,9.83875_77.0588,Idukki,2024-07-30,0.6468543,0.81384397,0.8704853653907776,R1_FLOOD_LEVEL|R2_LANDSLIDE_LEVEL|R3_SUSTAINED_JOINT|R5_RISING_LANDSLIDE|R7_JOINT_MODERATE,5,1,1,0,1
2024-07-31,9.83875,77.0588,9.83875_77.0588,Idukki,2024-07-31,0.6437596,0.30731317,0.8797751069068909,R1_FLOOD_LEVEL|R3_SUSTAINED_JOINT|R4_RISING_FLOOD|R5_RISING_LANDSLIDE|R7_JOINT_MODERATE,5,1,0,0,0
2024-08-01,9.83875,77.0588,9.83875_77.0588,Idukki,2024-08-01,0.6364623,0.15395899,0.7933096488316854,R1_FLOOD_LEVEL|R3_SUSTAINED_JOINT|R7_JOINT_MODERATE,3,1,0,0,0
2024-08-02,9.83875,77.0588,9.83875_77.0588,Idukki,2024-08-02,0.59746647,0.13940758,0.6997506221135458,R1_FLOOD_LEVEL|R3_SUSTAINED_JOINT|R7_JOINT_MODERATE,3,1,0,0,0
2024-08-03,9.83875,77.0588,9.83875_77.0588,Idukki,2024-08-03,0.59746647,0.27293915,0.6844494938850403,R1_FLOOD_LEVEL|R7_JOINT_MODERATE,2,1,0,0,0
2024-08-04,9.83875,77.0588,9.83875_77.0588,Idukki,2024-08-04,0.59746647,0.44778302,0.7128768165906271,R1_FLOOD_LEVEL|R7_JOINT_MODERATE,2,1,0,0,0
2024-08-05,9.83875,77.0588,9.83875_77.0588,Idukki,2024-08-05,0.57753134,0.7054566,0.7868707974751791,R1_FLOOD_LEVEL|R2_LANDSLIDE_LEVEL|R3_SUSTAINED_JOINT|R5_RISING_LANDSLIDE|R7_JOINT_MODERATE,5,1,1,0,0
2024-08-06,9.83875,77.0588,9.83875_77.0588,Idukki,2024-08-06,0.5959822,0.520464,0.8198458949724833,R1_FLOOD_LEVEL|R2_LANDSLIDE_LEVEL|R3_SUSTAINED_JOINT|R5_RISING_LANDSLIDE|R7_JOINT_MODERATE,5,1,1,0,0
2024-08-07,9.83875,77.0588,9.83875_77.0588,Idukki,2024-08-07,0.60002065,0.88850176,0.8790755271911621,R1_FLOOD_LEVEL|R2_LANDSLIDE_LEVEL|R3_SUSTAINED_JOINT|R5_RISING_LANDSLIDE|R7_JOINT_MODERATE,5,1,1,0,0
2024-08-08,9.83875,77.0588,9.83875_77.0588,Idukki,2024-08-08,0.5880561,0.872598,0.9030598203341166,R1_FLOOD_LEVEL|R2_LANDSLIDE_LEVEL|R3_SUSTAINED_JOINT|R5_RISING_LANDSLIDE|R7_JOINT_MODERATE,5,1,1,0,0
2024-08-09,9.83875,77.0588,9.83875_77.0588,Idukki,2024-08-09,0.5761764,0.40244514,0.883220891157786,R1_FLOOD_LEVEL|R3_SUSTAINED_JOINT|R5_RISING_LANDSLIDE|R7_JOINT_MODERATE,4,1,0,0,0
2024-08-10,9.83875,77.0588,9.83875_77.0588,Idukki,2024-08-10,0.59305346,0.88850176,0.8829619487126669,R1_FLOOD_LEVEL|R2_LANDSLIDE_LEVEL|R3_SUSTAINED_JOINT|R7_JOINT_MODERATE,4,1,1,0,0
2024-08-11,9.83875,77.0588,9.83875_77.0588,Idukki,2024-08-11,0.57571256,0.88850176,0.8846870064735413,R1_FLOOD_LEVEL|R2_LANDSLIDE_LEVEL|R3_SUSTAINED_JOINT|R7_JOINT_MODERATE,4,1,1,0,0
2024-08-12,9.83875,77.0588,9.83875_77.0588,Idukki,2024-08-12,0.5972216,0.88850176,0.9541366100311279,R1_FLOOD_LEVEL|R2_LANDSLIDE_LEVEL|R3_SUSTAINED_JOINT|R5_RISING_LANDSLIDE|R7_JOINT_MODERATE,5,1,1,0,0
2024-08-13,9.83875,77.0588,9.83875_77.0588,Idukki,2024-08-13,0.6261487,0.43152413,0.8984194000562032,R1_FLOOD_LEVEL|R3_SUSTAINED_JOINT|R7_JOINT_MODERATE,3,1,0,0,0
2024-08-14,9.83875,77.0588,9.83875_77.0588,Idukki,2024-08-14,0.55513436,0.87217826,0.8952340086301168,R1_FLOOD_LEVEL|R2_LANDSLIDE_LEVEL|R3_SUSTAINED_JOINT|R7_JOINT_MODERATE,4,1,1,0,0
2024-08-15,9.83875,77.0588,9.83875_77.0588,Idukki,2024-08-15,0.5130007,0.41209203,0.8147667646408081,R1_FLOOD_LEVEL|R3_SUSTAINED_JOINT|R7_JOINT_MODERATE,3,1,0,0,0
2024-08-16,9.83875,77.0588,9.83875_77.0588,Idukki,2024-08-16,0.5275097,0.29163963,0.7740440964698792,R1_FLOOD_LEVEL|R3_SUSTAINED_JOINT,2,1,0,0,0
2024-08-17,9.83875,77.0588,9.83875_77.0588,Idukki,2024-08-17,0.5275097,0.42470172,0.7023909687995911,R1_FLOOD_LEVEL|R3_SUSTAINED_JOINT,2,1,0,0,0
2024-08-18,9.83875,77.0588,9.83875_77.0588,Idukki,2024-08-18,0.5275097,0.82709116,0.7705953121185303,R1_FLOOD_LEVEL|R2_LANDSLIDE_LEVEL|R3_SUSTAINED_JOINT,3,1,1,0,0
2024-08-19,9.83875,77.0588,9.83875_77.0588,Idukki,2024-08-19,0.5275097,0.83362,0.8559554815292358,R1_FLOOD_LEVEL|R2_LANDSLIDE_LEVEL|R3_SUSTAINED_JOINT|R5_RISING_LANDSLIDE,4,1,1,0,0
2024-08-20,9.83875,77.0588,9.83875_77.0588,Idukki,2024-08-20,0.53985673,0.36634734,0.8493727644284567,R1_FLOOD_LEVEL|R3_SUSTAINED_JOINT|R5_RISING_LANDSLIDE,3,1,0,0,0
2024-08-21,9.83875,77.0588,9.83875_77.0588,Idukki,2024-08-21,0.63286155,0.7990632,0.8520148197809855,R1_FLOOD_LEVEL|R2_LANDSLIDE_LEVEL|R3_SUSTAINED_JOINT|R5_RISING_LANDSLIDE|R7_JOINT_MODERATE,5,1,1,0,0
2024-08-22,9.83875,77.0588,9.83875_77.0588,Idukki,2024-08-22,0.63286155,0.31641173,0.7945619424184164,R1_FLOOD_LEVEL|R3_SUSTAINED_JOINT|R4_RISING_FLOOD|R7_JOINT_MODERATE,4,1,0,0,0
2024-08-23,9.83875,77.0588,9.83875_77.0588,Idukki,2024-08-23,0.63286155,0.22286063,0.7966463565826416,R1_FLOOD_LEVEL|R3_SUSTAINED_JOINT|R4_RISING_FLOOD|R7_JOINT_MODERATE,4,1,0,0,0
2024-08-24,9.83875,77.0588,9.83875_77.0588,Idukki,2024-08-24,0.6214422,0.41328272,0.7472014228502909,R1_FLOOD_LEVEL|R3_SUSTAINED_JOINT|R4_RISING_FLOOD|R7_JOINT_MODERATE,4,1,0,0,0
2024-08-25,9.83875,77.0588,9.83875_77.0588,Idukki,2024-08-25,0.5790355,0.123137146,0.7078159054120382,R1_FLOOD_LEVEL|R3_SUSTAINED_JOINT|R7_JOINT_MODERATE,3,1,0,0,0
2024-08-26,9.83875,77.0588,9.83875_77.0588,Idukki,2024-08-26,0.5595204,0.1125617,0.6726223429044088,R1_FLOOD_LEVEL|R7_JOINT_MODERATE,2,1,0,0,0
2024-08-27,9.83875,77.0588,9.83875_77.0588,Idukki,2024-08-27,0.5595204,0.22368948,0.6326748331387838,R1_FLOOD_LEVEL,1,1,0,0,0
2024-08-28,9.83875,77.0588,9.83875_77.0588,Idukki,2024-08-28,0.5595204,0.20118265,0.6384299596150717,R1_FLOOD_LEVEL|R7_JOINT_MODERATE,2,1,0,0,0
2024-08-29,9.83875,77.0588,9.83875_77.0588,Idukki,2024-08-29,0.5595204,0.1495953,0.6438674926757812,R1_FLOOD_LEVEL|R7_JOINT_MODERATE,2,1,0,0,0
2024-08-30,9.83875,77.0588,9.83875_77.0588,Idukki,2024-08-30,0.49585834,0.4222308,0.6607579588890076,R5_RISING_LANDSLIDE|R7_JOINT_MODERATE,2,0,0,0,0
2024-08-31,9.83875,77.0588,9.83875_77.0588,Idukki,2024-08-31,0.5595204,0.18954274,0.6590489149093628,R1_FLOOD_LEVEL|R5_RISING_LANDSLIDE|R7_JOINT_MODERATE,3,1,0,0,0
2024-09-01,9.83875,77.0588,9.83875_77.0588,Idukki,2024-09-01,0.5595204,0.17875525,0.6633303562800089,R1_FLOOD_LEVEL|R5_RISING_LANDSLIDE|R7_JOINT_MODERATE,3,1,0,0,0
2024-09-02,9.83875,77.0588,9.83875_77.0588,Idukki,2024-09-02,0.57996887,0.16209339,0.6431072552998861,R1_FLOOD_LEVEL|R7_JOINT_MODERATE,2,1,0,0,0
2024-09-03,9.83875,77.0588,9.83875_77.0588,Idukki,2024-09-03,0.5595204,0.078165926,0.6267541845639547,R1_FLOOD_LEVEL,1,1,0,0,0
2024-09-04,9.83875,77.0588,9.83875_77.0588,Idukki,2024-09-04,0.5595204,0.08625511,0.613172709941864,R1_FLOOD_LEVEL,1,1,0,0,0
2024-09-28,9.83875,77.0588,9.83875_77.0588,Idukki,2024-09-28,0.34684148,0.45558143,0.4897226095199585,R5_RISING_LANDSLIDE,1,0,0,0,0
2024-09-29,9.83875,77.0588,9.83875_77.0588,Idukki,2024-09-29,0.34730047,0.30908337,0.5406708916028341,R5_RISING_LANDSLIDE,1,0,0,0,0
2024-09-30,9.83875,77.0588,9.83875_77.0588,Idukki,2024-09-30,0.34730047,0.37516788,0.5952065785725912,R5_RISING_LANDSLIDE,1,0,0,0,0
2024-10-06,9.83875,77.0588,9.83875_77.0588,Idukki,2024-10-06,0.47139162,0.41112384,0.5900218685468038,R5_RISING_LANDSLIDE,1,0,0,0,0
2024-10-07,9.83875,77.0588,9.83875_77.0588,Idukki,2024-10-07,0.46108738,0.3844733,0.6711173057556152,R5_RISING_LANDSLIDE,1,0,0,0,0
2024-10-08,9.83875,77.0588,9.83875_77.0588,Idukki,2024-10-08,0.4872796,0.29309493,0.6648517847061157,R5_RISING_LANDSLIDE,1,0,0,0,0
2024-10-11,9.83875,77.0588,9.83875_77.0588,Idukki,2024-10-11,0.5070067,0.3028556,0.6359496911366781,R1_FLOOD_LEVEL,1,1,0,0,0
2024-10-12,9.83875,77.0588,9.83875_77.0588,Idukki,2024-10-12,0.5070067,0.19836006,0.6266924937566122,R1_FLOOD_LEVEL,1,1,0,0,0
2024-10-13,9.83875,77.0588,9.83875_77.0588,Idukki,2024-10-13,0.5070067,0.12368413,0.609697163105011,R1_FLOOD_LEVEL,1,1,0,0,0
2024-10-14,9.83875,77.0588,9.83875_77.0588,Idukki,2024-10-14,0.5070067,0.66592616,0.6693609555562338,R1_FLOOD_LEVEL|R2_LANDSLIDE_LEVEL,2,1,1,0,0
2024-10-15,9.83875,77.0588,9.83875_77.0588,Idukki,2024-10-15,0.53265774,0.23025566,0.6811839739481608,R1_FLOOD_LEVEL|R5_RISING_LANDSLIDE,2,1,0,0,0
2024-10-16,9.83875,77.0588,9.83875_77.0588,Idukki,2024-10-16,0.51484865,0.25150144,0.7041448950767517,R1_FLOOD_LEVEL|R5_RISING_LANDSLIDE,2,1,0,0,0
2024-10-21,9.83875,77.0588,9.83875_77.0588,Idukki,2024-10-21,0.46869445,0.5743658,0.675377368927002,R2_LANDSLIDE_LEVEL|R5_RISING_LANDSLIDE,2,0,1,0,0
2024-10-22,9.83875,77.0588,9.83875_77.0588,Idukki,2024-10-22,0.507251,0.29151225,0.6839465101559957,R1_FLOOD_LEVEL|R5_RISING_LANDSLIDE,2,1,0,0,0
2024-10-23,9.83875,77.0588,9.83875_77.0588,Idukki,2024-10-23,0.47488746,0.5022827,0.7211313247680664,R2_LANDSLIDE_LEVEL|R5_RISING_LANDSLIDE,2,0,1,0,0
2024-10-24,9.83875,77.0588,9.83875_77.0588,Idukki,2024-10-24,0.5173309,0.4362885,0.7058165470759074,R1_FLOOD_LEVEL|R3_SUSTAINED_JOINT,2,1,0,0,0
2024-10-25,9.83875,77.0588,9.83875_77.0588,Idukki,2024-10-25,0.5275097,0.49578437,0.7427730957667033,R1_FLOOD_LEVEL|R3_SUSTAINED_JOINT|R5_RISING_LANDSLIDE,3,1,0,0,0
2024-10-27,9.83875,77.0588,9.83875_77.0588,Idukki,2024-10-27,0.59746647,0.09998045,0.6575696667035421,R1_FLOOD_LEVEL,1,1,0,0,0
2024-11-01,9.83875,77.0588,9.83875_77.0588,Idukki,2024-11-01,0.47883615,0.8064685,0.6202002366383871,R2_LANDSLIDE_LEVEL|R5_RISING_LANDSLIDE,2,0,1,0,0
2024-11-02,9.83875,77.0588,9.83875_77.0588,Idukki,2024-11-02,0.50512797,0.82873,0.77574755748113,R1_FLOOD_LEVEL|R2_LANDSLIDE_LEVEL|R5_RISING_LANDSLIDE,3,1,1,0,0
2024-11-03,9.83875,77.0588,9.83875_77.0588,Idukki,2024-11-03,0.5981056,0.52195007,0.8740853667259216,R1_FLOOD_LEVEL|R2_LANDSLIDE_LEVEL|R3_SUSTAINED_JOINT|R4_RISING_FLOOD|R5_RISING_LANDSLIDE,5,1,1,0,0
2024-11-04,9.83875,77.0588,9.83875_77.0588,Idukki,2024-11-04,0.49252424,0.34741244,0.7973151206970215,R3_SUSTAINED_JOINT|R4_RISING_FLOOD|R5_RISING_LANDSLIDE,3,0,0,0,0
2024-11-05,9.83875,77.0588,9.83875_77.0588,Idukki,2024-11-05,0.49343666,0.07678268,0.6696780323982239,R4_RISING_FLOOD,1,0,0,0,0
2024-11-15,9.83875,77.0588,9.83875_77.0588,Idukki,2024-11-15,0.34684148,0.33725166,0.4600890676180522,R5_RISING_LANDSLIDE,1,0,0,0,0
2024-11-16,9.83875,77.0588,9.83875_77.0588,Idukki,2024-11-16,0.34684148,0.36017597,0.5138107339541117,R5_RISING_LANDSLIDE,1,0,0,0,0
2024-11-17,9.83875,77.0588,9.83875_77.0588,Idukki,2024-11-17,0.34730047,0.34368515,0.5736124316851298,R5_RISING_LANDSLIDE,1,0,0,0,0
2024-11-18,9.83875,77.0588,9.83875_77.0588,Idukki,2024-11-18,0.34730047,0.14617081,0.5321410497029623,R5_RISING_LANDSLIDE,1,0,0,0,0
2024-11-27,9.83875,77.0588,9.83875_77.0588,Idukki,2024-11-27,0.4870389,0.43431237,0.5820409655570984,R5_RISING_LANDSLIDE,1,0,0,0,0
2024-11-28,9.83875,77.0588,9.83875_77.0588,Idukki,2024-11-28,0.47139162,0.30333936,0.6641131639480591,R5_RISING_LANDSLIDE,1,0,0,0,0
2024-11-29,9.83875,77.0588,9.83875_77.0588,Idukki,2024-11-29,0.49762866,0.2826982,0.6604039271672567,R5_RISING_LANDSLIDE,1,0,0,0,0
2024-12-13,9.83875,77.0588,9.83875_77.0588,Idukki,2024-12-13,0.55866057,0.35019252,0.5201651453971863,R1_FLOOD_LEVEL|R5_RISING_LANDSLIDE,2,1,0,0,0
2024-12-14,9.83875,77.0588,9.83875_77.0588,Idukki,2024-12-14,0.55866057,0.27347326,0.6210368673006693,R1_FLOOD_LEVEL|R5_RISING_LANDSLIDE|R6_ENV_PRECURSOR,3,1,0,0,0
2024-12-15,9.83875,77.0588,9.83875_77.0588,Idukki,2024-12-15,0.5831728,0.24926622,0.6932143966356913,R1_FLOOD_LEVEL|R4_RISING_FLOOD|R5_RISING_LANDSLIDE|R7_JOINT_MODERATE,4,1,0,0,0
2024-12-16,9.83875,77.0588,9.83875_77.0588,Idukki,2024-12-16,0.5738388,0.07230724,0.6570273836453756,R1_FLOOD_LEVEL|R4_RISING_FLOOD|R7_JOINT_MODERATE,3,1,0,0,0
