Sl_No,Slide_No,State,District,Slide_Name,NH_SH_Location,Latitude,Longitude,Material_Involved,Movement_Type,History,Event_Years,Year
12863,KRL/TVN/58H02/2015/45,Kerala,Thiruvananthapuram,Chettikunnu,Tolikod,8.64294,77.0712,Rock,Slide,2016,2016,2016
12884,KRL/KOL/58H01/2015/33,Kerala,Kollam,Near Ambakallu Mottai,Ariyankavu Village,8.842944,77.155417,Debris,Flow,2014,2014,2014
12896,KRL/KOL/58H01/2015/30,Kerala,Kollam,Suvarnagiri,Ariyankavu Village,8.984111,77.131806,Debris,Slide,2014,2014,2014
12919,KRL/Pathanamthitta/58C16/201 6-17/20,Kerala,Pathanamthitta,Kottarathara Debris Flow,Kottarathara village,9.178389,76.879028,Debris,Flow,2013,2013,2013
12924,KER/ID/58G03/2019/40,Kerala,Pathanamthitta,Gavi,Gavi road,9.31,77.1,Debris,Slide,2019,2019,2019
12925,KER/ID/58G03/2019/38,Kerala,Pathanamthitta,Gavi,Gavi road,9.32,77.1,Debris,Slide,2019,2019,2019
12926,KER/ID/58G03/2019/39,Kerala,Pathanamthitta,Gavi,Gavi road,9.32,77.1,Debris,Flow,2019,2019,2019
12932,KER/ID/58G03/2019/41,Kerala,Idukki,Kulamavu,Kulamavu - Kozhipally road,9.81,76.88,Debris,Slide,2019,2019,2019
12940,KL/IDU/58B16/2019/407,Kerala,Idukki,Aanakkulam,Vellathuval-Koobanpara road,10,76.99,Debris,Slide,2018,2018,2018
12941,KL/IDU/58B16/2019/408,Kerala,Idukki,Aanakkulam,Vellathuval-Koobanpara road,10,76.99,Debris,Slide,2018,2018,2018
12943,KL/IDU/58B16/2019/412,Kerala,Idukki,Thalumkandam,Koomban para-Chithirapuram road,10,76.98,Debris,Slide,2018,2018,2018
12948,KL/IDU/58F04/2019/526,Kerala,Idukki,Aaram mile,NH 49,10,77.22,Debris,Slide,2018,2018,2018
12950,KL/IDU/58F04/2019/591,Kerala,Idukki,Thalumkandam,Chenkulam-Anachal road,10,77.02,Debris,Slide,2018,2018,2018
12951,KL/IDU/58F04/2019/593,Kerala,Idukki,Mankulam,Chenkulam,10,77.05,Debris,Slide,2018,2018,2018
12954,KL/IDU/58B16/2019/410,Kerala,Idukki,Chithirapuram,Vellathuval-Koobanpara road,10.01,76.98,Debris,Slide,2018,2018,2018
12955,KL/IDU/58B16/2019/424,Kerala,Idukki,Aanakkulam,Thalanirappan kudi,10.01,76.93,Debris,Slide,2019,2019,2019
12956,KL/IDU/58B16/2019/425,Kerala,Idukki,Aanakkulam,Thalanirappan kudi,10.01,76.92,Debris,Slide,2019,2019,2019
12957,KL/IDU/58B16/2019/426,Kerala,Idukki,Aanakkulam,201 acre - Mezhukumchal road,10.01,76.95,Debris,Slide,2016,2016,2016
12958,KL/IDU/58B16/2019/428,Kerala,Idukki,Chithirapuram,Adimali-Rajakkad road,10.01,76.96,Debris,Slide,2018,2018,2018
12959,KL/IDU/58B16/2019/429,Kerala,Idukki,Thalumkandam,Adimali-Rajakkad road,10.01,76.96,Debris,Slide,2018,2018,2018
12960,KL/IDU/58B16/2019/430,Kerala,Idukki,Thalumkandam,Adimali-Rajakkad road,10.01,76.96,Debris,Slide,2018,2018,2018
12961,KL/IDU/58B16/2019/432,Kerala,Idukki,Mankulam,Adimali-Rajakkad road,10.01,76.96,Debris,Slide,2018,2018,2018
12963,KL/IDU/58F04/2019/511,Kerala,Idukki,Aanachal,Kunjithanni-Devikulam road,10.01,77.09,Debris,Slide,2018,2018,2018
12965,KL/IDU/58F04/2019/520,Kerala,Idukki,Thalumkandam,Muttukadu-Vathukappu road,10.01,77.16,Debris,Slide,2018,2018,2018
12967,KL/IDU/58F04/2019/589,Kerala,Idukki,Near Pallivasal,Iruttukanam,10.01,77.01,Debris,Slide,2019,2019,2019
12968,KL/IDU/58F04/2019/590,Kerala,Idukki,Chithirapuram,Iruttukanam,10.01,77.01,Debris,Slide,2018,2018,2018
12969,KL/IDU/58F04/2019/592,Kerala,Idukki,Thalumkandam,Chenkulam-Anachal road,10.01,77.03,Debris,Slide,2018,2018,2018
12973,KL/IDU/58B16/2019/399,Kerala,Idukki,Aaram mile,Adimali-Mannankandam road,10.02,76.96,Debris,Slide,2018,2018,2018
12974,KL/IDU/58B16/2019/400,Kerala,Idukki,Aaram mile,Mannankandam- Kallar road,10.02,76.96,Debris,Slide,2018,2018,2018
12975,KL/IDU/58B16/2019/401,Kerala,Idukki,Chikkanad kudi,Mannankandam- Kallar road,10.02,76.97,Debris,Slide,2019,2019,2019
12976,KL/IDU/58B16/2019/402,Kerala,Idukki,Parakudi,Mannankandam- Kallar road,10.02,76.98,Debris,Slide,2018,2018,2018
12978,KL/IDU/58F04/2019/406,Kerala,Idukki,Aanakkulam,Iruttukkanam-Chithirapuram road,10.02,77.01,Debris,Slide,2019,2019,2019
12980,KL/IDU/58B16/2019/418,Kerala,Idukki,Aaram mile,Adimali,10.02,76.96,Debris,Slide,2018,2018,2018
12981,KL/IDU/58B16/2019/444,Kerala,Idukki,Aanakkulam,Machiplavu-Plamala road,10.02,76.93,Debris,Slide,2018,2018,2018
12982,KL/IDU/58B16/2019/458,Kerala,Idukki,Aaram mile,Adimali- Mezhukumchal road,10.02,76.91,Debris,Slide,2018,2018,2018
12983,KL/IDU/58B16/2019/459,Kerala,Idukki,Seval kudi,Adimali- Mezhukumchal road,10.02,76.89,Debris,Slide,2018,2018,2018
12984,KL/IDU/58B16/2019/460,Kerala,Idukki,Aanakkulam,Neriyamangalam-Adimali Highway,10.02,76.92,Debris,Slide,2018,2018,2018
12985,KL/IDU/58B16/2019/462,Kerala,Idukki,Aanakkulam,Neriyamangalam-Adimali Highway,10.02,76.94,Debris,Slide,2018,2018,2018
12986,KL/IDU/58B16/2019/463,Kerala,Idukki,Near Pallivasal,Neriyamangalam-Adimali Highway,10.02,76.93,Debris,Slide,2019,2019,2019
12987,KL/IDU/58B16/2019/464,Kerala,Idukki,Chithirapuram,Neriyamangalam-Adimali Highway,10.02,76.93,Debris,Slide,2019,2019,2019
12988,KL/IDU/58B16/2019/465,Kerala,Idukki,Thalumkandam,Neriyamangalam-Adimali Highway,10.02,76.92,Debris,Slide,2018,2018,2018
12989,KL/IDU/58B16/2019/466,Kerala,Idukki,Thalumkandam,Adimali-Chattuparakkudi road,10.02,76.94,Debris,Slide,2018,2018,2018
12990,KL/IDU/58B16/2019/467,Kerala,Idukki,Mankulam,Adimali-Chattuparakkudi road,10.02,76.94,Debris,Slide,2018,2018,2018
12996,KL/IDU/58F08/2019/529,Kerala,Idukki,Aanachal,NH 49,10.02,77.25,Debris,Slide,2019,2019,2019
12999,KL/IDU/58F04/2019/540,Kerala,Idukki,Mankulam,NH 49,10.02,77.18,Debris,Slide,2019,2019,2019
13006,KL/IDU/58B16/2019/403,Kerala,Idukki,Aanachal,Mannankandam- Kallar road,10.03,76.98,Debris,Slide,2018,2018,2018
13007,KL/IDU/58B16/2019/404,Kerala,Idukki,Aaram mile,Kallar,10.03,77,Debris,Slide,2018,2018,2018
13011,KL/IDU/58B16/2019/419,Kerala,Idukki,Chikkanad kudi,Adimali-Chattuparakkudi road,10.03,76.94,Debris,Slide,2018,2018,2018
13013,KL/IDU/58B16/2019/435,Kerala,Idukki,Aaram mile,Victory estate,10.03,76.97,Debris,Slide,2018,2018,2018
13014,KL/IDU/58B16/2019/436,Kerala,Idukki,Aaram mile,Victory estate,10.03,76.97,Debris,Slide,2018,2018,2018
13015,KL/IDU/58B16/2019/445,Kerala,Idukki,Near Pallivasal,Machiplavu-Plamala road,10.03,76.93,Debris,Slide,2018,2018,2018
13017,KL/IDU/58B16/2019/453,Kerala,Idukki,Aaram mile,Machiplavu-Plamala road,10.03,76.92,Debris,Slide,2018,2018,2018
13019,KL/IDU/58B16/2019/468,Kerala,Idukki,Mankulam,Neriyamangalam-Adimali Highway,10.03,76.9,Debris,Slide,2018,2018,2018
13020,KL/IDU/58B16/2019/469,Kerala,Idukki,Perumbamkoottu,Neriyamangalam-Adimali Highway,10.03,76.88,Rock,Slide,2019,2019,2019
13021,KL/IDU/58B16/2019/470,Kerala,Idukki,Seval kudi,Neriyamangalam-Adimali Highway,10.03,76.86,Debris,Slide,2019,2019,2019
13026,KL/IDU/58F04/2019/390,Kerala,Idukki,Aanakkulam,Adimali Munnar Highway,10.04,77.04,Debris,Slide,2019,2019,2019
13028,KL/IDU/58F04/2019/392,Kerala,Idukki,Chithirapuram,Adimali Munnar Highway,10.04,77.03,Debris,Flow,2019,2019,2019
13029,KL/IDU/58F04/2019/393,Kerala,Idukki,Thalumkandam,Adimali Munnar Highway,10.04,77.03,Debris,Slide,2019,2019,2019
13030,KL/IDU/58F04/2019/395,Kerala,Idukki,Mankulam,Adimali Munnar Highway,10.04,77.03,Debris,Slide,2018,2018,2018
13031,KL/IDU/58F04/2019/396,Kerala,Idukki,Mankulam,Adimali Munnar Highway,10.04,77.02,Debris,Slide,2018,2018,2018
13032,KL/IDU/58F04/2019/397,Kerala,Idukki,Perumbamkoottu,Adimali Munnar Highway,10.04,77.02,Debris,Slide,2018,2018,2018
13033,KL/IDU/58F04/2019/398,Kerala,Idukki,Seval kudi,Adimali Munnar Highway,10.04,77.01,Debris,Slide,2018,2018,2018
13034,KL/IDU/58B16/2019/421,Kerala,Idukki,Aanachal,Adimali-Plamala road,10.04,76.95,Debris,Slide,2018,2018,2018
13035,KL/IDU/58B16/2019/422,Kerala,Idukki,Aaram mile,Adimali-Plamala road,10.04,76.95,Debris,Slide,2018,2018,2018
13036,KL/IDU/58B16/2019/423,Kerala,Idukki,Seval kudi,Adimali-Plamala road,10.04,76.95,Debris,Slide,2018,2018,2018
13037,KL/IDU/58B16/2019/433,Kerala,Idukki,Perumbamkoottu,Kallar,10.04,76.99,Debris,Flow,2018,2018,2018
13038,KL/IDU/58B16/2019/434,Kerala,Idukki,Seval kudi,Kallar estate,10.04,76.99,Debris,Slide,2018,2018,2018
13040,KL/IDU/58B16/2019/471,Kerala,Idukki,Aaram mile,Neriyamangalam-Adimali Highway,10.04,76.85,Debris,Slide,2018,2018,2018
13041,KL/IDU/58B16/2019/473,Kerala,Idukki,Chikkanad kudi,Neriyamangalam-Adimali Highway,10.04,76.85,Debris,Slide,2018,2018,2018
13042,KL/IDU/58F04/2019/508,Kerala,Idukki,Aaram mile,NH 49,10.04,77.11,Debris,Slide,2019,2019,2019
13043,KL/IDU/58F04/2019/509,Kerala,Idukki,Chikkanad kudi,NH 49,10.04,77.12,Debris,Slide,2019,2019,2019
13047,KL/IDU/58F04/2019/780,Kerala,Idukki,Parakudi,NH49,10.04,77.04,Debris,Flow,2018,2018,2018
13048,KL/IDU/58F04/2019/386,Kerala,Idukki,Aaram mile,Pallivasal,10.05,77.05,Debris,Flow,2018,2018,2018
13049,KL/IDU/58F04/2019/388,Kerala,Idukki,Aanakkulam,Pallivasal,10.05,77.05,Debris,Slide,2019,2019,2019
13050,KL/IDU/58F04/2019/389,Kerala,Idukki,Aanakkulam,Pallivasal,10.05,77.05,Debris,Slide,2018,2018,2018
13052,KL/IDU/58B16/2019/437,Kerala,Idukki,Chikkanad kudi,kallar-Anakkulam road,10.05,76.96,Debris,Slide,2019,2019,2019
13053,KL/IDU/58B16/2019/438,Kerala,Idukki,Parakudi,kallar-Anakkulam road,10.05,76.95,Debris,Slide,2018,2018,2018
13054,KL/IDU/58B16/2019/446,Kerala,Idukki,Chithirapuram,Machiplavu-Plamala road,10.05,76.94,Debris,Slide,2018,2018,2018
13055,KL/IDU/58B16/2019/475,Kerala,Idukki,Aanachal,Chillithodu-padikkappu road,10.05,76.87,Debris,Slide,2018,2018,2018
13064,KL/IDU/58B16/2019/440,Kerala,Idukki,Aaram mile,kallar-Anakkulam road,10.06,76.96,Debris,Slide,2018,2018,2018
13065,KL/IDU/58B16/2019/441,Kerala,Idukki,Seval kudi,kallar-Anakkulam road,10.06,76.96,Debris,Slide,2018,2018,2018
13066,KL/IDU/58B16/2019/447,Kerala,Idukki,Thalumkandam,Machiplavu-Plamala road,10.06,76.94,Debris,Slide,2018,2018,2018
13067,KL/IDU/58B16/2019/448,Kerala,Idukki,Thalumkandam,Machiplavu-Plamalakudi road,10.06,76.94,Rock,Slide,2018,2018,2018
13068,KL/IDU/58B16/2019/449,Kerala,Idukki,Mankulam,Valpara estate road,10.06,76.96,Debris,Slide,2018,2018,2018
13069,KL/IDU/58B16/2019/451,Kerala,Idukki,Perumbamkoottu,Valpara estate road,10.06,76.96,Debris,Slide,2019,2019,2019
13070,KL/IDU/58B16/2019/452,Kerala,Idukki,Seval kudi,Valpara estate road,10.06,76.96,Debris,Slide,2018,2018,2018
13071,KL/IDU/58B16/2019/474,Kerala,Idukki,Parakudi,Aram mile-Mamalakandam road,10.06,76.82,Debris,Slide,2019,2019,2019
13072,KL/IDU/58B16/2019/486,Kerala,Idukki,Mankulam,Saint Paul estate,10.06,77,Debris,Slide,2019,2019,2019
13073,KL/IDU/58F04/2019/488,Kerala,Idukki,Seval kudi,Viripara-Munnar road,10.06,77.01,Debris,Slide,2018,2018,2018
13074,KL/IDU/58F04/2019/489,Kerala,Idukki,Aaram mile,Viripara-Munnar road,10.06,77.01,Debris,Slide,2018,2018,2018
13075,KL/IDU/58F04/2019/490,Kerala,Idukki,Aaram mile,Viripara-Munnar road,10.06,77.01,Debris,Slide,2019,2019,2019
13076,KL/IDU/58F04/2019/491,Kerala,Idukki,Chikkanad kudi,Viripara-Munnar road,10.06,77.01,Debris,Slide,2019,2019,2019
13077,KL/IDU/58F04/2019/492,Kerala,Idukki,Parakudi,Viripara-Munnar road,10.06,77.02,Debris,Slide,2018,2018,2018
13078,KL/IDU/58F04/2019/493,Kerala,Idukki,Aanachal,Viripara-Munnar road,10.06,77.03,Debris,Slide,2019,2019,2019
13079,KL/IDU/58F04/2019/495,Kerala,Idukki,Seval kudi,Viripara-Munnar road,10.06,77.04,Debris,Flow,2019,2019,2019
13080,KL/IDU/58F04/2019/496,Kerala,Idukki,Aanakkulam,Viripara-Munnar road,10.06,77.04,Debris,Slide,2019,2019,2019
13081,KL/IDU/58F04/2019/497,Kerala,Idukki,Aanakkulam,Viripara-Munnar road,10.06,77.04,Debris,Slide,2019,2019,2019
13086,KL/IDU/58F04/2019/624,Kerala,Idukki,Aanakkulam,Devikulam-Old devikulam road,10.06,77.13,Debris,Slide,2018,2018,2018
13092,KL/IDU/58F04/2019/779,Kerala,Idukki,Chikkanad kudi,Bison valley road,10.06,77.07,Debris,Flow,2019,2019,2019
13093,KL/IDU/58F04/2019/357,Kerala,Idukki,Thalumkandam,Estate road,10.07,77.04,Debris,Slide,2019,2019,2019
13107,KL/IDU/58B16/2019/442,Kerala,Idukki,Aanakkulam,kallar-Anakkulam road,10.07,76.96,Debris,Slide,2018,2018,2018
13108,KL/IDU/58B16/2019/482,Kerala,Idukki,Chithirapuram,Viripara-Munnar road,10.07,76.99,Debris,Slide,2018,2018,2018
13109,KL/IDU/58B16/2019/484,Kerala,Idukki,Thalumkandam,Viripara-Munnar road,10.07,76.99,Debris,Slide,2019,2019,2019
13110,KL/IDU/58B16/2019/485,Kerala,Idukki,Mankulam,Viripara-Munnar road,10.07,76.99,Debris,Slide,2019,2019,2019
13111,KL/IDU/58F04/2019/487,Kerala,Idukki,Perumbamkoottu,Viripara-Munnar road,10.07,77.01,Debris,Slide,2019,2019,2019
13112,KL/IDU/58F04/2019/498,Kerala,Idukki,Aanakkulam,Viripara-Munnar road,10.07,77.04,Debris,Slide,2019,2019,2019
13114,KL/IDU/58F04/2019/500,Kerala,Idukki,Chithirapuram,Munnar-Tea estate,10.07,77.05,Debris,Slide,2019,2019,2019
13115,KL/IDU/58F04/2019/501,Kerala,Idukki,Thalumkandam,Munnar-Tea estate,10.07,77.05,Debris,Flow,2019,2019,2019
13133,KL/IDU/58F04/2019/778,Kerala,Idukki,Aaram mile,Bison valley road,10.07,77.07,Debris,Slide,2018,2018,2018
13145,KL/IDU/58B16/2019/443,Kerala,Idukki,Aanakkulam,kallar-Anakkulam road,10.08,76.96,Debris,Slide,2019,2019,2019
13146,KL/IDU/58B16/2019/478,Kerala,Idukki,Aanakkulam,Viripara-Munnar road,10.08,76.96,Debris,Slide,2018,2018,2018
13147,KL/IDU/58B16/2019/479,Kerala,Idukki,Aanakkulam,Viripara-Munnar road,10.08,76.96,Debris,Slide,2018,2018,2018
13148,KL/IDU/58B16/2019/480,Kerala,Idukki,Aanakkulam,Viripara-Munnar road,10.08,76.96,Debris,Slide,2018,2018,2018
13149,KL/IDU/58B16/2019/481,Kerala,Idukki,Near Pallivasal,Kallar reserved forest,10.08,76.97,Debris,Flow,2018,2018,2018
13163,KL/IDU/58F04/2019/647,Kerala,Idukki,Mankulam,Estate road,10.08,77.18,Debris,Slide,2019,2019,2019
13165,KL/IDU/58F04/2019/764,Kerala,Idukki,Aaram mile,Estate road,10.08,77.05,Earth,Subsidence,2018,2018,2018
13166,KL/IDU/58F04/2019/765,Kerala,Idukki,Seval kudi,Estate road,10.08,77.05,Debris,Flow,2019,2019,2019
13167,KL/IDU/58B16/2019/454,Kerala,Idukki,Aaram mile,Pambumkayam-Mankulam road,10.09,76.93,Debris,Slide,2018,2018,2018
13168,KL/IDU/58B16/2019/455,Kerala,Idukki,Chikkanad kudi,Pambumkayam-Mankulam road,10.09,76.93,Debris,Slide,2018,2018,2018
13169,KL/IDU/58F04/2019/512,Kerala,Idukki,Aaram mile,Munnar - Mattupetti road,10.09,77.06,Debris,Slide,2019,2019,2019
13171,KL/IDU/58F04/2019/514,Kerala,Idukki,Aanakkulam,Munnar - Mattupetti road,10.09,77.09,Debris,Slide,2018,2018,2018
13183,KL/IDU/58F04/2019/596,Kerala,Idukki,Seval kudi,Estate road,10.09,77,Debris,Slide,2019,2019,2019
13197,KL/IDU/58F04/2019/781,Kerala,Idukki,Aanachal,Nallathanni Tea estate,10.09,77.05,Debris,Slide,2019,2019,2019
13198,KL/EKM/58B16/2019/476,Kerala,Ernakulam,Aaram mile,Kollapara,10.1,76.8,Debris,Slide,2019,2019,2019
13199,KL/IDU/58B16/2019/503,Kerala,Idukki,Mankulam,Kallar-Mankulam road,10.1,76.93,Debris,Flow,2019,2019,2019
13200,KL/IDU/58B16/2019/504,Kerala,Idukki,Mankulam,Kallar-Mankulam road,10.1,76.93,Debris,Slide,2019,2019,2019
13204,KL/IDU/58F04/2019/582,Kerala,Idukki,Parakudi,Mattupatti-Mannamala road,10.1,77.16,Debris,Flow,2019,2019,2019
13205,KL/IDU/58F04/2019/583,Kerala,Idukki,Aanachal,Nettimlala,10.1,77.16,Debris,Slide,2019,2019,2019
13208,KL/IDU/58F04/2019/681,Kerala,Idukki,Thalumkandam,Estate road,10.1,77.07,Debris,Slide,2019,2019,2019
13213,KL/IDU/58B16/2019/339,Kerala,Idukki,Thalumkandam,Kallar-Mankulam road,10.11,76.93,Debris,Slide,2018,2018,2018
13214,KL/IDU/58B16/2019/340,Kerala,Idukki,Thalumkandam,Kallar-Mankulam road,10.11,76.93,Debris,Slide,2019,2019,2019
13215,KL/EKM/58B16/2019/477,Kerala,Ernakulam,Seval kudi,Mayambimudi,10.11,76.8,Debris,Slide,2018,2018,2018
13216,KL/EKM/58B12/2019/543,Kerala,Ernakulam,Aaram mile,Neriyamangalam-Thattekkad road,10.11,76.7,Debris,Slide,2019,2019,2019
13227,KL/IDU/58F04/2019/578,Kerala,Idukki,Seval kudi,Mattupatti-Mannamala road,10.11,77.14,Debris,Slide,2019,2019,2019
13238,KL/IDU/58F04/2019/635,Kerala,Idukki,Chikkanad kudi,Estate road,10.11,77.04,Debris,Slide,2019,2019,2019
13245,KL/IDU/58B16/2019/341,Kerala,Idukki,Mankulam,Mankulam-Anakkulam road,10.12,76.93,Debris,Slide,2019,2019,2019
13246,KL/IDU/58B16/2019/457,Kerala,Idukki,Aanachal,Pambumkayam-Mankulam road,10.12,76.93,Debris,Slide,2019,2019,2019
13247,KL/IDU/58F04/2019/568,Kerala,Idukki,Aanakkulam,Estate road,10.12,77.16,Debris,Slide,2018,2018,2018
13248,KL/IDU/58F04/2019/569,Kerala,Idukki,Aanakkulam,Estate road,10.12,77.16,Debris,Slide,2018,2018,2018
13252,KL/IDU/58F04/2019/573,Kerala,Idukki,Thalumkandam,Estate road,10.12,77.17,Debris,Flow,2019,2019,2019
13253,KL/IDU/58F04/2019/574,Kerala,Idukki,Thalumkandam,Estate road,10.12,77.16,Debris,Slide,2018,2018,2018
13256,KL/IDU/58F04/2019/671,Kerala,Idukki,Chikkanad kudi,Mattupatti-kundala road,10.12,77.16,Debris,Slide,2019,2019,2019
13258,KL/IDU/58F04/2019/752,Kerala,Idukki,Chithirapuram,Estate road,10.12,77.13,Debris,Slide,2019,2019,2019
13259,KL/IDU/58B16/2019/342,Kerala,Idukki,Mankulam,Mankulam-Anakkulam road,10.13,76.93,Debris,Slide,2019,2019,2019
13260,KL/IDU/58B16/2019/346,Kerala,Idukki,Aaram mile,Perumbankoottu-Aaram mile kudi road,10.13,76.94,Debris,Slide,2019,2019,2019
13261,KL/IDU/58B16/2019/347,Kerala,Idukki,Chikkanad kudi,Perumbankoottu-Aaram mile kudi road,10.13,76.95,Debris,Slide,2019,2019,2019
13263,KL/IDU/58B16/2019/350,Kerala,Idukki,Aaram mile,Perumbankoottu-Aaram mile kudi road,10.13,76.94,Debris,Slide,2019,2019,2019
13264,KL/IDU/58B16/2019/456,Kerala,Idukki,Parakudi,Pambumkayam-Mankulam road,10.13,76.92,Debris,Slide,2018,2018,2018
13265,KL/IDU/58F04/2019/649,Kerala,Idukki,Perumbamkoottu,Estate road,10.13,77.05,Debris,Slide,2019,2019,2019
13267,KL/IDU/58F04/2019/651,Kerala,Idukki,Aaram mile,Estate road,10.13,77.04,Debris,Slide,2019,2019,2019
13277,KL/IDU/58F04/2019/672,Kerala,Idukki,Parakudi,Mattupatti-kundala road,10.13,77.17,Debris,Slide,2019,2019,2019
13278,KL/IDU/58F04/2019/673,Kerala,Idukki,Aanachal,Mattupatti,10.13,77.15,Debris,Slide,2019,2019,2019
13279,KL/IDU/58F04/2019/674,Kerala,Idukki,Aaram mile,Mattupatti-kundala road,10.13,77.17,Debris,Slide,2019,2019,2019
13280,KL/IDU/58F04/2019/679,Kerala,Idukki,Near Pallivasal,Estate road,10.13,77.24,Debris,Slide,2019,2019,2019
13284,KL/IDU/58F04/2019/741,Kerala,Idukki,Aaram mile,Estate road,10.13,77.1,Debris,Slide,2018,2018,2018
13285,KL/IDU/58B16/2019/343,Kerala,Idukki,Perumbamkoottu,Mankulam-Anakkulam road,10.14,76.92,Debris,Slide,2019,2019,2019
13286,KL/IDU/58B16/2019/344,Kerala,Idukki,Seval kudi,Seval kudi,10.14,76.94,Debris,Slide,2019,2019,2019
13287,KL/IDU/58B16/2019/345,Kerala,Idukki,Aaram mile,Perumbankoottu-Aaram mile kudi road,10.14,76.94,Rock,Slide,2019,2019,2019
13289,KL/IDU/58B16/2019/355,Kerala,Idukki,Near Pallivasal,Anakkulam-Perumbankoottu road,10.14,76.91,Debris,Slide,2019,2019,2019
13290,KL/IDU/58B16/2019/356,Kerala,Idukki,Chithirapuram,Anakkulam-Perumbankoottu road,10.14,76.92,Debris,Slide,2019,2019,2019
13292,KL/IDU/58F04/2019/653,Kerala,Idukki,Chikkanad kudi,Estate road,10.14,77.04,Debris,Slide,2018,2018,2018
13295,KL/IDU/58F04/2019/675,Kerala,Idukki,Seval kudi,Mattupatti-kundala road,10.14,77.18,Debris,Slide,2019,2019,2019
13296,KL/IDU/58F04/2019/676,Kerala,Idukki,Aanakkulam,Mattupatti-kundala road,10.14,77.18,Debris,Slide,2019,2019,2019
13297,KL/IDU/58F04/2019/677,Kerala,Idukki,Aanakkulam,Mattupatti-kundala road,10.14,77.19,Debris,Slide,2019,2019,2019
13298,KL/IDU/58F04/2019/678,Kerala,Idukki,Aanakkulam,Mattupatti-kundala road,10.14,77.19,Debris,Slide,2019,2019,2019
13303,KL/IDU/58F04/2019/735,Kerala,Idukki,Thalumkandam,Estate road,10.14,77.07,Debris,Slide,2019,2019,2019
13304,KL/IDU/58F04/2019/736,Kerala,Idukki,Thalumkandam,Estate road,10.14,77.07,Debris,Slide,2018,2018,2018
13308,KL/IDU/58F04/2019/766,Kerala,Idukki,Aanakkulam,Estate road,10.14,77.1,Earth,Subsidence,2019,2019,2019
13309,KL/IDU/58B16/2019/774,Kerala,Idukki,Mankulam,Estate road,10.14,76.96,Earth,Slump,2018,2018,2018
13312,KL/IDU/58F04/2019/660,Kerala,Idukki,Aanakkulam,Naikolli mala,10.15,77.06,Debris,Slide,2019,2019,2019
13313,KL/IDU/58F04/2019/691,Kerala,Idukki,Aanachal,Muunnar-Marayur highway,10.15,77.07,Debris,Slide,2019,2019,2019
13314,KL/IDU/58F04/2019/692,Kerala,Idukki,Aaram mile,Muunnar-Marayur highway,10.15,77.08,Debris,Slide,2019,2019,2019
13325,KL/IDU/58F04/2019/737,Kerala,Idukki,Mankulam,Estate road,10.15,77.08,Debris,Slide,2018,2018,2018
13326,KL/IDU/58F04/2019/738,Kerala,Idukki,Mankulam,Estate road,10.15,77.06,Debris,Slide,2018,2018,2018
13332,KL/IDU/58F04/2019/767,Kerala,Idukki,Aanakkulam,Estate road,10.15,77.11,Debris,Slide,2019,2019,2019
13335,KL/IDU/58B16/2019/352,Kerala,Idukki,Aanakkulam,Mankulam-Anakkulam road,10.16,76.91,Debris,Slide,2019,2019,2019
13339,KL/IDU/58F04/2019/768,Kerala,Idukki,Aanakkulam,Estate road,10.16,77.11,Debris,Slide,2019,2019,2019
13341,KL/IDU/58F04/2019/770,Kerala,Idukki,Chithirapuram,Estate road,10.16,77.1,Debris,Slide,2019,2019,2019
13344,KL/EKM/58B16/2019/609,Kerala,Ernakulam,Thalumkandam,Kuttampuzha-Puyamkutty road,10.17,76.75,Debris,Slide,2018,2018,2018
13358,KL/IDU/58F04/2019/763,Kerala,Idukki,Aanachal,Estate road,10.18,77.12,Earth,Subsidence,2018,2018,2018
13363,KL/IDU/58B16/2019/748,Kerala,Ernakulam,Aanakkulam,Aandavankudi,10.19,76.97,Debris,Slide,2019,2019,2019
13367,KL/IDU/58F04/2019/712,Kerala,Idukki,Aanakkulam,Vattavada-Thattampara road,10.2,77.25,Debris,Slide,2019,2019,2019
13376,KL/IDU/58F04/2019/586,Kerala,Idukki,Aanakkulam,Kanthallur road,10.23,77.2,Debris,Slide,2019,2019,2019
13380,KL/IDU/58F04/2019/585,Kerala,Idukki,Seval kudi,Chundakkattumala,10.25,77.21,Debris,Slide,2019,2019,2019
13406,KRL/PAL/58B09/2016/68,Kerala,Palakkad,Inchikunnu,Inchikunnu,10.975989,76.572928,Debris,Slide,2014,2014,2014
13450,KRL/PAL/58A12/2016/08,Kerala,Palakkad,West of Sholayur,West of Sholayur,11.054544,76.686006,Earth,Slide,2015,2015,2015
13453,KRL/PAL/58A12/2016/80,Kerala,Palakkad,Agali-Chittor-1,Agali-Chittor,11.066278,76.652389,Debris,Flow,2015,2015,2015
13455,KRL/PAL/58A12/2016/81,Kerala,Palakkad,Agali-Chittor-2,Agali-Chittor,11.067167,76.653944,Debris,Slide,2015,2015,2015
13456,KRL/PAL/58A12/2016/82,Kerala,Palakkad,Agali-Chittor-3,Agali-Chittor,11.067333,76.654139,Debris,Slide,2015,2015,2015
13458,KRL/PAL/58A12/2016/83,Kerala,Palakkad,Agali-Chittor-5,Agali-Chittor,11.069694,76.653333,Debris,Flow,2015,2015,2015
13459,KRL/PAL/58A12/2016/84,Kerala,Palakkad,Agali-Chittor-6,Agali-Chittor,11.069944,76.653567,Debris,Flow,2015,2015,2015
13460,KRL/PAL/58A12/2016/94,Kerala,Palakkad,Nellipathi-Palliyara-1,Nellipathi-Palliyara,11.070167,76.641556,Debris,Flow,2015,2015,2015
13461,KRL/PAL/58A12/2016/85,Kerala,Palakkad,Agali-Chittor-7,Agali-Chittor,11.070222,76.653306,Debris,Flow,2015,2015,2015
13462,KRL/PAL/58A12/2016/95,Kerala,Palakkad,Nellipathi-Palliyara-2,Nellipathi-Palliyara,11.07025,76.642528,Debris,Slide,2015,2015,2015
13463,KRL/PAL/58A12/2016/96,Kerala,Palakkad,Nellipathi-Palliyara-3,Nellipathi-Palliyara,11.070667,76.641389,Debris,Slide,2015,2015,2015
13464,KRL/PAL/58A12/2016/97,Kerala,Palakkad,Nellipathi-Palliyara-4,Nellipathi-Palliyara,11.070917,76.641583,Debris,Slide,2015,2015,2015
13465,KRL/PAL/58A12/2016/91,Kerala,Palakkad,Goolikadavu-Pettikallu sholayur road- 1,Goolikadavu-Pettikallu sholayur road,11.071614,76.658361,Debris,Slide,2015,2015,2015
13466,KRL/PAL/58A12/2016/86,Kerala,Palakkad,Agali-Chittor-9,Agali-Chittor,11.071944,76.655056,Debris,Slide,2015,2015,2015
13467,KRL/PAL/58A12/2016/98,Kerala,Palakkad,Nellipathi-Palliyara-5,Nellipathi-Palliyara,11.072083,76.640861,Debris,Slide,2015,2015,2015
13472,KRL/PAL/58B09/2016/105,Kerala,Palakkad,Nellipathi-Palliyara-13,Nellipathi-Palliyara,11.0755,76.640972,Debris,Slide,2015,2015,2015
13473,KRL/PAL/58B09/2016/102,Kerala,Palakkad,Nellipathi-Palliyara-10,Nellipathi-Palliyara,11.075972,76.641972,Debris,Slide,2015,2015,2015
13474,KRL/PAL/58A12/2016/99,Kerala,Palakkad,Nellipathi-Palliyara-6,Nellipathi-Palliyara,11.076028,76.643944,Debris,Slide,2015,2015,2015
13475,KRL/PAL/58B09/2016/103,Kerala,Palakkad,Nellipathi-Palliyara-11,Nellipathi-Palliyara,11.076167,76.641472,Debris,Slide,2015,2015,2015
13476,KRL/PAL/58A12/2016/101,Kerala,Palakkad,Nellipathi-Palliyara-9,Nellipathi-Palliyara,11.076194,76.642111,Debris,Slide,2015,2015,2015
13477,KRL/PAL/58A12/2016/100,Kerala,Palakkad,Nellipathi-Palliyara-8,Nellipathi-Palliyara,11.076278,76.642083,Debris,Flow,2015,2015,2015
13478,KRL/PAL/58B09/2016/104,Kerala,Palakkad,Nellipathi-Palliyara-12,Nellipathi-Palliyara,11.076611,76.641167,Debris,Slide,2015,2015,2015
13479,KRL/PAL/58B09/2016/107,Kerala,Palakkad,Nellipathi-Palliyara-15,Nellipathi-Palliyara,11.077222,76.639056,Debris,Flow,2015,2015,2015
13480,KRL/PAL/58A12/2016/87,Kerala,Palakkad,Agali-Chittor-14,Agali-Chittor,11.077361,76.659667,Debris,Flow,2015,2015,2015
13481,KRL/PAL/58A08/2016/106,Kerala,Palakkad,Nellipathi-Palliyara-14,Nellipathi-Palliyara,11.077833,76.639,Debris,Slide,2015,2015,2015
13482,KRL/PAL/58B09/2016/108,Kerala,Palakkad,Nellipathi-Palliyara-16,Nellipathi-Palliyara,11.077833,76.640694,Debris,Slide,2015,2015,2015
13483,KRL/PAL/58A12/2016/109,Kerala,Palakkad,Nellipathi-Palliyara-17,Nellipathi-Palliyara,11.078111,76.644222,Debris,Slide,2015,2015,2015
13484,KRL/PAL/58B09/2016/110,Kerala,Palakkad,Nellipathi-Palliyara-18,Nellipathi-Palliyara,11.078111,76.641556,Debris,Flow,2015,2015,2015
13486,KRL/PAL/58B09/2016/111,Kerala,Palakkad,Nellipathi-Palliyara-19,Nellipathi-Palliyara,11.078167,76.641944,Debris,Slide,2015,2015,2015
13487,KRL/PAL/58A12/2016/88,Kerala,Palakkad,Agali-Chittor-15,Agali-Chittor,11.078278,76.661444,Debris,Slide,2015,2015,2015
13488,KRL/PAL/58B09/2016/112,Kerala,Palakkad,Nellipathi-Palliyara-20,Nellipathi-Palliyara,11.079833,76.642833,Debris,Slide,2015,2015,2015
13489,KRL/PAL/58A12/2016/89,Kerala,Palakkad,Agali-Chittor-16,Agali-Chittor,11.081056,76.662917,Debris,Slide,2015,2015,2015
13490,KRL/PAL/58B09/2016/113,Kerala,Palakkad,Nellipathi-Palliyara-21,Nellipathi-Palliyara,11.081139,76.644806,Debris,Slide,2015,2015,2015
13492,KRL/PAL/58A12/2016/90,Kerala,Palakkad,Agali-Chittor-17,Agali-Chittor,11.082806,76.663083,Debris,Slide,2015,2015,2015
13493,KRL/PAL/58B09/2016/114,Kerala,Palakkad,Nellipathi-Palliyara-23,Nellipathi-Palliyara,11.084028,76.647694,Debris,Flow,2015,2015,2015
13499,KRL/PAL/58A12/2016/27,Kerala,Palakkad,Kadukkumanna,Kadukkumanna,11.134228,76.527867,Earth,Slide,2016,2016,2016
13509,KRL/PAL/58A12/2016/22,Kerala,Palakkad,Edavani,Edavani,11.170097,76.568175,Rock cum Debris,Slide,2015,2015,2015
13510,KRL/PAL/58A12/2016/19,Kerala,Palakkad,Mulakombu,Mulakombu,11.184089,76.644386,Rock cum Debris,Slide,2016,2016,2016
13518,KRL/MAL/54A03/2015/53,Kerala,Malappuram,,Vettilappara Road,11.272246,76.095465,Debris,Slide,2015,2015,2015
13538,KRL/MAL/54A03/2015/46,Kerala,Malappuram,,Nilambur Road,11.322642,76.129572,Earth,Slide,2015,2015,2015
13545,KRL/MAL/54A03/2015/45,Kerala,Malappuram,Edivanna,Nilambur Road,11.337264,76.135661,Debris,Slide,2015,2015,2015
13548,KRL/MAL/54A03/2015/49,Kerala,Malappuram,,Nilambur Road,11.338433,76.145994,Earth,Slide,2015,2015,2015
13554,KL/MAL/58A03/2018/17,Kerala,Malappuram,Kandilapara,Kurumbalangode,11.347728,76.095533,Debris,Flow,16 August 2018,2018,2018
13556,KRL/KOZ/54A03/2015/6,Kerala,Kozhikode,Manjakadavu,Koodarenji-Poovaranthodu Road,11.358233,76.075022,Debris,Slide,2014,2014,2014
13557,KRL/KOZ/54A03/2015/8,Kerala,Kozhikode,Kuliramutti,Kuliramutti-Thampurankoli Road,11.359794,76.060058,Debris,Slide,2015,2015,2015
13558,KRL/KOZ/54A03/2015/1,Kerala,Kozhikode,Manjakadavu,Koodarenji-Poovaranthodu Road,11.361711,76.070767,Debris,Slide,2015,2015,2015
13559,KRL/KOZ/54A03/2015/7,Kerala,Kozhikode,Manjakadavu,Koodarenji-Poovaranthodu Road,11.361944,76.078469,Debris,Slide,2015,2015,2015
13565,KRL/KOZ/54A03/2015/14,Kerala,Kozhikode,,Thiruvambady-Kodencheri Road,11.376125,76.036006,Debris,Slide,2015,2015,2015
13567,KRL/KOZ/54A03/2015/9,Kerala,Kozhikode,Ottaplavu,Kuliramutti-Thampurankoli Road,11.384442,76.067714,Debris,Slide,2015,2015,2015
13576,KRL/KOZ/54A03/2015/13,Kerala,Kozhikode,Thampurankoli,Kuliramutti-Thampurankoli Road,11.396989,76.082361,Rock cum Debris,Slide,2014,2014,2014
13577,KRL/KOZ/54A03/2015/12,Kerala,Kozhikode,Thampurankoli,Kuliramutti-Thampurankoli Road,11.397517,76.081975,Debris,Slide,2015,2015,2015
13580,KRL/KOZ/54A03/2015/31,Kerala,Kozhikode,Kanjirampara,Nellipoil-Thusharagiri Road,11.401672,76.017956,Debris,Slide,2015,2015,2015
13581,KRL/KOZ/54A03/2015/28,Kerala,Kozhikode,Thottinkuzhi,Thottumuzhi Road,11.404606,76.025594,Earth,Slide,2015,2015,2015
13587,KRL/KOZ/54A03/2015/27,Kerala,Kozhikode,Pullurampara,Nellipoil-Pullurampara Road,11.414406,76.035175,Earth,Slide,2015,2015,2015
13594,KRL/KOZ/54A03/2015/30,Kerala,Kozhikode,Murambathi,Thiruvambady-Kodencheri Road,11.416489,76.016078,Debris,Slide,2015,2015,2015
13601,KRL/MAL/54A03/2015/42,Kerala,Malappuram,Irulkadu,Munderi Road,11.419903,76.23705,Rock cum Debris,Slide,2015,2015,2015
13617,KRL/KOZ/54A03/2015/17,Kerala,Kozhikode,Anackampoil,Nellipoil-Anackampoil Road,11.437447,76.067175,Rock cum Debris,Slide,2015,2015,2015
13619,KRL/KOZ/54A03/2015/16,Kerala,Kozhikode,Anackampoil,Nellipoil-Anackampoil Road,11.438214,76.064961,Rock cum Debris,Slide,2015,2015,2015
13620,KRL/KOZ/54A03/2015/32,Kerala,Kozhikode,Nellipoil,Nellipoil-Thusharagiri Road,11.439406,76.038903,Earth,Slide,2015,2015,2015
13621,KRL/KOZ/54A03/2015/36,Kerala,Kozhikode,Kandapanchal,Nellipoil-Pullurampara Road,11.442981,76.056111,Debris,Slide,2015,2015,2015
13623,KRL/KOZ/54A03/2015/37,Kerala,Kozhikode,Kandapanchal,Nellipoil-Pullurampara Road,11.444172,76.074897,Rock cum Debris,Slide,2015,2015,2015
13624,KRL/KOZ/54A03/2015/35,Kerala,Kozhikode,Kooruttupara,Nellipoil-Pullurampara Road,11.444314,76.056078,Rock cum Debris,Slide,2015,2015,2015
13625,KRL/KOZ/54A03/2015/22,Kerala,Kozhikode,Murippuzha,NULL,11.449386,76.101167,Rock,Fall,2015,2015,2015
13626,KRL/KOZ/54A03/2015/39,Kerala,Kozhikode,Chempukadavu,SH68,11.455592,76.034178,Rock cum Debris,Slide,2015,2015,2015
13628,KRL/KOZ/54A03/2015/23,Kerala,Kozhikode,Murippuzha,NULL,11.457566,76.097791,Debris,Slide,2015,2015,2015
13629,KRL/KOZ/54A03/2015/33,Kerala,Kozhikode,Puliyilakkattupadi,Nellipoil-Thusharagiri Road,11.458361,76.063011,Debris,Slide,2015,2015,2015
13631,KRL/KOZ/54A03/2015/40,Kerala,Kozhikode,Thusharagiri,Chembukadavu-Adivaram Road,11.469539,76.049333,Earth,Slide,2015,2015,2015
13650,KRL/KOZ/54M14/2015/180,Kerala,Kozhikode,Kanappankundu,NULL,11.5075,75.990833,Rock cum Debris,Slide,2014,2014,2014
13651,KRL/KOZ/54M14/2015/139,Kerala,Kozhikode,Manicherimala,Koorachundu-Kakkayam Road,11.507778,75.878333,Rock cum Debris,Slide,2014,2014,2014
13663,KRL/KOZ/54M14/2015/185,Kerala,Kozhikode,Mayilampara forest,NULL,11.518056,75.983056,Debris,Flow,2013,2013,2013
13682,KRL/KOZ/54M14/2015/127,Kerala,Kozhikode,Vattachira ponodumala,Koorachundu-Kakkayam Road,11.529722,75.876111,Rock cum Debris,Slide,2014,2014,2014
13692,KRL/KOZ/54M14/2015/172,Kerala,Kozhikode,Kuttali rubber plantation,Kakkayam Road,11.539167,75.905278,Rock cum Debris,Slide,2014,2014,2014
13711,KRL/KOZ/54M14/2015/191,Kerala,Kozhikode,Kakkayam hairpin,Kakkayam Road,11.548056,75.926944,Rock cum Debris,Slide,2014,2014,2014
13720,KRL/WAY/58A02/2015/69,Kerala,Wayanad,Near road Jn towards Erumakolli School,Chembra Peak Road,11.552339,76.101264,Debris,Slide,2015,2015,2015
13722,KRL/WAY/58A02/2015/65,Kerala,Wayanad,Chembera,Chembra Peak Road,11.553164,76.085942,Debris,Slide,2015,2015,2015
13728,KRL/WAY/58A02/2015/64,Kerala,Wayanad,Near Chembera Watch tower,Chembra Peak Road,11.5548,76.083589,Debris,Slide,2015,2015,2015
13732,KRL/WAY/58A02/2015/53,Kerala,Wayanad,Kadamad,NULL,11.556978,76.198161,Earth,Slide,2015,2015,2015
13758,KRL/KOZ/54M14/2015/94,Kerala,Kozhikode,Alampara,SH54,11.633333,75.856667,Rock cum Debris,Flow,2013,2013,2013
13761,KRL/KOZ/54M14/2015/98,Kerala,Kozhikode,Rubber Estate,SH54,11.638056,75.850833,Rock cum Debris,Flow,2013,2013,2013
13769,KRL/KOZ/54M14/2015/134,Kerala,Kozhikode,Poozhithode KSEB,SH54,11.648056,75.857222,Debris,Flow,2013,2013,2013
13799,KRL/KOZ/54M14/2015/179,Kerala,Kozhikode,Nagampara,Kayalvattam Road,11.6925,75.806389,Rock cum Debris,Slide,2014,2014,2014
13800,KRL/KOZ/54M14/2015/208,Kerala,Kozhikode,Chattankottunada,Kayalvattam Road,11.6925,75.806389,Debris,Slide,2014,2014,2014
13813,KRL/KOZ/54M14/2015/113,Kerala,Kozhikode,Iruttuvalavu,SH54,11.7175,75.815278,Rock cum Debris,Flow,2014,2014,2014
13822,KRL/KOZ/54M14/2015/112,Kerala,Kozhikode,Pakramthalam 5th hairpin,SH54,11.726389,75.812222,Debris,Slide,2014,2014,2014
13825,KRL/KOZ/54M14/2015/143,Kerala,Kozhikode,Chappamala,SH54,11.732778,75.8025,Debris,Flow,2013,2013,2013
13830,KRL/KAN/48P12/2016/102,Kerala,Wayanad,Adayil,,11.786389,75.902964,Debris,Slide,2015,2015,2015
13844,KRL/KAN/48P12/2016/97,Kerala,Wayanad,Kannothmala,,11.826019,75.927853,Debris,Slide,2013,2013,2013
13859,KRL/KAN/48P12/2016/31,Kerala,Kannur,Near 28th Mile,,11.853167,75.785297,Debris,Slide,2014,2014,2014
13871,KRL/KAN/48P12/2016/62,Kerala,Kannur,Malayampadi,,11.867225,75.793769,Debris,Slide,2014,2014,2014
13874,KRL/KAN/48P12/2016/70,Kerala,Kannur,Pottenthodu,,11.869542,75.826903,Debris,Flow,2014,2014,2014
13875,KRL/KAN/48P12/2016/115,Kerala,Kannur,Nedumpuramchal,Nedumpuramchal-Kanjirapuzha,11.869667,75.757442,Debris,Slide,2015,2015,2015
13890,KRL/KAN/48P12/2016/77,Kerala,Kannur,Ottapilavu-Palukachi Rd,Ottapilavu-Palukachi Rd,11.903256,75.846667,Debris,Flow,2014,2014,2014
13896,KRL/KAN/48P12/2016/88,Kerala,Kannur,Ventekkumchal-Santigiri Rd,Ventekkumchal-Santigiri Rd,11.915508,75.836161,Debris,Slide,2014,2014,2014
13900,KRL/KAN/48P12/2016/28,Kerala,Kannur,Rajgiri,,12.009819,75.794356,Debris,Flow,2016,2016,2016
13914,KRL/KAN/48P12/2016/25,Kerala,Kannur,Udeshikunnu,,12.091031,75.705178,Debris,Flow,2016,2016,2016
13917,KRL/KAN/48P12/2016/27,Kerala,Kannur,Nyanmala Kariyamtichal,,12.103969,75.513517,Debris,Subsidence,2015,2015,2015
13932,KRL/KAN/48P12/2016/22,Kerala,Kannur,Vanchiyam - Paithalmala Road,Vanchiyam - Paithalmala Road,12.149322,75.588769,Debris,Slide,2014,2014,2014
13935,KRL/KAN/48P12/2016/43,Kerala,Kannur,Chaithankadu,Chaithankadu road,12.159978,75.534558,Debris,Slide,2016,2016,2016
13936,KRL/KAN/48P12/2016/46,Kerala,Kannur,Munnurkochi-2,Munnurkochi -Chakuthankad Road,12.161547,75.537061,Debris,Flow,2016,2016,2016
13938,KRL/KAN/48P12/2016/40,Kerala,Kannur,Purathotti-1,Pottenplavu-Paidalmala Road,12.162886,75.568642,Debris,Slide,2016,2016,2016
13940,KRL/KAN/48P12/2016/44,Kerala,Kannur,Munnurkochi,Munnurkochi -Chakuthankad Road,12.167,75.535394,Debris,Flow,2016,2016,2016
13941,KRL/KAN/48P12/2016/47,Kerala,Kannur,Karamaramthattu,Nulittumala-Karamaramthattu Road,12.179236,75.518828,Debris,Flow,2016,2016,2016
13942,KRL/KAN/48P12/2016/48,Kerala,Kannur,Karamaramthattu-1,Nulittumala-Karamaramthattu Road,12.179297,75.516725,Debris,Flow,2016,2016,2016
13944,KRL/KAN/48P12/2016/54,Kerala,Kannur,Vaithalkundu,,12.180756,75.529314,Debris,Flow,2016,2016,2016
13945,KRL/KAN/48P12/2016/49,Kerala,Kannur,Karamaramthattu-2,Nulittumala-Karamaramthattu Road,12.182444,75.513872,Debris,Flow,2016,2016,2016
13947,KRL/KAN/48P12/2016/52,Kerala,Kannur,Furlongara-1,Alakode-Morani-Kappimala Road,12.186692,75.521139,Debris,Flow,2016,2016,2016
13948,KRL/KAN/48P12/2016/51,Kerala,Kannur,Furlongara,Alakode-Morani-Kappimala Road,12.188964,75.516767,Debris,Flow,2016,2016,2016
13950,KRL/KAN/48P12/2016/56,Kerala,Kannur,Kappimala-Manjapullu Rd,Kappimala-Manjapullu Rd,12.197344,75.519333,Debris,Slide,2014,2014,2014
13953,KRL/KAN/48P12/2016/59,Kerala,Kannur,,,12.242692,75.503419,Debris,Flow,2014,2014,2014
13954,3216,Kerala,Palakkad,NULL,Alathur,10.625965,76.539455,Debris,Slide,"15 August 2018, 29 August 2024 (09:58 am)",2018; 2024,2018
13957,3288,Kerala,Palakkad,NULL,Alathur,10.62691667,76.53938889,Debris,Slide,30 July 2024 (08:30 am),2024,2024
13959,KER/IDK/58F04/2018/01,Kerala,Idukki,KallarVattiyar,NH – 49 (Kochi – Dhanushkodi Road),10.0372,77.0068,Rock-cum- debris,Flow,"09 June, 2018",2018,2018
13960,KER/IDK/58F04/2018/02,Kerala,Idukki,Anachal,"2nd Mile Bus stop road (via Anachal), a bifurcation road in NH-49.",10.0254,77.0407,Debris,Slide,"11 June, 2018 (1400hrs)",2018,2018
13961,KER/IDK/58F04/2018/03,Kerala,Idukki,Eetticity,Anachal-Pothupara road,10.0176,77.0472,Debris,Slide,"09 June, 2018",2018,2018
13962,KER/IDK/58G01/2018/04,Kerala,Idukki,Kallimali,Unmetalled road to Ponmudi Reservoir connecting the Adimali-Rajakad road.,9.9509,77.0795,Debris,Flow,"09 June, 2018",2018,2018
13963,KER/IDK/58G01/2018/05,Kerala,Idukki (Devikulam Taluk),Kallarkutty,Kallarkutty Dam Road,9.974,76.9968,Debris,Slide,"09 June, 2018",2018,2018
13964,KER/IDK/58C03/2018/06,Kerala,Idukki,Kallarkutty II,Kallarkutty approach road,9.9737,76.9992,Soil,Subsidence,"09 June, 2018, 02.00hrs",2018,2018
13965,KER/IDK/58B16/2018/07,Kerala,Idukki,Cheruthoni,Thodupuzha-Puliyanmala road,9.8538,76.9681,Soil,Slide,"Date of initiation:09th June, 2018",2018,2018
13966,KER/IDK/58B16/2018/08,Kerala,Idukki,Valara,Valara-Vadakkechal road (By road to NH 49),10.0455,76.8472,Rock,Fall,"Date of initiation:03rd May, 2018, Date of reactivation:09th June, 2018",2018,2018
13967,KER/IDK/58F04/2018/09,Kerala,Idukki,Anaviratty,NH – 49 (Kochi – Dhanushkodi Road),10.0172,76.9891,Soil,Slide,"Date of initiation:09th June, 2018",2018,2018
13968,KER/IDK/58F04/2018/10,Kerala,Idukki,Ambazhachal,Thottapura-Selliampara Road,10.0191,77.0162,Soil,Slide,"Date of initiation:09th June, 2018",2018,2018
13969,KER/KKD/49M15/2018/01,Kerala,Kozhikode,Karinchola mala slide,Punur – Kattipara road,11.4708,75.9213,Debris,Flow,14th June 2018 (05:00 hrs),2018,2018
13970,KER/KKD/49M15/2018/02,Kerala,Kozhikode,Vettiozhinja Thottam Landslide,Vettiozhinjathottam - Karinchola road,11.4633,75.9248,Debris,Slide,14th June 2018 (03:15 hrs),2018,2018
13971,KER/KKD/49M15/2018/03,Kerala,Kozhikode,Kalvari Landslide,Kattipara - Chamal road,11.4747,75.9306,Debris,Flow,14th June 2018 (04:30 hrs),2018,2018
13972,KER/KKD/58A3/2018/04,Kerala,Kozhikode,Kakkadampoyil Landslide,Kakkadampoyil - Nilambur road,11.3191,76.1109,Debris,Slide,14th June 2018,2018,2018
13973,KER/KKD/58A3/2018/05,Kerala,Kozhikode,Kooderanji Landslide,Kooderanji - Kakkadampoyil road,11.3221,76.0883,Debris,Flow,14th June 2018,2018,2018
13974,KER/KKD/58A3/2018/06,Kerala,Kozhikode,Muthappanpuzha Landslide,Anakkampoyil – Karimbu - Poomarathumkolli road,11.4302,76.0854,Debris cum rock,Flow,13th June 2018 (17:00 hrs),2018,2018
13975,KER/KKD/58A3/2018/07,Kerala,Kozhikode,Karimbu Landslide,Anakkampoyil –Poomarathumkolli road,11.4335,76.0802,Debris,Flow,14th June 2018 (17:30 hrs),2018,2018
13976,KER/KKD/58A3/2018/08,Kerala,Kozhikode,Melemuthappanpuzha - 1 Landslide,Melemuthappanpuzha road,11.4404,76.0889,Debris,Slide,12th June 2018 (17:30 hrs),2018,2018
13977,KER/KKD/58A3/2018/09,Kerala,Kozhikode,Melemuthappanpuzha - 2 Landslide,Melemuthappanpuzha road,11.439,76.0881,Soil,Slide,12th June 2018 (18:00 hrs),2018,2018
13978,KER/KKD/58A3/2018/10,Kerala,Kozhikode,Maripuzha -1 Landslide,Maripuzha road,11.4475,76.0959,Debris,Slide,12th June 2018,2018,2018
13979,KER/KKD/58A3/2018/11,Kerala,Kozhikode,Maripuzha -2 Landslide,Anakkampoyil – Kalladi - Meppadi road,11.4492,76.1014,Debris,Slide,12th June 2018,2018,2018
13980,KER/KKD/49M15/2018/12,Kerala,Kozhikode,Kurumpoyil Landslide,Kurumpoyil - Vayalada road,11.4978,75.8647,Debris,Flow,14th June 2018,2018,2018
13981,KER/KKD/49M14/2018/13,Kerala,Kozhikode,Thalayad Landslide,Thalayad - Vayalada road,11.5076,75.8817,Debris,Slide,14th June 2018,2018,2018
13982,KER/KKD/49M15/2018/14,Kerala,Kozhikode,Poovanmala Landslide,Kattipara – Chamal - Thamarassery road,11.4653,75.9337,Debris,Flow,14th June 2018 (03:00 hrs),2018,2018
13983,KER/KKD/49M15/2018/15,Kerala,Kozhikode,Theyyapara Landslide,Kodencheri – Theyyapara road,11.4337,75.9931,Debris,Slide,14th June 2018 (03:00 hrs),2018,2018
13984,KER/KKD/58A3/2018/16,Kerala,Kozhikode,Kandapanchal - 1 Landslide,Nellipoyil – Kandapanchal road,11.4441,76.0709,Debris,Slide,13th June 2018 (17:30 hrs),2018,2018
13985,KER/KKD/58A3/2018/17,Kerala,Kozhikode,Kandapanchal - 2 Landslide,Nellipoyil – Mundur - Kandapanchal road,11.445,76.0739,Debris,Slide,13th June 2018 (01:00 hrs),2018,2018
13986,KER/KKD/58A3/2018/18,Kerala,Kozhikode,Kulakkadanmala Landslide,Mukkam - Kakkadampoyil road,11.3041,76.0441,Debris,Flow,14th June 2018 (05:30 hrs),2018,2018
13987,KER/KKD/58A3/2018/19,Kerala,Kozhikode,Vattachuvadu Landslide,Pulikkayam - Thusharagiri road,11.4562,76.0429,Debris,Flow,12th June 2018 (18:00 hrs),2018,2018
13988,KER/KKD/58A3/2018/20,Kerala,Kozhikode,Vendekkumpoyil-1 Landslide,Chempukadavu - Vendekumpoyil road,11.4616,76.0379,Debris,Flow,13th June 2018 (04:00 hrs),2018,2018
13989,KER/KKD/58A3/2018/21,Kerala,Kozhikode,Vendekkumpoyil-2 Landslide,Chempukadavu - Vendekumpoyil road,11.46,76.0382,Debris,Flow,13th June 2018 (18:00 hrs),2018,2018
13990,KER/KKD/58A3/2018/22,Kerala,Kozhikode,Kozhikodanchal Landslide,Kozhikodanchal – Ambedkar Colony road,11.465,76.0321,Debris,Flow,12th June 2018 (17:30 hrs),2018,2018
13991,KER/KKD/58A3/2018/23,Kerala,Kozhikode,Ambedkar Colony -1 Landslide,Chempukadavu – Palakunnu – Ambedkar Colony,11.4618,76.029,Debris,Flow,12th June 2018 (16:15 hrs),2018,2018
13992,KER/KKD/58A3/2018/24,Kerala,Kozhikode,Ambedkar colony-2 Landslide,Chempukadavu – Palakunnu – Ambedkar Colony,11.4628,76.0259,Debris,Flow,14th June 2018 (04:00 hrs),2018,2018
13993,KER/KKD/58A3/2018/25,Kerala,Kozhikode,Nooranthodu LP School Landslide,Chempukadavu – Thusharagiri Road,11.4675,76.0281,Debris,Flow,12th June 2018 (18:00 hrs & 19:00 hrs),2018,2018
13994,KER/KKD/58A3/2018/26,Kerala,Kozhikode,Chipplithodu (29th mile) Landslide,Adivaram – Vythiri (Thamarassery Churam) Road,11.4891,76.0235,Debris,Slide,14th June 2018 (06:30 hrs),2018,2018
13995,KER/KKD/58A2/2018/27,Kerala,Kozhikode,Churam Landslide,Adivaram – Vythiri (Thamarassery Churam) Road,11.5148,76.0151,Debris,Slide,14th June 2018,2018,2018
13996,KER/KNR/48P16/2018/01,Kerala,Kannur,Parakkamala Landslide,Mudikkayam – Vaniyapara road,12.0709,75.7581,Debris,Flow,12th June 2018 (18:00 hrs),2018,2018
13997,KRL/MPM/58A3/2018/01,Kerala,Malappuram,Perakamanna,"West Chathalloor- Odanpara, Ernad Taluk",11.26246,76.11503,rock-cum- debris,Flows,"14th June, 2018 at 03:00 hrs.",2018,2018
13998,KRL/MPM/58A3/2018/02,Kerala,Malappuram,Cholara,"Cholara-Karinchola, Ernad Taluk",11.26152,76.13833,Debris,Slide,"14th June, 2018",2018,2018
13999,KRL/MPM/58A3/2018/03,Kerala,Malappuram,Kappakallu,"East Chathaloor, Ernad Taluk",11.25106,76.13881,Rock cum Debris,Flow,"September, 2017",2017,2017
14000,KRL/MPM/58A3/2018/04,Kerala,Malappuram,Bheemangal,"Odayikkal-Edavanna, Pullipadam Vilage, Ernad Taluk",11.25171,76.181,Soil,Slide,"14th June, 2018",2018,2018
14001,KRL/MPM/58A3/2018/05,Kerala,Malappuram,Madam Colony 1,"Pullipadam Village, Nilambur Taluk",11.27061,76.14651,Rock cum Debris,Flows,"14th June, 2018 at 05:00 hrs",2018,2018
14002,KRL/MPM/58A3/2018/06,Kerala,Malappuram,Madam Colony 2,"Pullipadam Village, Nilambur Taluk",11.2726,76.14928,Debris,Slide,"14th June, 2018",2018,2018
14003,KRL/MPM/58A3/2018/07,Kerala,Malappuram,Madam Colony 3,"Pullipadam Village, Ernad Taluk",11.27212,76.15036,Debris,Slide,"14th June, 2018",2018,2018
14004,KRL/MPM/58A3/2018/08,Kerala,Malappuram,Chettiyampara colony,"Chettiyampara colony Erumamunda, ,Kurumbilangod Village, Nilambur Taluk",11.36217778,76.21179444,Rock cum debris,Flow,"15th June, 2018",2018,2018
14005,KRL/MPM/58A3/2018/09,Kerala,Malappuram,Vilakkennanpara,"Vilakkennanpara, Kurumbilangod Village, Nilambur Taluk",11.37724,76.21258,Rock cum debris,Flow,"14th June, 2018; Rock/debris slide had occurred at the same spot about 5-6 years back also. Also about 40 years back, a huge rock block of about 6m x 4m x3m had displaced further upslope of this location, rolled down till road bench and killed three people.",2018,2018
14006,KRL/PKD/58B9/2018/01,Kerala,Palakkad,Paypullu,"Palakayam Village, Mannarkad Taluk",10.97659,76.55491,Rock cum debris,Flow,"12th June, 2018; about 22:30 hrs",2018,2018
14007,KRL/PKD/58B9/2018/02,Kerala,Palakkad,Kundampotti-Vattapara,"Palakyam Village, Mannarkad Taluk",10.97039,76.57454,Rock cum debris,Flow,"12th June, 2018",2018,2018
14008,KRL/PKD/58B11/2018/03,Kerala,Palakkad,Mannannakayam,"Kizhekkencherry Village, Alathur Taluk",10.97039,76.57454,Rock cum debris,Flow,"12th June, 2018",2018,2018
14009,KRL/PKD/58B11/2018/04,Kerala,Palakkad,Kadappara,"Kizhekkencherry Village, Alathur Taluk",10.46591,76.5648,Debris,Flow,"13th June, 2018",2018,2018
14010,KER/WYD/58A2/2018/01,Kerala,Wayanad,Aramalakunnu Landslide,Vythiri - Aramala Road,11.5294,76.0293,Soil,Slide,14th June 2018 (05:30 hrs),2018,2018
14011,KER/WYD/58A2/2018/02,Kerala,Wayanad,Jawaharvidhya Nagar Landslide,Vythiri – Kalpetta road,11.5356,76.0215,Soil,Slide,14th June 2018 (05:00 hrs),2018,2018
14012,KER/WYD/58A2/2018/03,Kerala,Wayanad,Veterinary College Landslide,Vythiri – Kalpetta road,11.5346,76.0244,Debris,Slide,14th June 2018 (05:30 hrs),2018,2018
14013,KER/WYD/58A2/2018/04,Kerala,Wayanad,Achoor (6th mile) Landslide,Vythiri – Padinjarathara road,11.6066,76.0077,Soil,Slide,14th June 2018 (08:30 hrs),2018,2018
14014,KER/WYD/49M14/2018/05,Kerala,Wayanad,Valaramkunnu Landslide,Mananthavady – Niravilpuzha road,11.6941,75.9371,Debris,Slide,14th June 2018 (08:00 hrs),2018,2018
14015,KER/WYD/49M14/2018/06,Kerala,Wayanad,Veetikunnu Landslide,Mananthavady – Niravilpuzha road,11.7013,75.9359,Rock cum Debris,Slide,14th June 2018 (10:00 hrs),2018,2018
14016,KER/WYD/49M14/2018/07,Kerala,Wayanad,Pulipparakunnu Landslide,Mananthavady – Niravilpuzha road,11.7034,75.9369,Debris,Flow,14th June 2018,2018,2018
14017,KER/WYD/49M13/2018/08,Kerala,Wayanad,Thazhe Kunnothmala Landslide,Valad - Kunnothmala road,11.8297,75.9298,Debris,Slide,14th June 2018,2018,2018
14018,KRL/PKD/58A12/2018/11,Kerala,Palakkad,Kondanmalla subsidence,"Kondanmalla, Near Okkode, Mannarkkad taluk",11.045365,76.580602,Debris,subsidence,Initiated on 16/8/2018,2018,2018
14019,KRL/PKD/58A12/2018/12,Kerala,Palakkad,Kondanmalla subsidence II,"Kondanmalla, Near Okkode, Mannarkkad taluk",11.047615,76.58101,Debris,subsidence,Initiated on 16/8/2018,2018,2018
14020,KRL/PKD/58A12/2018/17,Kerala,Palakkad,Palavalavu colony flood,"Palavalavu colony, palakkayam village, Mannarkad Taluk",11.032677,76.527807,NA,,"Initiated on 16/8/2018,",2018,2018
14021,KRL/PKD/58A12/2018/183,Kerala,Palakkad,,"Palakkayam village, Mannarkad Taluk",11.029777,76.522575,rock cum debris,slide,Initiated on 16/8/2018,2018,2018
14022,KRL/PKD/58A12/2018/184,Kerala,Palakkad,,"Palakkayam village, Mannarkad Taluk",11.029352,76.523,rock cum debris,slide,Initiated on 16/8/2018,2018,2018
14023,KRL/PKD/58A12/2018/185,Kerala,Palakkad,,"Palakkayam village, Mannarkad Taluk",11.029556,76.521189,rock cum debris,slide,Initiated on 16/8/2018,2018,2018
14024,KRL/PKD/58A12/2018/186,Kerala,Palakkad,,"Palakkayam village, Mannarkad Taluk",11.032267,76.527796,Debris,slide,Initiated on 16/8/2018,2018,2018
14025,KRL/PKD/58A12/2018/187,Kerala,Palakkad,,"Palakkayam village, Mannarkad Taluk",11.028483,76.528773,Debris,slide,Initiated on 16/8/2018,2018,2018
14026,KRL/PKD/58A12/2018/188,Kerala,Palakkad,,"Palakkayam village, Mannarkad Taluk",11.029068,76.531518,Debris,slide,Initiated on 16/8/2018,2018,2018
14027,KRL/PKD/58A12/2018/189,Kerala,Palakkad,,"Mannarkkad, Silent valley road",11.035232,76.527483,Debris,slide,Initiated on 16/8/2018,2018,2018
14028,KRL/PKD/58A12/2018/190,Kerala,Palakkad,,"Mannarkkad, Silent valley road",11.036503,76.529053,Debris,slide,Initiated on 16/8/2018,2018,2018
14029,KRL/PKD/58A12/2018/191,Kerala,Palakkad,,"Mannarkkad, Silent valley road",11.03747,76.52758,Debris,slide,Initiated on 16/8/2018,2018,2018
14030,KRL/PKD/58A12/2018/192,Kerala,Palakkad,,"Mannarkkad, Silent valley road",11.037277,76.528927,Debris,slide,Initiated on 16/8/2018,2018,2018
14031,KRL/PKD/58A12/2018/193,Kerala,Palakkad,,"Mannarkkad, Silent valley road",11.038653,76.530202,Debris,slide,Initiated on 16/8/2018,2018,2018
14032,KRL/PKD/58A12/2018/194,Kerala,Palakkad,,"Mannarkkad, Silent valley road",11.039302,76.530795,Debris,slide,Initiated on 16/8/2018,2018,2018
14033,KRL/PKD/58A12/2018/195,Kerala,Palakkad,,"Mannarkkad, Silent valley road",11.040947,76.532897,Debris,slide,Initiated on 16/8/2018,2018,2018
14034,KRL/PKD/58A12/2018/196,Kerala,Palakkad,,"Mannarkkad, Silent valley road",11.041635,76.53334,Debris,slide,Initiated on 16/8/2018,2018,2018
14035,KRL/PKD/58A12/2018/197,Kerala,Palakkad,,"Mannarkkad, Silent valley road",11.041933,76.534018,Debris,slide,Initiated on 16/8/2018,2018,2018
14036,KRL/PKD/58A12/2018/198,Kerala,Palakkad,,"Mannarkkad, Silent valley road",11.04543,76.539902,Debris,slide,Initiated on 16/8/2018,2018,2018
14037,KRL/PKD/58A12/2018/199,Kerala,Palakkad,,"Mannarkkad, Silent valley road",11.046358,76.540755,Debris,slide,Initiated on 16/8/2018,2018,2018
14038,KRL/PKD/58A12/2018/200,Kerala,Palakkad,,"Mannarkkad, Silent valley road",11.046935,76.540858,Debris,slide,Initiated on 16/8/2018,2018,2018
14039,KRL/PKD/58A12/2018/201,Kerala,Palakkad,,"Mannarkkad, Silent valley road",11.04922,76.53708,Debris,slide,Initiated on 16/8/2018,2018,2018
14040,KRL/PKD/58A12/2018/202,Kerala,Palakkad,,"Near Attapadi, Mannarkkad taluk",11.078735,76.587101,Debris,slide,Initiated on 16/8/2018,2018,2018
14041,KRL/PKD/58A12/2018/21,Kerala,Palakkad,Pambunthodu slide,"Pambunthodu, Palakayam village",11.032583,76.551617,Debris,slide,"Initiated on October, 2017, Reactivated on 16/8/18",2017,2017
14042,KRL/PKD/58A8/2018/09,Kerala,Palakkad,Karadiyod landslide,"Karadiyod, Kottoppadam-1 Village, Mannarkkad taluk",11.04794,76.400202,Debris,Flow,Initiated on 16/8/2018,2018,2018
14043,KRL/PKD/58A8/2018/10,Kerala,Palakkad,Karadiyod landslide II,"Karadiyod, Kottoppadam-1 Village, Mannarkkad taluk",11.047271,76.399846,Debris,Flow,Initiated on 16/8/2018,2018,2018
14044,KRL/PKD/58A8/2018/13,Kerala,Palakkad,Kottoppadam Slide-1,Kottoppadam- Ambalappara tribal colony,11.06427,76.389909,Debris,slide,Initiated on 16/8/2018,2018,2018
14045,KRL/PKD/58A8/2018/14,Kerala,Palakkad,Kottoppadam Slide-1I,Kottoppadam- Ambalappara tribal colony,11.061407,76.389548,Debris,slide,Initiated on 16/8/2018,2018,2018
14046,KRL/PKD/58A8/2018/15,Kerala,Palakkad,Kottoppadam Slide-III,Kottoppadam- Ambalappara tribal colony,11.057151,76.384281,Debris,slide,Initiated on 16/8/2018,2018,2018
14047,KRL/PKD/58A8/2018/16,Kerala,Palakkad,Uppukulam slide,"Uppukulam, Allanallur III village, Mannarkad Taluk",11.084665,76.367865,Rock cum debris,slide,"Initiated on 13/8/2018,",2018,2018
14048,KRL/PKD/58A8/2018/18,Kerala,Palakkad,Karappadam slide,"Karappadam, Payyanadam village",11.042363,76.440553,Debris,slide,Initiated on 15/8/2018,2018,2018
14049,KRL/PKD/58A8/2018/19,Kerala,Palakkad,Puthuvapadam slide,Puthuvapadam,11.050725,76.430832,Debris,slide,"Initiated on 16/8/2018,",2018,2018
14050,KRL/PKD/58A8/2018/20,Kerala,Palakkad,Puthuvapadam slide II,Puthuvapadam,11.040144,76.431199,Debris,slide,"Initiated on 16/8/2018,",2018,2018
14051,KRL/PKD/58A8/2018/30,Kerala,Palakkad,Thodukad colony,"Thodukad colony, Mannarkad Taluk",11.063095,76.37715,Debris,slide,"Initiated on 16/8/2018,",2018,2018
14052,KRL/PKD/58B10/2018/100,Kerala,Palakkad,,"Near Pothundi Reservoir area, Nelliyampathy road, Chitoor Taluk",10.52186,76.628728,Debris,slide,"Initiated on 16/8/2018,",2018,2018
14053,KRL/PKD/58B10/2018/101,Kerala,Palakkad,,"Near Pothundi Reservoir area, Nelliyampathy road, Chitoor Taluk",10.520022,76.629233,Debris,slide,"Initiated on 16/8/2018,",2018,2018
14054,KRL/PKD/58B10/2018/102,Kerala,Palakkad,,"Near Pothundi Reservoir area, Nelliyampathy road, Chitoor Taluk",10.518808,76.629248,rock cum debris,Flow,"Initiated on 16/8/2018,",2018,2018
14055,KRL/PKD/58B10/2018/103,Kerala,Palakkad,,"Near Pothundi Reservoir area, Nelliyampathy road, Chitoor Taluk",10.523363,76.635342,Debris,slide,"Initiated on 16/8/2018,",2018,2018
14056,KRL/PKD/58B10/2018/104,Kerala,Palakkad,,"Near Pothundi Reservoir area, Nelliyampathy road, Chitoor Taluk",10.524095,76.63604,rock cum debris,slide,"Initiated on 16/8/2018,",2018,2018
14057,KRL/PKD/58B10/2018/105,Kerala,Palakkad,,"Near Pothundi Reservoir area, Nelliyampathy road, Chitoor Taluk",10.52508,76.636973,rock cum debris,slide,"Initiated on 16/8/2018,",2018,2018
14058,KRL/PKD/58B10/2018/106,Kerala,Palakkad,,"Near Pothundi Reservoir area, Nelliyampathy road, Chitoor Taluk",10.526457,76.637498,Debris,slide,"Initiated on 16/8/2018,",2018,2018
14059,KRL/PKD/58B10/2018/107,Kerala,Palakkad,,"Near Pothundi Reservoir area, Nelliyampathy road, Chitoor Taluk",10.52658,76.638208,rock cum debris,slide,"Initiated on 16/8/2018,",2018,2018
14060,KRL/PKD/58B10/2018/108,Kerala,Palakkad,,"Near Pothundi Reservoir area, Nelliyampathy road, Chitoor Taluk",10.52648,76.639218,rock cum debris,slide,"Initiated on 16/8/2018,",2018,2018
14061,KRL/PKD/58B10/2018/109,Kerala,Palakkad,,"Near Pothundi Reservoir area, Nelliyampathy road, Chitoor Taluk",10.526197,76.639938,rock cum debris,Flow,"Initiated on 16/8/2018,",2018,2018
14062,KRL/PKD/58B10/2018/110,Kerala,Palakkad,,"Near Pothundi Reservoir area, Nelliyampathy road, Chitoor Taluk",10.52625,76.640712,rock cum debris,slide,"Initiated on 16/8/2018,",2018,2018
14063,KRL/PKD/58B10/2018/111,Kerala,Palakkad,,"Near Pothundi Reservoir area, Nelliyampathy road, Chitoor Taluk",10.52859,76.643365,rock cum debris,slide,"Initiated on 16/8/2018,",2018,2018
14064,KRL/PKD/58B10/2018/112,Kerala,Palakkad,,"Near Pothundi Reservoir area, Nelliyampathy road, Chitoor Taluk",10.52845,76.644182,Debris,slide,"Initiated on 16/8/2018,",2018,2018
14065,KRL/PKD/58B10/2018/113,Kerala,Palakkad,,Near Pothundi Reservoir area,10.547798,76.665388,rock cum debris,slide,"Initiated on 16/8/2018,",2018,2018
14066,KRL/PKD/58B10/2018/114,Kerala,Palakkad,,Near Pothundi Reservoir area,10.548483,76.66505,rock cum debris,slide,"Initiated on 16/8/2018,",2018,2018
14067,KRL/PKD/58B10/2018/115,Kerala,Palakkad,,Near Pothundi Reservoir area,10.543345,76.666954,rock cum debris,slide,"Initiated on 16/8/2018,",2018,2018
14068,KRL/PKD/58B10/2018/116,Kerala,Palakkad,,Near Pothundi Reservoir area,10.536763,76.665423,rock cum debris,slide,"Initiated on 16/8/2018,",2018,2018
14069,KRL/PKD/58B10/2018/117,Kerala,Palakkad,,"Near Pothundi Reservoir area, Nelliyampathy road, Chitoor Taluk",10.527033,76.646188,rock cum debris,slide,"Initiated on 16/8/2018,",2018,2018
14070,KRL/PKD/58B10/2018/118,Kerala,Palakkad,,"Near Pothundi Reservoir area, Nelliyampathy road, Chitoor Taluk",10.525447,76.6469,rock cum debris,slide,"Initiated on 16/8/2018,",2018,2018
14071,KRL/PKD/58B10/2018/119,Kerala,Palakkad,,"Near Pothundi Reservoir area, Nelliyampathy road, Chitoor Taluk",10.523768,76.6528,rock cum debris,slide,"Initiated on 16/8/2018,",2018,2018
14072,KRL/PKD/58B10/2018/120,Kerala,Palakkad,,"Near Pothundi Reservoir area, Nelliyampathy road, Chitoor Taluk",10.525205,76.64719,rock cum debris,slide,"Initiated on 16/8/2018,",2018,2018
14073,KRL/PKD/58B10/2018/121,Kerala,Palakkad,,"Near Pothundi Reservoir area, Nelliyampathy road, Chitoor Taluk",10.523018,76.648022,rock cum debris,slide,"Initiated on 16/8/2018,",2018,2018
14074,KRL/PKD/58B10/2018/122,Kerala,Palakkad,,"Near Pothundi Reservoir area, Nelliyampathy road, Chitoor Taluk",10.52281,76.648173,Debris,slide,"Initiated on 16/8/2018,",2018,2018
14075,KRL/PKD/58B10/2018/123,Kerala,Palakkad,,"Near Pothundi Reservoir area, Nelliyampathy road, Chitoor Taluk",10.522207,76.64859,rock cum debris,slide,"Initiated on 16/8/2018,",2018,2018
14076,KRL/PKD/58B10/2018/124,Kerala,Palakkad,,"Near Pothundi Reservoir area, Nelliyampathy road, Chitoor Taluk",10.522236,76.649148,Debris,slide,"Initiated on 16/8/2018,",2018,2018
14077,KRL/PKD/58B10/2018/125,Kerala,Palakkad,,"Near Pothundi Reservoir area, Nelliyampathy road, Chitoor Taluk",10.524426,76.653293,rock cum debris,slide,"Initiated on 16/8/2018,",2018,2018
14078,KRL/PKD/58B10/2018/126,Kerala,Palakkad,,"Near Pothundi Reservoir area, Nelliyampathy road, Chitoor Taluk",10.525053,76.653811,rock cum debris,slide,"Initiated on 16/8/2018,",2018,2018
14079,KRL/PKD/58B10/2018/127,Kerala,Palakkad,,"Nelliyampathy road, Chitoor Taluk",10.53758,76.67444,Debris,Subsidence,"Initiated on 16/8/2018,",2018,2018
14080,KRL/PKD/58B10/2018/128,Kerala,Palakkad,,"Near Pothundi Reservoir area, Nelliyampathy",10.547612,76.664617,rock cum debris,slide,"Initiated on 16/8/2018,",2018,2018
14081,KRL/PKD/58B10/2018/129,Kerala,Palakkad,,"Near Pothundi Reservoir area, Nelliyampathy",10.548547,76.675041,rock cum debris,slide,"Initiated on 16/8/2018,",2018,2018
14082,KRL/PKD/58B10/2018/130,Kerala,Palakkad,,"Near Pothundi Reservoir area, Nelliyampathy",10.547777,76.675724,rock cum debris,slide,"Initiated on 16/8/2018,",2018,2018
14083,KRL/PKD/58B10/2018/131,Kerala,Palakkad,,"Near Pothundi Reservoir area, Nelliyampathy",10.547115,76.675578,rock cum debris,slide,"Initiated on 16/8/2018,",2018,2018
14084,KRL/PKD/58B10/2018/132,Kerala,Palakkad,,"Near Pothundi Reservoir area, Nelliyampathy",10.550603,76.680796,rock cum debris,slide,"Initiated on 16/8/2018,",2018,2018
14085,KRL/PKD/58B10/2018/133,Kerala,Palakkad,,"Nelliyampathy road, Chitoor Taluk",10.538953,76.672063,rock cum debris,slide,"Initiated on 16/8/2018,",2018,2018
14086,KRL/PKD/58B10/2018/134,Kerala,Palakkad,,"Nelliyampathy road, Chitoor Taluk",10.538607,76.667587,Debris,slide,"Initiated on 16/8/2018,",2018,2018
14087,KRL/PKD/58B10/2018/135,Kerala,Palakkad,,"Near Pothundi Reservoir area, Nelliyampathy",10.542128,76.666089,rock cum debris,slide,"Initiated on 16/8/2018,",2018,2018
14088,KRL/PKD/58B10/2018/136,Kerala,Palakkad,,"Near Pothundi Reservoir area, Nelliyampathy",10.541962,76.66618,rock cum debris,slide,"Initiated on 16/8/2018,",2018,2018
14089,KRL/PKD/58B10/2018/137,Kerala,Palakkad,,"Nelliyampathy road, Chitoor Taluk",10.536985,76.667702,rock cum debris,slide,"Initiated on 16/8/2018,",2018,2018
14090,KRL/PKD/58B10/2018/138,Kerala,Palakkad,,"Nelliyampathy road, Chitoor Taluk",10.537015,76.668252,rock cum debris,slide,"Initiated on 16/8/2018,",2018,2018
14091,KRL/PKD/58B10/2018/139,Kerala,Palakkad,,"Nelliyampathy road, Chitoor Taluk",10.536993,76.668405,rock cum debris,slide,"Initiated on 16/8/2018,",2018,2018
14092,KRL/PKD/58B10/2018/140,Kerala,Palakkad,,"Nelliyampathy road, Chitoor Taluk",10.536482,76.668683,rock cum debris,slide,"Initiated on 16/8/2018,",2018,2018
14093,KRL/PKD/58B10/2018/141,Kerala,Palakkad,,"Nelliyampathy road, Chitoor Taluk",10.536253,76.670532,rock cum debris,slide,"Initiated on 16/8/2018,",2018,2018
14094,KRL/PKD/58B10/2018/142,Kerala,Palakkad,,"Nelliyampathy road, Chitoor Taluk",10.53592,76.670983,rock cum debris,slide,"Initiated on 16/8/2018,",2018,2018
14095,KRL/PKD/58B10/2018/143,Kerala,Palakkad,,"Nelliyampathy road, Chitoor Taluk",10.533957,76.672943,Debris,slide,"Initiated on 16/8/2018,",2018,2018
14096,KRL/PKD/58B10/2018/144,Kerala,Palakkad,,"Nelliyampathy road, Chitoor Taluk",10.535642,76.673373,rock cum debris,slide,"Initiated on 16/8/2018,",2018,2018
14097,KRL/PKD/58B10/2018/145,Kerala,Palakkad,,"Nelliyampathy road, Chitoor Taluk",10.535607,76.67363,Debris,slide,"Initiated on 16/8/2018,",2018,2018
14098,KRL/PKD/58B10/2018/146,Kerala,Palakkad,,"Nelliyampathy road, Chitoor Taluk",10.53409,76.673132,Debris,slide,"Initiated on 16/8/2018,",2018,2018
14099,KRL/PKD/58B10/2018/147,Kerala,Palakkad,,"Nelliyampathy road, Chitoor Taluk",10.531677,76.668657,rock cum debris,slide,"Initiated on 16/8/2018,",2018,2018
14100,KRL/PKD/58B10/2018/148,Kerala,Palakkad,,"Nelliyampathy road, Chitoor Taluk",10.530468,76.66702,Debris,slide,"Initiated on 16/8/2018,",2018,2018
14101,KRL/PKD/58B10/2018/149,Kerala,Palakkad,,"Nelliyampathy road, Chitoor Taluk",10.52995,76.66664,Debris,slide,"Initiated on 16/8/2018,",2018,2018
14102,KRL/PKD/58B10/2018/150,Kerala,Palakkad,,"Nelliyampathy road, Chitoor Taluk",10.529373,76.666168,Debris,slide,"Initiated on 16/8/2018,",2018,2018
14103,KRL/PKD/58B10/2018/151,Kerala,Palakkad,,"Nelliyampathy road, Chitoor Taluk",10.529733,76.66361,Debris,slide,"Initiated on 16/8/2018,",2018,2018
14104,KRL/PKD/58B10/2018/152,Kerala,Palakkad,,"Nelliyampathy, Chitoor Taluk",10.533772,76.666526,Debris,slide,"Initiated on 16/8/2018,",2018,2018
14105,KRL/PKD/58B10/2018/153,Kerala,Palakkad,,"Nelliyampathy road, Chitoor Taluk",10.529327,76.662737,Debris,slide,"Initiated on 16/8/2018,",2018,2018
14106,KRL/PKD/58B10/2018/154,Kerala,Palakkad,,"Nelliyampathy road, Chitoor Taluk",10.52909,76.66085,Debris,slide,"Initiated on 16/8/2018,",2018,2018
14107,KRL/PKD/58B10/2018/155,Kerala,Palakkad,,"Nelliyampathy road, Chitoor Taluk",10.52886,76.659552,Debris,slide,"Initiated on 16/8/2018,",2018,2018
14108,KRL/PKD/58B10/2018/156,Kerala,Palakkad,,"Nelliyampathy road, Chitoor Taluk",10.527178,76.657258,Debris,slide,"Initiated on 16/8/2018,",2018,2018
14109,KRL/PKD/58B10/2018/157,Kerala,Palakkad,,"Nelliyampathy road, Chitoor Taluk",10.526998,76.656787,Debris,slide,"Initiated on 16/8/2018,",2018,2018
14110,KRL/PKD/58B10/2018/158,Kerala,Palakkad,,"Nelliyampathy road, Chitoor Taluk",10.526352,76.656767,Debris,slide,"Initiated on 16/8/2018,",2018,2018
14111,KRL/PKD/58B10/2018/159,Kerala,Palakkad,,"Nelliyampathy road, Chitoor Taluk",10.525573,76.65591,Debris,slide,"Initiated on 16/8/2018,",2018,2018
14112,KRL/PKD/58B10/2018/160,Kerala,Palakkad,,"Nelliyampathy road, Chitoor Taluk",10.529405,76.658323,Debris,slide,"Initiated on 16/8/2018,",2018,2018
14113,KRL/PKD/58B10/2018/161,Kerala,Palakkad,,"Nelliyampathy road, Chitoor Taluk",10.528565,76.656988,Debris,slide,"Initiated on 16/8/2018,",2018,2018
14114,KRL/PKD/58B10/2018/162,Kerala,Palakkad,,"Nelliyampathy road, Chitoor Taluk",10.527178,76.65542,Debris,slide,"Initiated on 16/8/2018,",2018,2018
14115,KRL/PKD/58B10/2018/163,Kerala,Palakkad,,"Nelliyampathy road, Chitoor Taluk",10.52681,76.65506,Debris,slide,"Initiated on 16/8/2018,",2018,2018
14116,KRL/PKD/58B10/2018/164,Kerala,Palakkad,,"Nelliyampathy road, Chitoor Taluk",10.587136,76.614962,rock cum debris,slide,"Initiated on 16/8/2018,",2018,2018
14117,KRL/PKD/58B10/2018/165,Kerala,Palakkad,,Pothundi dam reservoir area,10.556079,76.63704,rock cum debris,slide,"Initiated on 16/8/2018,",2018,2018
14118,KRL/PKD/58B10/2018/166,Kerala,Palakkad,,Pothundi dam reservoir area,10.55266,76.657883,rock cum debris,slide,"Initiated on 16/8/2018,",2018,2018
14119,KRL/PKD/58B10/2018/167,Kerala,Palakkad,,Pothundi dam reservoir area,10.520291,76.63457,rock cum debris,slide,"Initiated on 16/8/2018,",2018,2018
14120,KRL/PKD/58B10/2018/168,Kerala,Palakkad,,Pothundi dam reservoir area,10.517591,76.635992,rock cum debris,slide,"Initiated on 16/8/2018,",2018,2018
14121,KRL/PKD/58B10/2018/169,Kerala,Palakkad,,Pothundi dam reservoir area,10.50813,76.627101,rock cum debris,slide,"Initiated on 16/8/2018,",2018,2018
14122,KRL/PKD/58B10/2018/170,Kerala,Palakkad,,Pothundi dam reservoir area,10.511741,76.630045,rock cum debris,slide,"Initiated on 16/8/2018,",2018,2018
14123,KRL/PKD/58B10/2018/171,Kerala,Palakkad,,Pothundi dam reservoir area,10.523663,76.639443,rock cum debris,slide,"Initiated on 16/8/2018,",2018,2018
14124,KRL/PKD/58B10/2018/172,Kerala,Palakkad,,Pothundi dam reservoir area,10.523668,76.642289,rock cum debris,slide,"Initiated on 16/8/2018,",2018,2018
14125,KRL/PKD/58B10/2018/174,Kerala,Palakkad,,"Near Pothundi Reservoir area, Nelliyampathy road, Chitoor Taluk",10.525735,76.62619,rock cum debris,slide,"Initiated on 16/8/2018,",2018,2018
14194,KRL/PKD/58B13/2018/221,Kerala,Palakkad,,"Kanjikode, Pudussery central village, Palakkad Taluk",10.837669,76.773925,Debris,Flow,Initiated in 2013 monsoon,2013,2013
14208,KRL/PKD/58B5/2018/04,Kerala,Palakkad,Karattukurissi subsidence,"Karattukurissi Village, Ottapalam taluk",10.848643,76.319883,Debris,subsidence,Initiated on 16/8/2018,2018,2018
14209,KRL/PKD/58B5/2018/05,Kerala,Palakkad,Mattummal colony subsidence,"Mattummal Colony,Thrikkaderi Village, Ottapalam taluk",10.851405,76.31827,Debris,subsidence,"2007, 16/08/2018",2007; 2018,2007
14210,KRL/PKD/58B5/2018/06,Kerala,Palakkad,Ananganadi slide,"Ananganadi, near eco tourism spot, Ottapalam taluk",10.834695,76.356393,soil,slide,Initiation on16/8/2018 3:00AM,2018,2018
14211,KRL/PKD/58B5/2018/07,Kerala,Palakkad,Kadambazhippuram subsidence,"Kadambazhippuram, Pullundassery",10.855047,76.453408,Debris,subsidence,Initiated on 16/8/2018,2018,2018
14212,KRL/PKD/58B5/2018/08,Kerala,Palakkad,Kadambazhippuram,Kadambazhippuram rubber estate,10.854766,76.458106,Debris,subsidence,Initiated on 16/8/2018,2018,2018
14216,KRL/PKD/58B9/2018/02,Kerala,Palakkad,Parachatti debris flow,"Parachatti SC colony, Palakkad taluk,",10.843375,76.728583,Debris,Flow,Initiated on 08/8/2018,2018,2018
14217,KRL/PKD/58B9/2018/03,Kerala,Palakkad,Adap colony debris flow,Adap colony,10.825098,76.734842,Debris,Flow,Initiated on 08/8/2018,2018,2018
14259,KL/ERM/58B/12/2019/01,Kerala,Ernakulam,Mulavalur slide,Mulavalur,10.04354722,76.54871944,Rock cum debris,Flow,15.08.2018,2018,2018
14260,KL/ERM/58B/12/2019/02,Kerala,Ernakulam,Mazhuvannur slide,Mazhuvannur,10.02041944,76.53725,Soil/Earth,Slide,15.08.2018,2018,2018
14261,KL/ERM/58C/09/2019/03,Kerala,Ernakulam,Vellurkunnam slide,Vellurkunnam,9.992719444,76.57484167,Debris,Subsidence,26.06.2015,2015,2015
14262,KL/ERM/58B/07/2019/04,Kerala,Ernakulam,Ayyampuzha slide 1,Ayyampuzha,10.28620556,76.48478056,Debris,Flow,15.08.2018,2018,2018
14263,KL/ERM/58B/08/2019/05,Kerala,Ernakulam,Ayyampuzha slide 2,Ayyampuzha,10.24692222,76.47715278,Rock cum debris,Flow,15.08.2018,2018,2018
14264,KL/ERM/58B/08/2019/06,Kerala,Ernakulam,Chittanad slide 1,Chittanad,10.02848889,76.3865,Earth,Slide,15.08.2018,2018,2018
14265,KL/ERM/58B/08/2019/07,Kerala,Ernakulam,Chittanad slide 2,Chittanad,10.02798056,76.38667222,Soil,Slide,15.08.2018,2018,2018
14266,KL/ERM/58B/16/2019/08,Kerala,Ernakulam,NH-49 slide,NH-49,10.05445278,76.76388889,Debris,Slide,16.08.2018,2018,2018
14267,KL/ERM/58B/16/2019/09,Kerala,Ernakulam,Chempankuzhi slide1,Road from Neriyamangalam to Chempankuzhi,10.04948333,76.771525,Rock-cum-debris,Flow,16.08.2018,2018,2018
14268,KL/ERM/58B/16/2019/10,Kerala,Ernakulam,Chempankuzhi slide2,Chempankuzhi,10.02835556,76.81731111,Rock-cum-debris,Flow,16.08.2018,2018,2018
14269,KL/ERM/58B/16/2019/11,Kerala,Ernakulam,Chempankuzhi slide3,Chempankuzhi,10.03480556,76.80675,Debris,Flow,16.08.2018,2018,2018
14270,KL/ERM/58B/16/2019/12,Kerala,Ernakulam,Kadambrayar subsidence,Kadambrayar,10.06025833,76.75845556,Debris,Subsidence,16.08.2018,2018,2018
14271,KL/ERM/58B/16/2019/13,Kerala,Ernakulam,NH-49 slide2,NH-49,10.06666667,76.782275,Debris,Slide,16.08.2018,2018,2018
14272,KL/ERM/58B/12/2019/14,Kerala,Ernakulam,Knachery slide,Knachery,10.11725833,76.7474,Debris,Flow,16.08.2018,2018,2018
14273,KL/ERM/58B/16/2019/15,Kerala,Ernakulam,Pooyamkutty-Kuttampuzha road cut slope failure,Pooyamkutty-Kuttampuzha road,10.16560278,76.75545,Soil/Earth,Slide,15.08.2018,2018,2018
14274,KRL/MPM/58A08/2018/01,KERALA,Malappuram,Cheriyil,Karuvara kundu,11.11353056,76.37992778,Rock cum debris,Slide,08.08.2018,2018,2018
14275,KRL/MPM/58A08/2018/02,KERALA,Malappuram,Manjalanchola,Karuvara kundu,11.13503889,76.390575,soil,Subsidence,05.08.2018,2018,2018
14276,KRL/MPM/58A08/2018/03,KERALA,Malappuram,Manaliyampadam,Karuvara kundu,11.12046167,76.39081944,Rock cum debris,Slide,08.08.2018,2018,2018
14277,KRL/MPM/58A08/2018/04,KERALA,Malappuram,Manaliyampadam,Karuvara kundu,11.13354167,76.3733,soil,Flows,08.08.2018,2018,2018
14278,KRL/MPM/58A08/2018/05,KERALA,Malappuram,Kerala kundu,Karuvara kundu,11.13115556,76.386475,Debris,Slide,15.08.2018,2018,2018
14279,KRL/MPM/58A08/2018/06,KERALA,Malappuram,Kerala kundu,Karuvara kundu,11.13115556,76.38610833,Debris,Slide,08.08.2018,2018,2018
14280,KRL/MPM/58A03/2018/07,KERALA,Malappuram,Chettiyampara,Kurumbalangode,11.36334167,76.21068611,Debris,Flows,18.08.2018,2018,2018
14281,KRL/MPM/58A03/2018/08,KERALA,Malappuram,Valalmthode,Akambadam,11.34156389,76.10811111,Soil,Flows,18.08.2018,2018,2018
14282,KRL/MPM/58A03/2018/09,KERALA,Malappuram,Vendakumpoil,Pullipadam Village,11.33245,76.12501111,Soil,Slide,18.08.2018,2018,2018
14283,KRL/MPM/58A03/2018/10,KERALA,Malappuram,Vendakumpoil,Pullipadam Village,11.33763611,76.12291389,Soil,Flows,15.08.2018,2018,2018
14284,KRL/MPM/58A03/2018/11,KERALA,Malappuram,Vendakumpoil,Pullipadam Village,11.33774444,76.12148889,Soil,Slide,15.08.2018,2018,2018
14285,KRL/MPM/58A03/2018/12,KERALA,Malappuram,S-valavu,Pullipadam Village,11.33671944,76.13815556,Soil,Slide,15.08.2018,2018,2018
14286,KRL/MPM/58A08/2018/13,KERALA,Malappuram,Chembangadu,Kerala Estate,11.14465556,76.36928889,Debris,Slide,15.08.2018,2018,2018
14287,KRL/MPM/58A08/2018/14,KERALA,Malappuram,Ravuthangadu,Kalikavu,11.16965556,76.358575,Debris,flows,15.08.2018,2018,2018
14288,KRL/MPM/58A08/2018/15,KERALA,Malappuram,Ravuthangadu,Kalikavu,11.16921944,76.357925,Debris,flows,08.08.2018,2018,2018
14289,KRL/MPM/58A08/2018/16,KERALA,Malappuram,Kadicheerimala,Kalikavu,11.19939167,76.32868056,Soil,Slide,08.08.2018,2018,2018
14290,KRL/MPM/58A08/2018/17,KERALA,Malappuram,Vedivechapara,Kalikavu,11.19831111,76.32731111,Soil,Flows,08.08.2018,2018,2018
14291,KRL/MPM/58A08/2018/18,KERALA,Malappuram,Vedivechapara,Kalikavu,11.19733611,76.32711667,Soil,Slide,08.08.2018,2018,2018
14292,KRL/MPM/58A08/2018/19,KERALA,Malappuram,Thalakandi,Chokkad,11.21327778,76.32952778,soil,Subsidence,18.08.2018,2018,2018
14293,KRL/MPM/58A08/2018/20,KERALA,Malappuram,Addyanpara,Kurumbalangode,11.35630278,76.20253056,Debris,Slide,08.08.2018,2018,2018
14294,KRL/MPM/58A08/2018/21,KERALA,Malappuram,Addyanpara,Kurumbalangode,11.3565,76.20211111,Debris,SlIde,08.08.2018,2018,2018
14295,KRL/MPM/58A08/2018/22,KERALA,Malappuram,Addyanpara,Kurumbalangode,11.35643333,76.205125,Debris,Flows,08.08.2018,2018,2018
14296,KRL/MPM/58A08/2018/23,KERALA,Malappuram,Addyanpara,Kurumbalangode,11.36014167,76.19281667,Debris,Slide,08.08.2018,2018,2018
14297,KRL/MPM/58A08/2018/24,KERALA,Malappuram,Addyanpara,Kurumbalangode,11.35898611,76.19525833,Debris,Flows,08.08.2018,2018,2018
14298,KRL/MPM/58A08/2018/25,KERALA,Malappuram,Addyanpara,Kurumbalangode,11.35766944,76.19626667,Debris,Flows,08.08.2018,2018,2018
14299,KRL/MPM/58A08/2018/26,KERALA,Malappuram,Addyanpara,Kurumbalangode,11.35805833,76.19686111,Debris,Flows,08.08.2018,2018,2018
14300,KRL/MPM/58A08/2018/27,KERALA,Malappuram,Addyanpara,Kurumbalangode,11.35700278,76.20007222,Debris,Flows,08.08.2018,2018,2018
14301,KRL/MPM/58A08/2018/28,KERALA,Malappuram,Villakkinnnapara,Kurumbalangode,11.37707778,76.20917778,Debris,Slide,16-08-2018,2018,2018
14302,KRL/MPM/58A08/2018/29,KERALA,Malappuram,Kandilapara,Kurumbalangode,11.34544444,76.09737778,Debris,Flows,16-08-2018,2018,2018
14303,KRL/MPM/58A08/2018/30,KERALA,Malappuram,Kandilapara,Kurumbalangode,11.34772778,76.09553333,Debris,Flows,16-08-2018,2018,2018
14304,KRL/MPM/58A08/2018/31,KERALA,Malappuram,Veettikunnu,Pullipadam,11.28436944,76.15126111,Debris,Flows,16-08-2018,2018,2018
14305,KRL/MPM/58A08/2018/32,KERALA,Malappuram,Vettikunnu,Pullipadam,11.27603333,76.14553056,Debris,Flows,16-08-2018,2018,2018
14306,KRL/MPM/58A08/2018/33,KERALA,Malappuram,70 Acre,Kalikavu,11.17035,76.35001944,soil,Slide,08.08.2018,2018,2018
14307,KRL/MPM/58A08/2018/34,KERALA,Malappuram,Koonorkandy,Vettilappara,11.2965,76.08758889,Debris,Flows,08.08.2018,2018,2018
14308,KRL/MPM/58A08/2018/35,KERALA,Malappuram,Vendakkumpoyil,Vettilappara,11.33018056,76.125727,soil,Slide,08.08.2018,2018,2018
14309,KRL/MPM/58A08/2018/40,KERALA,Malappuram,Vendakkumpoyil,Vettilappara,11.32667778,76.12625556,Debris,Slide,08.08.2018,2018,2018
14310,KRL/MPM/58A08/2018/41,KERALA,Malappuram,Vendakkumpoyil,Vettilappara,11.32625,76.12709444,soil,Slide,08.08.2018,2018,2018
14311,KRL/MPM/58A08/2018/42,KERALA,Malappuram,Vendakkumpoyil,Vettilappara,11.3301805,76.12263,Debris,Flows,08.08.2018,2018,2018
14312,KRL/MPM/58A08/2018/43,KERALA,Malappuram,Vendakkumpoyil,Vettilappara,11.32903333,76.12708333,Debris,Slide,08.08.2018,2018,2018
14313,KRL/MPM/58A08/2018/44,KERALA,Malappuram,Vendakkumpoyil,Vettilappara,11.32283889,76.12948333,soil,Slide,08.08.2018,2018,2018
14314,KRL/MPM/58A08/2018/45,KERALA,Malappuram,Vendakkumpoyil,Vettilappara,11.33259444,76.12425833,soil,Slide,08.08.2018,2018,2018
14315,KRL/MPM/58A08/2018/46,KERALA,Malappuram,Vendakkumpoyil,Vettilappara,11.32539444,76.12929722,soil,Slide,08.08.2018,2018,2018
14316,KRL/MPM/58A08/2018/47,KERALA,Malappuram,Vendakkumpoyil,Vettilappara,11.32382222,76.13030556,Debris,Slide,08.08.2018,2018,2018
14317,KRL/MPM/58A08/2018/48,KERALA,Malappuram,Karimb-1,Vettilappara,11.31389722,76.07901944,soil,Slide,08.08.2018,2018,2018
14318,KRL/MPM/58A08/2018/49,KERALA,Malappuram,Karimb-2,Vettilappara,11.3131,76.114791,soil,Slide,08.08.2018,2018,2018
14319,KRL/MPM/58A08/2018/50,KERALA,Malappuram,Karimb-3,Vettilappara,11.31310556,76.11574444,soil,Slide,08.08.2018,2018,2018
14320,KRL/MPM/58A08/2018/51,KERALA,Malappuram,Karimb-4,Vettilappara,11.31368611,76.11584444,Debris,Slide,08.08.2018,2018,2018
14321,KRL/MPM/58A08/2018/52,KERALA,Malappuram,Karimb-5,Vettilappara,11.31558889,76.11565,soil,Slide,08.08.2018,2018,2018
14322,KRL/MPM/58A08/2018/53,KERALA,Malappuram,Karimb-6,Vettilappara,11.31415833,76.11435833,soil,Slide,08.08.2018,2018,2018
14323,KRL/MPM/58A08/2018/54,KERALA,Malappuram,Mooleppadam,Akampadam,11.34148889,76.17907222,Rock cum debris,Flows,08.08.2018,2018,2018
14324,KRL/MPM/58A08/2018/55,KERALA,Malappuram,Kandilapara 1,Kurumbalangode,11.3454,76.09737,Debris,Flows,16-08-2018,2018,2018
14325,KRL/MPM/58A08/2018/56,KERALA,Malappuram,Kandilapara 2,Kurumbalangode,11.34772,76.09553,Debris,Flows,16-08-2018,2018,2018
14326,KRL/MPM/58A08/2018/57,KERALA,Malappuram,Nelliyayi-01,Vettilappara,11.27655556,76.13505833,Debris,Flows,08.08.2018,2018,2018
14327,KRL/MPM/58A08/2018/58,KERALA,Malappuram,Nelliyayi-02,Vettilappara,11.27803333,76.14030278,Debris,Flows,08.08.2018,2018,2018
14328,KRL/MPM/58A08/2018/59,KERALA,Malappuram,Odakkayam,Vettilappara,11.27862222,76.11636667,Debris,Flows,08.08.2018,2018,2018
14329,KRL/MPM/58A08/2018/60,KERALA,Malappuram,Thalakandi,Chokkad,11.2132777,76.3295277,soil,Subsidence,16.08.2018,2018,2018
14330,KRL/MPM/58A08/2018/61,KERALA,Malappuram,Veettikunnu,Pullippadam,11.2843694,76.151261,Debris,Flows,16.08.2018,2018,2018
14331,KRL/MPM/58A08/2018/62,KERALA,Malappuram,Veettikunnu,Pullippadam,11.27603,76.14553,Debris,Flows,16.08.2018,2018,2018
14332,KRL/MPM/58A08/2018/63,KERALA,Malappuram,Alappara,Vettilapara,11.08863333,76.08863333,Debris,Slide,17.08.2018,2018,2018
14333,KRL/MPM/58A08/2018/64,KERALA,Malappuram,Alappara,Vettilapara,11.28272778,76.08928056,Debris,Flows,17.08.2018,2018,2018
14334,KRL/MPM/58A08/2018/65,KERALA,Malappuram,Alappara,Vettilapara,11.28323333,76.08965,Debris,Flows,17.08.2018,2018,2018
14335,KRL/MPM/58A08/2018/66,KERALA,Malappuram,Alappara,Vettilapara,11.26681389,76.09093889,Debris,Flows,17.08.2018,2018,2018
14336,KRL/MPM/58A08/2018/67,KERALA,Malappuram,Alappara,Vettilapara,11.28361389,76.0912,Debris,Flows,17.08.2018,2018,2018
14337,KRL/MPM/58A08/2018/68,KERALA,Malappuram,Perakamana_Cholarmala5,Perakamana,11.25760833,76.25871389,Debris,Flows,17.08.2018,2018,2018
14338,KRL/MPM/58A08/2018/69,KERALA,Malappuram,Edavana_Cholarmala_2,Edavana,11.25564722,76.14043056,Soil,slide,17.08.2018,2018,2018
14339,KRL/MPM/58A08/2018/70,KERALA,Malappuram,Edavana_Cholarmala1,Edavana,11.25566111,76.14026944,Debris,Slide,16.08.2018,2018,2018
14340,KRL/MPM/58A08/2018/71,KERALA,Malappuram,Edavana_Cholarmala,Edavana,11.25760278,76.13909722,Debris,Flows,16.08.2018,2018,2018
14341,KRL/MPM/58A08/2018/72,KERALA,Malappuram,Kolappadu_Edavana,Edavana,11.25019722,76.14340556,Debris,Flows,16.08.2018,2018,2018
14342,KRL/MPM/58A08/2018/73,KERALA,Malappuram,Edavana_Perakamana,Edavana,11.25597222,76.13514444,Debris,Slide,16.08.2018,2018,2018
14343,KRL/MPM/58A08/2018/74,KERALA,Malappuram,Edavana_Kappakallu,Edavana,11.25064444,76.14034444,Debris,Flows,16.08.2018,2018,2018
14344,KRL/MPM/58A08/2018/75,KERALA,Malappuram,Edavana_Kappakallu,Edavana,11.25108611,76.1388,Debris,Flows,16.08.2018,2018,2018
14345,KRL/MPM/58A08/2018/76,KERALA,Malappuram,Perakamana_Bathar,Edavana,11.25075278,76.13388333,Debris,Flows,16.08.2018,2018,2018
14346,KRL/MPM/58A08/2018/77,KERALA,Malappuram,Perakamana_Cholarmala5,Perakamana,11.26321389,76.114975,Debris,Flows,16.08.2018,2018,2018
14347,KRL/MPM/58A08/2018/78,KERALA,Malappuram,Edavana_Kappakallu_Cholarmala,Edavana,11.25198333,76.14150833,Debris,Flows,16.08.2018,2018,2018
14348,KRL/MPM/58A08/2018/79,KERALA,Malappuram,Perakamana_Cholarmala Edavana pass,Perakamana,11.26155,76.13833611,Debris,Flows,16.08.2018,2018,2018
14349,KRL/MPM/58A08/2018/80,KERALA,Malappuram,Perakamana_Cholarmala1,Perakamana,11.26186389,76.13835278,Debris,Slide,16.08.2018,2018,2018
14350,1,Kerala,Idukki,Thallakkanam,Alappuzha – Madurai State Highway (SH 40),9.947797222,76.95000278,Debris,Flow,"15th August, 2018",2018,2018
14351,2,Kerala,Idukki,Thallakkanam II,Alappuzha – Madurai State Highway (SH 40),9.947933333,76.95058333,Debris,Flow,"15th August, 2018",2018,2018
14352,3,Kerala,Idukki,Periyar Valley,Alappuzha – Madurai State Highway (SH 40),9.929027778,76.96697222,Debris,Flow,"9th August, 2018",2018,2018
14353,4,Kerala,Idukki,Periyar Valley II,Keerithodu – Periyar Valley road,9.874508333,76.97758333,Debris,Flow,"10th August, 2018",2018,2018
14354,5,Kerala,Idukki,Periyar Valley III,Keerithodu – Periyar Valley road,9.925294444,76.976025,Debris,Flow,"10th August, 2018",2018,2018
14355,6,Kerala,Idukki,Periyar Valley IV,Keerithodu – Periyar Valley road,9.925441667,76.97551944,Debris,Flow,"10th August, 2018",2018,2018
14356,7,Kerala,Idukki,Periyar Valley V,Keerithodu – Periyar Valley road,9.925702778,76.975075,Debris,Slide,"9th August, 2018",2018,2018
14357,8,Kerala,Idukki,Churuli,Alappuzha – Madurai State Highway (SH 40),9.916530556,76.95723611,Debris,Slide,"15th August, 2018",2018,2018
14358,9,Kerala,Idukki,Churuli,Alappuzha – Madurai State Highway (SH 40),9.915105556,76.95836944,Debris,Slide,"16th August, 2018",2018,2018
14359,10,Kerala,Idukki,Attikkalam,Adimali – Kumily National Highway (NH 185),9.906341667,76.96655278,Debris,Slide,"15th August, 2018",2018,2018
14360,11,Kerala,Idukki,Thattekanni I,Ernakulam – Kumily Road,9.999655556,76.88377222,Debris,Slide,"16th August, 2018",2018,2018
14361,12,Kerala,Idukki,Thattekanni II,Ernakulam – Kumily Road,9.998816667,76.88659167,Debris,Flow,"16th August, 2018",2018,2018
14362,13,Kerala,Idukki,Thattekanni III,Ernakulam – Kumily Road,9.998091667,76.88803333,Debris,Flow,"15th August, 2018",2018,2018
14363,14,Kerala,Idukki,Thattekanni IV,Ernakulam – Kumily Road,9.996919444,76.8906,Debris,Slide,"15th August, 2018",2018,2018
14364,15,Kerala,Idukki,Thattekanni V,Ernakulam – Kumily Road,9.995144444,76.895,Debris,Slide,"15th August, 2018",2018,2018
14365,16,Kerala,Idukki,Thattekanni VI,Ernakulam – Kumily Road,9.988547222,76.90524722,Debris,Flow,"15th August, 2018",2018,2018
14366,17,Kerala,Idukki,Thattekanni VII,Ernakulam – Kumily Road,9.986955556,76.90802222,Debris,Flow,"15th August, 2018",2018,2018
14367,18,Kerala,Idukki,Thattekanni VIII,Ernakulam – Kumily Road,9.985438889,76.91070833,Debris,Slide,"15th August, 2018",2018,2018
14368,19,Kerala,Idukki,Kudakkallu,Ernakulam – Kumily Road,9.984905556,76.91116111,Debris,Flow,"15th August, 2018",2018,2018
14369,20,Kerala,Idukki,Kudakkallu II,Ernakulam – Kumily Road,9.984652778,76.91204444,Debris,Flow,"15th August, 2018",2018,2018
14370,21,Kerala,Idukki,Kudakkallu III,Ernakulam – Kumily Road,9.982730556,76.91701667,Debris,Flow,"15th August, 2018",2018,2018
14371,22,Kerala,Idukki,Pambla,Ernakulam – Kumily Road,9.976441667,76.92743333,Debris,Flow,"15th August, 2018",2018,2018
14372,23,Kerala,Idukki,Pambla II,Ernakulam – Kumily Road,9.972691667,76.93636111,Debris,Flow,"15th August, 2018",2018,2018
14373,24,Kerala,Idukki,Pambla III,Ernakulam – Kumily Road,9.964275,76.94714722,Debris,Slide,"15th August, 2018",2018,2018
14374,25,Kerala,Idukki,Pambla IV,Ernakulam – Kumily Road,9.954502778,76.97307222,Debris,Slide,"15th August, 2018",2018,2018
14375,26,Kerala,Idukki,Pambla V,Ernakulam – Kumily Road,9.953966667,76.97423889,Debris,Flow,"15th August, 2018",2018,2018
14376,27,Kerala,Idukki,Periyar Valley Chappath,Pakuthippalam – Murikkasseri Road,9.934419444,76.97129444,Debris,Flow,"9th August, 2018",2018,2018
14377,28,Kerala,Idukki,Periyar Valley Chappath II,Pakuthippalam – Murikkasseri Road,9.937847222,76.97359167,Debris,Slide,"15th August, 2018",2018,2018
14378,29,Kerala,Idukki,Keerithode,Adimali – Kumily National Highway (NH 185),9.939980556,76.97325556,Debris,Slide,"15th August, 2018",2018,2018
14379,30,Kerala,Idukki,Keerithode Junction,Adimali – Kumily National Highway (NH 185),9.9378,76.96460556,Debris,Slide,"15th August, 2018",2018,2018
14380,31,Kerala,Idukki,Thattekallu I,Chelachuvadu – Thodupuzha road,9.971438889,76.89408056,Debris,Slide,"15th August, 2018",2018,2018
14381,32,Kerala,Idukki,Thattekallu II,Chelachuvadu – Thodupuzha road,9.970847222,76.89462222,Debris,Flow,"15th August, 2018",2018,2018
14382,33,Kerala,Idukki,Thattekallu III,Chelachuvadu – Thodupuzha road,9.969144444,76.8991,Debris,Slide,"15th August, 2018",2018,2018
14383,34,Kerala,Idukki,Chelachuvadu,Chelachuvadu – Murickassery road,9.914976,76.963041,Debris,Slide,"14th August, 2018",2018,2018
14384,35,Kerala,Idukki,Chelachuvadu II,Chelachuvadu – Murickassery road,9.915236,76.963416,Debris,Slide,"15th August, 2018",2018,2018
14385,36,Kerala,Idukki,Chelachuvadu III,Chelachuvadu – Murickassery road,9.913324,76.964216,Soil,Slide,"15th August, 2018",2018,2018
14386,37,Kerala,Idukki,Chelachuvadu IV,Chelachuvadu – Murickassery road,9.911005,76.969627,Debris,Slide,"15th August, 2018",2018,2018
14387,38,Kerala,Idukki,Chelachuvadu V,Chelachuvadu – Murickassery road,9.911038,76.970174,Soil,Slide,"15th August, 2018",2018,2018
14388,39,Kerala,Idukki,Periyar Valley Bridge II,Chelachuvadu – Murickassery road,9.909008,76.974146,Debris,Slide,"14th August, 2018",2018,2018
14389,40,Kerala,Idukki,Periyar Valley Bridge III,Chelachuvadu – Murickassery road,9.908645,76.974326,Debris,Slide,"14th August, 2018",2018,2018
14390,41,Kerala,Idukki,Churuli,Adimali – Kumily National Highway (NH 185),9.908482,76.965126,Debris,Slide,"15th August, 2018",2018,2018
14391,42,Kerala,Idukki,Churuli II,Adimali – Kumily National Highway (NH 185),9.909522,76.963546,Debris,Slide,"14th August, 2018",2018,2018
14392,43,Kerala,Idukki,Churuli III,Adimali – Kumily National Highway (NH 185),9.912153,76.958793,Debris,Flow,"14th August, 2018",2018,2018
14393,44,Kerala,Idukki,Karimban Kaanam,Adimali – Kumily National Highway (NH 185),9.906263,76.967401,Debris,Slide,"16th August, 2018",2018,2018
14394,45,Kerala,Idukki,Karimban Kaanam II,Adimali – Kumily National Highway (NH 185),9.90637,76.96773,Debris,Flow,16th August 2018,2018,2018
14395,46,Kerala,Idukki,Karimban Kaanam III,Adimali – Kumily National Highway (NH 185),9.90698,76.965454,Debris,Flow,16th August 2018,2018,2018
14396,47,Kerala,Idukki,Churuli IV,Adimali – Kumily National Highway (NH 185),9.913159,76.958298,Debris,Flow,"16th August, 2018",2018,2018
14397,48,Kerala,Idukki,Churuli V,Adimali – Kumily National Highway (NH 185),9.920033,76.95461,Debris,Slide,"16th August, 2018",2018,2018
14398,49,Kerala,Idukki,Churuli VI,Adimali – Kumily National Highway (NH 185),9.920187,76.951511,Soil,Slide,"16th August, 2018",2018,2018
14399,50,Kerala,Idukki,Churuli VII,Adimali – Kumily National Highway (NH 185),9.923021,76.950735,Debris,Flow,"15th August, 2018",2018,2018
14400,51,Kerala,Idukki,Churuli VIII,Adimali – Kumily National Highway (NH 185),9.921815,76.951284,Soil,Slide,"14th August, 2018",2018,2018
14401,52,Kerala,Idukki,Churulipathal,Churuli - Kanjikuzhy road,9.932914,76.9438,Debris,Flow,"16th August, 2018",2018,2018
14402,53,Kerala,Idukki,Churulipathal I,Churuli - Kanjikuzhy road,9.940399,76.93293,Debris,Slide,"16th August, 2018",2018,2018
14403,54,Kerala,Idukki,Mazhuvady,Ummanchandy colony road,9.950146,76.919921,Debris,Flow,"15th August, 2018",2018,2018
14404,55,Kerala,Idukki,Mazhuvady II,Ummanchandy colony road,9.949778,76.917913,Debris,Slide,"16th August, 2018",2018,2018
14405,56,Kerala,Idukki,Mazhuvady III,Ummanchandy colony road,9.949889,76.91754,Debris,Flow,"16th August, 2018",2018,2018
14406,57,Kerala,Idukki,Punnayar,Kanjikuzhi - Arthipalli Road,9.955556,76.936375,Debris,Flow,"16th August, 2018",2018,2018
14407,58,Kerala,Idukki,Punnayar II,Kanjikuzhi - Arthipalli Road,9.956065,76.936058,Debris,Flow,"16th August, 2018",2018,2018
14408,59,Kerala,Idukki,Punnayar III,Kanjikuzhi - Arthipalli Road,9.954856,76.938605,Debris,Flow,"15th August, 2018",2018,2018
14409,60,Kerala,Idukki,Punnayar IV,Thallakanam - Pallipadi road,9.953476,76.942736,Debris,Flow,"15th August, 2018",2018,2018
14410,61,Kerala,Idukki,Punnayar V,Thallakanam - Pallipadi road,9.953572,76.941889,Debris,Flow,"15th August, 2018",2018,2018
14411,62,Kerala,Idukki,Alpara Temple Road,Alpara Temple Road,9.931077,76.937972,Debris,Slide,"15th August, 2018",2018,2018
14412,63,Kerala,Idukki,Alpara,Kappimukku - Kanjikuzhi road,9.928786,76.938506,Debris,Slide,"16th August, 2018",2018,2018
14413,64,Kerala,Idukki,Alpara II,Kappimukku - Kanjikuzhi road,9.928277,76.939113,Debris,Flow,"16th August, 2018",2018,2018
14414,65,Kerala,Idukki,Alpara III,Kappimukku - Kanjikuzhi road,9.925144,76.941602,Debris,Slide,"16th August, 2018",2018,2018
14415,66,Kerala,Idukki,Alpara IV,Alpara - Kanjikuzhi road,9.920498,76.949252,Debris,Flow,"16th August, 2018",2018,2018
14416,67,Kerala,Idukki,Alpara V,Alpara - Kanjikuzhi road,9.91551,76.948985,Debris,Flow,"15th August, 2018",2018,2018
14417,68,Kerala,Idukki,Vakachuvadu,Mazhuvadi - Kanjikuzhi road,9.956893,76.927282,Debris,Flow,"16th August, 2018",2018,2018
14418,69,Kerala,Idukki,Mazhuvadi,Kanjikuzhi - Mylappuzha road,9.960342,76.91057,Debris,Flow,"15th August, 2018",2018,2018
14419,70,Kerala,Idukki,Vandanmedukavala,Kanjikuzhi - Mylappuzha road,9.959758,76.908442,Debris,Flow,"15th August, 2018",2018,2018
14420,71,Kerala,Idukki,Vandanmedukavala,Mylappuzha - Idathattu road,9.955435,76.908846,Debris,Flow,"16th August, 2018",2018,2018
14421,72,Kerala,Idukki,Blathykavala,A footpath in Chelachuvadu - Thodupuzha road,9.973051,76.856386,Debris,Flow,"16th August, 2018",2018,2018
14422,73,Kerala,Idukki,Blathykavala,A footpath in Chelachuvadu - Thodupuzha road,9.973333,76.856105,Debris,Flow,"16th August, 2018",2018,2018
14423,74,Kerala,Idukki,Blathykavala,Chelachuvadu - Thodupuzha road,9.970695,76.858999,Debris,Slide,"16th August, 2018",2018,2018
14424,75,Kerala,Idukki,Pazhayarikandam,Chelachuvadu - Thodupuzha road,9.96618,76.906191,Debris,Slide,"16th August, 2018",2018,2018
14425,76,Kerala,Idukki,Edakkad,Chelachuvadu - Kathipara road,9.942424,76.942242,Debris,Flow,"16th August, 2018",2018,2018
14426,77,Kerala,Idukki,Edakkad II,Chelachuvadu - Kathipara road,9.933787,76.950753,Debris,Flow,"16th August, 2018",2018,2018
14427,78,Kerala,Idukki,Edakkad III,Chelachuvadu - Kathipara road,9.930246,76.953367,Debris,Slide,"16th August, 2018",2018,2018
14428,79,Kerala,Idukki,Edakkad IV,Edakkad - Churuli Jeep road,9.92677,76.954112,Debris,Flow,"16th August, 2018",2018,2018
14429,80,Kerala,Idukki,Edakkad V,Edakkad - Churuli Jeep road,9.927042,76.953977,Debris,Flow,"16th August, 2018",2018,2018
14430,81,Kerala,Idukki,Edakkad VI,Edakkad - Churuli Jeep road,9.925901,76.954399,Debris,Flow,"15th August, 2018",2018,2018
14431,82,Kerala,Idukki,Churuli IX,Adimali – Kumily National Highway (NH 185),9.91931,76.956101,Debris,Slide,"16th August, 2018",2018,2018
14432,83,Kerala,Idukki,Churuli Junction,Adimali – Kumily National Highway (NH 185),9.919152,76.955371,Debris,Slide,"15th August, 2018",2018,2018
14433,84,Kerala,Idukki,Thallakkanam,An approach road to Alappuzha – Madurai State Highway (SH 40),9.947447222,76.94920833,Debris,Subsidence,"14th August, 2018",2018,2018
14434,85,Kerala,Idukki,Keerithode,Unmetalled road towards the house,9.937797222,76.96202222,NA,Subsidence,"16th August, 2018",2018,2018
14435,86,Kerala,Idukki,Balannaadu,Balannaadu - Blathikavala road,9.973705418,76.8589795,Debris,Slide,"16th August, 2018",2018,2018
14436,87,Kerala,Idukki,Rajapuram,Murickasseri -Keerithodu road,9.923592778,76.98260278,Debris,Flow,8th August 2018,2018,2018
14437,88,Kerala,Idukki,Rajapuram II,Murickasseri -Keerithodu road,9.923118889,76.98176111,Debris,Slide,8th August 2018,2018,2018
14438,89,Kerala,Idukki,Rajapuram III,Murickasseri -Keerithodu road,9.922275,76.98229389,Soil,Slide,8th August 2018,2018,2018
14439,90,Kerala,Idukki,Pallikkudam City,Periyarvalley - Pallikudam city road,9.932653333,76.98209194,Debris,Slide,8th August 2018,2018,2018
14440,91,Kerala,Idukki,Periyar Valley VI,Periyarvalley - Pallikudam city road,9.935335833,76.98095917,Debris,Flow,18th August 2018,2018,2018
14441,92,Kerala,Idukki,Periyar Valley VII,Periyarvalley - Pallikudam city road,9.936412778,76.97923333,Debris,Flow,18th August 2018,2018,2018
14442,93,Kerala,Idukki,Periyar Valley VIII,Periyarvalley - Pallikudam city road,9.935633889,76.97486139,Debris,Flow,18th August 2018,2018,2018
14443,94,Kerala,Idukki,Periyar Valley IX,Periyarvalley - Pallikudam city road,9.935454,76.97476,Soil,Slide,18th August 2018,2018,2018
14444,95,Kerala,Idukki,Senapathy,Murickasseri -Bethel road,9.918976,77.021632,Debris,Slide,9th August 2018,2018,2018
14445,96,Kerala,Idukki,Chempakapara,Murickasseri -Kattappana road,9.913103,77.039136,Debris,Flow,15th August 2018,2018,2018
14446,97,Kerala,Idukki,Chempakapara II,Murickasseri -Kattappana road,9.905364,77.062946,Debris,Slide,15th August 2018,2018,2018
14447,98,Kerala,Idukki,Antopuram,Murickasseri -Chelachuvad road,9.911372,76.977953,Debris,Slide,15th August 2018,2018,2018
14448,99,Kerala,Idukki,Chempakapara III,Murickasseri -Bethel road,9.907523,77.054454,Soil,Slide,10th August 2018,2018,2018
14449,100,Kerala,Idukki,Chempakapara IV,Murickasseri -Bethel road,9.903901,77.062855,Soil,Slide,15th August 2018,2018,2018
14450,101,Kerala,Idukki,Bethel,Foot path,9.886038,77.079206,Debris,Flow,16th August 2018,2018,2018
14451,102,Kerala,Idukki,Bethel II,Foot path,9.886914,77.079339,Debris,Flow,16th August 2018,2018,2018
14452,103,Kerala,Idukki,Bethel III,Foot path,9.887064,77.079923,Debris,Flow,16th August 2018,2018,2018
14453,104,Kerala,Idukki,Bethel IV,Foot path,9.882223,77.083639,Debris,Flow,17th August 2018,2018,2018
14454,105,Kerala,Idukki,Naaluthoonu,Melechinnar - Thopramkudi road,9.881933,77.079426,Debris,Flow,16th August 2018,2018,2018
14455,106,Kerala,Idukki,Naaluthoonu II,Melechinnar - Thopramkudi road,9.88321,77.077629,Debris,Flow,17th August 2018,2018,2018
14456,107,Kerala,Idukki,Naaluthoonu III,An approach road to Melechinnar - Thopramkudy road,9.882807,77.078393,Debris,Flow,17th August 2018,2018,2018
14457,108,Kerala,Idukki,Thopramkudy,Thopramkudi - Amalai road,9.883033,77.060746,Debris,Slide,16th August 2018,2018,2018
14458,109,Kerala,Idukki,Thopramkudy II,Thopramkudi - Vathukudi road,9.886582,77.052528,Debris,Slide,15th August 2018,2018,2018
14459,110,Kerala,Idukki,Maalikkuthu,Padamugam - Malikuthu road,9.895342,77.038972,Debris,Slide,17th August 2018,2018,2018
14460,111,Kerala,Idukki,Maalikkuthu II,Padamugam - Malikuthu road,9.895524,77.038736,Debris,Flow,17th August 2018,2018,2018
14461,112,Kerala,Idukki,Periyar Valley X,Periyar Valley - Murickasseri road,9.908326,76.976366,Debris,Slide,14th August 2018,2018,2018
14462,113,Kerala,Idukki,Periyar Valley XI,Murickasseri - Chelachuvad road,9.908188,76.976757,Debris,Slide,14th August 2018,2018,2018
14463,114,Kerala,Idukki,Antopuram II,Thodupuzha - Murickasseri - Chelachuvad road,9.909755,76.980742,Debris,Flow,14th August 2018,2018,2018
14464,115,Kerala,Idukki,Asramam,Moolamattam - Kottamala road,9.767408,76.880724,Debris,Flow,16th August 2018,2018,2018
14465,116,Kerala,Idukki,Asramam II,Moolamattam - Kottamala road,9.762402,76.886875,Debris,Slide,16th August 2018,2018,2018
14466,117,Kerala,Idukki,Asramam III,Moolamattam - Kottamala road,9.758115,76.887115,Debris,Slide,16th August 2018,2018,2018
14467,118,Kerala,Idukki,Meemuttom,Ashramam - Memuttam link road,9.751969,76.888502,Soil,Slide,16th August 2018,2018,2018
14468,119,Kerala,Idukki,Pathipally,Foot path,9.763586,76.882632,Debris,Slide,16th August 2018,2018,2018
14469,120,Kerala,Idukki,Asramam IV,Moolamattam - Kottamala road,9.766509,76.881357,Debris,Flow,16th August 2018,2018,2018
14470,121,Kerala,Idukki,Kozhipally,Jeep road,9.813075,76.876351,Debris,Slide,16th August 2018,2018,2018
14471,122,Kerala,Idukki,Kozhipally II,Jeep road,9.813493,76.875962,Debris,Flow,16th August 2018,2018,2018
14472,123,Kerala,Idukki,Kozhipally III,Jeep road,9.814796,76.875696,Debris,Slide,16th August 2018,2018,2018
14473,124,Kerala,Idukki,Valiyakandam,Moolamattam - Valiyakandam road,9.777421301,76.85654734,Debris,Slide,15th August 2018,2018,2018
14474,125,Kerala,Idukki,Valiyakandam II,Moolamattam - Valiyakandam road,9.769485485,76.86124237,Debris,Flow,15th August 2018,2018,2018
14475,126,Kerala,Idukki,Myladi,Myladi - Idukki road,9.816191519,76.83888865,Debris,Slide,17th August 2018,2018,2018
14476,127,Kerala,Idukki,Naadukaani,Thodupuzha - Idukki road,9.812449375,76.85372512,Debris,Slide,15th August 2018,2018,2018
14477,128,Kerala,Idukki,Naadukaani,Thodupuzha - Idukki road,9.812495372,76.85357954,Debris,Slide,15th August 2018,2018,2018
14478,129,Kerala,Idukki,Kottappara,Vannapuram - Mullaringad road,9.998154979,76.7971387,Debris,Slide,16th August 2018,2018,2018
14479,130,Kerala,Idukki,Kottappara II,Vannapuram - Mullaringad road,9.99998665,76.80113429,Debris,Slide,15th August 2018,2018,2018
14480,131,Kerala,Idukki,Mullaringadu,Mullaringad - Mambra road,10.00493481,76.81221537,Debris,Slide,15th August 2018,2018,2018
14481,132,Kerala,Idukki,Mullaringadu II,Mullaringad - Mambra road,10.00440974,76.81234926,Debris,Slide,15th August 2018,2018,2018
14482,133,Kerala,Idukki,Vellakkayam,Vellakayam - Kummayikulambu road,10.00768174,76.82238154,Debris,Flow,15th August 2018,2018,2018
14483,134,Kerala,Idukki,Vellakkayam II,Vellakayam - Kummayikulambu road,10.00829216,76.82151851,Debris,Flow,15th August 2018,2018,2018
14484,135,Kerala,Idukki,Kummayakkulambu,Vellakayam - Kummayikulambu road,10.00163665,76.83338317,Debris,Flow,15th August 2018,2018,2018
14485,136,Kerala,Idukki,Kummayakkulambu II,Vellakayam - Kummayikulambu road,10.0021226,76.83214556,Debris,Slide,"15th August, 2018",2018,2018
14486,137,Kerala,Idukki,Kummayakkulambu III,Vellakayam - Kummayikulambu road,10.00311624,76.83064631,Debris,Slide,"15th August, 2018",2018,2018
14487,138,Kerala,Idukki,Vellallu,Vellakkayam - Pattekkudi road,9.998656343,76.83284662,Debris,Slide,"15th August, 2018",2018,2018
14488,139,Kerala,Idukki,Vellallu II,Rajagiri - Kamboorkanam road,9.98845781,76.84452653,Debris,Flow,"16th August, 2018",2018,2018
14489,140,Kerala,Idukki,Vellallu III,Rajagiri - Kamboorkanam road (unmettaled jeep road),9.987717237,76.84765951,Debris,Flow,"15th August, 2018",2018,2018
14490,141,Kerala,Idukki,Ayyappanpara,Vellakkayam - Pattekkudi road,9.982850167,76.85154431,Debris,Slide,"15th August, 2018",2018,2018
14491,142,Kerala,Idukki,Ayyappanpara II,Vellakkayam - Pattekkudi road,9.982223142,76.85375679,Debris,Slide,"15th August, 2018",2018,2018
14492,143,Kerala,Idukki,Ayyappanpara III,Vellakkayam - Pattekkudi road,9.982320551,76.85412212,Debris,Slide,"15th August, 2018",2018,2018
14493,144,Kerala,Idukki,Edathana,Edathana - Eenithazham - Aanakkuzhi road,10.00356148,76.84659077,Debris,Slide,16th August 2018,2018,2018
14494,145,Kerala,Idukki,Edathana II,A footpath,10.00059678,76.84324522,Debris,Slide,"16th August, 2018",2018,2018
14495,146,Kerala,Idukki,Edathana III,A footpath,10.00063521,76.84446751,Debris,Slide,"15th August, 2018",2018,2018
14496,147,Kerala,Idukki,Pulikkathotti,Pattekudi - Vellakkayam road,9.989180344,76.85279302,Debris,Slide,"15th August, 2018",2018,2018
14497,148,Kerala,Idukki,Pattekkudi,Venmani - Pattekudi road,9.986434635,76.86853603,Debris,Slide,"15th August, 2018",2018,2018
14498,149,Kerala,Idukki,Pattekkudi II,Venmani - Pattekudi road,9.986824213,76.86838322,Debris,Slide,"15th August, 2018",2018,2018
14499,150,Kerala,Idukki,Pattekkudi III,Pattekkudi - Meenuliyar road,9.989086256,76.87124144,Debris,Slide,"16th August, 2018",2018,2018
14500,151,Kerala,Idukki,Pattekkudi IV,Pattekudi - Varikkamuthan road,9.984242131,76.87422315,Debris,Slide,"16th August, 2018",2018,2018
14501,152,Kerala,Idukki,Aanakkuzhi,Aanakkuzhi - Aenithanam road,9.996837962,76.85754223,Debris,Flow,"16th August, 2018",2018,2018
14502,153,Kerala,Idukki,Aenithazham,Aanakkuzhi - Aenithanam road,10.0038801,76.85431726,Debris,Flow,"16th August, 2018",2018,2018
14503,154,Kerala,Idukki,Balannaadu II,Balannaadu - Blathikavala road,9.983003843,76.84665713,Debris,Flow,"16th August, 2018",2018,2018
14504,155,Kerala,Idukki,Balannaadu III,Balannaadu - Blathikavala road,9.984947566,76.84500833,Debris,Slide,"16th August, 2018",2018,2018
14505,156,Kerala,Idukki,Kallippara,Vannapuram - Chelachuvadu road,9.975410902,76.838334,Debris,Slide,"16th August, 2018",2018,2018
14506,157,Kerala,Idukki,Kallippara II,Vannapuram - Chelachuvadu road,9.975962537,76.83830062,Debris,Slide,"16th August, 2018",2018,2018
14507,158,Kerala,Idukki,Kallippara III,Vannapuram - Chelachuvadu road,9.979038103,76.84286846,Debris,Flow,"15th August, 2018",2018,2018
14508,159,Kerala,Idukki,Vallallu,Vellakkayam - Blathikavala road,9.990173,76.838353,Debris,Subsidence,"15th August, 2018",2018,2018
14509,160,Kerala,Idukki,Kudakkachira,Kudakkachira road,9.983378,76.836163,Debris,Subsidence,"16th August, 2018",2018,2018
14510,161,Kerala,Idukki,Mundanmudi,,9.979038,76.842868,Debris,Cut slope failure,"15th August, 2018",2018,2018
14511,162,Kerala,Idukki,Mundanmudi,,9.974056,76.829891,Debris,Subsidence,"15th August, 2018",2018,2018
14512,163,Kerala,Idukki,Vannapuram,,10.004959,76.827638,Debris,Subsidence,"15th August, 2018",2018,2018
14513,164,Kerala,Idukki,Mundanmudi,,9.983651,76.835881,Debris,Slide,"16th August, 2018",2018,2018
14514,165,Kerala,Idukki,Vazhavara,Nirmala city - Vazhavara municipality road,9.792627,77.067686,Soil,Slide,"16th August, 2018",2018,2018
14515,166,Kerala,Idukki,KSRTC Kattappana Sub Depo,Idukki - Kattappana road,9.768134907,77.10829402,Debris,Slide,18th August 2018,2018,2018
14516,167,Kerala,Idukki,Kattappana,Idukki - Kattappana road,9.764816866,77.10987687,Debris,Slide,"15th August, 2018",2018,2018
14517,168,Kerala,Idukki,Kallukunnu,Idukki - Kattappana road,9.761131123,77.11245058,Debris,Slide,"15th August, 2018",2018,2018
14518,169,Kerala,Idukki,Kochuthovala,Kattapana - Kochuthovala road,9.768435268,77.12828801,Debris,Slide,"15th August, 2018",2018,2018
14519,170,Kerala,Idukki,Kochuthovala,Kochuthovala - Pulikkalpadi road,9.770978685,77.13349811,Soil,Slide,"15th August, 2018",2018,2018
14520,171,Kerala,Idukki,Vakappadi,Private jeep road,9.793411893,77.06495693,NA,Subsidence,"15th August, 2018",2018,2018
14521,172,Kerala,Idukki,Konginippadavu,Nanguthotti - Velliampadi road,9.774871374,77.09912379,Debris,Slide,"15th August, 2018",2018,2018
14522,173,Kerala,Idukki,Krishnamkudi,Vellayamkudi - Mulakaramedu road,9.789942971,77.08532125,Debris,Slide,"15th August, 2018",2018,2018
14523,174,Kerala,Idukki,Parakkadavu,Kattapana - Puliyanmala road,9.753602864,77.13547404,Soil,Slide,"14th August, 2018",2018,2018
14524,175,Kerala,Idukki,Parakkadavu II,Kattapana - Puliyanmala road,9.750874738,77.12944301,Soil,Slide,"15th August, 2018",2018,2018
14525,176,Kerala,Idukki,Kanakalippadi,Idukki - Kattappana road,9.76948285,77.08905732,Soil,Slide,"June, 2018",2018,2018
14526,177,Kerala,Idukki,Vazhavara,,9.796795,77.067566,Debris,Subsidence,"15th August, 2018",2018,2018
14527,178,Kerala,Idukki,Mothirapalliyil,,9.786024,77.124144,Debris,Cut slope failure,"15th August, 2018",2018,2018
14528,179,Kerala,Idukki,Kattappana,,9.756908,77.125782,Debris,Cut slope failure,"15th August, 2018",2018,2018
14529,180,Kerala,Idukki,Vazhavara,,9.790765,77.066116,NA,Subsidence,"15th August, 2018",2018,2018
14530,181,Kerala,Idukki,Kallukunnu II,,9.761878,77.11159,Debris,Cut slope failure,"15th August, 2018",2018,2018
14531,182,Kerala,Idukki,Vazhavara,,9.794404,77.060807,Debris,Cut slope failure,"16th August, 2018",2018,2018
14532,183,Kerala,Idukki,Mulakarameedu,,9.775862,77.083611,NA,Subsidence,"16th August, 2018",2018,2018
14533,184,Kerala,Idukki,Kalyanathandu,Kalyanathandu - Adivarikkudi road,9.763066379,77.08295768,Debris,Flow,"15th August, 2018",2018,2018
14534,185,Kerala,Idukki,Kalthotti,Kalthotti - Vellilamkandam road,9.715762892,77.06393214,Debris,Slide,"15th August, 2018",2018,2018
14535,186,Kerala,Idukki,Kalthotti II,Kalthotti - Vellilamkandam road,9.715642363,77.0644325,Debris,Slide,"15th August, 2018",2018,2018
14536,187,Kerala,Idukki,Irattayar,Irattayar - Nedumkandam road,9.798944362,77.1089531,Debris,Flow,"16th August, 2018",2018,2018
14537,188,Kerala,Idukki,Irattayar North,Shanthigram - Irattayar north road,9.810384858,77.1064828,Debris,Slide,"15th August, 2018",2018,2018
14538,189,Kerala,Idukki,Irattayar North II,Shanthigram - Irattayar north road,9.810828425,77.10637625,Debris,Slide,"15th August, 2018",2018,2018
14539,190,Kerala,Idukki,Mangattupadi,Mangattupadi - Idinjamala road,9.81092575,77.09943244,Debris,Slide,"15th August, 2018",2018,2018
14540,191,Kerala,Idukki,Mangattupadi II,Mangattupadi - Idinjamala road,9.811184305,77.09855006,Debris,Slide,"14th August, 2018",2018,2018
14541,192,Kerala,Idukki,Irattayar North III,Mangattupadi - Idinjamala road,9.811205599,77.09803073,Debris,Flow,"14th August, 2018",2018,2018
14542,193,Kerala,Idukki,Irattayar North IV,Shanthigram - Irattayar north road,9.809430603,77.10003362,Soil,Slide,"15th August, 2018",2018,2018
14543,194,Kerala,Idukki,Idinjamala,,9.817654798,77.0797255,Debris,Slide,"15th August, 2018",2018,2018
14544,195,Kerala,Idukki,Nellippara,Nellippara - Ezhammile road,9.810211202,77.0641951,Debris,Flow,"15th August, 2018",2018,2018
14545,196,Kerala,Idukki,Nellippara II,Nellippara - Ezhammile road,9.810414717,77.06343082,Debris,Flow,"15th August, 2018",2018,2018
14546,197,Kerala,Idukki,Nellippara III,Nellippara - Ezhammile road,9.810954929,77.05932391,Debris,Flow,"19th August, 2018",2018,2018
14547,198,Kerala,Idukki,Nellippara IV,Nellippara - Ezhammile road,9.813177667,77.05649416,Debris,Slide,"15th August, 2018",2018,2018
14548,199,Kerala,Idukki,Naalumukku,Kattapana - Naalumukku - Thangamani road,9.811895349,77.07703751,Debris,Slide,"15th August, 2018",2018,2018
14549,200,Kerala,Idukki,Naalumukku II,Kattapana - Naalumukku - Thangamani road,9.811021097,77.07809834,Soil,Slide,"15th August, 2018",2018,2018
14550,201,Kerala,Idukki,Irattayar North V,Erattayar North - Idinjamala road,9.810814407,77.09989652,Debris,Flow,"15th August, 2018",2018,2018
14551,202,Kerala,Idukki,Irattayar North VI,Erattayar North - Idinjamala road,9.810796669,77.09984173,Debris,Slide,"15th August, 2018",2018,2018
14552,203,Kerala,Idukki,Irattayar North VII,Erattayar North - Idinjamala road,9.810482128,77.10100627,Debris,Slide,"15th August, 2018",2018,2018
14553,204,Kerala,Idukki,Naalumukku III,,9.805415922,77.07973116,Debris,Flow,"15th August, 2018",2018,2018
14554,205,Kerala,Idukki,Naalumukku IV,Idukki - Thankamani road,9.812280493,77.07761406,Debris,Slide,"15th August, 2018",2018,2018
14555,206,Kerala,Idukki,Ezhukumel,Asharakavala - Erattayar north,9.812482254,77.11077937,Debris,Slide,"15th August, 2018",2018,2018
14556,207,Kerala,Idukki,Ezhukumel II,Asharakavala - Erattayar north,9.811227332,77.11199261,Debris,Slide,"15th August, 2018",2018,2018
14557,208,Kerala,Idukki,Anjumukku,Ezhukumel - Valiyathovala road,9.806066024,77.12358836,Soil,Slide,"15th August, 2018",2018,2018
14558,209,Kerala,Idukki,Thovalameedu,Thovalamettu - Urumboli road,9.80346592,77.12020907,Debris,Flow,"15th August, 2018",2018,2018
14559,210,Kerala,Idukki,Thovalameedu II,Thovalamettu - Aashari kavala road,9.805074536,77.12025575,Debris,Flow,"15th August, 2018",2018,2018
14560,211,Kerala,Idukki,Nathukallu,Vellayamkudi - Nanguthotti - Kattappana road,9.789481948,77.09413966,Debris,Flow,"15th August, 2018",2018,2018
14561,212,Kerala,Idukki,Kurishumala,Nanguthotty - Velliyamkudi road,9.789688045,77.09149821,Debris,Slide,"15th August, 2018",2018,2018
14562,213,Kerala,Idukki,Naanguthotti,Nanguthotty - Vazhavara road,9.794839084,77.08139674,Debris,Flow,"15th August, 2018",2018,2018
14563,214,Kerala,Idukki,Vaazhavara,Nanguthotty - Vazhavara road,9.797631161,77.07565461,Debris,Flow,"16th August, 2018",2018,2018
14564,215,Kerala,Idukki,Vaazhavara ST colony,Vaazhavara ST colony road,9.807040381,77.06833123,Debris,Slide,"15th August, 2018",2018,2018
14565,216,Kerala,Idukki,Idinjamala,,9.820333,77.082221,Soil,Subsidence,"15th August, 2018",2018,2018
14566,217,Kerala,Idukki,Shanthigram,,9.806708,77.08415,Debris,Cut slope failure,"15th August, 2018",2018,2018
14567,218,Kerala,Idukki,Shanthigram,,9.812467,77.07664,Debris,Cut slope failure,"15th August, 2018",2018,2018
14568,219,Kerala,Idukki,Mevarayattu,,9.795973,77.104232,Debris,Subsidence,"15th August, 2018",2018,2018
14569,220,Kerala,Idukki,Naalumukku,,9.811719,77.076298,Debris,Subsidence,"15th August, 2018",2018,2018
14570,221,Kerala,Idukki,Edappokkulam,Merikulam - Anavilasam road,9.676364042,77.04987125,Debris,Slide,"15th August, 2018",2018,2018
14571,222,Kerala,Idukki,Pullumeedu,Pullumedu - Sulthaniya road,9.667328231,77.05837057,Debris,Slide,"15th August, 2018",2018,2018
14572,223,Kerala,Idukki,Pullumeedu II,Pullumedu - Sulthaniya road,9.667029512,77.05844163,Debris,Slide,"15th August, 2018",2018,2018
14573,224,Kerala,Idukki,Ambalameedu,Ambalameedu - Sulthaniya footpath,9.685096342,77.05283039,Debris,Flow,"15th August, 2018",2018,2018
14574,225,Kerala,Idukki,Pathinalam Mile,Vaitilakandam - Pathinalam mile road,10.030773,76.88974,Debris,Slide,"15th August, 2018",2018,2018
14575,226,Kerala,Idukki,Pathinalam Mile II,Arakkapadi - Thumbipara road,10.0309,76.900786,Debris,Flow,"14th August, 2018",2018,2018
14576,227,Kerala,Idukki,Pathinalam Mile III,Arakkapadi - Thumbipara road,10.031347,76.900022,Debris,Flow,"14th August, 2018",2018,2018
14577,228,Kerala,Idukki,Pathinalam Mile IV,Arakkapadi - Thumbipara road,10.030213,76.900791,Debris,Flow,"14th August, 2018",2018,2018
14578,229,Kerala,Idukki,Pathinalam Mile V,Arakkapadi - Thumbipara road,10.029819,76.90015,Soil,Slide,"15th August, 2018",2018,2018
14579,230,Kerala,Idukki,Machiplavu,Machiplavu - Thattekannamkudi road,10.031718,76.912574,Debris,Flow,"14th August, 2018",2018,2018
14580,231,Kerala,Idukki,Machiplavu,Machiplavu - Thattekannamkudi road,10.024114,76.914381,Debris,Slide,"15th August, 2018",2018,2018
14581,232,Kerala,Idukki,Machiplavu,Machiplavu - Thattekannamkudi road,10.0236,76.914314,Soil,Slide,"15th August, 2018",2018,2018
14582,233,Kerala,Idukki,Noorankara - Muthuvankudi,Noorankara - Muthuvankudi road,10.036551,76.941205,Debris,Flow,"15th August, 2018",2018,2018
14583,234,Kerala,Idukki,Noorankara,Korangatti - Plamala road,10.03529,76.948184,Debris,Slide,"15th August, 2018",2018,2018
14584,235,Kerala,Idukki,Noorankara,Korangatti - Plamala road,10.033387,76.948911,Debris,Slide,"15th August, 2018",2018,2018
14585,236,Kerala,Idukki,Korangatti,Korangatti - Plamala road,10.030843,76.94035,Debris,Slide,"15th August, 2018",2018,2018
14586,237,Kerala,Idukki,Korangatti,Korangatti - Plamala road,10.033634,76.936135,Debris,Slide,"15th August, 2018",2018,2018
14587,238,Kerala,Idukki,Korangatti,Korangatti - Plamala road,10.032608,76.935362,Debris,Slide,"15th August, 2018",2018,2018
14588,239,Kerala,Idukki,Korangatti,Korangatti - Plamala road,10.03203,76.933708,Debris,Slide,"15th August, 2018",2018,2018
14589,240,Kerala,Idukki,Korangatti,Korangatti - Plamala road,10.031732,76.933624,Debris,Slide,"15th August, 2018",2018,2018
14590,241,Kerala,Idukki,Chattuparakudi,Korangatti - Plamala road,10.031173,76.933329,Debris,Slide,"15th August, 2018",2018,2018
14591,242,Kerala,Idukki,Chattuparakudi,Korangatti - Plamala road,10.030556,76.9338,Debris,Flow,"15th August, 2018",2018,2018
14592,243,Kerala,Idukki,Chattuparakudi,Korangatti - Plamala road,10.028576,76.933742,Debris,Slide,"15th August, 2018",2018,2018
14593,244,Kerala,Idukki,Adimali,Adimali - Library road,10.013351,76.960455,Debris,Slide,"15th August, 2018",2018,2018
14594,245,Kerala,Idukki,Adimali Library Road,Adimali - Library road,10.011862,76.964605,Debris,Slide,"8th August, 2018",2018,2018
14595,246,Kerala,Idukki,Adimali Library Road,Adimali - Library road,10.011908,76.964396,Debris,Slide,"8th August, 2018",2018,2018
14596,247,Kerala,Idukki,Adimali Library Road,Adimali - Library road,10.011914,76.964861,Debris,Slide,"8th August, 2018",2018,2018
14597,248,Kerala,Idukki,Adimali Library Road,Adimali - Library road,10.011894,76.965253,Soil,Slide,"8th August, 2018",2018,2018
14598,249,Kerala,Idukki,Palachuvadu,Adimali - Munnar highway,10.013924,76.964344,Debris,Slide,"9th August, 2018",2018,2018
14599,250,Kerala,Idukki,Mukkalekkar,200 acre - Mezhukumchal road,9.997868,76.964767,Debris,Slide,"8th August, 2018",2018,2018
14600,251,Kerala,Idukki,Mukkalekkar,201 acre - Mezhukumchal road,10.001608,76.959035,Debris,Slide,"8th August, 2018",2018,2018
14601,252,Kerala,Idukki,Munithand,Adimali - Koompanpara road,10.011485,76.964065,Debris,Slide,"8th August, 2018",2018,2018
14602,253,Kerala,Idukki,Munithand,Adimali - Koompanpara road,10.011132,76.965759,Debris,Slide,"9th August, 2018",2018,2018
14603,254,Kerala,Idukki,Kallar - Eight acre,Ettekkar road,10.025678,76.986658,Soil,Slide,"14th August, 2018",2018,2018
14604,255,Kerala,Idukki,8 acre,Kallar - Koopanpara road,10.02443,76.986861,Debris,Slide,"15th August, 2018",2018,2018
14605,256,Kerala,Idukki,Pettimudi,Kallar - Koopanpara road,10.022416,76.978923,Debris,Slide,"14th August, 2018",2018,2018
14606,257,Kerala,Idukki,Pettimudi,Kallar - Koopanpara road,10.024074,76.976863,Debris,Flow,"15th August, 2018",2018,2018
14607,258,Kerala,Idukki,Pettimudi Settlement,Kallar - Koopanpara road,10.02155,76.97403,Debris,Slide,"15th August, 2018",2018,2018
14608,259,Kerala,Idukki,Pettimudi,Pettimudi - Thekkekkara road,10.020316,76.976311,Debris,Flow,"14th August, 2018",2018,2018
14609,260,Kerala,Idukki,Pettimudi,Pettimudi - Koompanpara road,10.022125,76.970194,Debris,Slide,"15th August, 2018",2018,2018
14610,261,Kerala,Idukki,Pettimudi,Pettimudi - Koompanpara - Vattayar road,10.022568,76.960903,Debris,Flow,"15th August, 2018",2018,2018
14611,262,Kerala,Idukki,Thalamali,Korangatti - Thalamali road,10.023758,76.953842,Debris,Slide,"15th August, 2018",2018,2018
14612,263,Kerala,Idukki,Korangatti,Korangatti - Koompanpara road,10.032249,76.942529,Debris,Slide,"9th August, 2018",2018,2018
14613,264,Kerala,Idukki,Korangatti,Korangatti - Koompanpara road,10.032275,76.942702,Debris,Slide,"2nd August, 2018",2018,2018
14614,265,Kerala,Idukki,Chinnaparakkudi,Adimali - Chinnaprarkkudi road,9.997695,76.944932,Debris,Slide,"15th August, 2018",2018,2018
14615,266,Kerala,Idukki,Chinnaparakkudi,Adimali - Chinnaprarkkudi road,9.99701,76.946049,Debris,Slide,"15th August, 2018",2018,2018
14616,267,Kerala,Idukki,Chinnaparakkudi,Adimali - Chinnaprarkkudi road,9.998928,76.942668,Debris,Slide,"15th August, 2018",2018,2018
14617,268,Kerala,Idukki,S P Kudi,Adimali - Chinnaprarkkudi road,10.008157,76.934999,Debris,Slide,"15th August, 2018",2018,2018
14618,269,Kerala,Idukki,S P Kudi,Adimali - Chinnaprarkkudi road,10.007979,76.934532,Debris,Slide,"15th August, 2018",2018,2018
14619,270,Kerala,Idukki,S P Kudi,Adimali - Chinnaprarkkudi road,10.008478,76.932793,Debris,Slide,"14th August, 2018",2018,2018
14620,271,Kerala,Idukki,Thalathorappan,Adimali - Chinnaprarkkudi road,10.007057,76.925216,Debris,Flow,"15th August, 2018",2018,2018
14621,272,Kerala,Idukki,Pazhayapallichal,Irumbupalam - Pazhampallichal road,10.060927,76.830843,Debris,Slide,"15th August, 2018",2018,2018
14622,273,Kerala,Idukki,Pazhayapallichal,Irumbupalam - Pazhampallichal road,10.062068,76.830604,Debris,Slide,"16th August, 2018",2018,2018
14623,274,Kerala,Idukki,Plakkayam,Padikkappu - Kattamudi road,10.043702,76.88945,Debris,Flow,"15th August, 2018",2018,2018
14624,275,Kerala,Idukki,Plakkayam,Padikkappu - Kattamudi road,10.045443,76.901089,Debris,Slide,"8th August, 2018",2018,2018
14625,276,Kerala,Idukki,Kunjipettykudy,Padikkappu - Kattamudi road,10.042278,76.912363,Debris,Slide,"9th August, 2018",2018,2018
14626,277,Kerala,Idukki,Kunjipettykudy,Padikkappu - Kattamudi road,10.042103,76.912845,Debris,Slide,"9th August, 2018",2018,2018
14627,278,Kerala,Idukki,Kunjipettykudy,Padikkappu - Kattamudi road,10.04169,76.910918,Debris,Slide,"9th August, 2018",2018,2018
14628,279,Kerala,Idukki,Kattamudi,Padikkappu - Kattamudi road,10.041956,76.919657,Debris,Flow,"14th August, 2018",2018,2018
14629,280,Kerala,Idukki,Kattamudikudy,Padikkappu - Kattamudi road (unmetalled),10.042933,76.924169,Debris,Slide,"8th August, 2018",2018,2018
14630,281,Kerala,Idukki,Kattamudikudy,Padikkappu - Kattamudi road (unmetalled),10.041862,76.914002,Debris,Slide,"9th August, 2018",2018,2018
14631,282,Kerala,Idukki,Plamala,Peechad - Plamalakudi road,10.053132,76.942389,Debris,Flow,"15th August, 2018",2018,2018
14632,283,Kerala,Idukki,Jnavalpparakkudi,Peechad - Plamalakudi road,10.063173,76.931832,Debris,Slide,"15th August, 2018",2018,2018
14633,284,Kerala,Idukki,Kudakkallu kudi,Peechad - Kudakallukudi road,10.060098,76.928977,Debris,Slide,"July, 2018",2018,2018
14634,285,Kerala,Idukki,Kudakkallu kudi,Peechad - Kudakallukudi road,10.060082,76.928721,Debris,Slide,"8th August, 2018",2018,2018
14635,286,Kerala,Idukki,Kudakkallu kudi,Peechad - Kudakallukudi road,10.060891,76.926327,Debris,Slide,"15th August, 2018",2018,2018
14636,287,Kerala,Idukki,Kudakkallu kudi,Peechad - Kudakallukudi road,10.060595,76.925942,Debris,Flow,"8th August, 2018",2018,2018
14637,288,Kerala,Idukki,Kudakkallu kudi,Peechad - Kudakallukudi road,10.060128,76.930063,Debris,Slide,"15th August, 2018",2018,2018
14638,289,Kerala,Idukki,Kandachal,Peechad - Kudakallukudi road,10.058896,76.941338,Debris,Flow,"15th August, 2018",2018,2018
14639,290,Kerala,Idukki,Cheeyyappara,Ernakulam - Munnar road,10.052865,76.830616,Debris,Slide,"15th August, 2018",2018,2018
14640,291,Kerala,Idukki,Cheeyyappara,Ernakulam - Munnar road,10.052144,76.831825,Debris,Slide,"15th August, 2018",2018,2018
14641,292,Kerala,Idukki,Cheeyyappara,Ernakulam - Munnar road,10.050389,76.835281,Debris,Slide,"15th August, 2018",2018,2018
14642,293,Kerala,Idukki,Valara,Ernakulam - Munnar road,10.048843,76.838474,Debris,Slide,"15th August, 2018",2018,2018
14643,294,Kerala,Idukki,Valara,Ernakulam - Munnar road,10.047849,76.840083,Debris,Slide,"15th August, 2018",2018,2018
14644,295,Kerala,Idukki,Valara,Ernakulam - Munnar road,10.041342,76.842965,Debris,Slide,"15th August, 2018",2018,2018
14645,296,Kerala,Idukki,Koompanpara,Adimali - Munnar NH,10.011409,76.979942,Debris,Slide,"15th August, 2018",2018,2018
14646,297,Kerala,Idukki,Pallikkunnu,Mangulam - Pallikunnu road,10.120112,76.932126,Debris,Flow,"9th August, 2018",2018,2018
14647,298,Kerala,Idukki,Nellippadi,Mangulam - Anaviratty road,10.131041,76.925988,Soil,Subsidence,"9th August, 2018",2018,2018
14648,299,Kerala,Idukki,Perunkuthu,Nellipadi - Aram mile road,10.128558,76.931656,Debris,Slide,"8th August, 2018",2018,2018
14649,300,Kerala,Idukki,Perunkuthu,Mangulam - Anakulam road,10.137426,76.923973,Debris,Slide,"9th August, 2018",2018,2018
14650,301,Kerala,Idukki,Velliyampara,Velliamparakudi road,10.115896,76.918882,Debris,Slide,"9th August, 2018",2018,2018
14651,302,Kerala,Idukki,Velliyamparakudi,Velliamparakudi road,10.120504,76.911538,Debris,Flow,"9th August, 2018",2018,2018
14652,303,Kerala,Idukki,Singukudi Tribal Settlement,Singukudi Tribal Settlement road,10.122906,76.964036,Debris,Flows,"16th August, 2018",2018,2018
14653,304,Kerala,Idukki,Singukudi Tribal Settlement,Singukudi Tribal Settlement road,10.124435,76.962431,Soil,Subsidence,"14th August, 2018",2018,2018
14654,305,Kerala,Idukki,Mankulam,Mankulam - Adimali road,10.112005,76.933446,Rock-cum-debris,Slide,"9th August, 2018",2018,2018
14655,306,Kerala,Idukki,Thalumkandam,Mankulam - Thalumkandam road,10.108727,76.918985,Debris,Slide,"9th August, 2018",2018,2018
14656,307,Kerala,Idukki,Thalumkandam,Mankulam - Thalumkandam road,10.105038,76.919146,Debris,Flows,"9th August, 2018",2018,2018
14657,308,Kerala,Idukki,Pambukkayam,Thalukandam - Sukumarankada road,10.098874,76.928149,Debris,Slide,"9th August, 2018",2018,2018
14658,309,Kerala,Idukki,Pambukkayam,Thalukandam - Sukumarankada road,10.100944,76.928171,Debris,Slide,"9th August, 2018",2018,2018
14659,310,Kerala,Idukki,Virippara,Kallar - Mankulam road,10.081212,76.950995,Debris,Slide,"9th August, 2018",2018,2018
14660,311,Kerala,Idukki,25 acre,Plamala - Adimali shortcut road,10.041179,76.945875,Debris,Flows,"15th August, 2018",2018,2018
14661,312,Kerala,Idukki,Peechad,Kallar - Mankulam road,10.063931,76.958224,Debris,Slide,"9th August, 2018",2018,2018
14662,313,Kerala,Idukki,Peechad,Kallar - Mankulam road,10.059519,76.955288,Debris,Slide,"15th August, 2018",2018,2018
14663,314,Kerala,Idukki,60th Mile,Adimali - Munnar highway,10.025909,76.993454,Debris,Slide,"16th August, 2018",2018,2018
14664,315,Kerala,Idukki,Kallar,Adimali - Munnar highway,10.028624,76.986795,Debris,Slide,"8th August, 2018",2018,2018
14665,316,Kerala,Idukki,Anaviratty,Adimali - Munnar highway,10.017426,77.00006,Debris,Flows,"16th August, 2018",2018,2018
14666,317,Kerala,Idukki,Anaviratty,Adimali - Munnar highway,10.017242,76.997651,Debris,Slide,"13th August, 2018",2018,2018
14667,318,Kerala,Idukki,Anaviratty,Adimali - Munnar highway,10.01781,76.99491,Debris,Slide,"10th August, 2018",2018,2018
14668,319,Kerala,Idukki,Anaviratty,Adimali - Munnar highway,10.01805,76.995549,Debris,Slide,"8th August, 2018",2018,2018
14669,320,Kerala,Idukki,Anaviratty,Adimali - Munnar highway,10.017266,76.984647,Debris,Flows,"9th August, 2018",2018,2018
14670,321,Kerala,Idukki,Koompanpara,Adimali - Munnar highway,10.015962,76.983426,Debris,Flows,"16th August, 2018",2018,2018
14671,322,Kerala,Idukki,Koompanpara,Adimali - Munnar road,10.013121,76.982378,Debris,Flows,"10th August, 2018",2018,2018
14672,323,Kerala,Idukki,Koompanpara,Adimali - Munnar highway,10.012345,76.980586,Debris,Slide,"8th August, 2018",2018,2018
14673,324,Kerala,Idukki,Koompanpara,Adimali - Munnar road,10.012191,76.980621,Debris,Flows,"8th August, 2018",2018,2018
14674,325,Kerala,Idukki,Plamala,,10.04814,76.945716,Debris,Slide,"15th August, 2018",2018,2018
14675,326,Kerala,Idukki,Kallar,Adimali - Munnar highway,10.028027,76.98991,Debris,Slide,"15th August, 2018",2018,2018
14676,327,Kerala,Idukki,60th Mile,Adimali - Munnar highway,10.027278,76.991246,Debris,Slide,"15th August, 2018",2018,2018
14677,328,Kerala,Idukki,60th Mile,Adimali - Munnar highway,10.026848,76.992101,Debris,Slide,"15th August, 2018",2018,2018
14678,329,Kerala,Idukki,60th Mile,Adimali - Munnar highway,10.024591,76.9962,Debris,Slide,"15th August, 2018",2018,2018
14679,330,Kerala,Idukki,60th Mile,Adimali - Munnar highway,10.018154,77.009831,Debris,Slide,"15th August, 2018",2018,2018
14680,331,Kerala,Idukki,Anaviratty,Adimali - Munnar highway,10.017696,76.99438,Soil,Slide,"15th August, 2018",2018,2018
14681,332,Kerala,Idukki,Koompanpara,Adimali - Munnar highway,10.015845,76.984857,Debris,Slide,"15th August, 2018",2018,2018
14682,333,Kerala,Idukki,Koompanpara,Adimali - Munnar highway,10.012398,76.98231,Debris,Slide,"13th August, 2018",2018,2018
14683,334,Kerala,Idukki,Kurushumpadi,Anaviratty - Kurishumpadi road,10.019424,76.991062,Rock-cum-debris,Flows,"9th August, 2018",2018,2018
14684,335,Kerala,Idukki,Odakkacity,Koompanpara - Mankadavu road,10.000277,76.992769,Debris,Slide,"8th August, 2018",2018,2018
14685,336,Kerala,Idukki,Mandalamkunnu,Mandalamkunnu - Kondyampadi road,10.005235,76.996611,Debris,Flows,"8th August, 2018",2018,2018
14686,337,Kerala,Idukki,Odakkacity,Koompanpara - Odakacity road,10.005418,76.991651,Debris,Subsidence,"8th August, 2018",2018,2018
14687,338,Kerala,Idukki,Odakkacity,Koompanpara - Odakacity road,10.005377,76.992508,Debris,Flows,"8th August, 2018",2018,2018
14688,339,Kerala,Idukki,Odakkacity,Koompanpara - Mankadavu road,10.002694,76.998237,Debris,Slide,"15th August, 2018",2018,2018
14689,340,Kerala,Idukki,Maankadavu,Koompanpara - Mankadavu road,10.00267,76.999222,Debris,Slide,"13th August, 2018",2018,2018
14690,341,Kerala,Idukki,Maankadavu,Anaviratty - Mankadavu road,10.000774,77.007892,Debris,Slide,"15th August, 2018",2018,2018
14691,342,Kerala,Idukki,Maankadavu,Anaviratty - Mankadavu road,10.00053,77.00944,Debris,Slide,"10th August, 2018",2018,2018
14692,343,Kerala,Idukki,Maankadavu,Anaviratty - Mankadavu road,10.0018,77.011628,Debris,Slide,"10th August, 2018",2018,2018
14693,344,Kerala,Idukki,Kallarkutty,Adimali - Idukki highway,9.979597,76.999947,Debris,Flows,"9th August, 2018",2018,2018
14694,345,Kerala,Idukki,Kallarkutty,Adimali - Idukki highway,9.97984,77.00014,Debris,Slide,"7th August, 2018",2018,2018
14695,346,Kerala,Idukki,Kallarkutty,Adimali - Idukki highway,9.980202,77.000142,Debris,Flows,"8th August, 2018",2018,2018
14696,347,Kerala,Idukki,Kallarkutty,Adimali - Idukki highway,9.981403,76.998763,Debris,Slide,"14th August, 2018",2018,2018
14697,348,Kerala,Idukki,Naikkunnu Kavala,Adimali - Idukki highway,9.983784,76.998194,Soil,Slide,"14th August, 2018",2018,2018
14698,349,Kerala,Idukki,Naikkunnu,Kallarkutty - Naikunnu - Koompanapara road,9.990991,76.99481,Soil,Slide,"16th August, 2018",2018,2018
14699,350,Kerala,Idukki,Naikkunnu,Naikunnu - Irunoorekar road,9.993229,76.990911,Debris,Slide,"16th August, 2018",2018,2018
14700,351,Kerala,Idukki,Naikkunnu,Naikunnu - 1000 acre road,9.992667,76.986522,Debris,Flows,"16th August, 2018",2018,2018
14701,352,Kerala,Idukki,Kathipara,Adimali - Idukki highway,9.981009,76.993645,Soil,Slide,"15th August, 2018",2018,2018
14702,353,Kerala,Idukki,Kathipara,Adimali - Idukki highway,9.982213,76.99182,Debris,Slide,"15th August, 2018",2018,2018
14703,354,Kerala,Idukki,Kathipara,Adimali - Idukki highway,9.985087,76.99036,Debris,Slide,"15th August, 2018",2018,2018
14704,355,Kerala,Idukki,Kathipara,Adimali - Idukki highway,9.985506,76.989806,Soil,Slide,"15th August, 2018",2018,2018
14705,356,Kerala,Idukki,"Viyyat Power Ltd., Iruttukanam",Adimali - Idukki highway,10.011229,77.008421,Debris,Slide,"9th August, 2018",2018,2018
14706,357,Kerala,Idukki,"Viyyat Power Ltd., Iruttukanam","Viyyat Power Ltd., Iruttukanam road",10.011209,77.00884,Debris,Slide,"9th August, 2018",2018,2018
14707,358,Kerala,Idukki,Selliampara,Selliampara - Thottapura road,9.993815,77.01363,Debris,Slide,"14th August, 2018",2018,2018
14708,359,Kerala,Idukki,Selliampara,Selliampara - Thottapura road,9.992094,77.012662,Debris,Slide,"10th August, 2018",2018,2018
14709,360,Kerala,Idukki,Near SH Convent Kallarkutty,Kallarkutty SH convent - LP school road,9.983732,77.005334,Debris,Slide,"15th August, 2018",2018,2018
14710,361,Kerala,Idukki,Eenchathottipadi,Selliampara - Kuthupara unmettalled road,9.999279,77.026294,Debris,Slide,"17th August, 2018",2018,2018
14711,362,Kerala,Idukki,Poothalanirappu,Poothilanirappu - Pacholippadi road,9.989474,77.024464,Debris,Flows,"17th August, 2018",2018,2018
14712,363,Kerala,Idukki,Selliampara,Selliampara - Kuthupara road,9.996097,77.02497,Debris,Slide,"15th August, 2018",2018,2018
14713,364,Kerala,Idukki,Selliampara,Selliampara - Kuthupara road,9.995845,77.024741,Debris,Slide,"15th August, 2018",2018,2018
14714,365,Kerala,Idukki,Thottapura,Adimali - Idukki highway,9.985976,77.007938,Debris,Slide,"15th August, 2018",2018,2018
14715,366,Kerala,Idukki,Thottapura,Kallarkuty - Rajakkad road,9.986016,77.007309,Debris,Slide,"15th August, 2018",2018,2018
14716,367,Kerala,Idukki,1000 acre,1000 acre - South Kathipara road,9.984595,76.984941,Debris,Flows,"15th August, 2018",2018,2018
14717,368,Kerala,Idukki,1000 acre,1001 acre - South Kathipara road,9.981667,76.988333,Debris,Slide,"15th August, 2018",2018,2018
14718,369,Kerala,Idukki,1000 acre,1002 acre - South Kathipara road,9.981944,76.988889,Debris,Slide,"15th August, 2018",2018,2018
14719,370,Kerala,Idukki,South Kathipara,South Kathipara - Kaithachal road,9.979167,76.986111,Debris,Slide,"16th August, 2018",2018,2018
14720,371,Kerala,Idukki,South Kathipara,South Kathipara - Kaithachal metalled road,9.979444,76.986111,Debris,Slide,"15th August, 2018",2018,2018
14721,372,Kerala,Idukki,Ozhukkacity,Kallarkutty - Ozhukacity road,9.975343,76.996319,Soil,Slide,"16th August, 2018",2018,2018
14722,373,Kerala,Idukki,Ozhukkacity,Kallarkutty - Ozhukacity road,9.977168,76.998054,Debris,Slide,"16th August, 2018",2018,2018
14723,374,Kerala,Idukki,Panamkutty KSEB valve office,Panamkutty - KSEB valve road,9.956363,76.98074,Debris,Slide,"16th August, 2018",2018,2018
14724,375,Kerala,Idukki,Panamkutty KSEB valve house,Panamkutty - KSEB valve road,9.9563,76.980757,Debris,Slide,"16th August, 2018",2018,2018
14725,376,Kerala,Idukki,South Kathipara,South Kathipara road,9.966883,76.984058,Debris,Slide,"10th August, 2018",2018,2018
14726,377,Kerala,Idukki,South Kathipara,South Kathipara road,9.969343,76.983945,Debris,Slide,"15th August, 2018",2018,2018
14727,378,Kerala,Idukki,Kuthupara,Selliampara - Kuthupara road,9.997778,77.030833,Debris,Flows,"15th August, 2018",2018,2018
14728,379,Kerala,Idukki,Kuthupara,Selliampara - Kuthupara road,9.995305,77.033227,Debris,Slide,"15th August, 2018",2018,2018
14729,380,Kerala,Idukki,Varayattumudy,Varayattumudi - Elkunnu road,9.984816,77.047131,Debris,Flows,"10th August, 2018",2018,2018
14730,381,Kerala,Idukki,Varayattumudy,Varayattumudi - Elkunnu road,9.984167,77.045,Debris,Flows,"16th August, 2018",2018,2018
14731,382,Kerala,Idukki,Elkunnu,Kuthupara - Elkunnu road,9.987957,77.041953,Debris,Slide,"8th August, 2018",2018,2018
14732,383,Kerala,Idukki,Muthuvankudi,Kuthupara - Muthuvankudi road,9.995397,77.043295,Debris,Slide,"15th August, 2018",2018,2018
14733,384,Kerala,Idukki,Sharonpuram,Kuthupara - Vellathooval road,9.982914,77.032886,Debris,Slide,"15th August, 2018",2018,2018
14734,385,Kerala,Idukki,Pipeline,Vellathooval - Pipeline road,9.979716,77.034088,Debris,Slide,"15th August, 2018",2018,2018
14735,386,Kerala,Idukki,Vellathooval,Vellathooval - Adimali road,9.975805,77.021799,Debris,Slide,"16th August, 2018",2018,2018
14737,388,Kerala,Idukki,Mullaringadu,Mullaringad - Thodupuzha road,10.009722,76.816667,Debris,Flow,"15th August, 2018",2018,2018
14738,389,Kerala,Idukki,Thekkanthoni,Venmani - Thekkanthoni road,9.960538,76.877735,Debris,Flow,"16th August, 2018",2018,2018
14739,390,Kerala,Idukki,Mannakavu,Venmani - Mankadavu road,9.856918,76.871813,Debris,Slide,"15th August, 2018",2018,2018
14740,391,Kerala,Idukki,Mottamudi,Vellakkayam - Mottamudi jeep road,9.985556,76.865278,Debris,Slide,"15th August, 2018",2018,2018
14741,392,Kerala,Idukki,Chelickal Kavala,Elappally - Chelickkal - Nallathanni road,9.767222,76.855,Debris,Slide,"15th August, 2018",2018,2018
14742,393,Kerala,Idukki,Chelickal Kavala,Elappally - Chelickkal road,9.768333,76.854722,Debris,Slide,"15th August, 2018",2018,2018
14743,394,Kerala,Idukki,Idadu,Idadu - Pullickanam road,9.754167,76.863333,Debris,Slide,"15th August, 2018",2018,2018
14744,395,Kerala,Idukki,Idadu,Idadu - Pullickanam road,9.753889,76.862778,Debris,Slide,"15th August, 2018",2018,2018
14745,396,Kerala,Idukki,Idadu,Idadu - Pullickanam road,9.749142,76.865103,Debris,Slide,"15th August, 2018",2018,2018
14746,397,Kerala,Idukki,Idadu,Idadu - Pullickanam road,9.747819,76.865615,Debris,Flow,"15th August, 2018",2018,2018
14747,398,Kerala,Idukki,Idadu Muttam,Idadu - Pullickanam road,9.746111,76.867778,Debris,Flow,"16th August, 2018",2018,2018
14748,399,Kerala,Idukki,Idadu Muttam,Idadu - Pullickanam road,9.743929,76.871225,Debris,Slide,"15th August, 2018",2018,2018
14749,400,Kerala,Idukki,Idadu Muttam,Idadu - Pullickanam road,9.742408,76.871481,Debris,Slide,"15th August, 2018",2018,2018
14750,401,Kerala,Idukki,Kumbakanam,Kanjar-Pullickanam road,9.763762,76.836386,Debris,Slide,"15th August, 2018",2018,2018
14751,402,Kerala,Idukki,Kanjar,Kanjar-Pullickanam road,9.770459,76.835165,Debris,Slide,"15th August, 2018",2018,2018
14752,403,Kerala,Idukki,Kanjar View Point,Kanjar-Pullickanam road,9.792432,76.82916,Debris,Slide,"15th August, 2018",2018,2018
14753,404,Kerala,Idukki,Methottil,Poomala- Methottil Road,9.839776,76.865554,Debris,Slide,"10th August, 2018",2018,2018
14754,405,Kerala,Idukki,Methottil,Poomala- Methottil Road,9.839808,76.864707,Debris,Slide,15th August 2018,2018,2018
14755,406,Kerala,Idukki,Padinjaru Methottil,Poomala- Padinjaru Methottil Road,9.855504,76.852807,Debris,Flow,15th August 2018,2018,2018
14756,407,Kerala,Idukki,Thadiyina,Koovakandam=- Thadiyina Road,9.82866,76.866659,Debris,Slide,15th August 2018,2018,2018
14757,408,Kerala,Idukki,Thadiyina,Koovakandam=- Thadiyina Road,9.828145,76.866473,Debris,Subsidence,16th August 2018,2018,2018
14758,409,Kerala,Idukki,Kozhipally,Naliyani - Kozhipally road,9.820806,76.871099,Debris,Slide,15th August 2018,2018,2018
14759,410,Kerala,Idukki,Mattam City,Pannimattao- Mottamudi Road,9.840678,76.832971,Debris,Slide,15th August 2018,2018,2018
14760,411,Kerala,Idukki,Venniyani,Manjickal- Venniyani Road,9.877324,76.845116,Debris,Flow,15th August 2018,2018,2018
14761,412,Kerala,Idukki,Venniyani,Manjickal- Venniyani Road,9.877183,76.845973,Debris,Slide,15th August 2018,2018,2018
14762,413,Kerala,Idukki,Venniyani,Manjickal- Nenniani Road,9.876945,76.846673,Rock-cum-debris,Slide,15th August 2018,2018,2018
14763,414,Kerala,Idukki,Venniyani,Manjickal- Venniyani Road,9.875297,76.848642,Debris,Slide,15th August 2018,2018,2018
14764,415,Kerala,Idukki,Venniyani,Manjickal- Venniyani Road,9.875604,76.848726,Debris,Slide,15th August 2018,2018,2018
14765,416,Kerala,Idukki,Venniyani,Manjickal- Venniyani Road,9.875848,76.848728,Debris,Slide,"15th August, 2018",2018,2018
14766,417,Kerala,Idukki,Venniyani,Manjickal- Venniyani Road,9.874873,76.848531,Debris,Slide,15th August 2018,2018,2018
14767,418,Kerala,Idukki,Venniyani,Manjickal- Venniyani Road,9.870913,76.84705,Debris,Flow,15th August 2018,2018,2018
14768,419,Kerala,Idukki,Venniyani,Manjickal- Venniyani Road,9.870136,76.846863,Debris,Flow,15th August 2018,2018,2018
14769,420,Kerala,Idukki,Venniyani,Venniyani junction - concrete road,9.865639,76.847577,Debris,Flow,15th August 2018,2018,2018
14770,421,Kerala,Idukki,Venniyani,Venniyani - Paramada road,9.864715,76.848018,Debris,Subsidence,15th August 2018,2018,2018
14771,422,Kerala,Idukki,Venniyani,Venniyani - Molakkad concrete road,9.86717,76.848688,Debris,Slide,15th August 2018,2018,2018
14772,423,Kerala,Idukki,Venniyani,Venniyani - Paramada road,9.867655,76.849283,Debris,Slide,15th August 2018,2018,2018
14773,424,Kerala,Idukki,Moolakkad,Peringassery - Moolakkad Road,9.861111,76.852778,Debris,Flow,15th August 2018,2018,2018
14774,425,Kerala,Idukki,Moolakkad,Peringassery - Moolakkad Road,9.859167,76.855556,Debris,Flow,15th August 2018,2018,2018
14775,426,Kerala,Idukki,Moolakkad,Peringassery - Moolakkad Road,9.861544,76.865667,Debris,Slide,15th August 2018,2018,2018
14776,427,Kerala,Idukki,Moolakkad,Peringassery - Moolakkad Road,9.871944,76.867222,Debris,Flow,15th August 2018,2018,2018
14777,428,Kerala,Idukki,Moolakkad,Peringassery - Moolakkad Road,9.856918,76.871813,Debris,Slide,15th August 2018,2018,2018
14778,429,Kerala,Idukki,Moolakkad,Moolakkad - Alkallur Road,9.858592,76.873099,Debris,Flow,15th August 2018,2018,2018
14779,430,Kerala,Idukki,Kallikkallu,Kallikallu- Chelakkad Road,9.841969,76.885748,Debris,Slide,16th August 2018,2018,2018
14780,431,Kerala,Idukki,Villumthandu,Uppukunnu-Villamthandu Road,9.842744,76.89423,Debris,Slide,15th August 2018,2018,2018
14781,432,Kerala,Idukki,Kallickal,Uppukunnu-Villamthandu Road,9.843841,76.888867,Debris,Slide,16th August 2018,2018,2018
14782,433,Kerala,Idukki,Peringasseri,Peringassery - Idukki Road,9.860248,76.861385,Debris,Slide,15th August 2018,2018,2018
14783,434,Kerala,Idukki,Peringasseri,Peringassery - Idukki Road,9.855592,76.863036,Debris,Slide,15th August 2018,2018,2018
14784,435,Kerala,Idukki,Kallickal,Kallickal Road,9.840603,76.885914,Debris,Slide,15th August 2018,2018,2018
14785,436,Kerala,Idukki,Kallickal,Kallickal Road,9.838783,76.888009,Debris,Slide,15th August 2018,2018,2018
14786,437,Kerala,Idukki,Uppukkunnu,Uppukunnu- LP School Road,9.846759,76.881117,Debris,Slide,16th August 2018,2018,2018
14787,438,Kerala,Idukki,Uppukkunnu,Uppukunnu- Rationkda- Plantation Road,9.840886,76.879006,Debris,Slide,16th August 2018,2018,2018
14788,439,Kerala,Idukki,Uppukkunnu,Uppukunnu,9.840603,76.879387,Debris,Slide,16th August 2018,2018,2018
14789,440,Kerala,Idukki,Venniyani,Peringassery- venniyani Road,9.868611,76.85,Debris,Flow,15th August 2018,2018,2018
14790,441,Kerala,Idukki,Venniyani,One private Road,9.873292,76.850017,Debris,Flow,16th August 2018,2018,2018
14791,442,Kerala,Idukki,Chelakkad,Malayinji- Chelakkad- Road,9.861944,76.886944,Debris,Flow,15th August 2018,2018,2018
14792,443,Kerala,Idukki,Chelakkad,Malayinji- Chelakkad- Road,9.860657,76.886985,Debris,Slide,15th August 2018,2018,2018
14793,444,Kerala,Idukki,Chelakkad,Chelakkad,9.859944,76.886817,Debris,Flow,15th August 2018,2018,2018
14794,445,Kerala,Idukki,Chelakkad,Malayinji- Chelakkad- Road,9.860453,76.887968,Debris,Flow,15th August 2018,2018,2018
14795,446,Kerala,Idukki,Idichelakkad,Malayinji- Chelakkad- Road,9.8575,76.888889,Debris,Slide,15th August 2018,2018,2018
14796,447,Kerala,Idukki,Idichelakkad,Malayinji- Chelakkad- Road,9.856389,76.888333,Debris,Slide,15th August 2018,2018,2018
14797,448,Kerala,Idukki,Chelakkad,Chelakkad- Villanthand Road,9.858884,76.890384,Debris,Slide,15th August 2018,2018,2018
14798,449,Kerala,Idukki,Chelakkad,Chelakkad- Villanthand Road,9.861767,76.887365,Debris,Flow,15th August 2018,2018,2018
14799,450,Kerala,Idukki,Chelakkad,Chelakkad- Villanthand Road,9.863503,76.88732,Debris,Flow,15th August 2018,2018,2018
14800,451,Kerala,Idukki,Chelakkad,Cheenikkuzhi - Chelakkad Road,9.868821,76.885135,Debris,Flow,15th August 2018,2018,2018
14801,452,Kerala,Idukki,Chelakkad,Cheenikkuzhi - Chelakkad Road,9.858889,76.886111,Debris,Flow,15th August 2018,2018,2018
14802,453,Kerala,Idukki,Chelakkad,Cheenikkuzhi - Chelakkad Road,9.859405,76.884858,Debris,Slide,15th August 2018,2018,2018
14803,454,Kerala,Idukki,Chelakkad,Cheenikkuzhi - Chelakkad Road,9.85955,76.884399,Debris,Flow,15th August 2018,2018,2018
14804,455,Kerala,Idukki,Chelakkad,Cheenikkuzhi - Chelakkad Road,9.867376,76.885008,Debris,Slide,15th August 2018,2018,2018
14805,456,Kerala,Idukki,Kurukkanad,Cheppukulam - Kurukkanad Road,9.872228,76.836263,Debris,Slide,15th August 2018,2018,2018
14806,457,Kerala,Idukki,Kurukkanad,Cheppukulam - Kurukkanad Road,9.872103,76.837749,Debris,Slide,15th August 2018,2018,2018
14807,458,Kerala,Idukki,Cheppukulam,Cheppukulam - Paramedu Road,9.859526,76.847944,Debris,Flow,15th August 2018,2018,2018
14808,459,Kerala,Idukki,Kollamkunnu,Muttam - Kollamkunnu Road,9.829444,76.749722,Debris,Slide,15th August 2018,2018,2018
14809,460,Kerala,Idukki,Keerithode,Keerithode - Punnayar road,9.942178,76.95499,Debris,Flow,"17th August, 2018",2018,2018
14810,461,Kerala,Idukki,"Megha estate, Kalakkad",Megha estate road,9.869258333,77.12959722,Debris,Subsidence,"16th August, 2018",2018,2018
14811,462,Kerala,Idukki,Mavadi,Mavadi road,9.87465,77.11937,Debris,Subsidence,"16th August, 2018",2018,2018
14812,463,Kerala,Idukki,Manjapetti,Nedumkandam NH19,9.852386,77.14712,Soil,Slide,"15th August, 2018",2018,2018
14813,464,Kerala,Idukki,Ottakada,Nedumkandam-Munnar Road,9.855086,77.150333,Debris,Slide,15-08-2018,2018,2018
14814,465,Kerala,Idukki,Ottakada,Nedumkandam-Munnar Road,9.853464,77.148017,Debris,Slide,15-08-2018,2018,2018
14815,466,Kerala,Idukki,Manjapetty,Adimali - Nedumkandam Road,9.852998,77.143156,Debris,Slide,15-08-2018,2018,2018
14816,467,Kerala,Idukki,Manjapetty,Adimali - Nedumkandam Road,9.852708,77.143254,Debris,Slide,15-08-2018,2018,2018
14817,468,Kerala,Idukki,Charalmedu,Charalmedu-Kattakkala Road,9.851094,77.13268,Debris,Flow,15-08-2018,2018,2018
14818,469,Kerala,Idukki,Kattakkala,Kattakkala - Kurishupara Road,9.857261,77.122211,Debris,Slide,15-08-2018,2018,2018
14819,470,Kerala,Idukki,Kattakkala,Kattakkala - Kurishupara Road,9.86143,76.842083,Debris,Slide,15-08-2018,2018,2018
14820,471,Kerala,Idukki,Kattakkala,Kattakkala - Kurishupara Road,9.860469,77.113791,Debris,Flow,14-08-2018,2018,2018
14821,472,Kerala,Idukki,Kattakkala,Kattakkala - Kurishupara Road,9.861556,77.113324,Debris,Flow,15-08-2018,2018,2018
14822,473,Kerala,Idukki,Kattakkala,Kattakkala - Kurishupara Road,9.85704,77.122966,Debris,Flow,09-08-2018,2018,2018
14823,474,Kerala,Idukki,Kattakkala,Kattakkala - Kurishupara Road,9.858269,77.121561,Debris,Slide,09-08-2018,2018,2018
14824,475,Kerala,Idukki,Chinnapachadi,Nedumkandam - Chinnar Road,9.848333,77.116667,Debris,Slide,16-08-2018,2018,2018
14825,476,Kerala,Idukki,Bethel,Nethaji Nagar - Ponnamala jeep Road,9.889203,77.090702,Debris,Flow,18-08-2018,2018,2018
14826,477,Kerala,Idukki,Manjapara,Chinnar - Nedumkandam Road,9.869548,77.100131,Debris,Slide,15-08-2018,2018,2018
14827,478,Kerala,Idukki,Manjapara,Manjapara - Chinnar Road,9.8618,77.104758,Debris,Slide,15-08-2018,2018,2018
14828,479,Kerala,Idukki,Manjapara,Manjapara - Chinnar Road,9.864132,77.109066,Debris,Slide,16-08-2018,2018,2018
14829,480,Kerala,Idukki,Pathuvalavu,Pathuvalavu - Chinnar Road,9.854962,77.108269,Debris,Slide,15-08-2018,2018,2018
14830,481,Kerala,Idukki,Pathuvalavu,Pathuvalavu - Chinnar Road,9.849927,77.115583,Debris,Slide,15-08-2018,2018,2018
14831,482,Kerala,Idukki,Kamakshivilasom,Manjapettu - Ponnamala Road,9.866746,77.128843,Debris,Slide,15-08-2018,2018,2018
14832,483,Kerala,Idukki,Ponnamala,Ponnnamala - Perichamkutty Road,9.888716,77.099159,Debris,Slide,15-08-2018,2018,2018
14833,484,Kerala,Idukki,Mangamudi,Nedumkandam - Perichamkutty Road,9.895908,77.088074,Debris,Slide,15-08-2018,2018,2018
14834,485,Kerala,Idukki,Mangamudi,Nedumkandam - Perichamkutty Road,9.896158,77.087137,Debris,Slide,15-08-2018,2018,2018
14835,486,Kerala,Idukki,Mangamudi,Nedumkandam - Perichamkutty Road,9.89615,77.086963,Debris,Slide,15-08-2018,2018,2018
14836,487,Kerala,Idukki,Mangamudi,Nedumkandam - Perichamkutty Road,9.896287,77.086736,Debris,Slide,15-08-2018,2018,2018
14837,488,Kerala,Idukki,Eettithoppu,Perichamkutty - Kattappana Road,9.852933,77.097437,Soil,Slide,15-08-2018,2018,2018
14838,489,Kerala,Idukki,Eettithoppu,Perichamkutty - Kattappana Road,9.849827,77.098365,Debris,Slide,15-08-2018,2018,2018
14839,490,Kerala,Idukki,Kawanthy,Chemblam - Kattapana road,9.820459,77.127344,Debris,Slide,15th August 2018,2018,2018
14840,491,Kerala,Idukki,Kawanthy,Anchumukku Kawanthy road,9.818091,77.127319,Debris,Slide,15th August 2018,2018,2018
14841,492,Kerala,Idukki,Kawanthy,Kawanthy - Erattayar road,9.811061,77.131266,Soil,Slide,15th August 2018,2018,2018
14842,493,Kerala,Idukki,Kawanthy,Kawanthy - Erattayar road,9.809479,77.131411,Debris,Slide,15th August 2018,2018,2018
14843,494,Kerala,Idukki,Kawanthy,Chemblam - Kawanthy road,9.818911,77.129202,Debris,Slide,15th August 2018,2018,2018
14844,495,Kerala,Idukki,Chemblam,Chemblam - Nedumkandam road,9.822208,77.143896,Debris,Slide,15th August 2018,2018,2018
14845,496,Kerala,Idukki,Chemblam,Chemblam - Kumily road,9.822065,77.143594,Debris,Flow,15th August 2018,2018,2018
14846,497,Kerala,Idukki,Chemblam,Concrete road,9.826816,77.141255,Debris,Flow,15th August 2018,2018,2018
14847,498,Kerala,Idukki,Chemblam,Concrete road,9.826742,77.141574,Debris,Flow,17th August 2018,2018,2018
14848,499,Kerala,Idukki,Kallar,Nedumkandam - Kumily road,9.828943,77.160772,Debris,Slide,15th August 2018,2018,2018
14849,500,Kerala,Idukki,Kailasapuri,Kalkoonthal - Kailasapuri road,9.852096,77.155627,Debris,Flow,16th August 2018,2018,2018
14850,501,Kerala,Idukki,Vattapara,Nedumkandam - Kumily road,9.807055,77.150241,Debris,Slide,15th August 2018,2018,2018
14851,502,Kerala,Idukki,Vattapara,Nedumkandam - Kumily road,9.805846,77.151282,Debris,Slide,15th August 2018,2018,2018
14852,503,Kerala,Idukki,Valiyathovala - Mannamkudi,Pambadumpara - Valiyathovala road,9.799008,77.139263,Debris,Slide,15th August 2018,2018,2018
14853,504,Kerala,Idukki,Thovala,Thovala - Vattapara road,9.799312,77.135392,Debris,Slide,15th August 2018,2018,2018
14854,505,Kerala,Idukki,Valiyathovala,Valiya Thovala - Vattapara road,9.801304,77.137756,Debris,Slide,15th August 2018,2018,2018
14855,506,Kerala,Idukki,Valiyathovala,Valiya Thovala - Vattapara road,9.801902,77.137459,Debris,Flow,15th August 2018,2018,2018
14856,507,Kerala,Idukki,Third Camp,Madhura - Munnar High way,9.796923,77.192568,Debris,Slide,15th August 2018,2018,2018
14857,508,Kerala,Idukki,Nalumukku,Nalumukku - Koottar road,9.788433,77.211174,Debris,Flow,15th August 2018,2018,2018
14858,509,Kerala,Idukki,Mullamthandu,Mullamthandu- Manjakuzhi road,9.983798,77.172235,Debris,Slide,15th August 2018,2018,2018
14859,510,Kerala,Idukki,Mullamthandu,Mullamthandu- Manjakuzhi road,9.986887,77.172548,Debris,Flow,15th August 2018,2018,2018
14860,511,Kerala,Idukki,Shanthanpara,Kumily - Munnar High way,9.937473,77.218058,Debris,Slide,15th August 2018,2018,2018
14861,512,Kerala,Idukki,Rajappara,Kumily - Munnar High way,9.913123,77.216946,Debris,Slide,"15th August, 2018",2018,2018
14862,513,Kerala,Idukki,Rajappara,Kumily - Munnar High way,9.906852,77.216739,Debris,Slide,15th August 2018,2018,2018
14863,514,Kerala,Idukki,Rajappara,Kumily - Munnar High way,9.897864,77.213133,Debris,Slide,15th August 2018,2018,2018
14864,515,Kerala,Idukki,Kanakappuzha,Kanakapuzha - NR city,9.957787,77.132604,Debris,Slide,15th August 2018,2018,2018
14865,516,Kerala,Idukki,Kanakappuzha,Kanakapuzha - NR city,9.959079,77.129877,Debris,Slide,15th August 2018,2018,2018
14866,517,Kerala,Idukki,Kanakappuzha,Kanakapuzha - NR city,9.95888,77.129958,Debris,Flow,15th August 2018,2018,2018
14867,518,Kerala,Idukki,Kanakappuzha,Kanakapuzha - NR city,9.958791,77.125526,Debris,Slide,15th August 2018,2018,2018
14868,519,Kerala,Idukki,Mangathotti,Mangathotty - Church road,9.949067,77.13799,Debris,Slide,15th August 2018,2018,2018
14869,520,Kerala,Idukki,Kanthipara,Kanthipara - Ottathi road,9.949909,77.133528,Debris,Flow,15th August 2018,2018,2018
14870,521,Kerala,Idukki,Chemmannar,Chemmannar pocket road,9.929568,77.152422,Debris,Flow,15th August 2018,2018,2018
14871,522,Kerala,Idukki,Panniyarkuthu,Kuthunkal - Rajakkad road,9.93918,77.106391,Debris,Flow,15th August 2018,2018,2018
14872,523,Kerala,Idukki,Rajakumari bridge,Mangathotty - Rajakumari bridge road,9.95547,77.148699,Debris,Slide,15th August 2018,2018,2018
14873,524,Kerala,Idukki,Ambalappadi,Senapathy - rajakumari road,9.949088,77.169845,Soil,Subsidence,15th August 2018,2018,2018
14874,525,Kerala,Idukki,Mammattikkanam,Mammattikanam - Rajakkad road,9.939576,77.103831,Debris,Slide,15th August 2018,2018,2018
14875,526,Kerala,Idukki,Mammattikkanam,Kuthunkal - Changadakadavu road,9.881126,77.104552,Debris,Flow,15th August 2018,2018,2018
14876,527,Kerala,Idukki,Mammattikkanam,Mammattikkanam pocket road,9.939357,77.10125,Debris,Flow,15th August 2018,2018,2018
14877,528,Kerala,Idukki,Kallimali View point,Kallimali View point - Panniyarkutty road,9.954884,77.078382,Debris,Slide,01-07-2018,2018,2018
14878,529,Kerala,Idukki,Panniyarkutty,Adimali - Rajakkad road,9.957552,77.078162,Debris,Slide,15th August 2018,2018,2018
14879,530,Kerala,Idukki,Panniyarkutty,Adimali - Rajakkad road,9.958153,77.07605,Debris,Slide,15th August 2018,2018,2018
14880,531,Kerala,Idukki,Ponmudi,Ponmudi - Hanging bridge road,9.964335,77.05862,Debris,Slide,15th August 2018,2018,2018
14881,532,Kerala,Idukki,Kulatharakkuzhi,Rajakkad - Adimali road,9.968324,77.062493,Debris,Slide,16th August 2018,2018,2018
14882,533,Kerala,Idukki,Kulatharakkuzhi,Rajakkad - Adimali road,9.966436,77.063839,Debris,Slide,15th August 2018,2018,2018
14883,534,Kerala,Idukki,Kulatharakkuzhi,Rajakkad - Adimali road,9.964256,77.068385,Debris,Slide,15th August 2018,2018,2018
14884,535,Kerala,Idukki,Kanakapuzha,Kanakapuzha pocket road,9.957836,77.120715,Debris,Flow,15th August 2018,2018,2018
14885,536,Kerala,Idukki,Kanakapuzha,Kanakapuzha pocket road,9.956879,77.120527,Debris,Slide,15th August 2018,2018,2018
14886,537,Kerala,Idukki,Kannimala,Kannimala - Kollamkulam Estate road,9.662285,77.092683,Debris,Flow,15th August 2018,2018,2018
14887,538,Kerala,Idukki,Chengara,Anavilasam - Vandiperiyar road,9.645962,77.076031,Debris,Slide,15th August 2018,2018,2018
14888,539,Kerala,Idukki,Ambalamkunnu,Ambalamkunnu - Melazhutha road,9.572091,76.998014,Debris,Slide,15th August 2018,2018,2018
14889,540,Kerala,Idukki,Plakathadam,Peerumedu - Plackathadam road,9.558774,76.995185,Debris,Flow,15th August 2018,2018,2018
14890,541,Kerala,Idukki,Murinjapuzha,Murinjapuzha pocket road,9.557969,76.97305,Debris,Slide,16th August 2018,2018,2018
14891,542,Kerala,Idukki,Murinjapuzha,Murinjapuzha pocket road,9.556714,76.972888,Debris,Slide,15th August 2018,2018,2018
14892,543,Kerala,Idukki,Cheruvallikulam,Murinjapuzha - Cheruvallikulam road,9.536662,76.981105,Debris,Flow,15th August 2018,2018,2018
14893,544,Kerala,Idukki,Cheruvallikulam,Murinjapuzha - Cheruvallikulam road,9.526361,76.980418,Debris,Slide,15th August 2018,2018,2018
14894,545,Kerala,Idukki,Kanayankavayal,Kanayankavayal - Mathamba road,9.51972,76.983047,Debris,Flow,15th August 2018,2018,2018
14895,546,Kerala,Idukki,Vellani,Kanayankavayal - Mathamba road,9.517495,76.983326,Debris,Flow,15th August 2018,2018,2018
14896,547,Kerala,Idukki,Vellani,Kanayankavayal - Mathamba road,9.516939,76.982494,Debris,Flow,15th August 2018,2018,2018
14897,548,Kerala,Idukki,Vellani,Kanayankavayal - Mathamba road,9.50805,76.981387,Debris,Flow,15th August 2018,2018,2018
14898,549,Kerala,Idukki,Thekkemala,Murinjapuzha - Thekkemala road,9.530667,76.965462,Debris,Slide,15th August 2018,2018,2018
14899,550,Kerala,Idukki,Thekkemala,Murinjapuzha - Thekkemala road,9.531556,76.960131,Debris,Flow,15th August 2018,2018,2018
14900,551,Kerala,Idukki,Azhanganad,Peruvanthanam - Azhanganad road,9.567761,76.950283,Debris,Flow,15th August 2018,2018,2018
14901,552,Kerala,Idukki,Azhanganad,Peruvanthanam - Azhanganad road,9.572847,76.949283,Debris,Flow,15th August 2018,2018,2018
14902,553,Kerala,Idukki,Azhanganad,Peruvanthanam - Azhanganad road,9.576489,76.941443,Debris,Flow,15th August 2018,2018,2018
14903,554,Kerala,Idukki,Meloram,Peruvanthanam - Melooram road,9.57226,76.942849,Debris,Flow,15th August 2018,2018,2018
14904,555,Kerala,Idukki,Meloram,Peruvanthanam - Melooram road,9.565965,76.943333,Debris,Slide,15th August 2018,2018,2018
14905,556,Kerala,Idukki,Vembala,Vembala - Uppukulam road,9.618522,76.91768,Debris,Flow,15th August 2018,2018,2018
14906,557,Kerala,Idukki,Keerikara,Periyar - Thengakkal road,9.609313,77.069258,Debris,Slide,16th July 2018,2018,2018
14907,558,Kerala,Idukki,Kallumedu,Anavilasam - Vandiperiyar road,9.648325,77.094746,Debris,Slide,15th August 2018,2018,2018
14908,1,Kerala,Idukki,Parivathanamedu I,Nedumkandam - Parivarthanamedu Road,9.848525,77.161483,Debris,Flow,15th August 2018,2018,2018
14909,2,Kerala,Idukki,Parivathanamedu I I,Nedumkandam - Parivarthanamedu Road,9.842312,77.160549,Soil,Slide,15th August 2018,2018,2018
14910,3,Kerala,Idukki,Parivathanamedu I II,Nedumkandam - Parivarthanamedu Road,9.842529,77.160514,Debris,Slide,15th August 2018,2018,2018
14911,4,Kerala,Idukki,Parivathanamedu IV,Nedumkandam - Parivarthanamedu Road,9.847146,77.159369,Debris,Slide,13th August 2018,2018,2018
14912,5,Kerala,Idukki,5 Acre Kanam,Nedumkandam - Illikalam Road,9.841301,77.1688,Debris,Slide,15th August 2018,2018,2018
14913,6,Kerala,Idukki,Mathaikada I,Mundiyeruma-Udumbanchola road,9.838144,77.18461,Debris,Flow,15th August 2018,2018,2018
14914,7,Kerala,Idukki,Mathaikada II,Mundiyeruma-Udumbanchola road,9.83882,77.153524,Debris,Flow,15th August 2018,2018,2018
14915,8,Kerala,Idukki,Mathaikkada III,Mundiyeruma-Udumbanchola road,9.83811,77.18514,Debris,Slide,15th August 2018,2018,2018
14916,9,Kerala,Idukki,Palar,Mundiyeruma-Udumbanchola road,9.851827,77.204249,Debris,Slide,15th August 2018,2018,2018
14917,10,Kerala,Idukki,Pallipadi,Combayar Road,9.854614,77.206592,Debris,Slide,15th August 2018,2018,2018
14918,11,Kerala,Idukki,Kunnukuzhi,Thannimood- Kunnukuzhi Road,9.837212,77.173549,Debris,Slide,16th August 2018,2018,2018
14919,12,Kerala,Idukki,Asokavanam,Mavadi - Adimali Road (NH 47),9.886393,77.120748,Debris,Flow,15th August 2018,2018,2018
14920,13,Kerala,Idukki,Parathodu,Nedumkandam - Munnar Road (NH 47),9.878588,77.159847,Debris,Slide,15th August 2018,2018,2018
14921,14,Kerala,Idukki,Parathodu- 40th Acre I,Parathodu- 40th Acre Road,9.880659,77.145568,Debris,Slide,15th August 2018,2018,2018
14922,15,Kerala,Idukki,Mavadi,Kailasapura - Mavadi Road,9.880827,77.123401,Debris,Slide,15th August 2018,2018,2018
14923,16,Kerala,Idukki,Puthukkal I,Kailasapura - Mavadi Road,9.880616,77.122442,Debris,Flow,15th August 2018,2018,2018
14924,17,Kerala,Idukki,Puthukkal II,Kailasapura - Mavadi Road,9.881169,77.120732,Debris,Flow,15th August 2018,2018,2018
14925,18,Kerala,Idukki,Amblakkavala,Amblakkavala - Mavadi Road,9.882046,77.120674,Debris,Slide,15th August 2018,2018,2018
14926,19,Kerala,Idukki,Kilavikulam - I,Nedumkandam - Munnar Highway (NH 47),9.893207,77.169231,Debris,Flow,16th August 2018,2018,2018
14927,20,Kerala,Idukki,Kilavikulam - II,Nedumkandam - Munnar Highway (NH 47),9.896136,77.17327,Debris,Slide,16th August 2018,2018,2018
14928,21,Kerala,Idukki,Chappath,Senapathy - Rajakkad Road,9.912176,77.176511,Debris,Slide,15th August 2018,2018,2018
14929,22,Kerala,Idukki,Karakunnu,,9.918204,77.166852,Debris,Slide,8th August 2018,2018,2018
14930,23,Kerala,Idukki,Chemmnnar- I,Nedumkandam - Rajakkad Road,9.923082,77.159007,Debris,Slide,15th August 2018,2018,2018
14931,24,Kerala,Idukki,Arattupara,,9.929417,77.123704,Debris,Slide,8th August 2018,2018,2018
14932,25,Kerala,Idukki,Mavara City -I,Sleebamala- Aattupara Road,9.928599,77.121639,Debris,Flow,15th August 2018,2018,2018
14933,26,Kerala,Idukki,Mavara City - II,Sleebamala- Aattupara Road,9.926836,77.123159,Debris,Flow,8th August 2018,2018,2018
14934,27,Kerala,Idukki,Mavara City - III,Kuthungal - Mavara City Road,9.926536,77.126202,Debris,Flow,15th August 2018,2018,2018
14935,28,Kerala,Idukki,Vattakannippara -I,Ittichuvadu- Aattupra Road,9.926579,77.117961,Debris,Slide,August 11th 2018,2018,2018
14936,29,Kerala,Idukki,Vattakannippara -II,Kuthungal - Thinkalkad Road,9.916541,77.114532,Debris,Slide,8th August 2018,2018,2018
14937,30,Kerala,Idukki,Vattakannippara -III,Kuthungal - Thinkalkad Road,9.914051,77.115246,Debris,Slide,15th August 2018,2018,2018
14938,31,Kerala,Idukki,Chemmannar -II,Chemmannar,9.92214,77.14932,Debris,Flow,8th August 2018,2018,2018
14939,32,Kerala,Idukki,Chemmannar -III,Chembarihodu - Chemmannar Road,9.923232,77.148288,Debris,Slide,August 17th 2018,2018,2018
14940,33,Kerala,Idukki,Pallikunnu,Ezhumalakkudi,9.927923,77.135537,Debris,Slide,15th August 2018,2018,2018
14941,34,Kerala,Idukki,St. Sebastian Sleeba Church,Kalthungal-Thinkalkadu Road,9.933582,77.111196,Debris,Slide,15th August 2018,2018,2018
14942,35,Kerala,Idukki,Thinkalkadu I,Kalthungal-Thinkalkadu Road,9.913188,77.115833,Debris,Flow,15th August 2018,2018,2018
14943,36,Kerala,Idukki,Thinkalkadu II,Muniyara -Thinkalkadu Road via Churuli,9.912635,77.113277,Debris,Flow,15th August 2018,2018,2018
14944,37,Kerala,Idukki,Thinkalkadu III,Seethakkulam-Thinkalkadu Road,9.91488,77.10647,Debris,Slide,15th August 2018,2018,2018
14945,38,Kerala,Idukki,Thinkalkadu IV,Seethkkulam-Muniyara Road,9.914315,77.110644,Debris,Flow,August 14th 2018,2018,2018
14946,39,Kerala,Idukki,Thinkalkadu V,Seethakkulam-Muniyara Road,9.914315,77.110644,Debris,Flow,August 14th 2018,2018,2018
14947,40,Kerala,Idukki,Thinkalkadu VI,Seethkkulam-Muniyara Road,9.91506,77.078826,Debris,Flow,15th August 2018,2018,2018
14948,41,Kerala,Idukki,Thinkalkadu VII,Mannakudi - Muniyara Road,9.914739,77.109325,Debris,Flow,15th August 2018,2018,2018
14949,42,Kerala,Idukki,Thinkalkadu VIII,Seethakkulam-Muniyara Road,9.913768,77.109847,Debris,Slide,15th August 2018,2018,2018
14950,43,Kerala,Idukki,Thinkalkadu IX,Muniyara Road - Thinkalkadu,9.914919,77.106482,Debris,Slide,15th August 2018,2018,2018
14951,44,Kerala,Idukki,Kailalasam,Nedumkandam- Kailasam Road,9.900049,77.111063,Debris,Slide,15th August 2018,2018,2018
14952,45,Kerala,Idukki,Rajakumari,,9.966702,77.157571,Earth,Slide,8th August 2018,2018,2018
14953,46,Kerala,Idukki,Pallipadi,Pallipadi - Rajakumari North Road,9.970397,77.159209,Debris,Flow,August 15th 2018,2018,2018
14954,47,Kerala,Idukki,Manjakkuzhi,Manjakkuzhi - Vathukappu Road,9.981957,77.166132,Debris,Slide,8th August 2018,2018,2018
14955,48,Kerala,Idukki,Vathukappu-I,Manjakkuzhi - Vathukappu Road,9.98667,77.172555,Debris,Flow,15th August 2018,2018,2018
14956,49,Kerala,Idukki,Vathukappu-II,Manjakkuzhi - Vathukappu Road,9.990063,77.178833,Debris,Flow,15th August 2018,2018,2018
14957,50,Kerala,Idukki,Vathukappu - III,Vathukappu - Muduvakkudi Road,9.991283,77.174729,Debris,Flow,15th August 2018,2018,2018
14958,51,Kerala,Idukki,Muduvakkudi-I,Vathukappu - Muduvakkudi Road,9.992937,77.177521,Debris,Flow,15th August 2018,2018,2018
14959,52,Kerala,Idukki,Kulapparachal,,9.992798,77.180848,Debris,Flow,15th August 2018,2018,2018
14960,53,Kerala,Idukki,Muduvakkudi-II,Muduvakkudi Colony Road,9.999,77.17757,Debris,Flow,15th August 2018,2018,2018
14961,54,Kerala,Idukki,Vathukappu - IV,Vathukappu - Muduvakkudi Road,10.001,77.1708,Debris,Flow,15th August 2018,2018,2018
14962,55,Kerala,Idukki,Vathukappu - V,Vathukappu - Muduvakkudi Road,10,77.17004,Debris,Flow,15th August 2018,2018,2018
14963,56,Kerala,Idukki,Kumbhappara -I,Kumbhapara - NR City Road,9.981525,77.133652,Debris,Flow,15th August 2018,2018,2018
14964,57,Kerala,Idukki,Kumbhappara -II,Kumbhapara - Khjanappara Road,9.981446,77.131882,Debris,Slide,15th August 2018,2018,2018
14965,58,Kerala,Idukki,Kumbhappara -III,Kumbhapara - Khjanappara Road,9.98176,77.132331,Debris,Slide,15th August 2018,2018,2018
14966,59,Kerala,Idukki,"Amravathy, 1st Mile",Kumily- Munnar Highway,9.621675,77.161217,Debris,Slide,17th August 2018,2018,2018
14967,60,Kerala,Idukki,"Amravathy, 2nd Mile",Kumily- Munnar Highway,9.629298,77.163697,Debris,Slide,17th August 2018,2018,2018
14968,61,Kerala,Idukki,AKG Padi,Kumily- Munnar Highway,9.632692,77.162881,Debris,Slide,17th August 2018,2018,2018
14969,62,Kerala,Idukki,"AKG Padi, 3rd Mile",Kumily- Munnar Highway,9.636032,77.163613,Debris,Slide,17th August 2018,2018,2018
14970,63,Kerala,Idukki,"3rd Mile, Amarvathy",Kumily- Munnar Highway,9.637009,77.163437,Debris,Slide,August 16th 2018,2018,2018
14971,64,Kerala,Idukki,5th Mile -I,Kumily- Munnar Highway,9.640687,77.166384,Debris,Slide,August 15th 2018,2018,2018
14972,65,Kerala,Idukki,5th Mile-II,Kumily- Munnar Highway,9.637785,77.170792,Debris,Slide,August 17th 2018,2018,2018
14973,66,Kerala,Idukki,Ottakathalamedu-I,Ottakathalamedu- Kumily Road,9.634359,77.157909,Debris,Flow,August 15th 2018,2018,2018
14974,67,Kerala,Idukki,Ottakathalamedu-II,Ottakathalamedu- Kumily Road,9.633776,77.157286,Debris,Slide,17th August 2018,2018,2018
14975,68,Kerala,Idukki,Ottakathalamedu-III,Ottakathalamedu- Kumily Road,9.633309,77.156819,Debris,Slide,17th August 2018,2018,2018
14976,69,Kerala,Idukki,Ottakathalamedu-IV,Ottakathalamedu- Kumily Road,9.63423,77.154065,Debris,Slide,17th August 2018,2018,2018
14977,70,Kerala,Idukki,Anappara,Attapallom- Kumily Road,9.635735,77.151807,Debris,Slide,17th August 2018,2018,2018
14978,71,Kerala,Idukki,Attapallom -I,Attapallom- Kumily Road,9.635213,77.152987,Debris,Slide,August 8th 2018,2018,2018
14979,72,Kerala,Idukki,Attapallom -II,Attapallom- Kumily Road,9.63221,77.156202,Debris,Slide,17th August 2018,2018,2018
14980,73,Kerala,Idukki,Ottakathalamedu-V,Ottakathalamedu- Mother Theresa Road,9.629116,77.153759,Debris,Slide,17th August 2018,2018,2018
14981,74,Kerala,Idukki,Mother Theresa Nagar,Ottakathalamedu- Mother Theresa Road,9.629553,77.1546,Debris,Slide,17th August 2018,2018,2018
14982,75,Kerala,Idukki,Pathumuri,Pathumuri - Anavilasam Road,9.629002,77.137118,Debris,Slide,17th August 2018,2018,2018
14983,76,Kerala,Idukki,Attapllom-III,Pathumuri - Anavilasam Road,9.627685,77.138111,Debris,Flow,27th August 2018,2018,2018
14984,77,Kerala,Idukki,66th Mile-I,Kumily- Kottayam Road,9.611343,77.148419,Debris,Flow,17th August 2018,2018,2018
14985,78,Kerala,Idukki,66th Mile-II,Kumily- Kottayam Road,9.608653,77.146307,Debris,Slide,17th August 2018,2018,2018
14986,79,Kerala,Idukki,66th Mile-III,Kumily- Kottayam Road,9.608653,77.146307,Debris,Slide,17th August 2018,2018,2018
14987,80,Kerala,Idukki,65th Mile-I,Kumily- Kottayam Road,9.608653,77.146307,Debris,Slide,August 17th 2018,2018,2018
14988,81,Kerala,Idukki,65th Mile-II,Kumily- Kottayam Road,9.608653,77.146307,Debris,Slide,17th August 2018,2018,2018
14989,82,Kerala,Idukki,"65th Mile, Bridge",Kumily- Kottayam Road,9.608653,77.146307,Debris,Slide,17th August 2018,2018,2018
14990,83,Kerala,Idukki,Chottupara,Kumily- Kottayam Road,9.608653,77.146307,Debris,Slide,17th August 2018,2018,2018
14991,84,Kerala,Idukki,Murukkady,Kumily- Anavilasam Road,9.616867,77.143727,Debris,Flow,17th August 2018,2018,2018
14992,KRL/IDK/58C13/2018/1,KERALA,IDUKKI,PAINAVU,Thodapuzha-Pulliamala,9.851415542,76.94947362,Debris,flow,15th August 2018,2018,2018
14993,KRL/IDK/58C13/2018/2,KERALA,IDUKKI,Ambataru colony,nil,9.865606166,76.94350416,Debris,subsidence/arr ested debris slide/ slide direction 240,15th August 2018,2018,2018
14994,KRL/IDK/58C13/2018/3,KERALA,IDUKKI,Ambataru colony,nil,9.87142265,76.93968223,Debris,slide,15th August 2018,2018,2018
14995,KRL/IDK/58C13/2018/4,KERALA,IDUKKI,Ambataru colony,nil,9.871990965,76.93831816,Debris,flow,15th August 2018,2018,2018
14996,KRL/IDK/58C13/2018/6,KERALA,IDUKKI,Ambataru colony,nil,9.872109736,76.93810007,Debris,slide,15th August 2018,2018,2018
14997,KRL/IDK/58C13/2018/6,KERALA,IDUKKI,Ambataru colony,nil,9.871599974,76.94028492,Debris,flow,15th August 2018,2018,2018
14998,KRL/IDK/58C13/2018/7,KERALA,IDUKKI,Ambataru colony,nil,9.871862643,76.9401953,Debris,flow,15th August 2018,2018,2018
14999,KRL/IDK/58C13/2018/8,KERALA,IDUKKI,Ambataru colony,nil,9.872171925,76.93985982,Debris,slide,15th August 2018,2018,2018
15000,KRL/IDK/58C13/2018/9,KERALA,IDUKKI,PAINAVU,Thodupuzha-Puliyamala road,9.847800194,76.95407381,Debris,flow,15th August 2018,2018,2018
15001,KRL/IDK/58C13/2018/10,KERALA,IDUKKI,PAINAVU,Thodupuzha-Puliyamala road,9.848541979,76.9524192,Debris,flow,15th August 2018,2018,2018
15002,KRL/IDK/58C13/2018/11,KERALA,IDUKKI,Ambataru colony,nil,9.870956915,76.94049993,Debris,flow,15th August 2018,2018,2018
15003,KRL/IDK/58C13/2018/12,KERALA,IDUKKI,Ambataru colony,nil,9.871007256,76.93960687,Debris,flow,15th August 2018,2018,2018
15004,KRL/IDK/58C13/2018/13,KERALA,IDUKKI,AKG padi road,nil,9.869200634,76.94564923,Debris,flow,15th August 2018,2018,2018
15005,KRL/IDK/58C13/2018/14,KERALA,IDUKKI,AKG padi road{Thanikandam},,9.869147187,76.94551218,Debris,slide,15th August 2018,2018,2018
15006,KRL/IDK/58C13/2018/15,KERALA,IDUKKI,Swapna Gramam,Thanikandam-Swapna Gramam road,9.872228061,76.94266786,Debris,"flow,flow direction N340",15th August 2018,2018,2018
15007,KRL/IDK/58C13/2018/16,KERALA,IDUKKI,Thanikandam,nil,9.868541319,76.95023973,Debris,"flow,flow direction N75",15th August 2018,2018,2018
15008,KRL/IDK/58C13/2018/17,KERALA,IDUKKI,Thanikandam-Mukalbhagam,nil,9.866919653,76.94616455,Debris,flow,15th August 2018,2018,2018
15009,KRL/IDK/58C13/2018/18,KERALA,IDUKKI,Thanikandam-Mukalbhagam,nil,9.865371601,76.94655656,Debris,flow,15th August 2018,2018,2018
15010,KRL/IDK/58C13/2018/19,KERALA,IDUKKI,Thanikandam-Mukalbhagam,nil,9.86285758,76.94829201,Debris,flow,15th August 2018,2018,2018
15011,KRL/IDK/58C13/2018/20,KERALA,IDUKKI,Perumkala,nil,9.885829051,76.93548196,Debris,slide N240 flow direction.,15th August 2018,2018,2018
15012,KRL/IDK/58C13/2018/21,KERALA,IDUKKI,Perumkala,nil,9.886184631,76.93495529,Debris,"slide, N235 direction",15th August 2018,2018,2018
15013,KRL/IDK/58C13/2018/22,KERALA,IDUKKI,Perumkala,nil,9.886722467,76.93417442,Debris,flow,15th August 2018,2018,2018
15014,KRL/IDK/58C13/2018/23,KERALA,IDUKKI,Perumkala,nil,9.886496742,76.93412752,Debris,slide,15th August 2018,2018,2018
15015,KRL/IDK/58C13/2018/24,KERALA,IDUKKI,Perumkala,nil,9.885612868,76.93377593,Debris,"flow, N60 flow direction",15th August 2018,2018,2018
15016,KRL/IDK/58C13/2018/25,KERALA,IDUKKI,Perumkala,nil,9.883414471,76.93565016,Debris,"flow, N60 flow direction",15th August 2018,2018,2018
15017,KRL/IDK/58C13/2018/26,KERALA,IDUKKI,Perumkala,nil,9.886451307,76.9325957,Debris,slide,15th August 2018,2018,2018
15018,KRL/IDK/58C13/2018/27,KERALA,IDUKKI,Perumkala,nil,9.888257962,76.93124791,Debris,flow,15th August 2018,2018,2018
15019,KRL/IDK/58C13/2018/28,KERALA,IDUKKI,Perumkala,nil,9.888770436,76.93173407,Debris,slide,15th August 2018,2018,2018
15020,KRL/IDK/58C13/2018/29,KERALA,IDUKKI,Perumkala,nil,9.889363132,76.93084412,Debris,flow,15th August 2018,2018,2018
15021,KRL/IDK/58C13/2018/30,KERALA,IDUKKI,Perumkala,nil,9.889610651,76.93024388,Debris,"slide, direction N50",15th August 2018,2018,2018
15022,KRL/IDK/58C13/2018/31,KERALA,IDUKKI,Perumkala,nil,9.878973674,76.94075658,Debris,"slide, N65 slide direction",15th August 2018,2018,2018
15023,KRL/IDK/58C13/2018/32,KERALA,IDUKKI,Perumkala,nil,9.885021603,76.93598775,Debris,"slide, N235",15th August 2018,2018,2018
15024,KRL/IDK/58C13/2018/33,KERALA,IDUKKI,Perumkala,nil,9.883958375,76.93695697,Debris,slide,15th August 2018,2018,2018
15025,KRL/IDK/58C13/2018/34,KERALA,IDUKKI,Perumkala,nil,9.883748264,76.93733862,Debris,slide,15th August 2018,2018,2018
15026,KRL/IDK/58C13/2018/35,KERALA,IDUKKI,Peppera,nil,9.868878319,76.95759817,Debris,"slide,N35 slide direction",15th August 2018,2018,2018
15027,KRL/IDK/58C13/2018/36,KERALA,IDUKKI,Peppera,nil,9.870269754,76.95615698,Debris,"flow, N80 flow direction",15th August 2018,2018,2018
15028,KRL/IDK/58C13/2018/37,KERALA,IDUKKI,Peppera,nil,9.87063773,76.95505613,Debris,"flow, N45 flow direction",15th August 2018,2018,2018
15029,KRL/IDK/58C13/2018/38,KERALA,IDUKKI,Peppera,nil,9.871322763,76.95539746,Debris,"slide, N220 slide direction",15th August 2018,2018,2018
15030,KRL/IDK/58C13/2018/39,KERALA,IDUKKI,Peppera,nil,9.871461527,76.95485133,Debris,"slide, N15 slide direction",15th August 2018,2018,2018
15031,KRL/IDK/58C13/2018/40,KERALA,IDUKKI,Peppera,nil,9.871444401,76.95468714,Debris,flow,15th August 2018,2018,2018
15032,KRL/IDK/58C13/2018/41,KERALA,IDUKKI,Peppera,nil,9.871782505,76.95406014,Debris,slide,15th August 2018,2018,2018
15033,KRL/IDK/58C13/2018/42,KERALA,IDUKKI,Peppera,nil,9.872142123,76.95439955,Debris,slide,15th August 2018,2018,2018
15034,KRL/IDK/58C13/2018/43,KERALA,IDUKKI,Peppera,nil,9.872755425,76.95308136,Debris,flow,15th August 2018,2018,2018
15035,KRL/IDK/58C13/2018/44,KERALA,IDUKKI,Peppera,nil,9.872725876,76.95350052,Debris,slide,15th August 2018,2018,2018
15036,KRL/IDK/58C13/2018/45,KERALA,IDUKKI,Peppera,nil,9.872696167,76.95394702,Debris,slide,15th August 2018,2018,2018
15037,KRL/IDK/58C13/2018/46,KERALA,IDUKKI,Peppera,nil,9.873817092,76.95082687,Debris,slide,15th August 2018,2018,2018
15038,KRL/IDK/58C13/2018/47,KERALA,IDUKKI,Peppera,nil,9.874488381,76.9504206,Debris,slide,15th August 2018,2018,2018
15039,KRL/IDK/58C13/2018/48,KERALA,IDUKKI,Peppera,nil,9.876301006,76.94961083,Debris,flow,15th August 2018,2018,2018
15040,KRL/IDK/58C13/2018/49,KERALA,IDUKKI,Peppera,nil,9.876083427,76.94971895,Debris,slide,15th August 2018,2018,2018
15041,KRL/IDK/58C13/2018/50,KERALA,IDUKKI,Peppera,nil,9.875871985,76.95032847,Debris,slide,15th August 2018,2018,2018
15042,KRL/IDK/58C13/2018/51,KERALA,IDUKKI,Peppera,nil,9.874292959,76.9545034,Debris,slide,15th August 2018,2018,2018
15043,KRL/IDK/58C13/2018/52,KERALA,IDUKKI,Pakittan,nil,9.883217701,76.94469234,Debris,flow,15th August 2018,2018,2018
15044,KRL/IDK/58C13/2018/53,KERALA,IDUKKI,Pakittan,nil,9.883159218,76.94386242,Debris,slide,15th August 2018,2018,2018
15045,KRL/IDK/58C13/2018/54,KERALA,IDUKKI,Pakittan,nil,9.887514927,76.93941187,Debris,flow,15th August 2018,2018,2018
15046,KRL/IDK/58C13/2018/55,KERALA,IDUKKI,Pakittan,nil,9.887904568,76.93925006,Debris,flow,15th August 2018,2018,2018
15047,KRL/IDK/58C13/2018/56,KERALA,IDUKKI,Pakittan,nil,9.888331576,76.93887879,NA,nil,15th August 2018,2018,2018
15048,KRL/IDK/58C13/2018/57,KERALA,IDUKKI,Pakittan,nil,9.888334939,76.93829536,Debris,flow,15th August 2018,2018,2018
15049,KRL/IDK/58C13/2018/58,KERALA,IDUKKI,Pakittan,nil,9.886858832,76.94031966,Debris,slide,15th August 2018,2018,2018
15050,KRL/IDK/58C13/2018/59,KERALA,IDUKKI,Pakittan,nil,9.887021541,76.94032062,Debris,slide,15th August 2018,2018,2018
15051,KRL/IDK/58C13/2018/60,KERALA,IDUKKI,Pakittan,nil,9.889244343,76.94048864,Debris,"flow,Direction N230",15th August 2018,2018,2018
15052,KRL/IDK/58C13/2018/61,KERALA,IDUKKI,Pakittan,Muslimpalli-Pakkitan road,9.8901732,76.93930895,Debris,slide,15th August 2018,2018,2018
15053,KRL/IDK/58C13/2018/62,KERALA,IDUKKI,Maniyarankudi,nil,9.898434427,76.93007661,Debris,slide,15th August 2018,2018,2018
15054,KRL/IDK/58C13/2018/63,KERALA,IDUKKI,Maniyarankudi-Anakumbam,,9.897750412,76.92955296,Debris,slide,15th August 2018,2018,2018
15055,KRL/IDK/58C13/2018/64,KERALA,IDUKKI,Bhoomiyamkulam,nil,9.890660755,76.95035183,Debris,flow,15th August 2018,2018,2018
15056,KRL/IDK/58C13/2018/65,KERALA,IDUKKI,Bhoomiyamkulam,nil,9.892251411,76.94728896,Debris,slide,15th August 2018,2018,2018
15057,KRL/IDK/58C13/2018/66,KERALA,IDUKKI,Bhoomiyamkulam,nil,9.893498864,76.94416934,Debris,slide,15th August 2018,2018,2018
15058,KRL/IDK/58C13/2018/67,KERALA,IDUKKI,Bhoomiyamkulam,nil,9.893103631,76.94529747,Debris,flow,15th August 2018,2018,2018
15059,KRL/IDK/58C13/2018/68,KERALA,IDUKKI,Bhoomiyamkulam,nil,9.893084181,76.94553438,Debris,slide,15th August 2018,2018,2018
15060,KRL/IDK/58C13/2018/69,KERALA,IDUKKI,Bhoomiyamkulam,nil,9.890090218,76.95053079,Debris,slide,15th August 2018,2018,2018
15061,KRL/IDK/58C13/2018/70,KERALA,IDUKKI,Lekshamkavala,nil,9.889817398,76.95081179,Debris,flow,15th August 2018,2018,2018
15062,KRL/IDK/58C13/2018/71,KERALA,IDUKKI,Maniyarankudi,nil,9.891846975,76.9437585,Debris,flow,15th August 2018,2018,2018
15063,KRL/IDK/58C13/2018/72,KERALA,IDUKKI,Maniyarankudi,nil,9.891689113,76.94291886,Debris,flow,15th August 2018,2018,2018
15064,KRL/IDK/58C13/2018/73,KERALA,IDUKKI,Maniyarankudi,nil,9.892667897,76.94248702,Debris,flow,15th August 2018,2018,2018
15065,KRL/IDK/58C13/2018/74,KERALA,IDUKKI,Maniyarankudi,nil,9.89401071,76.94319688,Debris,flow,15th August 2018,2018,2018
15066,KRL/IDK/58C13/2018/75,KERALA,IDUKKI,Maniyarankudi,nil,9.886111097,76.94457261,Debris,flow,15th August 2018,2018,2018
15067,KRL/IDK/58C13/2018/76,KERALA,IDUKKI,Lekshamkavala,nil,9.887747538,76.95233113,Debris,flow,15th August 2018,2018,2018
15068,KRL/IDK/58C13/2018/77,KERALA,IDUKKI,Lekshamkavala,nil,9.886474302,76.95365459,Debris,flow,15th August 2018,2018,2018
15069,KRL/IDK/58C13/2018/78,KERALA,IDUKKI,Manjappara,nil,9.893513225,76.9510524,Debris,flow,15th August 2018,2018,2018
15070,KRL/IDK/58C13/2018/79,KERALA,IDUKKI,Manjappara,nil,9.88849594,76.95732218,Debris,flow,15th August 2018,2018,2018
15071,KRL/IDK/58C13/2018/80,KERALA,IDUKKI,Manjappara,nil,9.890075413,76.95619199,Debris,flow,15th August 2018,2018,2018
15072,KRL/IDK/58C13/2018/81,KERALA,IDUKKI,Manjappara,nil,9.89480326,76.95150672,Debris,flow,15th August 2018,2018,2018
15073,KRL/IDK/58C13/2018/82,KERALA,IDUKKI,Manjappara,nil,9.890327383,76.96259317,Debris,flow,15th August 2018,2018,2018
15074,KRL/IDK/58C13/2018/83,KERALA,IDUKKI,Mulakuvalli,nil,9.897461607,76.95294461,Debris,flow,15th August 2018,2018,2018
15075,KRL/IDK/58C13/2018/84,KERALA,IDUKKI,Mulakuvalli,nil,9.900903974,76.95168863,Debris,slide,15th August 2018,2018,2018
15076,KRL/IDK/58C13/2018/85,KERALA,IDUKKI,Mulakuvalli,nil,9.902589828,76.95247351,Debris,flow direction 250,15th August 2018,2018,2018
15077,KRL/IDK/58C13/2018/86,KERALA,IDUKKI,Mulakuvalli,nil,9.902490502,76.95245469,Debris,flow,15th August 2018,2018,2018
15078,KRL/IDK/58C13/2018/87,KERALA,IDUKKI,Mulakuvalli,nil,9.904449782,76.95129933,Debris,flow,15th August 2018,2018,2018
15079,KRL/IDK/58C13/2018/88,KERALA,IDUKKI,Mulakuvalli,nil,9.904679314,76.95068986,Debris,"flow,direction 220",15th August 2018,2018,2018
15080,KRL/IDK/58C13/2018/89,KERALA,IDUKKI,Mulakuvalli,nil,9.905260957,76.9501554,Debris,flow,15th August 2018,2018,2018
15081,KRL/IDK/58C13/2018/90,KERALA,IDUKKI,Bhoomiyamkulam,Bhoomiyamkulam-Vasupara road,9.901600916,76.94530191,Debris,flow,15th August 2018,2018,2018
15082,KRL/IDK/58C13/2018/91,KERALA,IDUKKI,Bhoomiyamkulam,nil,9.903222568,76.94156446,Debris,flow,15th August 2018,2018,2018
15083,KRL/IDK/58C13/2018/92,KERALA,IDUKKI,Bhoomiyamkulam,nil,9.903484048,76.94011642,Debris,flow,15th August 2018,2018,2018
15084,KRL/IDK/58C13/2018/93,KERALA,IDUKKI,Kokurakulam,nil,9.916687625,76.91871382,Debris,flow,15th August 2018,2018,2018
15085,KRL/IDK/58C13/2018/94,KERALA,IDUKKI,Kokurakulam,nil,9.922647621,76.91665149,Debris,slide,15th August 2018,2018,2018
15086,KRL/IDK/58C13/2018/95,KERALA,IDUKKI,Kokurakulam,nil,9.912778026,76.92579336,Debris,"slide, direction N50",15th August 2018,2018,2018
15087,KRL/IDK/58C13/2018/96,KERALA,IDUKKI,Kokurakulam,nil,9.910149098,76.93022714,Debris,flow,15th August 2018,2018,2018
15088,KRL/IDK/58C13/2018/97,KERALA,IDUKKI,Kokurakulam,nil,9.913111702,76.92593206,Debris,slide,15th August 2018,2018,2018
15089,KRL/IDK/58C13/2018/98,KERALA,IDUKKI,Kokurakulam,nil,9.911124957,76.93187393,Debris,"flow,direction N25",15th August 2018,2018,2018
15090,KRL/IDK/58C13/2018/99,KERALA,IDUKKI,Kokurakulam,nil,9.909893554,76.93379041,Debris,"flow,direction N70",15th August 2018,2018,2018
15091,KRL/IDK/58C13/2018/100,KERALA,IDUKKI,Kokurakulam,nil,9.907864337,76.9423667,Debris,slide,15th August 2018,2018,2018
15092,KRL/IDK/58C13/2018/101,KERALA,IDUKKI,Ashokakavala,nil,9.888630691,76.96521771,Debris,slide,15th August 2018,2018,2018
15093,KRL/IDK/58C13/2018/102,KERALA,IDUKKI,Ashokakavala,nil,9.88782726,76.96503061,Debris,slide,15th August 2018,2018,2018
15094,KRL/IDK/58C13/2018/103,KERALA,IDUKKI,Ashokakavala,Idukki-Neryamangalam SH road,9.885736132,76.96708756,Debris,slide,15th August 2018,2018,2018
15095,KRL/IDK/58C13/2018/104,KERALA,IDUKKI,Thadiyambad,Idukki-Neryamangalam SH road,9.883072268,76.96969717,Debris,slide direction N55,15th August 2018,2018,2018
15096,KRL/IDK/58C13/2018/105,KERALA,IDUKKI,Thadiyambad,Idukki-Neryamangalam SH road,9.880874608,76.96987552,Debris,flow,15th August 2018,2018,2018
15097,KRL/IDK/58C13/2018/106,KERALA,IDUKKI,Thadiyambad,Idukki-Neryamangalam SH road,9.880789442,76.96898164,Debris,slide,15th August 2018,2018,2018
15098,KRL/IDK/58C13/2018/107,KERALA,IDUKKI,Cheruthoni,nil,9.851430436,76.95939117,Debris,flow,15th August 2018,2018,2018
15099,KRL/IDK/58C13/2018/108,KERALA,IDUKKI,Karimpan-Manipara,nil,9.897713323,76.96713148,Debris,slide graded into flow,15th August 2018,2018,2018
15100,KRL/IDK/58C13/2018/109,KERALA,IDUKKI,Manipara,nil,9.896606156,76.96787244,Debris,"flow,direction N90",15th August 2018,2018,2018
15101,KRL/IDK/58C13/2018/110,KERALA,IDUKKI,Manipara,nil,9.896095749,76.96549912,Debris,"flow,direction N80",15th August 2018,2018,2018
15102,KRL/IDK/58C13/2018/111,KERALA,IDUKKI,Manipara,nil,9.896225924,76.96487997,Debris,flow,15th August 2018,2018,2018
15103,KRL/IDK/58C13/2018/112,KERALA,IDUKKI,Karimpan -Attikalam,Cheruthoni-Ernakulam road.,9.899932135,76.96951501,Debris,slide,15th August 2018,2018,2018
15104,KRL/IDK/58C13/2018/113,KERALA,IDUKKI,Karimpan,Cheruthoni-Ernakulam road.,9.896373726,76.97205552,Debris,"slide,direction 140",15th August 2018,2018,2018
15105,KRL/IDK/58C13/2018/114,KERALA,IDUKKI,Karimpan,Cheruthoni-Ernakulam road.,9.894890916,76.97211049,Debris,"flow,directiom 115",15th August 2018,2018,2018
15106,KRL/IDK/58C13/2018/115,KERALA,IDUKKI,Karimpan,Cheruthoni-Ernakulam road.,9.893845359,76.97159373,Debris,slide,15th August 2018,2018,2018
15107,KRL/IDK/58C13/2018/116,KERALA,IDUKKI,Karimpan bus stand,nil,9.893600818,76.97167432,Debris,"slide, direction N80",15th August 2018,2018,2018
15108,KRL/IDK/58C13/2018/117,KERALA,IDUKKI,Karimpan,nil,9.892361533,76.97182191,Debris,"slide, direction N150",15th August 2018,2018,2018
15109,KRL/IDK/58C13/2018/118,KERALA,IDUKKI,Karimpan,nil,9.89132512,76.97128698,Debris,slide,15th August 2018,2018,2018
15110,KRL/IDK/58C13/2018/119,KERALA,IDUKKI,Karimpan,nil,9.876282701,76.96674878,Debris,"slide, direction N110",15th August 2018,2018,2018
15111,KRL/IDK/58C13/2018/120,KERALA,IDUKKI,Pallikavala,nil,9.873823491,76.96527563,Debris,"slide, direction N55",15th August 2018,2018,2018
15112,KRL/IDK/58C13/2018/121,KERALA,IDUKKI,Pallikavala,nil,9.872201729,76.96280473,Debris,"slide, direction N30",15th August 2018,2018,2018
15113,KRL/IDK/58C13/2018/122,KERALA,IDUKKI,Gandhinagar,Peppara Cheruthoni-Adimali road,9.866450778,76.96465761,Earth,"flow, direction N60",15th August 2018,2018,2018
15114,KRL/IDK/58C13/2018/123,KERALA,IDUKKI,Vellakayam,nil,9.860503084,76.96924393,Debris,"slide, direction N130",15th August 2018,2018,2018
15115,KRL/IDK/58C13/2018/124,KERALA,IDUKKI,Vellakayam,nil,9.859678381,76.96960366,Debris,,15th August 2018,2018,2018
15116,KRL/IDK/58C13/2018/125,KERALA,IDUKKI,Gandhinagar,nil,9.858306034,76.96311442,Debris,slide,15th August 2018,2018,2018
15117,KRL/IDK/58C13/2018/126,KERALA,IDUKKI,Gandhinagar,nil,9.858770135,76.9641381,Debris,flow,15th August 2018,2018,2018
15118,KRL/IDK/58C13/2018/127,KERALA,IDUKKI,Gandhinagar,nil,9.858640824,76.96461134,Debris,slide,15th August 2018,2018,2018
15119,KRL/IDK/58C13/2018/128,KERALA,IDUKKI,Gandhinagar,nil,9.857203587,76.96615245,Debris,slide,15th August 2018,2018,2018
15120,KRL/IDK/58C13/2018/129,KERALA,IDUKKI,Gandhinagar,nil,9.855919641,76.96775827,Debris,flow,15th August 2018,2018,2018
15121,KRL/IDK/58C13/2018/130,KERALA,IDUKKI,Gandhinagar,nil,9.855886993,76.96870607,Debris,slide,15th August 2018,2018,2018
15122,KRL/IDK/58C13/2018/131,KERALA,IDUKKI,Gandhinagar,nil,9.855107701,76.9690296,Debris,slide,15th August 2018,2018,2018
15123,KRL/IDK/58C13/2018/132,KERALA,IDUKKI,Gandhinagar,nil,9.854931962,76.96661299,Debris,slide,15th August 2018,2018,2018
15124,KRL/IDK/58C13/2018/133,KERALA,IDUKKI,Gandhinagar,nil,9.855986735,76.96555274,Debris,flow,15th August 2018,2018,2018
15125,KRL/IDK/58C13/2018/134,KERALA,IDUKKI,Gandhinagar,nil,9.856484268,76.96549188,Debris,slide,15th August 2018,2018,2018
15126,KRL/IDK/58C13/2018/135,KERALA,IDUKKI,Gandhinagar,nil,9.852044755,76.97187362,Debris,slide,15th August 2018,2018,2018
15127,KRL/IDK/58C13/2018/136,KERALA,IDUKKI,Cheruthoni CSI Church,Cheruthoni-Alinchuvadu road.,9.857386113,76.9643031,Debris,flow,15th August 2018,2018,2018
15128,KRL/IDK/58C13/2018/137,KERALA,IDUKKI,Cheruthoni,Painavu- Thodupuzha road,9.856677314,76.96338736,Debris,slide,15th August 2018,2018,2018
15129,KRL/IDK/58C13/2018/138,KERALA,IDUKKI,Cheruthoni Junction,Painavu- Thodupuzha road,9.856634928,76.962904,Debris,slide,15th August 2018,2018,2018
15130,KRL/IDK/58C13/2018/139,KERALA,IDUKKI,Cheruthoni Petrol pumb,Painavu- Thodupuzha road,9.855011988,76.9621834,Debris,slide,15th August 2018,2018,2018
15131,KRL/IDK/58C13/2018/140,KERALA,IDUKKI,Gandhinagar,nil,9.856794259,76.96503795,Debris,slide,15th August 2018,2018,2018
15132,KRL/IDK/58C13/2018/141,KERALA,IDUKKI,Cheruthon-Vanjikavala road,nil,9.859747103,76.96246663,Debris,slide,15th August 2018,2018,2018
15133,KRL/IDK/58C13/2018/142,KERALA,IDUKKI,Sasathatemple Cheruthoni- Vanjikavala,nil,9.860072094,76.96254148,Debris,slide,15th August 2018,2018,2018
15134,KRL/IDK/58C13/2018/143,KERALA,IDUKKI,Vanchikavala,Cheruthoni- Vazhathopu,9.860951559,76.96209091,Debris,slide,15th August 2018,2018,2018
15135,KRL/IDK/58C13/2018/144,KERALA,IDUKKI,Vellakayam,Cheruthoni- Karimban road,9.859217587,76.96491557,Bank erosion,,15th August 2018,2018,2018
15136,KRL/IDK/58C13/2018/145,KERALA,IDUKKI,Vellakayam,Adimali road,9.860873858,76.96611951,Debris,flow,15th August 2018,2018,2018
15137,KRL/IDK/58C13/2018/146,KERALA,IDUKKI,Vellakayam,Adimali road,9.858680609,76.96864061,Huge debris,flow,15th August 2018,2018,2018
15138,KRL/IDK/58C13/2018/147,KERALA,IDUKKI,Thadiyambad,Adimali road,9.883045737,76.96959673,Debris,flow,15th August 2018,2018,2018
15139,KRL/IDK/58C13/2018/148,KERALA,IDUKKI,Thadiyambad,Adimali road,9.881424402,76.97015228,Debris,slide,15th August 2018,2018,2018
15140,KRL/IDK/58C13/2018/149,KERALA,IDUKKI,Thadiyambad,Adimali road,9.881784958,76.97032763,Debris,slide,15th August 2018,2018,2018
15141,KRL/IDK/58C13/2018/150,KERALA,IDUKKI,Thadiyambad,Adimali road,9.882247134,76.97012983,Debris,slide,15th August 2018,2018,2018
15142,KRL/IDK/58C13/2018/151,KERALA,IDUKKI,Mulakuvalli,nil,9.906410288,76.94057123,Debris,flow,15th August 2018,2018,2018
15143,KRL/IDK/58C13/2018/152,KERALA,IDUKKI,Vazhathope,Vazhathope- Thadiyambadu road,9.867475129,76.96261265,Debris,slide,15th August 2018,2018,2018
15144,KRL/IDK/58C13/2018/153,KERALA,IDUKKI,Vazhathope,Vazhathope- Thadiyambadu road,9.867156842,76.96293893,Debris,slide,15th August 2018,2018,2018
15145,KRL/IDK/58C13/2018/154,KERALA,IDUKKI,Vazhathope,Vazhathope- Thadiyambadu road,9.866413823,76.96479413,Debris,flow,15th August 2018,2018,2018
15146,KRL/IDK/58C13/2018/155,KERALA,IDUKKI,Peppara,nil,9.879456078,76.94644789,Debris,slide F.D- 225,15th August 2018,2018,2018
15147,KRL/IDK/58C13/2018/156,KERALA,IDUKKI,Peppara,Pakittan- Maniyarankudi,9.879456078,76.94644789,Debris,slide,15th August 2018,2018,2018
15148,KRL/IDK/58C13/2018/157,KERALA,IDUKKI,Pakittan,nil,9.879549265,76.94596528,Debris,slide,15th August 2018,2018,2018
15149,KRL/IDK/58C13/2018/158,KERALA,IDUKKI,Peppara,Peppara-Perumkala,9.876983711,76.9456676,Debris,flow,15th August 2018,2018,2018
15150,KRL/IDK/58C13/2018/159,KERALA,IDUKKI,Peppara,nil,9.878943507,76.94128514,Debris,flow,15th August 2018,2018,2018
15151,KRL/IDK/58C13/2018/160,KERALA,IDUKKI,Perumkala,nil,9.877425253,76.94121243,Debris,flow,15th August 2018,2018,2018
15152,KRL/IDK/58C13/2018/161,KERALA,IDUKKI,Perumkala,nil,9.876966502,76.94081774,Debris,flow,15th August 2018,2018,2018
15153,KRL/IDK/58C13/2018/162,KERALA,IDUKKI,Thanikandam,Panayampala-Painavu road,9.861038871,76.9517179,Debris,flow,15th August 2018,2018,2018
15154,KRL/IDK/58C13/2018/163,KERALA,IDUKKI,Thanikandam,Thanikandam-Painavu road,9.861797981,76.9533176,Debris,flow,15th August 2018,2018,2018
15155,KRL/IDK/58C13/2018/164,KERALA,IDUKKI,Pakittan,Pakittan road,9.884641064,76.94241252,Debris,flow,15th August 2018,2018,2018
15156,KRL/IDK/58C13/2018/165,KERALA,IDUKKI,Nellipuzhakavala,Maniyarankudy road,9.881019016,76.94817092,Debris,slide,15th August 2018,2018,2018
15157,KRL/IDK/58C13/2018/166,KERALA,IDUKKI,Nellipuzhakavala,Maniyarankudy road,9.880439335,76.94836806,Debris,flow,15th August 2018,2018,2018
15158,KRL/IDK/58C13/2018/167,KERALA,IDUKKI,Lekshamkavala,Vazhathope- Lakshamkavala road,9.884432846,76.95183752,Debris,slide,15th August 2018,2018,2018
15159,KRL/IDK/58C13/2018/168,KERALA,IDUKKI,Peppara,Peppara- Pakittan,9.879102843,76.94343749,Debris,flow,15th August 2018,2018,2018
15160,KRL/IDK/58C13/2018/169,KERALA,IDUKKI,Peppara,Peppara- Pakittan,9.879757363,76.9428032,Debris,flow,15th August 2018,2018,2018
15161,KRL/IDK/58C13/2018/170,KERALA,IDUKKI,Peppara,nil,9.880266516,76.94229568,Debris,flow,15th August 2018,2018,2018
15162,KRL/IDK/58C13/2018/171,KERALA,IDUKKI,Maniyarenkudi,nil,9.890111273,76.94220762,Debris,flow,15th August 2018,2018,2018
15163,KRL/IDK/58C13/2018/172,KERALA,IDUKKI,Maniyarenkudi,nil,9.889151464,76.94248459,Debris,flow,15th August 2018,2018,2018
15164,KRL/IDK/58C13/2018/173,KERALA,IDUKKI,Maniyarenkudi,nil,9.888653559,76.9426093,Debris,flow,15th August 2018,2018,2018
15165,KRL/IDK/58C13/2018/174,KERALA,IDUKKI,Manjappara,nil,9.889012791,76.95860153,Debris,flow,15th August 2018,2018,2018
15166,KRL/IDK/58C13/2018/175,KERALA,IDUKKI,Bhoomiyamkulam,nil,9.895092686,76.94992215,Debris,flow,15th August 2018,2018,2018
15167,KRL/IDK/58C13/2018/176,KERALA,IDUKKI,Mulakuvalli,nil,9.897219784,76.95100135,Debris,flow,15th August 2018,2018,2018
15168,KRL/IDK/58C13/2018/177,KERALA,IDUKKI,Manjappara,nil,9.891447856,76.9657632,Debris,slide,15th August 2018,2018,2018
15169,KRL/IDK/58C13/2018/178,KERALA,IDUKKI,Ambataru colony,nil,9.873420994,76.93958454,Debris,flow,15th August 2018,2018,2018
15170,KRL/IDK/58C13/2018/179,KERALA,IDUKKI,Ambataru colony,nil,9.873528837,76.93969456,Debris,flow,15th August 2018,2018,2018
15171,KRL/IDK/58C13/2018/180,KERALA,IDUKKI,Ambatharucolony,nil,9.873796764,76.94026132,Debris,flow,15th August 2018,2018,2018
15172,KRL/IDK/58C13/2018/181,KERALA,IDUKKI,Kallemada kudi,nil,9.871133123,76.9334361,Debris,flow,15th August 2018,2018,2018
15173,KRL/IDK/58C13/2018/182,KERALA,IDUKKI,Kallemada kudi,nil,9.870605811,76.93080763,Debris,flow,15th August 2018,2018,2018
15174,KRL/IDK/58C13/2018/183,KERALA,IDUKKI,Karimpan,Karimpan- Murikkassery,9.893591825,76.97474649,Debris,slide,15th August 2018,2018,2018
15175,KRL/IDK/58C13/2018/184,KERALA,IDUKKI,Karimpan,Karimpan- Murikkassery,9.893218655,76.97364118,Debris,slide,15th August 2018,2018,2018
15176,KRL/IDK/58C13/2018/185,KERALA,IDUKKI,Karimpan- Manipara,Karimpan- Adimaly,9.898320961,76.97141987,Debris,slide,15th August 2018,2018,2018
15177,KRL/IDK/58C13/2018/186,KERALA,IDUKKI,Karimpan- Manipara,Karimpan- Adimaly,9.89769522,76.97176256,Debris,slide,15th August 2018,2018,2018
15178,KRL/IDK/58C13/2018/187,KERALA,IDUKKI,Karimban,nil,9.898321705,76.96975155,Debris,slide,15th August 2018,2018,2018
15179,KRL/IDK/58C13/2018/188,KERALA,IDUKKI,Karimban,nil,9.898076577,76.96993242,Debris,slide,15th August 2018,2018,2018
15180,KRL/IDK/58C13/2018/189,KERALA,IDUKKI,Mulakuvalli,Mulakuvalli-Maruthupara thandu road,9.909309234,76.94729837,Debris,slide,15th August 2018,2018,2018
15181,KRL/IDK/58C13/2018/190,KERALA,IDUKKI,Mulakuvalli,nil,9.910368366,76.94859923,Debris,slide,15th August 2018,2018,2018
15182,KRL/IDK/58C13/2018/191,KERALA,IDUKKI,Perumkala,Maniyarankudy- Peppara road,9.889026138,76.93285689,Debris,slide,15th August 2018,2018,2018
15183,KRL/IDK/58C13/2018/192,KERALA,IDUKKI,Perumkala,Perumkala- Ambataru colony road.,9.888201452,76.93321673,Debris,slide,15th August 2018,2018,2018
15184,KRL/IDK/58C13/2018/193,KERALA,IDUKKI,Cheruthoni,Cheruthoni- Theatrepadi- Girijyoti,9.853882,76.95907749,Debris,slide,15th August 2018,2018,2018
15185,KRL/IDK/58C13/2018/194,KERALA,IDUKKI,Cheruthoni 17th Colony,Cheruthoni- Theatrepadi- Girijyoti,9.853965735,76.9586678,Debris,"slide, slope direction: N45",17th August 2018,2018,2018
15186,KRL/IDK/58C13/2018/195,KERALA,IDUKKI,Cheruthoni,Cheruthoni- Theatrepadi- Girijyoti,9.85426726,76.95811354,Debris,slide,15th August 2018,2018,2018
15187,KRL/IDK/58C13/2018/196,KERALA,IDUKKI,Cheruthoni,Mellumpadi Kochu Painavu road,9.854288346,76.95915281,Debris,slide,15th August 2018,2018,2018
15188,KRL/IDK/58C13/2018/197,KERALA,IDUKKI,Cheruthoni,Millumpadi-Kochupainavu road,9.854148575,76.9598721,Debris,slide,15th August 2018,2018,2018
15189,KRL/IDK/58C13/2018/198,KERALA,IDUKKI,Cheruthoni,nil,9.854675753,76.9609326,Debris,flow,15th August 2018,2018,2018
15190,KRL/IDK/58C13/2018/199,KERALA,IDUKKI,6th cent colony,nil,9.855890783,76.96029259,Debris,slide,15th August 2018,2018,2018
15191,KRL/IDK/58C13/2018/200,KERALA,IDUKKI,Thanikandam,nil,9.859966538,76.95425484,Debris,slide,15th August 2018,2018,2018
15192,KRL/IDK/58C13/2018/201,KERALA,IDUKKI,Kochupainavu,Painavu- Thodupuzha road,9.858502414,76.95264188,Debris,slide,15th August 2018,2018,2018
15193,KRL/IDK/58C13/2018/202,KERALA,IDUKKI,Kochupainavu,Painavu- Thodupuzha road,9.858635946,76.95299817,Debris,flow,15th August 2018,2018,2018
15194,KRL/IDK/58C13/2018/203,KERALA,IDUKKI,Kochupainavu,Painavu- Thodupuzha road,9.858459116,76.95231346,Debris,flow,15th August 2018,2018,2018
15195,KRL/IDK/58C13/2018/204,KERALA,IDUKKI,Meenmutty,Painavu- Thodupuzha road,9.840509272,76.92976658,Debris,slide,15th August 2018,2018,2018
15196,KRL/IDK/58C13/2018/205,KERALA,IDUKKI,Meenmutty,Painavu- Thodupuzha road,9.846452294,76.93383006,Debris,slide,15th August 2018,2018,2018
15197,KRL/IDK/58C13/2018/206,KERALA,IDUKKI,Kuyilimala,Painavu- Thodupuzha road,9.848979848,76.93603246,Debris,slide,15th August 2018,2018,2018
15198,KRL/IDK/58C13/2018/207,KERALA,IDUKKI,Kuyilimala,Painavu- Thodupuzha road,9.850570584,76.9360782,Debris,slide,15th August 2018,2018,2018
15199,KRL/IDK/58C13/2018/208,KERALA,IDUKKI,Kuyilimala,Painavu- Thodupuzha road,9.847280184,76.94078985,Debris,"slide, D-N250",15th August 2018,2018,2018
15200,KRL/IDK/58C13/2018/208,KERALA,IDUKKI,Kuyilimala,Painavu- Thodupuzha road,9.84608162,76.93856784,Debris,slide,15th August 2018,2018,2018
15201,KRL/IDK/58C13/2018/210,KERALA,IDUKKI,Kuyilimala behind the excise office,Painavu- Thodupuzha road,9.844834373,76.94324578,Debris,slide,15th August 2018,2018,2018
15202,KRL/IDK/58C13/2018/211,KERALA,IDUKKI,"Govt. Engineering College, Idukki",nil,9.850453205,76.93920409,Debris,slide,15th August 2018,2018,2018
15203,KRL/IDK/58C13/2018/212,KERALA,IDUKKI,Painavu- Thodupuzha road,,9.848743038,76.94420752,Debris,slide,15th August 2018,2018,2018
15204,KRL/IDK/58C13/2018/213,KERALA,IDUKKI,Painavu- Thodupuzha road,,9.850969945,76.94523237,Debris,slide,15th August 2018,2018,2018
15205,KRL/IDK/58C13/2018/214,KERALA,IDUKKI,Painavu- Thodupuzha road,,9.851785803,76.94483607,Debris,slide,15th August 2018,2018,2018
15206,KRL/IDK/58C13/2018/215,KERALA,IDUKKI,Painavu- Thodupuzha road,,9.8534006,76.94541069,Debris,slide,15th August 2018,2018,2018
15207,KRL/IDK/58C13/2018/216,KERALA,IDUKKI,Idukki-Medical college road,,9.84252051,76.96507197,Debris,slide,15th August 2018,2018,2018
15208,KRL/IDK/58C13/2018/217,KERALA,IDUKKI,Idukki-Medical college road,,9.849399964,76.96035452,Debris,flow,15th August 2018,2018,2018
15209,KRL/IDK/58C13/2018/218,KERALA,IDUKKI,Opposite to the Idukki Medical College,Cheruthoni- Painavu- Thodupuzha road,9.849504518,76.96102967,Debris,slide,15th August 2018,2018,2018
15210,KRL/IDK/58C13/2018/219,KERALA,IDUKKI,Opposite to the Idukki Medical College,Cheruthoni- Painavu- Thodupuzha road,9.850162377,76.96137993,Debris,slide,15th August 2018,2018,2018
15211,KRL/IDK/58C13/2018/220,KERALA,IDUKKI,Behind Vazhathope grama panchayat market,,9.852182735,76.96215755,Debris,slide,15th August 2018,2018,2018
15212,KRL/IDK/58C13/2018/221,KERALA,IDUKKI,Thanikandam,Thanikandam- Theatrepadi road,9.865724865,76.95268441,Debris,slide,15th August 2018,2018,2018
15213,KRL/IDK/58C13/2018/222,KERALA,IDUKKI,Thanikandam,Thanikandam- Theatrepadi road,9.865500043,76.95248254,Debris,slide,15th August 2018,2018,2018
15214,KRL/IDK/58C13/2018/223,KERALA,IDUKKI,Thanikandam,Thanikandam- Theatrepadi road,9.86493563,76.95160411,Debris,flow,15th August 2018,2018,2018
15215,KRL/IDK/58C13/2018/224,KERALA,IDUKKI,Thanikandam,Thanikandam- Theatrepadi road,9.864429056,76.95166493,Debris,flow,15th August 2018,2018,2018
15216,KRL/IDK/58C13/2018/225,KERALA,IDUKKI,Thanikandam,,9.869572357,76.95327226,Debris,slide,15th August 2018,2018,2018
15217,KRL/IDK/58C13/2018/226,KERALA,IDUKKI,Thanikandam,,9.868633796,76.95300237,Debris,flow,15th August 2018,2018,2018
15218,KRL/IDK/58F/4/2018/227,KERALA,IDUKKI,"Kannan Devan Hills plantation, Devikulam Taluk",Public Health Centre road,10.06755,77.10993606,Debris,slide,15th August 2018,2018,2018
15219,KRL/IDK/58F/4/2018/228,KERALA,IDUKKI,Near Ayappa temple,nil,10.06664995,77.10987547,Debris,slide,15th August 2018,2018,2018
15220,KRL/IDK/58F/4/2018/229,KERALA,IDUKKI,Ave Maria Mission,Devikulam Munnar road,10.06167975,77.10544717,Debris,slide,15th August 2018,2018,2018
15221,KRL/IDK/58F/4/2018/230,KERALA,IDUKKI,Erachilpara,nil,10.06230155,77.10432027,Debris,slide,15th August 2018,2018,2018
15222,KRL/IDK/58F/4/2018/231,KERALA,IDUKKI,SBI bank Devikulam,,10.06823779,77.10609164,Debris,slide,15th August 2018,2018,2018
15223,KRL/IDK/58F/4/2018/232,KERALA,IDUKKI,Near SBI bank Devikulam,nil,10.06725365,77.10592109,Debris,slide,15th August 2018,2018,2018
15224,KRL/IDK/58F/4/2018/233,KERALA,IDUKKI,Erachilpara,nil,10.06519368,77.10294358,Debris,slide,15th August 2018,2018,2018
15225,KRL/IDK/58C13/2018/234,KERALA,IDUKKI,Devikulam,,10.06355709,77.10303331,Debris,slide,15th August 2018,2018,2018
15226,KRL/IDK/58C13/2018/235,KERALA,IDUKKI,Devikulam,,10.06897,77.10673487,Debris,slide,15th August 2018,2018,2018
15227,KRL/IDK/58C13/2018/236,KERALA,IDUKKI,Nettikudi Lower Division-Munnar,,10.08123992,77.12936124,Debris,slide,15th August 2018,2018,2018
15228,KRL/IDK/58F/4/2018/237,KERALA,IDUKKI,"Grahamsland Estate, KDH Village,Devikulam",Munnar- Silent valley Road,10.08742967,77.09432233,Debris,slide,15th August 2018,2018,2018
15229,KRL/IDK/58F/4/2018/238,KERALA,IDUKKI,"near Grahamsland Estate, KDH Village,Devikulam",Munnar- Silent valley Road,10.08519982,77.07959554,Debris,slide,15th August 2018,2018,2018
15230,KRL/IDK/58F/4/2018/239,KERALA,IDUKKI,"near Grahamsland Estate, KDH Village,Devikulam",Munnar- Silent valley Road,10.08511972,77.07796234,Debris,slide,16th August 2018,2018,2018
15231,KRL/IDK/58F/4/2018/240,KERALA,IDUKKI,Munnar- Mattupatti road,Munnar- Mattupatti road,10.08550962,77.06336176,Debris,slide,16th August 2018,2018,2018
15232,KRL/IDK/58F/4/2018/241,KERALA,IDUKKI,Near Police Quarters,Police Quarters road,10.08428652,77.06236888,Debris,slide,16th August 2018,2018,2018
15233,KRL/IDK/58F/4/2018/242,KERALA,IDUKKI,"PWD quarters near police station, Munnar",,10.08353382,77.06709799,Debris,slide,15th August 2018,2018,2018
15234,KRL/IDK/58F/4/2018/243,KERALA,IDUKKI,"Behind Sarvana Bhavan hotel, Munnar.",,10.08705244,77.05947678,Debris,slide,15th August 2018,2018,2018
15235,KRL/IDK/58C13/2018/244,KERALA,IDUKKI,Nallathanni Road,,10.09360081,77.05301476,Debris,slide,15th August 2018,2018,2018
15236,KRL/IDK/58C13/2018/245,KERALA,IDUKKI,Nallathanni Estate-Kurumala Division,,10.08950352,77.03006647,Debris,flow,15th August 2018,2018,2018
15237,KRL/IDK/58C13/2018/246,KERALA,IDUKKI,Nallathanni Estate-Kurumala Division,,10.08859377,77.0266037,Debris,slide,15th August 2018,2018,2018
15238,KRL/IDK/58C13/2018/247,KERALA,IDUKKI,Nallathanni Estate-near Tea Museum,,10.09492825,77.04886372,Debris,slide,15th August 2018,2018,2018
15239,KRL/IDK/58F/4/2018/248,KERALA,IDUKKI,Near Munnar Govt. college,Munnar-Madurai (NH-85),10.08225605,77.07482456,Debris,slide,15th August 2018,2018,2018
15240,KRL/IDK/58F/4/2018/249,KERALA,IDUKKI,"Lekshmi estate, Ottapara division",Munnar-Mulakkad to Mankulam road,10.06099755,77.03536967,Debris,slide,15th August 2018,2018,2018
15241,KRL/IDK/58C13/2018/250,KERALA,IDUKKI,Nullutanni Estate-Sholamala Division,,10.1131221,77.04333236,Debris,slide,15th August 2018,2018,2018
15242,KRL/IDK/58C13/2018/251,KERALA,IDUKKI,Kadalar Cadamon Plantation,,10.135492,77.004949,Debris,slide,15th August 2018,2018,2018
15243,KRL/IDK/58C13/2018/252,KERALA,IDUKKI,Kadalar Cadamon Plantation,,10.134463,77.003319,Debris,slide,15th August 2018,2018,2018
15244,KRL/IDK/58C13/2018/253,KERALA,IDUKKI,Kadalar Estate west division,Kadalar Estate-Munnar Road,10.13308243,77.02254929,Debris,slide,15th August 2018,2018,2018
15245,KRL/IDK/58C13/2018/254,KERALA,IDUKKI,Kannimala Junction,Kadalar Estate-Munnar Road,10.12542736,77.05154746,Debris,slide,15th August 2018,2018,2018
15246,KRL/IDK/58C13/2018/255,KERALA,IDUKKI,Kannimala Junction,Kadalar Estate-Munnar Road,10.12548647,77.05221377,Debris,slide,15th August 2018,2018,2018
15247,KRL/IDK/58C13/2018/256,KERALA,IDUKKI,Kadalar Vilak,Kadalar Estate-Munnar Road,10.12551095,77.05408403,Debris,slide,15th August 2018,2018,2018
15248,KRL/IDK/58F/4/2018/257,KERALA,IDUKKI,Kadalar Vilakku,Munnar- Coimbatore,10.12557285,77.05430336,Debris,slide,15th August 2018,2018,2018
15249,KRL/IDK/58F/4/2018/258,KERALA,IDUKKI,Munnar- Coimbatore road,Munnar- Coimbatore road,10.12657124,77.05509425,Debris,slide,15th August 2018,2018,2018
15250,KRL/IDK/58F/4/2018/259,KERALA,IDUKKI,Munnar- Udumpalpettu road,Munnar- Udumpalpettu road,10.12947678,77.05589729,Debris,slide,15th August 2018,2018,2018
15251,KRL/IDK/58F/4/2018/260,KERALA,IDUKKI,Rajammala- Edamalakudy road,Rajammala- Edamalakudy road,10.1434528,77.02801523,Debris,flow,15th August 2018,2018,2018
15252,KRL/IDK/58F/4/2018/261,KERALA,IDUKKI,Rajammala- Edamalakudy second level road,Rajammala- Edamalakudy second level road,10.14352967,77.02727675,Debris,flow,15th August 2018,2018,2018
15253,KRL/IDK/58F/4/2018/262,KERALA,IDUKKI,Munnar Juma Masjid,Munnar- Udumpalpettu road,10.08971639,77.05988593,Debris,slide,15th August 2018,2018,2018
15254,KRL/IDK/58F/4/2018/263,KERALA,IDUKKI,Near Munnar Betheren Church,Munnar- Udumpalpettu road,10.09254548,77.05990392,Debris,slide,15th August 2018,2018,2018
15255,KRL/IDK/58F/4/2018/264,KERALA,IDUKKI,Near Ganesha temple,Munnar- Udumpalpettu road,10.09738659,77.05761783,Debris,slide,15th August 2018,2018,2018
15256,KRL/IDK/58F/4/2018/265,KERALA,IDUKKI,Rajamala 5th mile,Munnar- Udumpalpettu road blocked,10.13739556,77.060126,Debris,slide,15th August 2018,2018,2018
15257,KRL/IDK/58C13/2018/266,KERALA,IDUKKI,Neymakad Tea Estate,Rajamala-Udulmal Pett,10.15005873,77.073107,Debris,slide,15th August 2018,2018,2018
15258,KRL/IDK/58C13/2018/267,KERALA,IDUKKI,Munnar-Udumal pett road 8th mile,Munnar-Udumal pett road 8th mile,10.1502097,77.08209414,Debris,slide,15th August 2018,2018,2018
15259,KRL/IDK/58C13/2018/268,KERALA,IDUKKI,Kilparattu lower Division,,10.173418,77.128062,Debris,flow,15th August 2018,2018,2018
15260,KRL/IDK/58C13/2018/269,KERALA,IDUKKI,Munnar-Murukan Temple,,10.08961763,77.06122615,Debris,slide,15th August 2018,2018,2018
15261,KRL/IDK/58C13/2018/270,KERALA,IDUKKI,Munnar,Munnar-Kochi,10.06649583,77.06557573,Debris,slide,15th August 2018,2018,2018
15262,KRL/IDK/58C13/2018/271,KERALA,IDUKKI,Pallivasal Tea Estate,Munnar-Kochi,10.05720453,77.05383331,Debris,slide,15th August 2018,2018,2018
15263,KRL/IDK/58C13/2018/272,KERALA,IDUKKI,Vattayar,Munnar-Kochi,10.03871671,77.00559879,Debris,flow,15th August 2018,2018,2018
15264,KRL/IDK/58C13/2018/273,KERALA,IDUKKI,Vattayar,Munnar-Kochi,10.03884987,77.00151372,Debris,slide,15th August 2018,2018,2018
15265,KRL/IDK/58F/4/2018/274,KERALA,IDUKKI,"Unnikuzhy, Pallivasal village",nil,10.0349903,76.99247013,Debris,slide,15th August 2018,2018,2018
15266,KRL/IDK/58C13/2018/275,KERALA,IDUKKI,Thokkupara,,10.02451009,77.02294844,Debris,slide,15th August 2018,2018,2018
15267,KRL/IDK/58F/4/2018/276,KERALA,IDUKKI,"Anachal, Shankupadi",Anachal- Iruttukkanam road,10.02913779,77.03188727,Debris,flow,15th August 2018,2018,2018
15268,KRL/IDK/58F/4/2018/277,KERALA,IDUKKI,"Anachal, Shankupadi",nil,10.03057454,77.03491491,Debris,slide,15th August 2018,2018,2018
15269,KRL/IDK/58F/4/2018/278,KERALA,IDUKKI,"Anachal, Shankupadi",nil,10.03079422,77.0344694,Debris,flow,15th August 2018,2018,2018
15270,KRL/IDK/58F/4/2018/279,KERALA,IDUKKI,"Hotel, Plumjudy, Pallivasal",Road to Hotel Plum judy,10.05532106,77.04999993,Debris,slide,15th August 2018,2018,2018
15271,KRL/IDK/58C13/2018/280,KERALA,IDUKKI,Ambazhachal-Kunjithanni,,10.01807501,77.01686224,Debris,flow,15th August 2018,2018,2018
15272,KRL/IDK/58C13/2018/281,KERALA,IDUKKI,Kunjithanni,,10.016105,77.05219713,Debris,slide,15th August 2018,2018,2018
15273,KRL/IDK/58C13/2018/282,KERALA,IDUKKI,Kunjithanni,,10.00513651,77.06453921,Debris,flow,15th August 2018,2018,2018
15274,KRL/IDK/58C13/2018/283,KERALA,IDUKKI,Ellaickal,,9.999803428,77.0630921,Debris,flow,15th August 2018,2018,2018
15275,KRL/IDK/58C13/2018/284,KERALA,IDUKKI,Ellaickal,,10.0006738,77.06266901,Debris,slide,15th August 2018,2018,2018
15276,KRL/IDK/58F/4/2018/286,KERALA,IDUKKI,"Ellackkal, Kunjithani",Ellackkal- Pothuppara,9.99189645,77.06274131,Subsidence,,15th August 2018,2018,2018
15277,KRL/IDK/58F/4/2018/286,KERALA,IDUKKI,"Ellackkal, Kunjithani",Ellackkal- Pothuppara,9.994788375,77.0613735,Debris,"flow, F.D: N75",15th August 2018,2018,2018
15278,KRL/IDK/58F/4/2018/287,KERALA,IDUKKI,Ellackkal,Ellackkal- Pothuppara,9.994211595,77.06255529,Debris,flow,15th August 2018,2018,2018
15279,KRL/IDK/58F/4/2018/288,KERALA,IDUKKI,Ellackkal,Ellackkal- Pothuppara,9.994679403,77.06291387,Debris,slide,15th August 2018,2018,2018
15280,KRL/IDK/58F/4/2018/289,KERALA,IDUKKI,"Uppar, Bison Valley",nil,9.996409403,77.07832631,Debris,slide,15th August 2018,2018,2018
15281,KRL/IDK/58F/4/2018/290,KERALA,IDUKKI,"Uppar, Bison Valley",nil,9.995731861,77.07681743,Debris,slide,15th August 2018,2018,2018
15282,KRL/IDK/58F/4/2018/291,KERALA,IDUKKI,Upparnirappu,Ellackkal- Tea company road,9.999035434,77.07756791,Debris,slide,15th August 2018,2018,2018
15283,KRL/IDK/58F/4/2018/292,KERALA,IDUKKI,Kochupu,Kochupu- Josegiri,9.992197557,77.0811719,Debris,"flow, F.D: N175",15th August 2018,2018,2018
15284,KRL/IDK/58F/4/2018/293,KERALA,IDUKKI,Josegiri,Kochupu- Josegiri road,10.01391667,77.08216667,Debris,"flow, F.D: N200",15th August 2018,2018,2018
15285,KRL/IDK/58F/4/2018/294,KERALA,IDUKKI,Josegiri,Kochupu- Josegiri road,10.01636111,77.08663889,Debris,"flow, F.D: N120",15th August 2018,2018,2018
15286,KRL/IDK/58F/4/2018/295,KERALA,IDUKKI,Josegiri,Kochupu- Josegiri road,10.00358333,77.09747222,Debris,"flow, F.D: N170",15th August 2018,2018,2018
15287,KRL/IDK/58F/4/2018/296,KERALA,IDUKKI,"40 acre, Bison Valley",40 acre- Bison Valley road,10.00070701,77.11354272,Debris,"flow, F.D: N 25",15th August 2018,2018,2018
15288,KRL/IDK/58F/4/2018/297,KERALA,IDUKKI,"40 acre, Bison Valley",40 acre- Komalakudy road,10.00263932,77.11953704,Debris,"flow, F.D: N 305",15th August 2018,2018,2018
15289,KRL/IDK/58C13/2018/298,KERALA,IDUKKI,BisonValley,,10.00042815,77.11617619,Debris,flow,15th August 2018,2018,2018
15290,KRL/IDK/58C13/2018/299,KERALA,IDUKKI,Kurangupara,,9.991094311,77.10569352,Slump,,15th August 2018,2018,2018
15291,KRL/IDK/58C13/2018/300,KERALA,IDUKKI,Gudumala Tea Estate,Munnar-Udumalpet road,10.14937322,77.10974023,Debris,slide,15th August 2018,2018,2018
15292,KRL/IDK/58C13/2018/301,KERALA,IDUKKI,Tata Eucalyptus Plantation,Munnar-Udumalpet road,10.15267201,77.11259907,Debris,slide,15th August 2018,2018,2018
15293,KRL/IDK/58F/4/2018/302,KERALA,IDUKKI,"Near Vagavurai estate, Lakkam division",Munnar- Udampalpettu road,10.18278583,77.1088738,Debris,slide,15th August 2018,2018,2018
15294,KRL/IDK/58F/4/2018/303,KERALA,IDUKKI,"Near Vagavurai estate, Lakkam division",Munnar- Udampalpettu road,10.18291675,77.10959544,Debris,slide,15th August 2018,2018,2018
15295,KRL/IDK/58F/4/2018/304,KERALA,IDUKKI,"Kundala, Pudukkadi",Munnar-Topstation road,10.13814384,77.1903076,Debris,slide,15th August 2018,2018,2018
15296,KRL/IDK/58C13/2018/305,KERALA,IDUKKI,Vattavada,Vattavada-Koviloor road,10.17888581,77.25845105,Debris,slide,15th August 2018,2018,2018
15297,KRL/KNR/49M09/2018/001,Kerala,Kannur,Edakkanam Debris Slide,Edakkanam,11.97909444,75.64750278,Debris,Slide,"14th August 2018, 15:50 hrs",2018,2018
15298,KRL/KNR/48P12/2018/002,Kerala,Kannur,Randamkai Debris Flow,Randamkai,12.09170833,75.69388889,Debris,Flow,"08th August 2018, 14:00 hrs",2018,2018
15299,KRL/KNR/48P12/2018/003,Kerala,Kannur,Arabikkulam Debris Flow,Arabikkulam,12.08867222,75.69080278,Debris,Flow,"08th August 2018, 14:30 hrs",2018,2018
15300,KRL/KNR/48P12/2018/004,Kerala,Kannur,Kalanki rock-cum-debris topple,Vayathur,12.09855556,75.69021667,Rock-cum-debris,Topple,"08th August 2018, 13:30 hrs",2018,2018
15301,KRL/KNR/48P16/2018/005,Kerala,Kannur,Parakkamala rock-cum-debris flow,Ayyankunnu-Parakkamala,12.07206111,75.75855556,Rock-cum-debris,Flow,"08th August 2018, 13:30 hrs",2018,2018
15302,KRL/KNR/48P16/2018/006,Kerala,Kannur,Parakkamala debris flow-1,Ayyankunnu-Parakkamala,12.07092222,75.75761389,Debris,Flow,"08th August 2018, 16:00 hrs",2018,2018
15303,KRL/KNR/48P16/2018/007,Kerala,Kannur,Parakkamala debris flow-2,Ayyankunnu-Parakkamala,12.07041944,75.75770833,Debris,Flow,"08th August 2018, 16:30 hrs",2018,2018
15304,KRL/KNR/48P16/2018/008,Kerala,Kannur,Parakkamala debris flow-3,Ayyankunnu-Parakkamala,12.06516667,75.76377778,Debris,Flow,"08th August 2018, 17:00 hrs",2018,2018
15305,KRL/KNR/48P12/2018/009,Kerala,Kannur,Anapanthi Kavala Cut slope failure,Iritty-Virajpeta road,12.02903333,75.71350556,Earth,Slide,"09th August 2018, 15:30 hrs",2018,2018
15306,KRL/KNR/48P16/2018/010,Kerala,Kannur,Valathod debris flow,Valathod-Randamkadavu,12.04559722,75.78068056,Debris,Flow,"09th August 2018, 16:00 hrs",2018,2018
15307,KRL/KNR/48P16/2018/011,Kerala,Kannur,Uruppamkutty debris flow,Uruppamkutty,12.02020833,75.776525,Debris,Flow,"09th August 2018, 23:00 hrs",2018,2018
15308,KRL/KNR/48P16/2018/012,Kerala,Kannur,Karikkottakari earth slide,Edappuzha-Karikkottakari road,12.00518056,75.75670833,Earth,Slide,"08th August 2018, 16:00 hrs",2018,2018
15309,KRL/KNR/48P16/2018/013,Kerala,Kannur,Keezhanganan debris flow,Keezhanganan,12.01121389,75.77821667,Debris,Flow,"08th August 2018, 16:00 hrs",2018,2018
15310,KRL/KNR/49M13/2018/014,Kerala,Kannur,Chappamala debris flow,Kottiyoor,11.85291389,75.85624722,Debris,Flow,"14th August 2018, 17:00 hrs",2018,2018
15311,KRL/KNR/49M13/2018/015,Kerala,Kannur,Ambayathodu debris slide,Kotiyoor-Mananthavadi road,11.86662222,75.89026667,Debris,Slide,"16th August 2018, 11:30 hrs",2018,2018
15312,KRL/KNR/49M13/2018/016,Kerala,Kannur,Nelliyodu debris flow,Nelliyodu-Kottiyoor road,11.86084444,75.86396389,Debris,Flow,"08th August 2018, 10:30 hrs",2018,2018
15313,KRL/KNR/49M13/2018/017,Kerala,Kannur,Kandappanam earth slide,Kottiyoor,11.86204722,75.87109444,Earth,Slide,"16th August 2018, 12:30 hrs",2018,2018
15314,KRL/KNR/49M13/2018/018,Kerala,Kannur,Kelakkam Creep (Cracks),Kailashampadi,11.91209167,75.85948333,Earth,Creep,10th August 2018,2018,2018
15315,KRL/KNR/48P12/2018/019,Kerala,Kannur,Thenankayam debris flow,Payyavoor,12.12692778,75.64231389,Debris,Flow,"08th August 2018, 07:30 hrs",2018,2018
15316,KRL/KNR/48P12/2018/020,Kerala,Kannur,Mukkuzhi debris flow,Payyavoor,12.1297,75.62868056,Debris,Flow,"08th August 2018, 15:00 hrs",2018,2018
15317,KRL/KNR/48P12/2018/021,Kerala,Kannur,Madakkoli debris flow,Payyavoor,12.14786111,75.60595,Debris,Flow,"08th August 2018, 07:30 hrs",2018,2018
15318,KRL/KNR/48P12/2018/022,Kerala,Kannur,Purathotti debris flow,Eruvessi,12.16221111,75.56968333,Debris,Flow,"08th August 2018, 07:00 hrs",2018,2018
15319,KRL/KNR/48P12/2018/023,Kerala,Kannur,Paithalmala debris flow,Eruvessi,12.15688056,75.57745278,Debris,Flow,"08th August 2018, 07:30 hrs",2018,2018
15320,KRL/KNR/48P12/2018/024,Kerala,Kannur,Arikamala debris flow,Eruvessi,12.13916111,75.5749,Debris,Flow,"08th August 2018, 12:00 hrs",2018,2018
15321,KL/KTM/58C/14/2018/1,Kerala,Kottayam,Vazhathara Granite Quarry Slide,Kodunga,9.648758333,76.88862222,Rock cum debris,Flow,15th August 2018,2018,2018
15322,KL/KTM/58C/14/2018/2,Kerala,Kottayam,Vazhathara Granite Quarry Slide 2,Kodunga,9.650013889,76.88978889,Rock cum debris,Flow,15th August 2018,2018,2018
15323,KL/KTM/58C/14/2018/3,Kerala,Kottayam,Kodunga slide 1,Kodunga,9.648005556,76.88960278,Debris,Flow,15th August 2018,2018,2018
15324,KL/KTM/58C/14/2018/4,Kerala,Kottayam,Kodunga slide 2,Kodunga,9.642869444,76.89306111,Debris,Flow,15th August 2018,2018,2018
15325,KL/KTM/58C/14/2018/5,Kerala,Kottayam,Melethadam slide 1,Melethadam,9.653094444,76.90341944,Debris,Slide,15th August 2018,2018,2018
15326,KL/KTM/58C/14/2018/6,Kerala,Kottayam,Melethadam slide 2,Melethadam,9.653402778,76.903175,Rock cum debris,flow,15th August 2018,2018,2018
15327,KL/KTM/58C/14/2018/7,Kerala,Kottayam,Melethadam slide 3,Melethadam,9.656433333,76.90389167,Rock cum debris,flow,15th August 2018,2018,2018
15328,KL/KTM/58C/14/2018/8,Kerala,Kottayam,Kunthanpara slide,Kunthnpara,9.638944444,76.86823611,Rock cum debris.,flow,15th August 2018,2018,2018
15329,KL/KTM/58C/14/2018/9,Kerala,Kottayam,Kunthanpara slide 2,Kunthnpara,9.643716667,76.86842222,debris.,Slide,15th August 2018,2018,2018
15330,KL/KTM/58C/14/2018/10,Kerala,Kottayam,Kunthanpara slide 2,Kunthnpara,9.644494444,76.867875,Rock cum debris.,flow,15th August 2018,2018,2018
15331,KL/KTM/58C/14/2018/11,Kerala,Kottayam,Chathanplappally slide,Chathanplappally,9.630855556,76.87125,Rock cum debris.,flow,15th August 2018,2018,2018
15332,KL/KTM/58C/14/2018/12,Kerala,Kottayam,Mlakkara slide,Mlakkara,9.645325,76.90501667,Debris.,flow,15th August 2018,2018,2018
15333,KL/KTM/58C/14/2018/13,Kerala,Kottayam,Vallyantha slide,Vallyantha,9.646877778,76.90202778,Debris.,flow,15th August 2018,2018,2018
15334,KL/KTM/58C/14/2018/14,Kerala,Kottayam,Vallyantha slide,Vallyantha,9.644319444,76.89696111,Debris.,flow,15th August 2018,2018,2018
15335,KL/KTM/58C/14/2018/15,Kerala,Kottayam,Njerkkadu slide,Njerkkadu,9.638197222,76.88700556,Debris.,flow,15th August 2018,2018,2018
15336,KL/KTM/58C/14/2018/16,Kerala,Kottayam,Melethadam slide 4,Njerkkadu,9.659355556,76.89671944,Debris,Slide,15th August 2018,2018,2018
15337,KL/KTM/58C/14/2018/17,Kerala,Kottayam,Melethadam slide 5,Melethadam,9.658569444,76.90202778,Debris.,Slide,15th August 2018,2018,2018
15338,KL/KTM/58C/14/2018/18,Kerala,Kottayam,Melethadam slide 6,Melethadam,9.65845,76.90136944,Debris.,Slide,15th August 2018,2018,2018
15339,KL/KTM/58C/14/2018/19,Kerala,Kottayam,Melethadam slide 7,Melethadam,9.658686111,76.90151944,Debris.,Slide,15th August 2018,2018,2018
15340,KL/KTM/58C/14/2018/20,Kerala,Kottayam,Inchappara debris flow,Inchappara,9.708394444,76.84967222,Debris,Flow,15th August 2018,2018,2018
15341,KL/KTM/58C/14/2018/21,Kerala,Kottayam,Vellikulam slide,Vellikulam,9.700266667,76.86585,Debris,Slide,15th August 2018,2018,2018
15342,KL/KTM/58C/14/2018/22,Kerala,Kottayam,Attikalam debris flow,Attikalam,9.707702778,76.88578611,Debris,Flow,15th August 2018,2018,2018
15343,KL/KTM/58C/14/2018/23,Kerala,Kottayam,Attikalam stream bank failure,Road from Attikalam to Chottupara,9.701488889,76.88281389,Debris,Slide,15th August 2018,2018,2018
15344,KL/KTM/58C/14/2018/24,Kerala,Kottayam,Mangalagiri Rock-cum-debris Flow,Mangalagiri,9.699908333,76.834475,Rock-cum-debris,Flow,15th August 2018,2018,2018
15345,KL/KTM/58C/14/2018/25,Kerala,Kottayam,Muttam Rock-cum-debris Flow,Thalanadu Village,9.731455556,76.81583333,Rock-cum-debris,Flow,16 August 2018,2018,2018
15346,KL/KTM/58C/14/2018/26,Kerala,Kottayam,Chonamala debris slide,Chonamala,9.74295,76.82049167,Debris,Slide,15 July 2018,2018,2018
15347,KL/KTM/58C/14/2018/27,Kerala,Kottayam,Chonamala slide 2,Road from Chonamala to Illikkakal,9.743238889,76.81921667,Debris,Slide,16 July 2018,2018,2018
15348,KL/KTM/58C/14/2018/28,Kerala,Kottayam,Chonamala - Mel Adukkam cut slope failure 1,Road from Chonamala to Mel Adukkam,9.731683333,76.821975,Debris,Slide,15th August 2018,2018,2018
15349,KL/KTM/58C/14/2018/29,Kerala,Kottayam,Chonamala debris flow,Chonamala,9.733877778,76.82231111,Debris,Flow,15th August 2018,2018,2018
15350,KL/KTM/58C/14/2018/30,Kerala,Kottayam,Chonamala - Mel Adukkam cut slope failure 2,Road from Chonamala to Mel Adukkam,9.73715,76.82596111,Debris.,Slide,15th August 2018,2018,2018
15351,KL/KTM/58C/14/2018/31,Kerala,Kottayam,Periyamala debris flow,Periyamala,9.741438889,76.84107222,Debris,Flow,15th August 2018,2018,2018
15352,KL/KTM/58C/14/2018/32,Kerala,Kottayam,Vellani rock cum debris flow,Vellani,9.728494444,76.8422,Rock cum debris,Flow,15th August 2018,2018,2018
15353,KL/PTMT/58C/15/2018/01,Kerala,Pathanamthitta,Meenkuzhi slide,Chittar Village,9.319213889,76.95202222,Debris,Flow,"15.08.2018, 12:30 hrs.",2018,2018
15354,KL/PTMT/58C/15/2018/02,Kerala,Pathanamthitta,Meenkuzhi slide,Chittar Village,9.31625,76.94988056,Debris,Slide,15th August 2018,2018,2018
15355,KL/PTMT/58C/15/2018/03,Kerala,Pathanamthitta,Transformer Padi slide,Chittar Village,9.313819444,76.95609444,Debris,Flow,15th August 2018,2018,2018
15356,KL/PTMT/58C/15/2018/04,Kerala,Pathanamthitta,Valiyakulangara valley slide 1,Chittar Village,9.301730556,76.98050278,Debris,Flow,"15.08.2018, 11.00 hrs",2018,2018
15357,KL/PTMT/58C/15/2018/05,Kerala,Pathanamthitta,Valiyakulangara valley slide 2,Chittar Village,9.302208333,76.97924167,Debris,Flow,"15.08.2018, 13.00 hrs",2018,2018
15358,KL/PTMT/58C/15/2018/06,Kerala,Pathanamthitta,Valiyakulangara valley slide 3,Chittar Village,9.302861111,76.97783333,Debris,Flow,15th August 2018,2018,2018
15359,KL/PTMT/58C/15/2018/07,Kerala,Pathanamthitta,Valiyakulangara valley slide 4,Chittar Village,9.309877778,76.96136944,Soil,Slide,15th August 2018,2018,2018
15360,KL/PTMT/58C/15/2018/08,Kerala,Pathanamthitta,Mele Poochakkulam 1,Thannithodu Village,9.272416667,76.96925833,Debris,Flow,15th August 2018,2018,2018
15361,KL/PTMT/58C/15/2018/09,Kerala,Pathanamthitta,Mele Poochakkulam 2,Thannithodu Village,9.269308333,76.96805,Debris,Flow,15th August 2018,2018,2018
15362,KL/PTMT/58C/15/2018/10,Kerala,Pathanamthitta,Thannithodu slide,Thannithodu Village,9.268941667,76.96807222,Debris,Slide,15th August 2018,2018,2018
15363,KL/PTMT/58C/15/2018/11,Kerala,Pathanamthitta,Thannithodu slide 2,Thannithodu Village,9.260186111,76.96240278,Debris,Slide,15th August 2018,2018,2018
15364,KL/PTMT/58C/15/2018/12,Kerala,Pathanamthitta,Mannarakulanji slide,Konni Village/Mannarakulanji,9.298777778,76.80181667,Debris,Slide,15th August 2018,2018,2018
15365,KL/PTMT/58C/15/2018/13,Kerala,Pathanamthitta,Pezhumpara slide,Konni Village/Pezhumpara.,9.340930556,76.85064444,Debris,Slide,15th August 2018,2018,2018
15366,KL/PTMT/58C/15/2018/14,Kerala,Pathanamthitta,Maniyar slide 1,Seethathodu Village/Maniyar.,9.324669444,76.87481667,Soil,Slide,16 August 2018,2018,2018
15367,KL/PTMT/58C/15/2018/15,Kerala,Pathanamthitta,Maniyar slide 2,Seethathodu Village/Maniyar.,9.324291667,76.87843889,Soil,Slide,15th August 2018,2018,2018
15368,KL/PTMT/58C/15/2018/16,Kerala,Pathanamthitta,Koothattukulam slide 1,Chittar Village/Koothattukulam.,9.332680556,76.91926667,Debris,Slide,15th August 2018,2018,2018
15369,KL/PTMT/58C/15/2018/17,Kerala,Pathanamthitta,Koothattukulam slide 2,Road from Pathanamthitta to Vadaserikkara,9.332480556,76.920175,Soil cum debris,Slide,15th August 2018,2018,2018
15370,KL/PTMT/58C/15/2018/18,Kerala,Pathanamthitta,Mundanpara slide 1,Seethathodu Village,9.30035,76.99730556,Debris,Flow,15th August 2018,2018,2018
15371,KL/PTMT/58C/15/2018/19,Kerala,Pathanamthitta,Mundanpara slide 2,Seethathodu Village,9.301225,76.98561667,Debris,Slide,15th August 2018,2018,2018
15372,KL/PTMT/58C/15/2018/20,Kerala,Pathanamthitta,Mundanpara slide 3,Seethathodu/Mundanpara,9.304333333,76.990425,Debris,Flow,15th August 2018,2018,2018
15373,KL/PTMT/58C/15/2018/21,Kerala,Pathanamthitta,Mundanpara slide 4,Mundanpara,9.303427778,76.99098333,Debris,Flow,15th August 2018,2018,2018
15374,KL/PTMT/58C/15/2018/22,Kerala,Pathanamthitta,Mundanpara slide 5,Seethathodu Village,9.304602778,76.98839167,Debris,Slide,15th August 2018,2018,2018
15375,KL/PTMT/58C/15/2018/23,Kerala,Pathanamthitta,Mundanpara slide 6,Mundanpara,9.305169444,76.98724444,Debris,Flow,15th August 2018,2018,2018
15376,KL/PTMT/58C/15/2018/24,Kerala,Pathanamthitta,Mundanpara slide 7,Mundanpara,9.310961111,76.97961944,Debris,Flow,15th August 2018,2018,2018
15377,KL/PTMT/58C/15/2018/25,Kerala,Pathanamthitta,Thekkummood slide,"Thekkummood, Seethathodu",9.321516667,76.96113889,Debris,Flow,15th August 2018,2018,2018
15378,KL/PTMT/58C/15/2018/26,Kerala,Pathanamthitta,Moonnukallu slide,"Moonnukallu, Seethathodu",9.327388889,76.95871111,Debris,Flow,15th August 2018,2018,2018
15379,KL/PTMT/58C/15/2018/27,Kerala,Pathanamthitta,86 block slide,"Moonnukallu, Seethathodu",9.328972222,76.95457778,Debris,Flow,15th August 2018,2018,2018
15380,KL/PTMT/58C/15/2018/28,Kerala,Pathanamthitta,Anachantha slide,"Anachantha, Seethathodu",9.31495,76.98687222,Debris,Flow,15th August 2018,2018,2018
15381,KL/PTMT/58C/15/2018/29,Kerala,Pathanamthitta,22nd Block slide,"22nd block, Seethathodu",9.310505556,76.99689167,Debris,Flow,15th August 2018,2018,2018
15382,KL/PTMT/58C/15/2018/30,Kerala,Pathanamthitta,Anachanda slide 2,"Anachanda-22nd block road, Seethathodu",9.313472222,76.99053889,Debris,Flow,15th August 2018,2018,2018
15383,KL/PTMT/58C/15/2018/31,Kerala,Pathanamthitta,Kochukoikkal slide,"Kochukoikkal , Seethathodu",9.335494444,76.99559722,Rock - cum - debris,Flow,15th August 2018,2018,2018
15384,KL/PTMT/58C/15/2018/32,Kerala,Pathanamthitta,4th block slides,"4th block , Seethathodu",9.3212,77.00377222,Debris,Slide,15th August 2018,2018,2018
15385,KL/PTMT/58C/15/2018/33,Kerala,Pathanamthitta,Seethathodu East slide,East of Seethathodu village,9.326661111,76.98666389,Debris,Slide,15th August 2018,2018,2018
15386,KL/PTMT/58C/15/2018/34,Kerala,Pathanamthitta,Harrisons plantation slide,"Kappakadu , Perunadu",9.347475,76.91850833,Debris,Flow,15th August 2018,2018,2018
15387,KL/PTMT/58C/15/2018/35,Kerala,Pathanamthitta,Bimmaram colony slide 1,"Bimmaram colony, Perunadu",9.34365,76.94040556,Rock cum debris,Flow,15th August 2018,2018,2018
15388,KL/PTMT/58C/15/2018/36,Kerala,Pathanamthitta,Bimmaram colony slide 2,"Bimmaram colony, Perunadu",9.343594444,76.93544444,Debris,Flow,15th August 2018,2018,2018
15389,KL/PTMT/58C/15/2018/37,Kerala,Pathanamthitta,Bimmaram colony slide 3,"Bimmaram colony, Perunadu",9.343591667,76.93378611,Debris,Flow,15th August 2018,2018,2018
15390,KL/PTMT/58C/15/2018/38,Kerala,Pathanamthitta,Kollamula slide 1,Kollamula,9.437263889,76.86890556,Debris,Slide,15th August 2018,2018,2018
15391,KL/PTMT/58C/15/2018/39,Kerala,Pathanamthitta,Kollamula slide 2,Kollamula,9.411836111,76.973325,Soil,Slide,15th August 2018,2018,2018
15392,KL/PTMT/58C/15/2018/40,Kerala,Pathanamthitta,Kollamula slide 3,Kollamula,9.418430556,76.96574167,Soil,Slide,15th August 2018,2018,2018
15393,KL/PTMT/58C/16/2018/41,Kerala,Pathanamthitta,Muttaakkuzhi slide,"Muttaakkuzhi, Aruvaappalam, Konni.",9.170569444,76.87509167,Debris,Flow,13 October 2018,2018,2018
15394,KL/PTMT/58C/16/2018/42,Kerala,Pathanamthitta,Muttaakkuzhi slide 2,"Muttaakkuzhi, Aruvaappalam, Konni.",9.170291667,76.87375278,Debris,slide,13 October 2018,2018,2018
15395,KL/PTMT/58C/11/2018/43,Kerala,Pathanamthitta,Punnassery colony rock fall,"Punnassery colony, Naranganam.",9.316963889,76.74328889,Rock,Fall,"July 2018, 15th August 2018",2018,2018
15396,KL/PTMT/58C/16/2018/44,Kerala,Pathanamthitta,Vakayar slide,"Muthupezhungal, Vakayar",9.170822222,76.87366111,Soil,Slide,13 October 2018,2018,2018
15397,KL/PTMT/58C/16/2018/45,Kerala,Pathanamthitta,Athirungal slide,Vakayar-Athirungal road,9.164555556,76.87303056,Soil,Slide,13 October 2018,2018,2018
15398,KL/PTMT/58C/16/2018/46,Kerala,Pathanamthitta,Kulathuman slide,Athirungal-Kulathuman-Kalleli road,9.166425,76.87938333,Debris,Slide,13 October 2018,2018,2018
15399,KL/PTMT/58C/16/2018/47,Kerala,Pathanamthitta,Kulathuman slide,Murinjakal-Athirungal road,9.167266667,76.86105556,Soil,Slide,13 October 2018,2018,2018
15400,KL/PTMT/58C/16/2018/48,Kerala,Pathanamthitta,Thannimoodu slide,Thannimoodu,9.176258333,76.85974722,Soil,Slide,13 October 2018,2018,2018
15401,KL/PTMT/58C/16/2018/49,Kerala,Pathanamthitta,Mlaanthadam slide,Mlaanthadam,9.177086111,76.863,Soil,Slide,13 October 2018,2018,2018
15402,KL/PTMT/58C/16/2018/50,Kerala,Pathanamthitta,Chuvattupara cut slope failure,Chuvattupara,9.184813889,76.86902778,Soil,Slide,13 October 2018,2018,2018
15403,KL/PTMT/58C/16/2018/51,Kerala,Pathanamthitta,Athirungal - Vakayar road slide,Athirungal - Vakayar road,9.164555556,76.87303056,Soil,Slide,13 October 2018,2018,2018
15404,KL/TSR/58B/07/2019/01,Kerala,Thrissur,Mettipadam Slide,Mettipadam,10.34972778,76.37563611,Rock cum debris,Flow,15th August 2018,2018,2018
15405,KL/TSR/58B/07/2019/02,Kerala,Thrissur,Arichankuzhy Slide,Arichankuzhy,10.34705833,76.45483889,Rock cum debris,Flow,15th August 2018,2018,2018
15406,KL/TSR/58B/07/2019/03,Kerala,Thrissur,Vettukuzhy Slide,Vettukuzhy,10.32061111,76.46618333,Rock cum debris,Flow,15th August 2018,2018,2018
15407,KL/TSR/58B/07/2019/04,Kerala,Thrissur,Konnakuzhy Slide,Konnakuzhy cattle breeding farm (Kerala veterinary and animal science university).,10.30133333,76.41955556,Rock cum debris,Flow,16 August 2018,2018,2018
15408,KL/TSR/58B/07/2019/05,Kerala,Thrissur,Konnakuzhy Slide 2,"Kerala veterinary and animal science university, Konnakuzhy",10.30375,76.43389722,Rock cum debris,Flow,16 August 2018,2018,2018
15409,KL/TSR/58B/07/2019/06,Kerala,Thrissur,Chattukayyintara Slide,Chattukayyintara; Chalakudi- Athirapalli road.,10.30137778,76.443125,Debris,Flow,16 August 2018,2018,2018
15410,KL/TSR/58B/07/2019/07,Kerala,Thrissur,Chattukayyintara Slide 2,Chalakudi-Athirapalli road.,10.29847222,76.45830556,Rock cum debris,Flow,16 August 2018,2018,2018
15411,KL/TSR/58B/07/2019/08,Kerala,Thrissur,Vadakkayam slide,Athirapalli village,10.30162222,76.49305833,Debris,Flow,15th August 2018,2018,2018
15412,KL/TSR/58B/11/2019/09,Kerala,Thrissur,Charpa slide,"Road from Chalakudy to Malakkapara, near Charpa water fall",10.303325,76.57943056,Debris,Slide,15th August 2018,2018,2018
15413,KL/TSR/58B/11/2019/10,Kerala,Thrissur,Charpa slide 2,Road from Chalakudy to Malakkapara,10.308175,76.62505556,Debris,Shallow rotational,15th August 2018,2018,2018
15414,KL/TSR/58B/11/2019/11,Kerala,Thrissur,Peringalkuthu dam slide,Peringalkuthu dam,10.31431944,76.63327778,Debris,Slide,16 August 2018,2018,2018
15415,KL/TSR/58B/11/2019/12,Kerala,Thrissur,Anakkayam slide,Anakkayam,10.30969722,76.70632778,Debris,Flow,15th August 2018,2018,2018
15416,KL/TSR/58B/11/2019/13,Kerala,Thrissur,Anakkayam slide 2,Road from Chalakudy to Malakkapara,10.31246667,76.71723333,Debris,Flow,15th August 2018,2018,2018
15417,KL/TSR/58B/11/2019/14,Kerala,Thrissur,Anakkayam slide 3,Road from Chalakudy to Malakkapara,10.30879444,76.72221667,Debris,Slide,15th August 2018,2018,2018
15418,KL/TSR/58B/11/2019/15,Kerala,Thrissur,Ambalapara slide,Road from Chalakudy to Malakkapara,10.30745278,76.72078889,Debris,Flow,15th August 2018,2018,2018
15419,KL/TSR/58B/06/2019/16,Kerala,Thrissur,Kolankundu slide,Kolankundu village,10.50783333,76.33771389,Debris,Slide,16 August 2018,2018,2018
15420,KL/TSR/58B/06/2019/17,Kerala,Thrissur,Kolankundu debris slump,Kolankundu village,10.50971111,76.33816667,Debris,Slump,16 August 2018,2018,2018
15421,KL/TSR/58B/06/2019/18,Kerala,Thrissur,Urulankunnu slide,Urulankunnu,10.51307222,76.34031667,Debris,Flow,15th August 2018,2018,2018
15422,KL/TSR/58B/06/2019/19,Kerala,Thrissur,Payyanam slide1,Payyanam,10.51476667,76.33656389,Debris,Flow,15th August 2018,2018,2018
15423,KL/TSR/58B/06/2019/20,Kerala,Thrissur,Payyanam slide2,Payyanam,10.51467222,76.33638889,Debris,Slide,15th August 2018,2018,2018
15424,KL/TSR/58B/06/2019/21,Kerala,Thrissur,Payyanam slide3,Payyanam,10.51561944,76.33841389,Debris,Flow,15th August 2018,2018,2018
15425,KL/TSR/58B/06/2019/22,Kerala,Thrissur,Ambalapara Debris flow,Road from Chalakudy to Malakkapara,10.31242778,76.73735,Debris,Flow,15th August 2018,2018,2018
15426,KL/TSR/58B/06/2019/23,Kerala,Thrissur,KSEB Dam slide,"KSEB office, Lower Sholayar",10.31509722,76.7335,Debris,Flow,16 August 2018,2018,2018
15427,KL/TSR/58B/15/2019/24,Kerala,Thrissur,Chalakudy-Malakkapara road slide,Road from Chalakudy to Malakkapara,10.29346111,76.840075,Debris,Slide,16 August 2018,2018,2018
15428,KL/TSR/58B/15/2019/25,Kerala,Thrissur,Chalakudy-Malakkapara road slide 2,Road from Chalakudy to Malakkapara,10.29894722,76.832175,Debris,Slide,16 August 2018,2018,2018
15429,KL/TSR/58B/15/2019/26,Kerala,Thrissur,Chalakudy-Malakkapara road slide 3,Road from Chalakudy to Malakkapara,10.29924167,76.83186667,Debris,Slide,16 August 2018,2018,2018
15430,KL/TSR/58B/11/2019/27,Kerala,Thrissur,Tavalakuzhi para slide 1,Tavalakuzhi para,10.29035278,76.67788056,Debris,Slide,16 August 2018,2018,2018
15431,KL/TSR/58B/11/2019/28,Kerala,Thrissur,Tavalakuzhi para slide 2,Tavalakuzhi para,10.29038889,76.67469444,Debris,Slide,16 August 2018,2018,2018
15432,KL/TSR/58B/11/2019/29,Kerala,Thrissur,Anakkayam Cutslope failure,Road from Chalakudy to Malakkapara,10.30348056,76.705925,Debris,Slide,16 August 2018,2018,2018
15433,KL/TSR/58B/11/2019/30,Kerala,Thrissur,Chalakudy-Malakkapara road slide 4,Road from Chalakudy to Malakkapara,10.30573333,76.74543611,Debris,Slide,16 August 2018,2018,2018
15434,KL/TSR/58B/11/2019/31,Kerala,Thrissur,Chalakudy-Malakkapara road slide 5,Road from Chalakudy to Malakkapara,10.30611944,76.74497778,Debris,Slide,16 August 2018,2018,2018
15435,KL/TSR/58B/11/2019/32,Kerala,Thrissur,Chalakudy-Malakkapara road slide 6,Road from Chalakudy to Malakkapara,10.30677778,76.74486944,Debris,slide,16 August 2018,2018,2018
15436,KL/TSR/58B/15/2019/33,Kerala,Thrissur,Chalakudy-Malakkapara road slide 7,Road from Chalakudy to Malakkapara,10.301875,76.75135833,Debris,Slide,16 August 2018,2018,2018
15437,KL/TSR/58B/06/2019/34,Kerala,Thrissur,Chalakudy-Malakkapara road slide 8,Road from Chalakudy to Malakkapara,10.30290278,76.75796944,Debris,Slide,16 August 2018,2018,2018
15438,KL/TSR/58B/15/2019/35,Kerala,Thrissur,Chalakudy-Malakkapara road slide 9,Road from Chalakudy to Malakkapara,10.30138333,76.78339444,Debris,Slide,16 August 2018,2018,2018
15439,KL/TSR/58B/15/2019/36,Kerala,Thrissur,Chalakudy-Malakkapara road slide 10,Road from Chalakudy to Malakkapara,10.29795833,76.82603611,Debris,Slide,16 August 2018,2018,2018
15440,KL/TSR/58B/15/2019/37,Kerala,Thrissur,Chalakudy-Malakkapara road slide 11,Road from Chalakudy to Malakkapara,10.30053056,76.82913056,Debris,Slide,16 August 2018,2018,2018
15441,KL/TSR/58B/07/2019/38,Kerala,Thrissur,Puttankadu slide1,Puttankadu village,10.48799444,76.32170278,Debris,Slide,15 August 2018,2018,2018
15442,KL/TSR/58B/07/2019/39,Kerala,Thrissur,Puttankadu slide2,Puttankadu village,10.48781389,76.32260278,Debris,Slide,15 August 2018,2018,2018
15444,KL/TSR/58B/07/2019/41,Kerala,Thrissur,Puttankadu subsidence,Puttankadu village,10.48451389,76.32183333,Soil,Subsidence,15th August 2018,2018,2018
15445,KL/TSR/58B/07/2019/42,Kerala,Thrissur,Puttankadu slide4,Puttankadu village,10.48055833,76.32093056,Debris,Slide,15th August 2018,2018,2018
15446,KL/TSR/58B/07/2019/43,Kerala,Thrissur,Puttankadu debris flow1,Puttankadu village,10.47969444,76.32331667,Debris,Flow,15th August 2018,2018,2018
15447,KL/TSR/58B/07/2019/44,Kerala,Thrissur,Puttankadu debris flow2,Puttankadu village,10.47921667,76.32351667,Debris,Flow,15th August 2018,2018,2018
15448,KL/TSR/58B/06/2019/45,Kerala,Thrissur,Kainur Slide,Kainur village,10.50057778,76.28667222,Debris,Slide,15th August 2018,2018,2018
15449,KL/TSR/58B/06/2019/46,Kerala,Thrissur,Vattappara Slide1,Vattappara village,10.51589722,76.30816944,Debris,Slide,15th August 2018,2018,2018
15450,KL/TSR/58B/06/2019/47,Kerala,Thrissur,Vattappara Slide2,Vattappara village,10.51630833,76.31001944,Debris,Slide,15th August 2018,2018,2018
15451,KL/TSR/58B/06/2019/48,Kerala,Thrissur,Peechi slide,Peechi,10.53402778,76.36093611,Soil,Subsidence,15th August 2018,2018,2018
15452,KL/TSR/58B/06/2019/49,Kerala,Thrissur,Pullankandu slide,Madakkathara village,10.59210833,76.30595556,Rock cum debris,Flow,15th August 2018,2018,2018
15453,KL/TSR/58B/06/2019/50,Kerala,Thrissur,Pazhayanoopadam slide,Manalithara village,10.61500833,76.2926,Debris,Slide,15th August 2018,2018,2018
15454,KL/TSR/58B/06/2019/51,Kerala,Thrissur,Kallidukk slide,Thanipadam village,10.55973611,76.34181389,Debris,Slide,15th August 2018,2018,2018
15455,KL/TSR/58B/06/2019/52(1),Kerala,Thrissur,Aayod debris flows,"Aayod, Poonchira village.",10.56352778,76.34280556,Debris,Slide,15th August 2018,2018,2018
15456,KL/TSR/58B/06/2019/52(2),Kerala,Thrissur,Aayod debris flows,"Aayod, Poonchira village.",10.56356111,76.34336389,Debris,Slide,15th August 2018,2018,2018
15457,KL/TSR/58B/06/2019/53,Kerala,Thrissur,Poovanchira slide,Poovanchira village,10.57234444,76.35405,soil,slide,15th August 2018,2018,2018
15458,KL/TSR/58B/06/2019/54,Kerala,Thrissur,Poovanchira slide 2,Poovanchira village,10.58056389,76.352325,Rock cum debris,Flow,15th August 2018,2018,2018
15459,KL/TSR/58B/06/2019/55,Kerala,Thrissur,Vazhukkupara slide,Vazhukkupara village,10.57592778,76.37895556,Soil,Slide,15th August 2018,2018,2018
15460,KL/TSR/58B/06/2019/56,Kerala,Thrissur,Kuthiranmala temple slide,Kuthiran village,10.57672222,76.38002222,Debris,slide,15th August 2018,2018,2018
15461,KL/TSR/58B/06/2019/57,Kerala,Thrissur,Kuthiran slide,Kuthiran village,10.57328611,76.38566389,Debris,slide,15th August 2018,2018,2018
15462,KL/TSR/58B/06/2019/58,Kerala,Thrissur,Kuthiran slide 2,Kuthiran village,10.57715833,76.40607222,Debris,Slide,15th August 2018,2018,2018
15463,KL/TSR/58B/06/2019/59(1),Kerala,Thrissur,Kuthiran tunnel slides,Kuthiran village,10.57211111,76.40366667,Debris,Slide,15th August 2018,2018,2018
15464,KL/TSR/58B/06/2019/59(2),Kerala,Thrissur,Kuthiran tunnel slides,Kuthiran village,10.57211111,76.40366667,Debris,Slide,15th August 2018,2018,2018
15465,KL/TSR/58B/06/2019/60,Kerala,Thrissur,Kuthiran slide 3,Kuthiran village,10.57055556,76.37544444,Debris,Slide,15th August 2018,2018,2018
15466,KL/TSR/58B/06/2019/61,Kerala,Thrissur,Kuthiran slide 4,Kuthiran village,10.57009722,76.37508889,Debris,Slide,15th August 2018,2018,2018
15467,KL/TSR/58B/06/2019/62,Kerala,Thrissur,Uravanpadam slide,Kuthiran village,10.55409722,76.37019167,Debris,flow,15th August 2018,2018,2018
15469,KL/TSR/58B/06/2019/69,Kerala,Thrissur,Chimmini slide,"West of Chimmini reservoir, Mukundapuram",10.439975,76.43793889,Debris,flow,15th August 2018,2018,2018
15470,KL/TSR/58B/02/2019/70,Kerala,Thrissur,Kuranchery slide,Kuranchery-Nayarangadi road near Shornur-Kodungallur SH.,10.62977778,76.23077778,Debris,Slide,15th August 2018,2018,2018
15471,KL/TSR/58B/06/2019/71,Kerala,Thrissur,Pallam slide 1,Pallam,10.74039722,76.23532778,Debris,Slide,15th August 2018,2018,2018
15472,KL/TSR/58B/02/2019/72,Kerala,Thrissur,Pallam slide 2,Pallam,10.74073056,76.23487778,Debris,Slide,15th August 2018,2018,2018
15473,KL/TSR/58B/06/2019/73,Kerala,Thrissur,Pallam slide 2,Pallam,10.74073056,76.23487778,Debris,Slide,15th August 2018,2018,2018
15474,KL/TSR/58B/06/2019/74,Kerala,Thrissur,Chottupara slide,Konchery-Chottupara road,10.59479444,76.24233333,Debris,Slide,15th August 2018,2018,2018
15475,KL/TSR/58B/06/2019/75,Kerala,Thrissur,Thaalikode slide,"Thalikode, Pattikadu",10.5643,76.30727222,Rock cum debris,Slide,16th August 2018,2018,2018
15476,KL/TSR/58B/06/2019/76,Kerala,Thrissur,Thaalikode slide 2,"Mudikode-Thalikode road, TEAMS global village academy",10.56536667,76.30219722,Debris,Slide,16th August 2018,2018,2018
15477,KL/TSR/58B/06/2019/77,Kerala,Thrissur,Anand Nagar slide,"Anand Nagar, Madakkathara.",10.57015556,76.29810556,Debris,Flow,16th August 2018,2018,2018
15478,KL/TSR/58B/06/2019/78,Kerala,Thrissur,Kurumala debris flow,Kurumala,10.672875,76.33805556,Debris,Flow,16th August 2018,2018,2018
15479,KL/TSR/58B/07/2019/79,Kerala,Thrissur,Chittaakkunnu,"Chittaakkunnu, Mannamangalam",10.47962778,76.32351944,Debris,Flow,16th August 2018,2018,2018
15480,KL/TSR/58B/07/2019/80,Kerala,Thrissur,Chittaakkunnu slide 2,"Chittaakkunnu, Mannamangalam",10.48003333,76.32395278,Debris,flow,16th August 2018,2018,2018
15481,KER/WYD/58A2/2018/23,Kerala,Wayanad,Vythiri busstand,NH-212,11.55277778,76.03888889,Debris,Slide,09 August 2018,2018,2018
15482,KER/WYD/58A2/2018/24,Kerala,Wayanad,Ammara anganvadi,Chundale-Anoth Road,11.58477778,76.03427778,Debris,Slide,09 August 2018,2018,2018
15483,KER/WYD/58A2/2018/25,Kerala,Wayanad,Chundel estate 2,Chundale-Anoth Road,11.58519444,76.039,Debris,Slide,09 August 2018,2018,2018
15484,KER/WYD/58A2/2018/26,Kerala,Wayanad,Chundel estate 3,Chundale-Anoth Road,11.58455556,76.03836111,Debris,Slide,09 August 2018,2018,2018
15485,KER/WYD/58A2/2018/27,Kerala,Wayanad,Chundel estate 4,Chundale-Anoth Road,11.5855,76.03833333,Debris,Flows,09 August 2018,2018,2018
15486,KER/WYD/58A2/2018/28,Kerala,Wayanad,50Acre,Sugandhagiri forest Rd,11.54197222,76.00038889,Debris,Flows,08 August 2018,2018,2018
15487,KER/WYD/58A2/2018/29,Kerala,Wayanad,50Acre 2,Sugandhagiri forest Rd,11.53919444,76.00422222,Debris,Flows,08 August 2018,2018,2018
15488,KER/WYD/58A2/2018/30,Kerala,Wayanad,Sugandhagiri 1,Sugandhagiri forest Rd,11.54044444,76.01061111,Debris,Slide,08 August 2018,2018,2018
15489,KER/WYD/58A2/2018/31,Kerala,Wayanad,Sugandhagiri 2nd unit 1,Sugandhagiri forest Rd,11.54502778,76.01083333,rock-cum-debris,Slide,"2014, June 2018,8 August 2018",2014; 2018,2014
15490,KER/WYD/58A2/2018/32,Kerala,Wayanad,Sugandhagiri 2nd unit 2,Sugandhagiri forest Rd,11.54483333,76.01169444,Debris,Flows,08 August 2018,2018,2018
15491,KER/WYD/58A2/2018/33,Kerala,Wayanad,Sugandhagiri 2nd unit 3,Sugandhagiri forest Rd,11.54777778,76.00877778,Debris,Flows,08 August 2018,2018,2018
15492,KER/WYD/58A2/2018/34,Kerala,Wayanad,Sugandhagiri 2nd unit 4,Sugandhagiri forest Rd,11.54769444,76.00922222,Debris,Flows,08 August 2018,2018,2018
15493,KER/WYD/58A2/2018/35,Kerala,Wayanad,Sugandhagiri 2nd unit 5,Sugandhagiri forest Rd,11.54619444,76.00886111,Debris,Flows,15th August 2018,2018,2018
15494,KER/WYD/58A2/2018/36,Kerala,Wayanad,Sugandhagiri 2nd unit 6,Sugandhagiri forest Rd,11.54358333,76.01352778,Debris,Flows,15th August 2018,2018,2018
15495,KER/WYD/58A2/2018/37,Kerala,Wayanad,Sugandhagiri 3rd unit,Sugandhagiri forest Rd,11.549,76.00258333,Debris,Flows,08 August 2018,2018,2018
15496,KER/WYD/49M14/2018/38,Kerala,Wayanad,Sugandhagiri 4th unit 1,Sugandhagiri forest Rd,11.55283333,75.99897222,Debris,Flows,08 August 2018,2018,2018
15497,KER/WYD/49M14/2018/39,Kerala,Wayanad,Sugandhagiri 4th unit 2,Sugandhagiri forest Rd,11.55358333,75.99602778,rock-cum-debris,Slide,15th August 2018,2018,2018
15498,KER/WYD/49M14/2018/40,Kerala,Wayanad,Chennayakavala 1,Sugandhagiri forest,11.55738889,75.99847222,Debris,Slide,15th August 2018,2018,2018
15499,KER/WYD/58A2/2018/41,Kerala,Wayanad,Chennayakavala 2,Sugandhagiri forest,11.55875,76.00136111,rock-cum-debris,Flows,08 August 2018,2018,2018
15500,KER/WYD/58A2/2018/42,Kerala,Wayanad,Chennayakavala 3,Sugandhagiri forest,11.55580556,76.00141667,Debris,Slide,08 August 2018,2018,2018
15501,KER/WYD/58A2/2018/43,Kerala,Wayanad,Chennayakavala 4,Sugandhagiri forest,11.55508333,76.00147222,Debris,Slide,08 August 2018,2018,2018
15502,KER/WYD/58A2/2018/44,Kerala,Wayanad,kalloor,Sugandhagiri Kalloor Rd,11.56458333,76.00905556,Debris,Slide,15th August 2018,2018,2018
15503,KER/WYD/49M14/2018/45,Kerala,Wayanad,Chiriyanaripara,Padinjarathara-Pulinjal Forest Rd,11.69177778,75.94311111,Debris,Flows,08 August 2018,2018,2018
15504,KER/WYD/49M14/2018/46,Kerala,Wayanad,Idiyamvayal,Pozhuthana-Padinjarathara Road,11.61377778,75.99705556,Debris,Flows,15th August 2018,2018,2018
15505,KER/WYD/49M14/2018/47,Kerala,Wayanad,Kapikalam,Padinjarathara-Pulinjal Forest Rd,11.67075,75.93683333,Debris,Flows,08 August 2018,2018,2018
15506,KER/WYD/58A2/2018/48,Kerala,Wayanad,Vellaram kunnu 1,NH-212,11.58427778,76.06791667,Debris,,08 August 2018,2018,2018
15507,KER/WYD/58A2/2018/49,Kerala,Wayanad,Vattappara1,NH-212,11.53666667,76.03577778,Debris,Slide,08 August 2018,2018,2018
15508,KER/WYD/58A2/2018/50,Kerala,Wayanad,Vattappara2,Old Vythiri-Kunnathidavakka Road,11.53636111,76.04152778,Debris,Slide,08 August 2018,2018,2018
15509,KER/WYD/58A2/2018/51,Kerala,Wayanad,Ayisha plantation1,Vythiri-Ayisha Plantation Road,11.54516667,76.04319827,rock-cum-debris,Slide,08 August 2018,2018,2018
15510,KER/WYD/58A2/2018/52,Kerala,Wayanad,Ayisha plantation pond,Old Vythiri-Kunnathidavakka Road,11.52961111,76.04455556,Debris,Slide,08 August 2018,2018,2018
15511,KER/WYD/58A2/2018/53,Kerala,Wayanad,Niket,Vythiri-Niket Forest Road,11.53786111,76.059,Debris,Slide,08 August 2018,2018,2018
15512,KER/WYD/58A2/2018/54,Kerala,Wayanad,Thalimala charity bridge,Vythiri-Thalimala Road,11.54494444,76.04491667,rock-cum-debris,Slide,08 August 2018,2018,2018
15513,KER/WYD/58A2/2018/55,Kerala,Wayanad,Thalimala Ayisha1,Vythiri-Thailakunnu-Thalimala Road,11.54602778,76.04630278,Debris,Slide,08 August 2018,2018,2018
15514,KER/WYD/58A2/2018/56,Kerala,Wayanad,Thalimala Ayisha 2,Vythiri-Thailakunnu-Thalimala Road,11.54412759,76.05525848,Debris,Slide,08 August 2018,2018,2018
15515,KER/WYD/58A2/2018/57,Kerala,Wayanad,Thalimala ayisha 3,Vythiri-Thailakunnu-Thalimala Road,11.54969444,76.05577778,rock-cum-debris,Slide,08 August 2018,2018,2018
15516,KER/WYD/58A2/2018/58,Kerala,Wayanad,Chelode estate,Chundale-Olivumala Road,11.56612222,76.05433333,rock-cum-debris,Slide,08 August 2018,2018,2018
15517,KER/WYD/58A2/2018/59,Kerala,Wayanad,Vellaram kunnu 2,Puzhamudy-VellaramKunnu Road,11.60555556,76.05241667,Debris,Flows,15th August 2018,2018,2018
15518,KER/WYD/58A2/2018/60,Kerala,Wayanad,Kolpara,Edapetty-Kolpara forest Road,11.62550259,76.10069045,Debris,Flows,09-08-2018,2018,2018
15519,KER/WYD/58A2/2018/61,Kerala,Wayanad,Edapetti,Edapetty-Kolpara forest Road,11.62494434,76.10330032,Debris,Flows,09 August 2018,2018,2018
15520,KER/WYD/58A2/2018/62,Kerala,Wayanad,Kolpara_Govindan,Edapetty-Kolpara forest Road,11.62322222,76.10641667,Debris,Flows,09 August 2018,2018,2018
15521,KER/WYD/58A2/2018/63,Kerala,Wayanad,Meppadi PHC,Meppadi local Road,11.55683333,76.12963889,Debris,Slide,09 August 2018,2018,2018
15522,KER/WYD/58A2/2018/64,Kerala,Wayanad,Erumakolli 1,Meppadi-Chembra Peak Road,11.55233333,76.10127778,Debris,Flows,08 August 2018,2018,2018
15523,KER/WYD/58A2/2018/65,Kerala,Wayanad,Erumakolli 2,Meppadi-Chembra Peak Road,11.55458333,76.09483333,rock-cum-debris,Slide,09 August 2018,2018,2018
15524,KER/WYD/58A2/2018/66,Kerala,Wayanad,Erumakolli 3,Meppadi-Chembra Peak Road,11.55455556,76.09052778,Debris,Flows,08th and 9th August 2018,2018,2018
15525,KER/WYD/58A2/2018/67,Kerala,Wayanad,Chembra peak 1,Meppadi-Chembra Peak Road,11.5535,76.08627778,Debris,Flows,08 August 2018,2018,2018
15526,KER/WYD/58A2/2018/68,Kerala,Wayanad,Chemra peak 2,Meppadi-Chembra Peak Road,11.55377778,76.08938889,rock-cum-debris,Slide,15th August 2018,2018,2018
15527,KER/WYD/58A2/2018/69,Kerala,Wayanad,Kunnumangalam kunnu,Kunnumangalam kunnu local Road,11.56111111,76.12858333,soil,Flows,June + Aug.2018,2018,2018
15528,KER/WYD/58A2/2018/70,Kerala,Wayanad,Odathodu temple,Odathodu-Annapara road,11.56894444,76.08027778,rock-cum-debris,Flows,08th and 9th August 2018,2018,2018
15529,KER/WYD/58A2/2018/71,Kerala,Wayanad,Mangavayal,Kunnampetta-Puttoorvayal road,11.57958333,76.09408333,Soil,Creep,"2nd, 9th August crack developed, Submerged on 17th August 2018",2018,2018
15530,KER/WYD/58A2/2018/72,Kerala,Wayanad,Mangavayal 2,Kunnampetta-Puttoorvayal road,11.58116667,76.09547222,Debris,Slide,15th August 2018,2018,2018
15531,KER/WYD/58A2/2018/73,Kerala,Wayanad,Manjalamkolli,Kunnampetta-Puttoorvayal road,11.59138889,76.088,soil,Subsidence,08 August 2018,2018,2018
15532,KER/WYD/58A2/2018/74,Kerala,Wayanad,Sreepuram ST colony 1,Chundale-Shivapuram road,11.58430556,76.05083333,Debris,Slide,08 August 2018,2018,2018
15533,KER/WYD/58A2/2018/75,Kerala,Wayanad,Sreepuram ST colony 2,Chundale-Shivapuram road,11.58555556,76.04830556,Debris,Slide,15th August 2018,2018,2018
15534,KER/WYD/58A2/2018/76,Kerala,Wayanad,Sreepuram ST colony 3,Chundale-Shivapuram road,11.58516667,76.04786111,Debris,Slide,08 August 2018,2018,2018
15535,KER/WYD/58A2/2018/77,Kerala,Wayanad,Chelode 1,NH-212,11.56658333,76.04338889,Debris,Slide,15th August 2018,2018,2018
15536,KER/WYD/58A2/2018/78,Kerala,Wayanad,Chelode 2,NH-212,11.56875,76.04397222,rock-cum-debris,Flows,09 August 2018,2018,2018
15537,KER/WYD/58A2/2018/79,Kerala,Wayanad,Chelode 3,NH-212,11.57127778,76.04416667,Debris,Slide,09 August 2018,2018,2018
15538,KER/WYD/58A2/2018/80,Kerala,Wayanad,Chelode 4,NH-212,11.57294444,76.045,Debris,Slide,08th and 9th August 2018,2018,2018
15539,KER/WYD/58A2/2018/81,Kerala,Wayanad,Odathode,NH-212,11.57205556,76.07755556,Debris,Slide,08th and 9th August 2018,2018,2018
15540,KER/WYD/58A2/2018/82,Kerala,Wayanad,82,NH-212,11.56580556,76.11833333,Debris,Slide,09 August 2018,2018,2018
15541,KER/WYD/58A2/2018/83,Kerala,Wayanad,Lakkidi,NH-212,11.52811111,76.02341667,Debris,Slide,08th and 9th August 2018,2018,2018
15542,KER/WYD/58A2/2018/84,Kerala,Wayanad,NH-212,NH-212,11.53444444,76.02647222,rock-cum-debris,Slide,09 August 2018,2018,2018
15543,KER/WYD/58A2/2018/85,Kerala,Wayanad,85,Lakkidi-Kunnathidavaka road,11.53541667,76.01827778,Debris,Flows,15th August 2018,2018,2018
15544,KER/WYD/58A2/2018/86,Kerala,Wayanad,Kappamkolli,NH-212,11.56669444,76.11777778,soil,Slide,08 August 2018,2018,2018
15545,KER/WYD/58A2/2018/87,Kerala,Wayanad,Nedumkarana,NH-212,11.54316667,76.178,Debris,Slide,09 August 2018,2018,2018
15546,KER/WYD/58A2/2018/88,Kerala,Wayanad,Padivayal,NH-212,11.54819444,76.20772222,Debris,Slide,09 August 2018,2018,2018
15547,KER/WYD/58A2/2018/89,Kerala,Wayanad,Kalpetta ESI,Meppadi-Kalpetta Road,11.599166,76.084166,Debris,Slide,15th August 2018,2018,2018
15548,KER/WYD/58A2/2018/90,Kerala,Wayanad,Kottavayal,Meppadi-Kalpetta Road,11.578055,76.110833,Debris,Slide,09 August 2018,2018,2018
15549,KER/WYD/58A2/2018/91,Kerala,Wayanad,Chembothara,Meppadi-Chembothara Road,11.568888,76.126666,Debris,Slide,09 August 2018,2018,2018
15550,KER/WYD/58A2/2018/92,Kerala,Wayanad,Nellimunda,Meppadi-Nellimunda-Arrapetta road,11.530277,76.14,Debris,Slide,09 August 2018,2018,2018
15551,KER/WYD/58A2/2018/93,Kerala,Wayanad,Attamala,Chooralmala-Attamala road,11.502222,76.164722,rock-cum-debris,Slide,"Initiated 2016, Reactivated Aug, 2018.",2016; 2018,2016
15552,KER/WYD/58A2/2018/94,Kerala,Wayanad,Rattakolly,Meppadi-Rattakolly road,11.502222,76.164722,soil,Slide,09 August 2018,2018,2018
15553,KER/WYD/58A2/2018/95,Kerala,Wayanad,Vellaramkunnu 3,NH-212,11.591111,76.068333,debris-cum-rock,Slide,08th and 9th August 2018,2018,2018
15554,KER/WYD/58A2/2018/96,Kerala,Wayanad,Vellaramkunnu 4,NH-212,11.585,76.06333,debris-cum-rock,Slide,08th and 9th August 2018,2018,2018
15555,KER/WYD/58A2/2018/97,Kerala,Wayanad,Vellaramkunnu 5,NH-212,11.582222,76.063055,rock-cum-debris,Slide,08th and 9th August 2018,2018,2018
15556,KER/WYD/58A2/2018/98,Kerala,Wayanad,Vellaramkunnu 6,NH-212,11.581388,76.062777,debris-cum-rock,Slide,08th and 9th August 2018,2018,2018
15557,KER/WYD/58A2/2018/99,Kerala,Wayanad,Vellaramkunnu 7,NH-212,11.580555,76.0625,debris-cum-rock,Slide,08th and 9th August 2018,2018,2018
15558,KER/WYD/58A2/2018/100,Kerala,Wayanad,Vythiri 1,NH-212,11.558333,76.0375,debris-cum-rock,Slide,08th and 9th August 2018,2018,2018
15559,KER/WYD/58A2/2018/101,Kerala,Wayanad,Vythiri Pozhuthana Rd,Vythiri Pozhuthana Rd,11.566111,76.03111,debris-cum-rock,Slide,08th and 9th August 2018,2018,2018
15560,KER/WYD/58A2/2018/102,Kerala,Wayanad,Pozhuthana 1,Vythiri-Tharuvana road,11.58583,76.018055,debris-cum-rock,Slide,08th and 9th August 2018,2018,2018
15561,KER/WYD/58A2/2018/103,Kerala,Wayanad,Pozhuthana 2,Vythiri-Tharuvana road,11.569444,76.019166,debris-cum-rock,Slide,08th and 9th August 2018,2018,2018
15562,KER/WYD/58A2/2018/104,Kerala,Wayanad,Pozhuthana 3,Vythiri-Tharuvana road,11.568611,76.019722,debris-cum-rock,Slide,09 August 2018,2018,2018
15563,KER/WYD/58A2/2018/105,Kerala,Wayanad,12th bridge,Vythiri-Tharuvana road,11.567777,76.028333,rock-cum-debris,Slide,09 August 2018,2018,2018
15564,KER/WYD/58A2/2018/106,Kerala,Wayanad,Pookod-Pozhuthana Rd,Pookod-Pozhuthana Rd,11.55055,76.035,debris-cum-rock,Slide,09 August 2018,2018,2018
15565,KER/WYD/58A2/2018/107,Kerala,Wayanad,Pookode lake 1,Pookode lake road,11.54,76.027222,rock-cum-debris,Slide,09 August 2018,2018,2018
15566,KER/WYD/58A2/2018/108,Kerala,Wayanad,Pookode lake 2,Pookode lake road,11.5375,76.0275,debris-cum-rock,Slide,09 August 2018,2018,2018
15567,KER/WYD/58A2/2018/109,Kerala,Wayanad,Pookode lake 3,Pookode lake road,11.53888,76.02722,debris-cum-rock,Slide,09 August 2018,2018,2018
15568,KER/WYD/58A2/2018/110,Kerala,Wayanad,Vythiri 2,NH-212,11.54888,76.39166,debris-cum-rock,Slide,09 August 2018,2018,2018
15569,KER/WYD/58A2/2018/111,Kerala,Wayanad,Vythiri 3,NH-212,11.55,76.0386,debris-cum-rock,Slide,09 August 2018,2018,2018
15570,KER/WYD/58A2/2018/112,Kerala,Wayanad,Kallaramkula,Kumbaleri local road,11.631666,76.193055,rock-cum-debris,Slide,01-07-2018,2018,2018
15571,KER/WYD/58A2/2018/113,Kerala,Wayanad,Narikundu 1,Narikundu local road,11.59002778,76.2085,Debris,Slide,08 August 2018,2018,2018
15572,KER/WYD/58A2/2018/114,Kerala,Wayanad,Narikundu 2,Narikundu local road,11.58425,76.19588889,Debris,Slide,08 August 2018,2018,2018
15573,KER/WYD/58A2/2018/115,Kerala,Wayanad,Narikundu 3,Narikundu local road,11.58372222,76.195,Debris,Slide,08th and 9th August 2018,2018,2018
15574,KER/WYD/58A6/2018/116,Kerala,Wayanad,Pallivayal,Vadakkanad-Pallivayal forest road,11.73661111,76.27,rock-cum-debris,Slide,08th and 9th August 2018,2018,2018
15575,KER/WYD/58A2/2018/117,Kerala,Wayanad,Edaguni,SH-54,11.61488889,76.06594444,Soil,Subsidence,15th August 2018,2018,2018
15576,KER/WYD/58A2/2018/118,Kerala,Wayanad,Anoth 1,Anoth Road,11.59269444,76.03736111,rock-cum-debris,Slide,09 August 2018,2018,2018
15577,KER/WYD/58A2/2018/119,Kerala,Wayanad,Anoth 2,Anoth Road,11.59316667,76.03441667,Soil,Slide,09 August 2018,2018,2018
15578,KER/WYD/58A2/2018/120,Kerala,Wayanad,Achoor,Vythiri-Tharuvana road,11.59783333,76.01502778,debris-cum-rock,Slide,08th and 9th August 2018,2018,2018
15579,KER/WYD/49M14/2018/121,Kerala,Wayanad,Ettamvayal 1,Vythiri-Tharuvana road,11.63177778,75.98794444,rock-cum-debris,Slide,08th and 9th August 2018,2018,2018
15580,KER/WYD/49M14/2018/122,Kerala,Wayanad,Ettamvayal 2,Vythiri-Tharuvana road,11.63194444,75.98744444,debris-cum-rock,Slide,08th and 9th August 2018,2018,2018
15581,KER/WYD/49M14/2018/123,Kerala,Wayanad,Naimoola,Vythiri-Tharuvana road,11.66852778,75.96925,debris-cum-rock,Slide,09 August 2018,2018,2018
15582,KER/WYD/58A2/2018/124,Kerala,Wayanad,Chuzhali,Kunnampetta-Madiyoor-Kuni road,11.59483333,76.08002778,Debris,Slide,09 August 2018,2018,2018
15583,KER/WYD/58A1/2018/125,Kerala,Wayanad,Tirunelli-Kattikulam Rd-1,Tirunelli-Kattikulam Rd,11.90411111,76.01644444,Debris,Slide,09 August 2018,2018,2018
15584,KER/WYD/58A1/2018/126,Kerala,Wayanad,Tirunelli-Kattikulam Rd-2,Tirunelli-Kattikulam Rd,11.90438889,76.01625,Debris,Slide,09 August 2018,2018,2018
15585,KER/WYD/58A1/2018/127,Kerala,Wayanad,Tirunelli-Kattikulam Rd-3,Tirunelli-Kattikulam Rd,11.90288889,76.01180556,Soil,Slide,09 August 2018,2018,2018
15586,KER/WYD/49M13/2018/128,Kerala,Wayanad,Thirunelli 1,Tirunelli-Kattikulam Rd,11.90919444,75.99958333,Soil,Lateral spread,09 August 2018,2018,2018
15587,KER/WYD/49M13/2018/129,Kerala,Wayanad,Thirunelli 2,Tirunelli-Kattikulam Rd,11.91005556,75.99888889,Soil,Slide,09 August 2018,2018,2018
15588,KER/WYD/49M13/2018/130,Kerala,Wayanad,Vellachal,Tirunelli-Kattikulam Rd,11.90366667,75.99972222,Debris,Slide,09 August 2018,2018,2018
15589,KER/WYD/58A1/2018/131,Kerala,Wayanad,Panavalli Rd,Panavalli Rd,11.87958333,76.03261111,Debris,Slide,09 August 2018,2018,2018
15590,KER/WYD/58A1/2018/132,Kerala,Wayanad,Kuricharmoola colony,Aanappara road,11.84219444,76.03925,Soil,Subsidence,09 August 2018,2018,2018
15591,KER/WYD/58A1/2018/133,Kerala,Wayanad,Kottayatukunnu,Jumma-Masjid road,11.75983333,76.01458333,Soil,Spread,09 August 2018,2018,2018
15592,KER/WYD/58A1/2018/134,Kerala,Wayanad,Thonichal,4th Mile-Mananthavady road,11.76883333,76.00266667,Debris,Slide,09 August 2018,2018,2018
15593,KER/WYD/49M13/2018/135,Kerala,Wayanad,Thalapuzha 1,SH-59,11.83938889,75.95588889,debris-cum-rock,Slide,09 August 2018,2018,2018
15594,KER/WYD/49M13/2018/136,Kerala,Wayanad,Thalapuzha 2,SH-59,11.84044444,75.95202778,Debris,Slide,09 August 2018,2018,2018
15595,KER/WYD/49M13/2018/137,Kerala,Wayanad,Thalapuzha 3,SH-59,11.84061111,75.95144444,rock-cum-debris,Slide,09 August 2018,2018,2018
15596,KER/WYD/49M13/2018/138,Kerala,Wayanad,Thalapuzha 4,SH-59,11.84066667,75.94527778,Soil,Slide,09 August 2018,2018,2018
15597,KER/WYD/49M13/2018/139,Kerala,Wayanad,Thalapuzha 5,SH-59,11.83913889,75.94394444,Debris,Slide,09 August 2018,2018,2018
15598,KER/WYD/49M13/2018/140,Kerala,Wayanad,Thalapuzha 6,SH-59,11.83702778,75.94019444,rock-cum-debris,Slide,09 August 2018,2018,2018
15599,KER/WYD/49M13/2018/141,Kerala,Wayanad,Thalapuzha 7,SH-59,11.83477778,75.93636111,debris-cum-rock,Slide,09 August 2018,2018,2018
15600,KER/WYD/49M13/2018/142,Kerala,Wayanad,Thalapuzha 8,SH-59,11.83644444,75.93258333,Debris,Slide,09 August 2018,2018,2018
15601,KER/WYD/49M13/2018/143,Kerala,Wayanad,Thalapuzha 9,SH-59,11.83658333,75.932,rock-cum-debris,Slide,09 August 2018,2018,2018
15602,KER/WYD/49M13/2018/144,Kerala,Wayanad,Thalapuzha 10,SH-59,11.83830556,75.92672222,rock-cum-debris,Slide,09 August 2018,2018,2018
15603,KER/WYD/49M13/2018/145,Kerala,Wayanad,Thalapuzha 11,SH-59,11.83913889,75.92577778,Debris,Slide,09 August 2018,2018,2018
15604,KER/WYD/49M13/2018/146,Kerala,Wayanad,Boys town,Mananthavady-Nedumpoil road,11.83963889,75.91594444,Soil,Slide,09 August 2018,2018,2018
15605,KER/WYD/49M13/2018/147,Kerala,Wayanad,Boys town 42 mile,Mananthavady-Nedumpoil road,11.83827778,75.9175,Debris,Slide,09 August 2018,2018,2018
15606,KER/WYD/49M13/2018/148,Kerala,Wayanad,Katterikunnu,Thalapuzha local road,11.83430556,75.94691667,Debris,Flows,9 August 2018 and 11 & 13 August 2018,2018,2018
15607,KER/WYD/49M13/2018/149,Kerala,Wayanad,New Wayanad Eng. college,SH-59,11.83255556,75.96986111,Debris,Slide,09 August 2018,2018,2018
15608,KER/WYD/58A2/2018/150,Kerala,Wayanad,Chenamala 1,Thurkey bazar-Kaithakolly local road,11.60169444,76.06908333,Debris,Slide,09 August 2018,2018,2018
15609,KER/WYD/58A2/2018/151,Kerala,Wayanad,Chenamala 2,Thurkey bazar-Kaithakolly local road,11.60177778,76.06994444,Debris,Slide,09 August 2018,2018,2018
15610,KER/WYD/58A2/2018/152,Kerala,Wayanad,Chenamala 3,Anoth local road,11.59652778,76.02827325,Debris,Slide,09 August 2018,2018,2018
15611,KER/WYD/58A2/2018/153,Kerala,Wayanad,Thekumthara,Pinangode-Thekumthara local road,11.62777778,76.02786111,Soil,Slide,09 August 2018,2018,2018
15612,KER/WYD/58A2/2018/154,Kerala,Wayanad,Korattapadi,Thekumthara-Korattapadi local road,11.64625,76.03088889,Soil,Creep,09 August 2018,2018,2018
15613,1,Kerala,Thiruvananthapuram,Ponmudi,6/22 Hair pin curve,8.7437,77.1226,Debris,Slide,10th August 2018,2018,2018
15614,2,Kerala,Thiruvananthapuram,Ponmudi,,8.7531,77.1252,Debris,Slide,10th August 2018,2018,2018
15615,3,Kerala,Thiruvananthapuram,,,8.7557,77.1248,Debris,Slide,"10th August 2018, 10.30pm",2018,2018
15616,4,Kerala,Kollam,Chippanchira,,8.749,77.0235,Debris,Slide,10th August 2018 10.30pm,2018,2018
15617,5,Kerala,Kollam,Aryankavu New Railway Station,,8.9555,77.1333,Debris,Slide,14th August 2018 10.30pm,2018,2018
15618,6,Kerala,Kollam,Aryankavu,,8.9741,77.1459,Debris,Slide,14th August 2018 10.30pm,2018,2018
15619,7,Kerala,Kollam,Aryankavu Old Railway Station,,8.982,77.1529,Debris,Slide,14th August 2018,2018,2018
15620,8,Kerala,Kollam,Thenmala Railway Station,,8.9648,77.08,Debris,Slide,14th August 2018,2018,2018
15621,KRL/KZH/58A/3/14/2018/1,Kerala,Kozhikode,Kakkadslide-1,Kakkad,11.318572,76.111157,Debris,flow,17th August 2018,2018,2018
15622,KRL/KZH/58A/3/14/2018/02,Kerala,Kozhikode,Kakkad slide-2,Kakkad,11.31864,76.112463,Rock cum debris,Slide,17th August 2018,2018,2018
15623,KRL/KZH/58A/3/2018/03,Kerala,Kozhikode,Kakkadslide-3,Kakkad,11.322878,76.111882,Rock cum debris,Flow,17th August 2018,2018,2018
15624,KRL/KZH/58C/14/2018/4,Kerala,Kozhikode,Thalakkad slide,Thalakkad,11.331245,76.100913,Debris,Slide,16th August 2018,2018,2018
15625,KRL/KZH/49M/15/2018/5,Kerala,Kozhikode,KannapunKundru slide-1,KannapunKundru,11.49753,75.982558,Rock cum debris flow,Rotational,15th August 2018,2018,2018
15626,KRL/KKD/49M/15/6,Kerala,Kozhikode,Vallolikkal slide,Koorotipara village,11.4589,76.063204,Rock cum debris,Flow,15th August 2018,2018,2018
15627,KRL/KZH/49M/15/2018/7,Kerala,Kozhikode,KannappanKundru slide-2,KannappanKundru,11.498281,75.9842,Rock cum Debris.,flow,17th August 2018,2018,2018
15628,KRL/KKD/58A/03/19/8,Kerala,Kozhikode,Mundur slide,Mundur,11.4516,76.0604,Soil cum debris slide,slide,15th August 2018,2018,2018
15629,KRL/KZH/58C/14/2018/9,Kerala,Kozhikode,Nellipoyal slide,Nellipoyal,11.4589,76.063204,Rock cum Debris.,Debris flow,12th August 2018,2018,2018
15630,KRL/KKD/58A/03/19/10,Kerala,Kozhikode,Kadappanchal_1,"Kandappachal,Nellipoyal village",11.448076,76.066732,Debris,slide,15th August 2018,2018,2018
15631,KRL/KKD/58A/03/19/11,Kerala,Kozhikode,Kadappanchal_2,Kadappanchal,11.447025,76.064183,Debris cum soil,Flow,15th August 2018,2018,2018
15632,KRL/KTM/58C/14/2018/12,Kerala,Kozhikode,Mundur slide,Mundur,11.4516,76.0604,Debris.,flow,12th August 2018,2018,2018
15633,KRL/KKD/58A/03/19/13,Kerala,Kozhikode,Kallanpullu,Poovaranthode,11.392986,76.077699,rock cum debris,Slide,15th August 2018,2018,2018
15634,KRL/KOZ/58C/14/2018/14,Kerala,Kozhikode,Kandappanchal,Nellipoyal,11.448076,76.066732,Debris.,Slide,12th August 2018,2018,2018
15635,KRL/KKD/58A/03/19/15,Kerala,Kozhikode,Chulliyam_1,Chulliyam(Tribal colony),11.3514,76.0758,Debris flow,flow,15th August 2018,2018,2018
15636,KRL/KKD/58A/03/19/16,Kerala,Kozhikode,Panackachal_1,Panackachal,11.354191,76.058962,Rock cum debris.,flow,15th August 2018,2018,2018
15637,KRL/KKD/58A/03/19/17,Kerala,Kozhikode,Panackachal_2,Panackachal,11.3524,76.0583,Debris flow,flow,15th August 2018,2018,2018
15638,KRL/KKD/58A/03/19/18,Kerala,Kozhikode,Panackacahal_3,Panackacahal,11.35099,76.05894,Rock cum debris.,flow,15th August 2018,2018,2018
15639,KRL/KKD/49M/15/19/19,Kerala,Kozhikode,Chidi slide,Chidikuzhi,11.516353,76.909694,Rock cum debris.,slide,15th August 2018,2018,2018
15640,KRL/KKD/49M/14/19/20,Kerala,Kozhikode,KakkaKam to kakkayam Dam road slide_1,Bappootikannu,11.55746,76.912113,Debris.,slide,15th August 2018,2018,2018
15641,KRL/KKD/49M/14/19/21,Kerala,Kozhikode,KakkaKam to kakkayam Dam road slide_2,Kakkayam to Kakkayam Dam PWD road,11.55711,75.913033,Debris,slide,15th August 2018,2018,2018
15642,KRL/KKD/49M/14/19/22,Kerala,Kozhikode,KakkaKam to kkayam Dam road slide_3,KakkaKam to kkayam Dam PWD road slide,11.56103,75.91486,Rock cum Debris.,slide,15th August 2018,2018,2018
15643,KRL/KKD/49M/14/19/23,Kerala,Kozhikode,KakkaKam to kkayam Dam road slide_4,KakkaKam to kkayam Dam PWD road,11.557,75.9132,Debris.,Slide,15th August 2018,2018,2018
15644,KRL/KKD/49M/14/2019/24,Kerala,Kozhikode,KakkaKam to kkayam Dam road slide_5,KakkaKam to kkayam Dam PWD road,11.5495,75.9143,Rock cum Debris,Slide,15th August 2018,2018,2018
15645,KRL/KKD/58A/3/2019/25,Kerala,Kozhikode,Medapara_1,Medapara,11.381632,76.083944,Debris.,Flow,15th August 2018,2018,2018
15646,KRL/KKD/58A/3/2018/26,Kerala,Kozhikode,Anaodu slide,Koodaranhi village,11.3400129,76.071157,Debris,Flow,15th August 2018,2018,2018
15647,KRL/KKD/58A/03/19/27,Kerala,Kozhikode,Kadavu slide,Manjakadavu,11.352108,76.077271,Debris slide,slide,15th August 2018,2018,2018
15648,KRL/KZH/58A/03/2018/28,Kerala,Kozhikode,Kadappanchal_2,Kadappanchal,11.447025,76.064183,Soil,Soil flow,15th August 2018,2018,2018
15649,KRL/KZH//2018/29,Kerala,Kozhikode,Mysorepetta_1,Kumaranalur,11.299957,76.056372,Debris.,Flow,15th August 2018,2018,2018
15650,KRL/KZH/58A/3/2018/30,Kerala,Kozhikode,Mysorepeta_2,Kumaranalur,11.300098,76.056775,Debris.,Slide,15th August 2018,2018,2018
15651,KRL/KZH/ 58A/3 /2018/31,Kerala,Kozhikode,Mysorepeta_3,Kumaranalur,11.303025,76.05896,Debris.,Flow,16th August 2018,2018,2018
15652,KRL/KZH/58A/3 /2018/32,Kerala,Kozhikode,Agasthicherthalaickal,Kooderenhi,11.355787,76.069778,Debris.,Slide,16th August 2018,2018,2018
15653,KRL/KKD/58A/3/2018/33,Kerala,Kozhikode,Sannipadi_2,Kumaranallur,11.3065,76.0442,Debris,Flow,15th August 2018,2018,2018
15654,KRL/KKD/58A/07/2018/34,Kerala,Kozhikode,Agampuzha slide,Kumaranallur,11.338,76.0904,Debris,slide,15th August 2018,2018,2018
15655,KRL/KKD/58A/3/2018/35,Kerala,Kozhikode,Khurusumala slide,Khurusumala,11.32639,76.08017,Rock cum debris,slide,15th August 2018,2018,2018
15656,KRL/ KKD/58A/3/2018/36,Kerala,Kozhikode,Maranchatti slide,Kumaranalum,11.30941,76.04953,Debris,Flow,15th August 2018,2018,2018
15657,KRL/KKD/58A/3/2018/37,Kerala,Kozhikode,Mysore pettaslide,Kodiyathur,11.30005,76.05552,Debris,Flow,15th August 2018,2018,2018
15658,KRL/KKD/ 58A/3/2018/38,Kerala,Kozhikode,Sannipadi 6th ward slide,Karasseri,11.30807,76.0495,Debris,Flow,16th August 2018,2018,2018
15659,KRL/KKD/58A/03/19/39,Kerala,Kozhikode,Kumbalaparal_2,Kumbalapara,11.495,76.22874,Rock,slide,15th August 2018,2018,2018
15660,KRL/KKD/58A/03/19/40,Kerala,Kozhikode,Kadunchiriyan,Chokkad village,11.20964,76.31578,Debris.,Flow,15th August 2018,2018,2018
15661,KRL/MLP/49M/15/14/2018/1,Kerala,Malappuram,Kakkayam-1,Kakkayam,11.516113,75.898147,Rock Boulder,Rock fall,14th August 2018,2018,2018
15662,KRL/MLP/49M/15/14/2018/2,Kerala,Malappuram,Kallanodu slide,Kallanodu,11.519563,75.880112,Debris,Flow,14th August 2018,2018,2018
15664,KRL/MLP/49 M/15/2018/4,Kerala,Malappuram,Manicherri Slide-2,Mancherri,11.526232,75.865128,Rock cum Debris,Debris flow,15th June 2018,2018,2018
15665,KRL/MLP/49M/15/14/2018/5,Kerala,Malappuram,Manicherri slide-3,Manicherri,11.529662,75.866947,Soil,Slide,14th July2018,2018,2018
15666,KRL/MLP/58A/3/2018/06,Kerala,Malappuram,Chaliyar slide-1,Chaliyar,11.339678,76.10913,Soil,Slide,15th June 2018,2018,2018
15667,KRL/MLP/58A/03/2018/7,Kerala,Malappuram,Chaliyar slide-2,Nilambur,11.342338,76.10781,Debris,Slide,14th August 2018,2018,2018
15668,KRL/MLP/ 58A/7 /2018/8,Kerala,Malappuram,Nedungayum slide,Nilambur,11.289187,76.339887,Debris.,Slide,14th August 2018,2018,2018
15669,KRL/MLP/ 58A/7/2018/9,Kerala,Malappuram,Karulayil_1,Nilambur,11.288482,76.310463,Soil,Flow,14th August 2018,2018,2018
15670,KRL/MLP/ 58A/7/2018/10,Kerala,Malappuram,Nedungayum slide-3,Nilambur,11.288413,76.310572,Soil,Slide,15th August 2018,2018,2018
15671,KRL/MLP/ 58A/4/2018/11,Kerala,Malappuram,Areekode slide,Areekode,11.224051,76.04485,Debris,Slide,14th August 2018,2018,2018
15672,KRL/MLP/ 58A/3/2018/12,Kerala,Malappuram,Vettilaparaslide,Vettilapara,11.26441,76.09172,Debris,Slide,April 2018,2018,2018
15673,KRL/MLP/ 58A/3/2018/13,Kerala,Malappuram,Oyilupara slide,Vettilapara,11.26189,76.09288,Debris,Flow,June 2018,2018,2018
15674,KRL/MLP/58A03/2018/14,Kerala,Malappuram,Indumpali slide-1,Vettilapara,11.26886,76.11234,Debris,Flow,June 2018,2018,2018
15675,KRL/MLP/ 58A/3/2018/15,Kerala,Malappuram,Orandapara slide,Perakamanna,11.26259,76.11232,Debris,Flow,June 2018,2018,2018
15676,KRL/MLP/ 58A/3/2018/16,Kerala,Malappuram,Indumpali slide-2,Urunati,11.27518,76.11256,Debris,Flow,15th August 2018,2018,2018
15677,KRL/MLP/ 58A/3/2018/17,Kerala,Malappuram,Tribal colony slide,Vettilapara,11.2775,76.1259,Debris,slide,15th August 2018,2018,2018
15678,KRL/MLP/ 58A/4/2018/18,Kerala,Malappuram,Nilambur junction slide,Nilambur junction,11.23508,76.15302,Soil,Flow,15th August 2018,2018,2018
15679,KRL/MLP/ 58A/3/2018/19,Kerala,Malappuram,Velachal slide-1,Nilambur,11.24485,76.14259,Debris,Flow,June 2018,2018,2018
15680,KRL/MLP/ 58A/4/2018/20,Kerala,Malappuram,Odayikkal slide,Odayikkal,11.24378,76.15763,Soil,Slide,15th August 2018,2018,2018
15681,KRL/MLP/ 58A/4/2018/21,Kerala,Malappuram,Velachal slide,Nilambur,11.24368,76.14389,Debris,Flow,15th August 2018,2018,2018
15682,KRL/MP/58A/3/2018/22,Kerala,Malappuram,Conolly’s plot river bank slide,Conolly’s plot,11.2721,76.2083,Soil,slide,15th August 2018,2018,2018
15683,KRL/KKD/58A/3/2018/23,Kerala,Malappuram,Ettam block slide,Pullipadam,11.33282,76.13535,Soil,Subsidence,15th August 2018,2018,2018
15684,KRL/MP/58A/3/2019/24,Kerala,Malappuram,Pullipadam_2,Pullipadam,11.33822,76.13039,Rock boulders,Falls,15th August 2018,2018,2018
15685,KRL/MP/58A/3/2019/25,Kerala,Malappuram,Pullipadam_3,Pullipadam,11.3405,76.12572,Debris,slide,15th August 2018,2018,2018
15686,KRL/MP/58A/3/2019/26,Kerala,Malappuram,Kakkadam slide,Valandhode,11.34251,76.10291,Debris,Flow,15th August 2018,2018,2018
15687,KRL/MP/58A/03/19/27,Kerala,Malappuram,Madhimoola slide,Akkambadam,11.33724,76.21254,Debris,River bank toe erosion,8th August 2018,2018,2018
15688,KRL/MP/58A/03/19/28,Kerala,Malappuram,Madhimoola colony slide,Madhimoola,11.34181,76.20789,Debris,River bank toe erosion,8th August 2018,2018,2018
15689,KRL/MP/58A/03/19/29,Kerala,Malappuram,Vazhikadavu slide_1,Vazhikadavu,11.40917,76.36485,Rock,slide,15th August 2018,2018,2018
15690,KRL/MP/58A/07/19/30,Kerala,Malappuram,Vazhikadavu slide_2,Vazhukadavu(Near forest check post on Guddalore road),11.39051,76.35817,Debris,slide,15th August 2018,2018,2018
15691,KRL/MP/58A/07/19/31,Kerala,Malappuram,Vazhikadavu slide_3,Vazhikadavu to Cuddalore road,11.39598,76.36256,Soil cum debris,slide,15th August 2018,2018,2018
15692,KRL/MP/58A/07/19/32,Kerala,Malappuram,Vazhikadavu slide_4,Vazhikadavu to Cuddalore road,11.42485,76.38247,Soil cum debris,slide,15th August 2018,2018,2018
15693,KRL/MP/58A/07/19/33,Kerala,Malappuram,Vazhikadavu slide_5,Vazhikadavu to Guddalore road,11.42485,76.38247,Soil cum debris,slide,15th August 2018,2018,2018
15694,KRL/MP/58A/07/19/34,Kerala,Malappuram,Vazhikadavu slide_6,Vazhikadavu to Cuddalore road,11.42293,76.38277,Soil cum debris,slide,15th August 2018,2018,2018
15695,KRL/MP/58A/07/19/35,Kerala,Malappuram,Munderi slide_1,Munderi,11.4507,76.26667,Soil,slide,15th August 2018,2018,2018
15696,KRL/MP/58A/07/19/36,Kerala,Malappuram,Munderi slide_2,Munderi,11.4534,76.28154,Rock,slide,15th August 2018,2018,2018
15697,KRL/KKD/58A/3/2019/37,Kerala,Malappuram,Kumbalapara slide_1,Kumbalapara,11.46581,76.22296,Debris.,slide,15th August 2018,2018,2018
15698,KRL/MP/58A/08/19/38,Kerala,Malappuram,Pullangode Rubber estate slide,Pullangode,11.20819,76.32187,Debris.,Flow,15th August 2018,2018,2018
15699,KRL/MP/58A/08/19/39,Kerala,Malappuram,Kerala Estate slide_1,Kalkundu,11.13272,76.36924,River bank erosion,Erosion,15th August 2018,2018,2018
15700,KRL/KKD/58A/08/19/40,Kerala,Malappuram,Kalkundu slide_1,Kalkundu,11.13371,76.37339,River bank erosion,Erosion,15th August 2018,2018,2018
15701,KRL/MP/58A/08/19/41,Kerala,Malappuram,Kerala estate slide_2,Kerala kundu,11.12718,76.39171,Debris.,Flow,15th August 2018,2018,2018
15702,KRL/MP/58A/08/19/42,Kerala,Malappuram,Kerala estate slide_2,Kerala kundu,11.12718,76.39178,Debris.,Flow,15th August 2018,2018,2018
15703,KRL/MP/58A/08/19/43,Kerala,Malappuram,Chery slide_2,Karauvarangadu,11.11541,76.36941,Debris.,Flow,15th August 2018,2018,2018
15704,KRL/MP/58A/08/19/44,Kerala,Malappuram,Chery slide_3,Karauvarangadu,11.11745,76.3711,Debris.,Flow,15th August 2018,2018,2018
15705,KRL/MP/58A/08/19/45,Kerala,Malappuram,Chery slide_4,Karauvarangadu,11.11827,76.37232,Debris.,Flow,15th August 2018,2018,2018
15706,KRL/MP/58A/08/19/46,Kerala,Malappuram,Kakkara Estate slide,Karauvarangadu,11.10757,76.35521,Soil cum debris,Slide,15th August 2018,2018,2018
15707,KER/IDK/58G01/2018/01,Kerala,Idukki,Upputhodu,Upputhodu-Prakash-Kattapana road,9.88,77.004,Debris,Flow,"17th August, 2018 (09.30 pm)",2018,2018
15708,KER/IDK/58G01/2018/02,Kerala,Idukki,Upputhodu-Chittadikavala,Karimban-Upputhodu Road,9.874,77.004,Debris,Flow,15th August 2018 (04:30pm),2018,2018
15709,KER/IDK/58G01/2018/03,Kerala,Idukki,Chittadikkavala,Upputhodu-Karikkinmedu Road,9.875786,77.007949,Debris,Slide,12th & 15th August 2018,2018,2018
15710,KER/IDK/58G01/2018/04,Kerala,Idukki,Chittadikkavala 1,Upputhodu-Karikkinmedu Road,9.874508,77.008653,Debris,Slide,"August, 2018",2018,2018
15711,KER/IDK/58G01/2018/05,Kerala,Idukki,Rationkadapadi-Karikkinmedu,Rationkadapadi-Karikkinmedu Road,9.877491,77.011606,Debris,Flow,14th August 2018,2018,2018
15712,KER/IDK/58G01/2018/06,Kerala,Idukki,Parakkadavu,Parakkadavu-Rajamudy Road,9.88237,77.018017,Debris,Slide,17th August 2018,2018,2018
15713,KER/IDK/58G01/2018/07,Kerala,Idukki,Rajamudy,Rajamudy-Karimban Road,9.887115,77.016697,Debris,Flow,17th August 2018,2018,2018
15714,KER/IDK/58G01/2018/08,Kerala,Idukki,Upputhodu,Prakash-Upputhodu Road,9.879064,77.014596,Debris,Flow,15th August 2018,2018,2018
15715,KER/IDK/58G01/2018/09,Kerala,Idukki,Jawan City,Parakkadavu-Prakash Road,9.876643,77.020452,Debris,Slide,16th August 2018,2018,2018
15716,KER/IDK/58G01/2018/10,Kerala,Idukki,Upputhodu,Chalikkadavu-Prakash Road,9.87598,77.025471,Debris,Slide,"Initiated in 12th August 1974 and recurrences in 1st August 1979, 4th August 1994 and 16th August 2018",2018,2018
15717,KER/IDK/58G01/2018/11,Kerala,Idukki,Pulinchodu,Chalicity-Vettikkamattom- Prakash Road,9.869185,77.036997,Debris,Slide,15th August 2018,2018,2018
15718,KER/IDK/58G01/2018/12,Kerala,Idukki,Pulinchodu,Chalicity-Prakash Road,9.870095,77.037467,Debris,Slide,17th August 2018,2018,2018
15719,KER/IDK/58G01/2018/13,Kerala,Idukki,Kiliyarkandom,Chalicity-Prakash Road,9.870133,77.038671,Debris,Flow,15th and 17th of August 2018,2018,2018
15720,KER/IDK/58G01/2018/14,Kerala,Idukki,Pathinezhukambani,Rajamudy-Kiliyarkandom Road,9.874421,77.033611,Debris,Flow,16th August 2018,2018,2018
15721,KER/IDK/58G01/2018/15,Kerala,Idukki,Pathinezhukambani,Rajamudy-Kiliyarkandom Road,9.874631,77.033247,Debris,Flow,15th August 2018,2018,2018
15722,KER/IDK/58G01/2018/16,Kerala,Idukki,Kiliyarkandom,Chalicity-Prakash Road,9.864482,77.044935,Debris,Flow,15th August 2018,2018,2018
15723,KER/IDK/58C13/2018/17,Kerala,Idukki,Antopuram,Kochukarimban-Chelachuvadu Road,9.907286,76.982623,Debris,Slide / Slump,Initiated in 2000 and recurred on 15th August 2018,2000; 2018,2000
15724,KER/IDK/58C13/2018/18,Kerala,Idukki,Antopuram,Chelachuvadu-Antopuram- Murikkasseri Road,9.909771,76.983645,Debris,Flow,14th August 2018,2018,2018
15725,KER/IDK/58C13/2018/19,Kerala,Idukki,Antopuram,Chelachuvadu-Antopuram- Murikkasseri Road,9.908841,76.982578,Soil,Slide,17th August 2018,2018,2018
15726,KER/IDK/58C13/2018/19A,Kerala,Idukki,Millumpadi,Kochukarimban-Chalicity Road,9.894024,76.987366,Soil,Slide,16th August 2018,2018,2018
15727,KER/IDK/58C13/2018/20,Kerala,Idukki,Gouricity,Gouricity-Antopuram Road,9.900295,76.998298,Debris,Flow,15th August 2018,2018,2018
15728,KER/IDK/58C13/2018/21,Kerala,Idukki,Kochukarimban,Kochukarimban-Vimalagiri Road,9.896827,76.977966,Debris,Slide,15th August 2018,2018,2018
15729,KER/IDK/58C13/2018/22,Kerala,Idukki,Kochukarimban,Kochukarimban-Vimalagiri Road,9.896211,76.978245,Debris,Slide,15th August 2018,2018,2018
15730,KER/IDK/58C13/2018/23,Kerala,Idukki,Vimalagiri,Kochukarimban-Vimalagiri Road,9.89091,76.980355,Debris,Slide,15th August 2018,2018,2018
15731,KER/IDK/58C13/2018/24,Kerala,Idukki,Vimalagiri,Kochukarimban-Vimalagiri Road,9.894852,76.978774,Soil,Slide,16th August 2018,2018,2018
15732,KER/IDK/58C13/2018/25,Kerala,Idukki,Vimalagiri,Vimalagiri-Enikuthu Road,9.890515,76.975357,Debris,Flow,16th August 2018,2018,2018
15733,KER/IDK/58C13/2018/26,Kerala,Idukki,Madathinkadavu,Vimalagiri-Thadiyambadu Road,9.884152,76.970615,Debris,Slide,16th August 2018,2018,2018
15734,KER/IDK/58C13/2018/27,Kerala,Idukki,Madathinkadavu,Vimalagiri-Thadiyambadu Road,9.882853,76.971683,Debris,Slide,16th August 2018,2018,2018
15735,KER/IDK/58C13/2018/28,Kerala,Idukki,Chappacity,Chappacity-Thadiyambadu Road,9.881991,76.976847,Debris,Flow,15th August 2018,2018,2018
15736,KER/IDK/58C13/2018/29,Kerala,Idukki,Karikkintholam South,Vimalagiri-Vandipara Road,9.878081,76.986869,Debris,Slide,15th August 2018,2018,2018
15737,KER/IDK/58C13/2018/30,Kerala,Idukki,Ambalapadi,Vimalagiri-EL City-Ambalapadi Road,9.865821,76.999439,Debris,Slide,15th August 2018,2018,2018
15738,KER/IDK/58C13/2018/31,Kerala,Idukki,EL City,Vimalagiri-EL City-Ambalapadi Road,9.87432,76.9898,Debris,Slide,15th August 2018,2018,2018
15739,KER/IDK/58C13/2018/32,Kerala,Idukki,Karikkintholam,Vettiyankalpadi-Eendukkalpadi Road,9.877649,76.981981,Debris,Flow,15th August 2018,2018,2018
15740,KER/IDK/58C13/2018/33,Kerala,Idukki,Vimalagiri,Chappacity-Pandippara Road,9.883083,76.980153,Debris,Slide,15th August 2018,2018,2018
15741,KER/IDK/58C13/2018/34,Kerala,Idukki,Chappacity,Chappacity-Thadiyambadu- Shantgram Road,9.882181,76.989036,Soil,Subsidence,15th August 2018,2018,2018
15742,KER/IDK/58C13/2018/35,Kerala,Idukki,Chappacity,Chappacity-Prakash Road,9.874025,76.995523,Debris,Slide,15th August 2018,2018,2018
15743,KER/IDK/58C13/2018/36,Kerala,Idukki,Karikkintholam,Thadiyambadu-Shantigram Road,9.872942,76.996829,Debris,Flow,15th August 2018,2018,2018
15744,KER/IDK/58C13/2018/37,Kerala,Idukki,Chappacity,Thadiyambadu-Shantigram Road,9.883011,76.986188,Soil,Slide,15th August 2018,2018,2018
15745,KER/IDK/58C13/2018/38,Kerala,Idukki,Chappacity,Thadiyambadu-Shantigram Road,9.879814,76.990325,Debris,Flow,"2016, 15th August 2018",2016; 2018,2016
15746,KER/IDK/58C13/2018/39,Kerala,Idukki,Karikkintholam,Chalicity-Prakash Road,9.874626,76.999437,Debris,Flow,15th August 2018,2018,2018
15747,KER/IDK/58G01/2018/40,Kerala,Idukki,Thazhathe Neeluvayal,Chappacity-Prakash Road,9.855313,77.033448,Debris,Slide,15th August 2018,2018,2018
15748,KER/IDK/58G01/2018/41,Kerala,Idukki,Madapra,Prakash-Karikkinmedu- Ambalam Road,9.859618,77.042115,Debris,Flow,15th August 2018,2018,2018
15749,KER/IDK/58G01/2018/42,Kerala,Idukki,"Upputhodu, Ratiokada city",Ratiokada city-Prakash Road,9.880924,77.008856,Debris,Slide,15th August 2018,2018,2018
15750,KER/IDK/58G01/2018/43,Kerala,Idukki,"Upputhodu, Ratiokada city",Ratiokada city-Prakash Road,9.879905,77.008549,Debris,Slide,15th August 2018,2018,2018
15751,KER/IDK/58G01/2018/44,Kerala,Idukki,"Upputhodu, Poothakuzhi city",Rationkadapadi-Karikkinmedu Road,9.874019,77.016316,Debris,Flow,15th August 2018,2018,2018
15752,KER/IDK/58G01/2018/45,Kerala,Idukki,"Upputhodu, Poothakuzhi city",Rationkadacity-Prakash Road,9.871903,77.019521,Debris,Flow,15th August 2018,2018,2018
15753,KER/IDK/58G01/2018/46,Kerala,Idukki,"Upputhodu, Pulinchodu",Karimban-Prakash Road,9.867693,77.029203,Debris,Flow,15th August 2018,2018,2018
15754,KER/IDK/58G01/2018/47,Kerala,Idukki,Chitadikkavala,Upputhodu-Chittadikavala Road,9.867546,77.014937,Debris,Flow,12th August 2018,2018,2018
15755,KER/IDK/58G01/2018/48,Kerala,Idukki,Thankamony,Thankamony-Kalvarimount Road,9.836947,77.036161,Earth,Slide,15th August 2018,2018,2018
15756,KER/IDK/58G01/2018/49,Kerala,Idukki,Alphonsa Nagar,Thankamony-Kalvarimount Road,9.836559,77.028557,Debris,Flow,15th August 2018,2018,2018
15757,KER/IDK/58G01/2018/50,Kerala,Idukki,Alphonsa Nagar,Thankamony-Kalvarimount Road,9.837452,77.027359,Debris,Flow,15th August 2018,2018,2018
15758,KER/IDK/58G01/2018/51,Kerala,Idukki,Koottakkallu,Koottakallu-Eettikavala Road,9.830635,77.026142,Debris,Slide,15th August 2018,2018,2018
15759,KER/IDK/58G01/2018/52,Kerala,Idukki,Alphonsa Nagar,Koottakallu-Eettikavala Road,9.832216,77.026261,Debris,Flow,15th August 2018,2018,2018
15760,KER/IDK/58G01/2018/53,Kerala,Idukki,Koottakkallu,Koottakallu,9.828299,77.029682,Debris,Slide,2013 & 15th August 2018,2013; 2018,2013
15761,KER/IDK/58G01/2018/54,Kerala,Idukki,Koottakkallu,Koottakallu-Kalvarimount- Thankamony Road,9.826841,77.036163,Debris,Slide,15th August 2018,2018,2018
15762,KER/IDK/58G01/2018/55,Kerala,Idukki,Koottakallu-Nellipara,Koottakallu-Nellipara Road,9.82085,77.040337,Soil,Subsidence,15th August 2018,2018,2018
15763,KER/IDK/58G01/2018/56,Kerala,Idukki,Koottakalllu,Koottakallu-Nellipara Road,9.823565,77.044282,Debris,Slide,15th August 2018,2018,2018
15764,KER/IDK/58G01/2018/57,Kerala,Idukki,Koottakalllu,Koottakallu-Nellipara Road,9.822187,77.043581,Debris,Flow,16th August 2018,2018,2018
15765,KER/IDK/58G01/2018/58,Kerala,Idukki,Nellipara,Kamashi-Nellipara Road,9.8248,77.050815,Debris,Flow,16th August 2018,2018,2018
15766,KER/IDK/58G01/2018/59,Kerala,Idukki,Kamashi,Kamashi-Koottakallu Road,9.824954,77.041802,Earth,Slide,15th August 2018,2018,2018
15767,KER/IDK/58G01/2018/60,Kerala,Idukki,Pandipara,Thankamony-Pallimedu- Pandimedu Road,9.853161,77.014074,Debris,Flow,16th August 2018,2018,2018
15768,KER/IDK/58G01/2018/61,Kerala,Idukki,Malikakkalpadi,Thankamony-Pallimedu- Pandimedu Road,9.851583,77.016316,Debris,Flow,16th August 2018,2018,2018
15769,KER/IDK/58G01/2018/62,Kerala,Idukki,Malikakkalpadi,Thankamony-Pallimedu- Pandimedu Road,9.85135,77.016078,Debris,Flow,16th August 2018,2018,2018
15770,KER/IDK/58G01/2018/63,Kerala,Idukki,Pandipara,Pandipara-Irukooti Road,9.856356,77.007184,Earth,Slide / Slump,15th August 2018,2018,2018
15771,KER/IDK/58G01/2018/64,Kerala,Idukki,Irukootti,Pandipara-Irukooti Road,9.858107,77.0123,Earth,Slide,16th August 2018,2018,2018
15772,KER/IDK/58G01/2018/65,Kerala,Idukki,Karikkintholam,Khethrampadi-Karikkintholam Road,9.860549,77.006415,Debris,Flow,16th August 2018,2018,2018
15773,KER/IDK/58G01/2018/66,Kerala,Idukki,Pandipara,Pandipara-Tourist para Road,9.859315,77.003593,Debris,Flow,16th August 2018,2018,2018
15774,KER/IDK/58G01/2018/67,Kerala,Idukki,Achanganam,Thankamony-Irukooti Road,9.849512,77.02252,Debris,Flow,15th August 2018,2018,2018
15775,KER/IDK/58G01/2018/68,Kerala,Idukki,Achanganam,Thankamony-Irukooti Road,9.850975,77.021253,Debris,Flow,15th August 2018,2018,2018
15776,KER/IDK/58G01/2018/69,Kerala,Idukki,Achanganam,Thankamony-Irukooti Road,9.851952,77.022672,Debris,Flow,15th August 2018,2018,2018
15777,KER/IDK/58G01/2018/70,Kerala,Idukki,Achanganam,Karimpanapadi-Achanganam Road,9.850756,77.027595,Debris,Flow,16th August 2018,2018,2018
15778,KER/IDK/58G01/2018/71,Kerala,Idukki,Achanganam,Karimpanapadi-Achanganam Road,9.849942,77.029295,Debris,Flow,14th & 15th August 2018,2018,2018
15779,KER/IDK/58G01/2018/72,Kerala,Idukki,Achanganam,Karimpanapadi-Achanganam Road,9.850227,77.029989,Debris,Flow,15th August 2018,2018,2018
15780,KER/IDK/58C13/2018/73,Kerala,Idukki,Madathinkadavu,Vimalagiri-Thadiyampadu Road,9.878841,76.971404,Debris,Slide,15th August 2018,2018,2018
15781,KER/IDK/58G01/2018/74,Kerala,Idukki,Achanganam,Thankamony-Irukooti Road,9.85099,77.023313,Soil,Soil Piping,15th August 2018,2018,2018
15782,KER/IDK/58G01/2018/75,Kerala,Idukki,Thankamony,Thankamony-Idukki road,9.839444,77.031355,Earth,Slide,15th August 2018,2018,2018
15783,KER/IDK/58G01/2018/76,Kerala,Idukki,Eettikkavala,Eettikavala-Narekkanam Road,9.839217,77.019395,Debris,Slide,14th August 2018,2018,2018
15784,KER/IDK/58G01/2018/77,Kerala,Idukki,Eettikavala,Eettikavala-Narekkanam Road,9.840943,77.014994,Debris,Slide,15th August 2018,2018,2018
15785,KER/IDK/58G01/2018/78,Kerala,Idukki,Eettikkavala,Eettikavala-Narekkanam Road,9.841081,77.014566,Debris,Slide,15th August 2018,2018,2018
15786,KER/IDK/58G01/2018/79,Kerala,Idukki,Eettikkavala,Eettikavala-Narekkanam Road,9.83962,77.012461,Debris,Slide,15th August 2018,2018,2018
15787,KER/IDK/58G01/2018/80,Kerala,Idukki,Amalagirikavala,Eettikavala-Narekkanam Road,9.836103,77.014044,Debris,Slide,15th August 2018,2018,2018
15788,KER/IDK/58G01/2018/81,Kerala,Idukki,Amalagirikavala,Eettikavala-Narekkanam Road,9.837255,77.008892,Debris,Slide,2016 & 15th August 2018,2016; 2018,2016
15789,KER/IDK/58G01/2018/82,Kerala,Idukki,Amalagirikavala,Eettikavala-Narekkanam Road,9.837036,77.009191,Debris,Slide,15th August 2018,2018,2018
15790,KER/IDK/58G01/2018/83,Kerala,Idukki,Amalagirikavala,Eettikavala-Narekkanam Road,9.835163,77.012616,Debris,Flow,15th August 2018,2018,2018
15791,KER/IDK/58G01/2018/84,Kerala,Idukki,Double cutting-Kumbilikavala,Double cutting-Kumbilikavala Road,9.827734,77.003129,Debris,Flow,15th August 2018,2018,2018
15792,KER/IDK/58G01/2018/85,Kerala,Idukki,Double cutting-Kumbilikavala,Double cutting-Kumbilikavala Road,9.827966,77.00221,Debris,Flow,15th August 2018,2018,2018
15793,KER/IDK/58G01/2018/86,Kerala,Idukki,Double cutting-Kumbilikavala,Double cutting-Kumbilikavala Road,9.82773,77.002381,Debris,Flow,15th August 2018,2018,2018
15794,KER/IDK/58C13/2018/87,Kerala,Idukki,Idukki,Idukki-Kattappana Road,9.84609,76.98542,Debris,Slide,15th August 2018,2018,2018
15795,KER/IDK/58C13/2018/88,Kerala,Idukki,Idukki,Idukki-Kattappana Road,9.84732,76.989793,Debris,Flow,15th August 2018,2018,2018
15796,KER/IDK/58G01/2018/89,Kerala,Idukki,Double cutting-Kumbilikavala,Double cutting-Kumbilikavala Road,9.826958,77.004473,Debris,Slide,15th August 2018,2018,2018
15797,KER/IDK/58G01/2018/90,Kerala,Idukki,Narupara,Double cutting-Alappattupadi Road,9.834579,77.020998,Debris,Slide,15th August 2018,2018,2018
15798,KER/IDK/58C13/2018/91,Kerala,Idukki,Narekkanam,Idukki-Narekkanam Road,9.846422,76.990435,Debris,Flow,15th August 2018,2018,2018
15799,KER/IDK/58C13/2018/92,Kerala,Idukki,Narekkanam,Idukki-Narekkanam Road,9.842516,76.990594,Debris,Flow,15th August 2018,2018,2018
15800,KER/IDK/58C13/2018/93,Kerala,Idukki,Narekkanam,Idukki-Narekkanam Road,9.841728,76.990835,Debris,Slide,15th August 2018,2018,2018
15801,KER/IDK/58C13/2018/94,Kerala,Idukki,Narekkanam,Idukki-Narekkanam Road,9.841728,76.990835,Debris,Slide,15th August 2018,2018,2018
15802,KER/IDK/58C13/2018/95,Kerala,Idukki,Narekkanam,Idukki-Narekkanam Road,9.841678,76.99171,Debris,Flow,15th August 2018,2018,2018
15803,KER/IDK/58C13/2018/96,Kerala,Idukki,Idukki,Idukki-Nalumukku- Mariyapuram Road,9.852014,76.977188,Debris,Slide,15th August 2018,2018,2018
15804,KER/IDK/58C13/2018/97,Kerala,Idukki,Mariyapuram,Mariyapuram-Thankamony Road,9.854926,76.999929,Debris,Slide,15th August 2018,2018,2018
15805,KER/IDK/58C13/2018/98,Kerala,Idukki,Priyadarshinimedu,Idukki-Mariyapuram Road,9.852413,76.980052,Debris,Flow,14th August 2018,2018,2018
15806,KER/IDK/58C13/2018/99,Kerala,Idukki,Priyadarshinimedu,Idukki-Mariyapuram Road,9.852625,76.97926,Debris,Flow,14th August 2018,2018,2018
15807,KER/IDK/58C13/2018/100,Kerala,Idukki,Priyadarshinimedu,Idukki-Mariyapuram Road,9.851942,76.980177,Debris,Slide,2012 & 14th August 2018,2012; 2018,2012
15808,KER/IDK/58C13/2018/101,Kerala,Idukki,Idukki,Idukki-Mariyapuram Road,9.853193,76.974898,Debris,Slide,15th August 2018,2018,2018
15809,KER/IDK/58C13/2018/102,Kerala,Idukki,Mariyapuram,Idukki-Mariyapuram Road,9.85949,76.995536,Debris,Flow,15th August 2018,2018,2018
15810,KER/IDK/58G01/2018/103,Kerala,Idukki,Millumpadi-Chattikulam,Idukki-Thankamony Road,9.849973,77.001303,Debris,Flow,15th August 2018,2018,2018
15811,KER/IDK/58G01/2018/104,Kerala,Idukki,Pandipara,Idukki-Thankamony-Shaligram Road,9.852342,77.001153,Debris,Slide,15th August 2018,2018,2018
15812,KER/IDK/58G01/2018/105,Kerala,Idukki,Varikattukanam,Eettikavala-Millumpadi Road,9.847692,77.004835,Debris,Flow,15th August 2018,2018,2018
15813,KER/IDK/58C13/2018/106,Kerala,Idukki,Mariyapuram,Mariyapuram-Narekkanam Road,9.853422,76.991343,Debris,Slide,15th August 2018,2018,2018
15814,KER/IDK/58C13/2018/107,Kerala,Idukki,Mariyapuram,Thankamony-Mariyapuram road,9.854044,76.982459,Debris,Flow,1983 & 15th August 2018,2018,2018
15815,KER/IDK/58C13/2018/108,Kerala,Idukki,Narekkanam,Narekkanam-Mariyapuram Road,9.846221,76.995374,Debris,Flow,15th August 2018,2018,2018
15816,KER/IDK/58C13/2018/109,Kerala,Idukki,Mariyapuram,Narekkanam-Priyadarshini Road,9.848306,76.991257,Debris,Flow,15th August 2018,2018,2018
15817,KER/IDK/58C13/2018/110,Kerala,Idukki,Mariyapuram,Narekkanam-Priyadarshini Road,9.850703,76.989467,Debris,Flow,15th August 2018,2018,2018
15818,KER/IDK/58C13/2018/111,Kerala,Idukki,Mariyapuram,Mariyapuram-Narekkanam Road,9.84587,76.993522,Debris,Slide,15th August 2018,2018,2018
15819,KER/IDK/58C13/2018/112,Kerala,Idukki,Narekkanam,Narekkanam-Mariyapuram Road,9.841359,76.999665,Debris,Flow,15th August 2018,2018,2018
15820,KER/IDK/58C13/2018/113,Kerala,Idukki,Mariyapuram,Mariyapuram-Thadiyampad Road,9.869368,76.983572,Debris,Flow,15th August 2018,2018,2018
15821,KER/IDK/58C13/2018/114,Kerala,Idukki,Mariyapuram,Mariyapuram-Thadiyampad Road,9.869023,76.983852,Debris,Flow,15th August 2018,2018,2018
15822,KER/IDK/58C13/2018/115,Kerala,Idukki,Madathinkadavu,Mariyapuram-Thadiyampad Road,9.87927,76.973695,Debris,Slide,15th August 2018,2018,2018
15823,KER/IDK/58C13/2018/116,Kerala,Idukki,Madathinkadavu,Mariyapuram-Thadiyampad Road,9.877495,76.975918,Debris,Slide,15th August 2018,2018,2018
15824,KER/IDK/58G01/2018/117,Kerala,Idukki,Konnathady,Munnar-Murickassery Road,9.960692,77.026119,Debris,Slide,15th August 2018,2018,2018
15825,KER/IDK/58G01/2018/118,Kerala,Idukki,Konnathady Centre,Vellathooval-Konnathady Road,9.959239,77.02714,Debris,Slide,15th August 2018,2018,2018
15826,KER/IDK/58G01/2018/119,Kerala,Idukki,Marakkanam,Konnathady-Marakkanam Road,9.957277,77.03621,Debris,Slide,15th August 2018,2018,2018
15827,KER/IDK/58G01/2018/120,Kerala,Idukki,Marakkanam,Konnathady-Marakkanam Road,9.953392,77.041756,Soil,Slide,14th August 2018,2018,2018
15828,KER/IDK/58G01/2018/121,Kerala,Idukki,Kurukkanpadi,Konnathady-Marakkanam Road,9.958454,77.038861,Debris,Flow,16th August 2018,2018,2018
15829,KER/IDK/58G01/2018/122,Kerala,Idukki,Koyikkalpadi,5th Mile-Konnathady- Vellathooval Road,9.958272,77.015226,Debris,Slide,15th August 2018,2018,2018
15830,KER/IDK/58G01/2018/123,Kerala,Idukki,5th Mile,Koyikkalpadi-Anganvadi Road,9.960794,77.013664,Debris,Slide,16th August 2018,2018,2018
15831,KER/IDK/58G01/2018/124,Kerala,Idukki,Muthirapuzha,Pakkalapadi-Kallarkutty Road (Via Manalkadavu),9.97158,77.014807,Debris,Slide,15th August 2018,2018,2018
15832,KER/IDK/58G01/2018/125,Kerala,Idukki,Muthirapuzha,Kallarkutty-Pakkalapadi- Konnathady Road,9.972349,77.011684,Debris,Flow,15th August 2018,2018,2018
15833,KER/IDK/58G01/2018/126,Kerala,Idukki,Muthirapuzha,Kallarkutty-Pakkalapadi Road,9.970703,77.01636,Debris,Flow,16th August 2018,2018,2018
15834,KER/IDK/58G01/2018/127,Kerala,Idukki,Muthirapuzha,Pakkalapadi-Kallarkutty Road,9.969774,77.017604,Debris,Slide,15th August 2018,2018,2018
15835,KER/IDK/58G01/2018/128,Kerala,Idukki,Muthirapuzha,Pakkalapadi-Kallarkutty Road,9.969643,77.016737,Debris,Slide,16th August 2018,2018,2018
15836,KER/IDK/58G01/2018/129,Kerala,Idukki,Muthirapuzha,Pakkalapadi-Kallar Road,9.969036,77.01553,Debris,Flow,15th August 2018,2018,2018
15837,KER/IDK/58G01/2018/130,Kerala,Idukki,Kallarkutty,Kallarkutty-Panikkankudy Road,9.979385,77.002216,Debris,Slide,16th August 2018,2018,2018
15838,KER/IDK/58G01/2018/131,Kerala,Idukki,Muthirapuzha,Mavinchuvadu-Aalpara Road,9.97661,77.002208,Debris,Slide,15th August 2018,2018,2018
15839,KER/IDK/58G01/2018/132,Kerala,Idukki,5th Mile,5th Mile-Adimali Road,9.958445,77.007559,Debris,Slide,"15th, 16th & 17th August 2018",2018,2018
15840,KER/IDK/58G01/2018/133,Kerala,Idukki,5th Mile,5th Mile-Kallarkutty Road,9.960135,77.01211,Soil,Subsidence,15th August 2018,2018,2018
15841,KER/IDK/58G01/2018/134,Kerala,Idukki,5th Mile,5th Mile-Adimali Road,9.959125,77.008603,Debris,Slide,15th August 2018,2018,2018
15842,KER/IDK/58G01/2018/135,Kerala,Idukki,Kambi Lane (Mukkudom),5th Mile-Kallarkutty Road,9.958677,77.002764,Debris,Flow,15th August 2018,2018,2018
15843,KER/IDK/58G01/2018/136,Kerala,Idukki,Kambi Lane,5th Mile-Kallarkutty Road,9.96418,77.000783,Debris,Slide,15th August 2018,2018,2018
15844,KER/IDK/58G01/2018/137,Kerala,Idukki,Kambi Lane,Injapthal-Kambi Lane Road,9.964251,77.002479,Debris,Slide,15th August 2018,2018,2018
15845,KER/IDK/58G01/2018/138,Kerala,Idukki,Muthirapuzha,Kallarkutty-Konnathady Road,9.966953,77.017696,Debris,Slide,15th August 2018,2018,2018
15846,KER/IDK/58G01/2018/139,Kerala,Idukki,Kallarkutty,Kallarkutty-Myladumpara Road,9.975781,77.00017,Debris,Slide,15th August 2018,2018,2018
15847,KER/IDK/58G01/2018/140,Kerala,Idukki,Kallarkutty,Kallarkutty-Myladumpara Road,9.973944,77.000578,Debris,Slide,2015 & 15th August 2018,2015; 2018,2015
15848,KER/IDK/58C13/2018/141,Kerala,Idukki,Kambi Lane,Injapathal-Kambi Lane Road,9.963278,76.998981,Debris,Slide,15th August 2018,2018,2018
15849,KER/IDK/58C13/2018/142,Kerala,Idukki,Kambi Lane,Kambi Lane-Chathurakallipara Road,9.958058,76.99822,Debris,Slide,8th August 2018,2018,2018
15850,KER/IDK/58G01/2018/143,Kerala,Idukki,Mukkudom,5th Mile-Kambilikandom Road,9.95311,77.0108,Debris,Slide,15th & 16th August 2018,2018,2018
15851,KER/IDK/58G01/2018/144,Kerala,Idukki,Mukkudom,5th Mile-Kambilikandom Road,9.952695,77.010752,Debris,Slide,16th August 2018,2018,2018
15852,KER/IDK/58C13/2018/145,Kerala,Idukki,Nediyanithandu,Mukkudam-Panamkutty Road,9.954549,76.998518,Debris,Flow,15th August 2018,2018,2018
15853,KER/IDK/58C13/2018/146,Kerala,Idukki,Nediyanithandu,Mukkudam-Panamkutty Road,9.952086,76.996141,Debris,Flow,15th August 2018,2018,2018
15854,KER/IDK/58G01/2018/147,Kerala,Idukki,Thellithodu,Kambilikandom-Chinnar Road,9.927763,77.015368,Debris,Slide,15th August 2018,2018,2018
15855,KER/IDK/58G01/2018/148,Kerala,Idukki,Thellithodu,Kambilikandom-Chinnar Road,9.926759,77.01703,Debris,Slide,15th August 2018,2018,2018
15856,KER/IDK/58G01/2018/149,Kerala,Idukki,Chinnar,Kambilikandom-Chinnar Road,9.924577,77.016068,Debris,Slide,15th August 2018,2018,2018
15857,KER/IDK/58G01/2018/150,Kerala,Idukki,Chinnar,Kambilikandom-Murickassery Road,9.922576,77.015245,Debris,Slide,15th August 2018,2018,2018
15858,KER/IDK/58G01/2018/151,Kerala,Idukki,Chinnar,Chinnar-Parathodu Road,9.922225,77.022481,Debris,Slide,15th August 2018,2018,2018
15859,KER/IDK/58G01/2018/152,Kerala,Idukki,Kurushukuthi,Inchathotti-Kambilikandom Road,9.936478,77.004653,Debris,Flow,9th August 2018,2018,2018
15860,KER/IDK/58G01/2018/153,Kerala,Idukki,Kurushukuthi,Inchathotti-Kambilikandom Road,9.936371,77.001443,Debris,Flow,9th August 2018,2018,2018
15861,KER/IDK/58C13/2018/154,Kerala,Idukki,Panamkutty,Kurushukuthi-Panamkutti Road,9.938994,76.998095,Debris,Slide,15th August 2018,2018,2018
15862,KER/IDK/58C13/2018/155,Kerala,Idukki,Panamkutty,Kurushukuthi-Panamkutti Road,9.940471,76.997566,Debris,Slide,15th August 2018,2018,2018
15863,KER/IDK/58C13/2018/156,Kerala,Idukki,Panamkutty,Kurushukuthi-Panamkutti Road,9.943606,76.996391,Debris,Flow,15th August 2018,2018,2018
15864,KER/IDK/58C13/2018/157,Kerala,Idukki,Manguva,Kambilikandom-Inchathotty Road,9.935591,76.997299,Soil,Subsidence,15th August 2018,2018,2018
15865,KER/IDK/58G01/2018/158,Kerala,Idukki,Kurushukuthi,Kurushukuthi-Inchathotti Road,9.939339,77.007014,Debris,Flow,15th August 2018,2018,2018
15866,KER/IDK/58G01/2018/159,Kerala,Idukki,Kambilikandom,Kambilikandom-Panamkutty Road,9.941193,77.014292,Debris,Slide,15th August 2018,2018,2018
15867,KER/IDK/58G01/2018/160,Kerala,Idukki,Kambilikandom,Kallarkutty-Chinnar Road,9.939441,77.014008,Debris,Slide,15th August 2018,2018,2018
15868,KER/IDK/58G01/2018/161,Kerala,Idukki,Thellithodu,Thellithodu-Murickassery Road,9.932985,77.015938,Debris,Slide,15th August 2018,2018,2018
15869,KER/IDK/58G01/2018/162,Kerala,Idukki,Thellithodu,Kambilikandom-Murickassery Road,9.934623,77.011152,Debris,Slide,15th August 2018,2018,2018
15870,KER/IDK/58G01/2018/163,Kerala,Idukki,Kambilikandom,Kambilikandom-Panamkutty Road,9.942947,77.011212,Earth,Slide,16th August 2018,2018,2018
15871,KER/IDK/58G01/2018/164,Kerala,Idukki,Kambilikandom,Kambilikandom-Panamkutty Road,9.944797,77.005826,Debris,Flow,15th August 2018,2018,2018
15872,KER/IDK/58G01/2018/165,Kerala,Idukki,Kambilikandom,Kambilikandom-Panamkutty Road,9.943259,77.01043,Debris,Flow,15th August 2018,2018,2018
15873,KER/IDK/58C13/2018/166,Kerala,Idukki,Manguva,Chinnar-Manguwa Road,9.925577,76.99857,Soil,Subsidence,15th August 2018,2018,2018
15874,KER/IDK/58G01/2018/167,Kerala,Idukki,Kurushukuthi,Inchathotti-Kurushukuthi Road,9.930746,77.004874,Debris,Slide,15th August 2018,2018,2018
15875,KER/IDK/58G01/2018/168,Kerala,Idukki,Chinnar,Kambilikandom-Chinnar Road,9.924974,77.017757,Debris,Slide,15th August 2018,2018,2018
15876,KER/IDK/58C13/2018/169,Kerala,Idukki,Manguva,Chinnar-Panamkutty Road,9.939805,76.988043,Debris,Flow,15th August 2018,2018,2018
15877,KER/IDK/58C13/2018/170,Kerala,Idukki,Manguva,Chinnar-Panamkutty Road,9.941878,76.990454,Debris,Slide,15th August 2018,2018,2018
15878,KER/IDK/58G01/2018/171,Kerala,Idukki,Ambalakunnu,Mukkudam-Kannadipara Road,9.953416,77.016984,Debris,Slide,15th August 2018,2018,2018
15879,KER/IDK/58G01/2018/172,Kerala,Idukki,Konnathady,Mukkudam-Ambalakunnu Road,9.954431,77.021047,Debris,Flow,15th August 2018,2018,2018
15880,KER/IDK/58G01/2018/173,Kerala,Idukki,Mukkudom,Mukkudom-Kambilikandam Road,9.951455,77.012522,Debris,Slide,15th August 2018,2018,2018
15881,KER/IDK/58G01/2018/174,Kerala,Idukki,Parathodu,Beenamol Stadium-Parathodu Road,9.930483,77.039444,Debris,Flow,15th August 2018,2018,2018
15882,KER/IDK/58G01/2018/175,Kerala,Idukki,Pullukandam,Beenamol Stadium- Pullukandom Road,9.927964,77.043449,Debris,Flow,15th August 2018,2018,2018
15883,KER/IDK/58G01/2018/176,Kerala,Idukki,Pullukandam,Parathodu-Panikkankudi Road,9.935864,77.043535,Soil,Subsidence/slu mp,15th August 2018,2018,2018
15884,KER/IDK/58G01/2018/177,Kerala,Idukki,Panikkankudi,Nedumkandam-Panikkankudy Raod,9.92845,77.054174,Debris,Slide,8th August 2018,2018,2018
15885,KER/IDK/58G01/2018/178,Kerala,Idukki,Panikkankudi,CSI Padi-Pullukandom Road,9.93087,77.053113,Debris,Slide,8th August 2018,2018,2018
15886,KER/IDK/58G01/2018/179,Kerala,Idukki,Panikkankudi,Panikkankudi-Nedumkandom Road,9.925726,77.063502,Debris,Slide,15th August 2018,2018,2018
15887,KER/IDK/58G01/2018/180,Kerala,Idukki,Kattadipara kavala,Panikkankudi-Kattadipara Kavala Road,9.919304,77.067634,Debris,Flow,19th August 2018,2018,2018
15888,KER/IDK/58G01/2018/181,Kerala,Idukki,Kattadipara kavala,Panikkankudi-Kattadipara Kavala Road,9.919163,77.069468,Debris,Slide,17th August 2018,2018,2018
15889,KER/IDK/58G01/2018/182,Kerala,Idukki,Panikkankudi,Panikkankudi-Perinjankutti Road,9.92215,77.064455,Debris,Slide,15th August 2018,2018,2018
15890,KER/IDK/58G01/2018/183,Kerala,Idukki,Kambilikandom,Kambilikandom-Nedumkandom Road,9.94166,77.020914,Debris,Slide,15th August 2018,2018,2018
15891,KER/IDK/58G01/2018/184,Kerala,Idukki,Parathodu,Kambilikandom-Parathodu Road,9.94074,77.027974,Debris,Slide,15th August 2018,2018,2018
15892,KER/IDK/58G01/2018/185,Kerala,Idukki,Panikkankudi,Panikkankudi-Kurishinkal Road,9.925242,77.05987,Debris,Slide,15th August 2018,2018,2018
15893,KER/IDK/58G01/2018/186,Kerala,Idukki,Panikkankudi,Panikkankudi-Kurishinkal Road,9.924656,77.058153,Debris,Slide,15th August 2018,2018,2018
15894,KER/IDK/58G01/2018/187,Kerala,Idukki,Panikkankudi-Parur City,Panikkankudy-Kattapana Road,9.92413,77.06433,Debris,Slide,15th August 2018,2018,2018
15895,KER/IDK/58G01/2018/188,Kerala,Idukki,Mullarikudi,Mullarikudi-Kailasam Road,9.912851,77.085948,Debris,Slide,8th August 2018,2018,2018
15896,KER/IDK/58G01/2018/189,Kerala,Idukki,Mullarikudi,Mullarikudi-Kailasam Road,9.909487,77.084732,Debris,Flow,8th August 2018,2018,2018
15897,KER/IDK/58G01/2018/190,Kerala,Idukki,Mullarikudi,Mullarikudi-Kailasam Road,9.909126,77.087629,Debris,Slide,15th August 2018,2018,2018
15898,KER/IDK/58G01/2018/191,Kerala,Idukki,Muniyara,Muniyara-Kombodinjal Road,9.933862,77.066279,Debris,Slide,15th August 2018,2018,2018
15899,KER/IDK/58G01/2018/192,Kerala,Idukki,Kombodinjal North,Kombodinjal North-Muniyara Road,9.942009,77.064315,Debris,Flow,9th August 2018,2018,2018
15900,KER/IDK/58G01/2018/193,Kerala,Idukki,Kombodinjal North,Kombodinjal North-Muniyara Road,9.942473,77.066852,Debris,Slide,15th August 2018,2018,2018
15901,KER/IDK/58G01/2018/194,Kerala,Idukki,Muniyara,Muniyara-Kombodinjal Road,9.937718,77.069749,Debris,Slide,13th August 2018,2018,2018
15902,KER/IDK/58G01/2018/195,Kerala,Idukki,Muniyara,Muniyara-Kombodinjal Road,9.935033,77.069851,Debris,Flow,17th August 2018,2018,2018
15903,KER/IDK/58G01/2018/196,Kerala,Idukki,Muniyara,Muniyara-Kombodinjal Road,9.934642,77.070259,Debris,Subsidence / slump,15th August 2018,2018,2018
15904,KER/IDK/58G01/2018/197,Kerala,Idukki,Kombodinjal,Kombodinjal-Konnathady Road,9.937977,77.057196,Soil,Subsidence / slump,15th August 2018,2018,2018
15905,KER/IDK/58G01/2018/198,Kerala,Idukki,Kombodinjal,Panikkankudi-Kombodinjal- Konnathady Road,9.941271,77.05068,Debris,Flow,15th August 2018,2018,2018
15906,KER/IDK/58G01/2018/199,Kerala,Idukki,Panniyar Nirappu,Muniyara-Panniyar Nirappu- Karimala Road,9.937117,77.077869,Debris,Slide,15th August 2018,2018,2018
15907,KER/IDK/58G01/2018/200,Kerala,Idukki,Panniyar Nirappu,Muniyara-Panniyar Nirappu- Karimala Road,9.93704,77.082937,Debris,Flow,15th August 2018,2018,2018
15908,KER/IDK/58G01/2018/201,Kerala,Idukki,Panniyar Nirappu,Panniyar Nirappu-ADC Padi Road,9.933626,77.0839,Debris,Slide,9th August 2018,2018,2018
15909,KER/IDK/58G01/2018/202,Kerala,Idukki,Muniyara-Karimala,Panniyar Nirappu-ADC Padi Road,9.932715,77.082126,Debris,Slide,9th August 2018,2018,2018
15910,KER/IDK/58G01/2018/203,Kerala,Idukki,Karimala-Ellicity,Muniyara-Kuthungal Road,9.932156,77.095032,Debris,Flow,15th August 2018,2018,2018
15911,KER/IDK/58G01/2018/204,Kerala,Idukki,Karimala,Ambalapadi-Karimala Road,9.92608,77.096689,Debris,Slide,15th August 2018,2018,2018
15912,KER/IDK/58G01/2018/205,Kerala,Idukki,Karimala,Ambalapadi-Karimala Road,9.925708,77.099886,Debris,Flow,15th August 2018,2018,2018
15913,KER/IDK/58G01/2018/206,Kerala,Idukki,Karimala-Ellicity,Muniyara-Ellicity Road,9.930948,77.095854,Debris,Flow,15th August 2018,2018,2018
15914,KER/IDK/58G01/2018/207,Kerala,Idukki,Ellicity,Karimala-Ellicity Road,9.929579,77.093757,Debris,Flow,15th August 2018,2018,2018
15915,KER/IDK/58G01/2018/208,Kerala,Idukki,Muniyara,Muniyara-Kombodinjal Road,9.931424,77.073147,Debris,Slide,15th August 2018,2018,2018
15916,KER/IDK/58G01/2018/209,Kerala,Idukki,Ponmudi dam,Konnathady-Ponmudy Road,9.960222,77.054272,Debris,Slide,15th August 2018,2018,2018
15917,KER/IDK/58G01/2018/210,Kerala,Idukki,Panniyarkutty,Ponmudy-Vellathooval Road,9.97148,77.056422,Debris,Slide,16th August 2018,2018,2018
15918,KER/IDK/58G01/2018/211,Kerala,Idukki,Nadukani,Nadukani-Kachirapadi Road,9.970993,77.054832,Debris,Flow,8th August 2018,2018,2018
15919,KER/IDK/58G01/2018/212,Kerala,Idukki,Nadukani-1,Nadukani-Kachirapadi Road,9.970723,77.054675,Debris,Flow,9th August 2018,2018,2018
15920,KER/IDK/58G01/2018/213,Kerala,Idukki,Ponmudi,Ponmudy-Marakkanam Road,9.960236,77.050507,Debris,Slide,15th August 2018,2018,2018
15921,KER/IDK/58G01/2018/214,Kerala,Idukki,Mullarikudi,Mullarikudi-Muniyara Road,9.919278,77.077173,Debris,Slide,15th August 2018,2018,2018
15922,KER/IDK/58G01/2018/215,Kerala,Idukki,Perinjankutty,Perinjankutty-Panikkankudy Road,9.906031,77.076524,Debris,Flow,15th August 2018,2018,2018
15923,KER/IDK/58G01/2018/216,Kerala,Idukki,Pulickalkavala,Chinnar-Pulickal Kavala Road,9.927947,77.020912,Debris,Slide,15th August 2018,2018,2018
15924,KER/IDK/58G01/2018/217,Kerala,Idukki,Irumalakappu,Irumalakappu-Adivaram Road,9.92833,77.029375,Debris,Flow,17th August 2018,2018,2018
15925,KER/IDK/58G01/2018/218,Kerala,Idukki,Chinnar Nirappu,Parathodu-Irumalakappu- Chinnar Nirappu Road,9.91784,77.050808,Debris,Flow,8th August 2018,2018,2018
15926,KER/IDK/58G01/2018/219,Kerala,Idukki,Chinnar Nirappu-1,Irumalakappu-Chempakapara Road,9.915213,77.051721,Debris,Slide,7th August 2018,2018,2018
15927,KER/IDK/58G01/2018/220,Kerala,Idukki,Chinnar Nirappu-2,Irumalakappu-Chempakapara Road,9.91511,77.053817,Debris,Flow,7th August 2018,2018,2018
15928,KER/IDK/58G01/2018/221,Kerala,Idukki,Kailasam-Adikkinitty,Perinjamkutty-Adikkinitty Road,9.897343,77.098639,Debris,Slide,15th August 2018,2018,2018
15929,KER/IDK/58G01/2018/222,Kerala,Idukki,Kailasam,Kailasam-Karithodu Road,9.896788,77.103485,Debris,Slide,15th August 2018,2018,2018
15930,KER/IDK/58G01/2018/223,Kerala,Idukki,Kailasam-1,Kailasam-Panikkankudi Road,9.905716,77.095274,Debris,Slide,15th August 2018,2018,2018
15931,KER/IDK/58G01/2018/224,Kerala,Idukki,Kailasam-2,Kailasam-Panikkankudi Road,9.906504,77.093419,Debris,Slide,15th August 2018,2018,2018
15932,KER/IDK/58G01/2018/225,Kerala,Idukki,Kailasam-3,Kailasam-Panikkankudi Road,9.907028,77.092101,Debris,Slide,15th August 2018,2018,2018
15933,KER/IDK/58G01/2018/226,Kerala,Idukki,Mullerikudi,Mullerikudi-Perinjamkutti Road,9.91368,77.079088,Debris,Slide,18th August 2018,2018,2018
15934,KER/IDK/58G01/2018/227,Kerala,Idukki,S-Valavu,Ponmudi-Vellathooval Road,9.974254,77.040455,Debris,Slide,15th August 2018,2018,2018
15935,KER/IDK/58G01/2018/228,Kerala,Idukki,S-Valavu,Vellathooval-Panniyarkutty Road,9.9757,77.037546,Debris,Slide,"15th July, 8th , 9th and 15th August 2018",2018,2018
15936,KER/IDK/58G01/2018/229,Kerala,Idukki,Vimalacity,Vimalacity-Vellathooval- Muthirapuzha Road,9.972498,77.028973,Debris,Slide,15th August 2018,2018,2018
15937,KER/IDK/58G01/2018/230,Kerala,Idukki,Muthirapuzha,Muthirapuzha-Vallakadavu Road,9.967911,77.020629,Debris,Slide,16th August 2018,2018,2018
15938,KER/IDK/58G01/2018/231,Kerala,Idukki,Kambilikandom,Kambilikandom-Panamkutty Road,9.942912,77.009643,Debris,Slide,15th August 2018,2018,2018
15939,KER/IDK/58G01/2018/232,Kerala,Idukki,Kambilikandom,Kambilikandom-Panamkutty Road,9.943964,77.005948,Debris,Slide,15th August 2018,2018,2018
15940,KER/IDK/58C13/2018/233,Kerala,Idukki,Panamkutty,Kambilikandom-Panamkutty Road,9.948008,76.993254,Debris,Slide,15th August 2018,2018,2018
15941,KER/IDK/58C13/2018/234,Kerala,Idukki,Manguva,Inchathotti-Manguwa Road,9.939633,76.985024,Debris,Flow,15th August 2018,2018,2018
15942,KER/IDK/58C13/2018/235,Kerala,Idukki,Manguva,Manguwa-Kurushukuthi Road,9.931993,76.994424,Debris,Slide,15th August 2018,2018,2018
15943,KER/IDK/58G01/2018/236,Kerala,Idukki,Chinnar,Manguwa-Chinnar Road,9.925141,77.009453,Debris,Flow,15th August 2018,2018,2018
15944,KER/IDK/58G01/2018/237,Kerala,Idukki,Chinnar,Manguwa-Chinnar Road,9.925409,77.007038,Debris,Flow,15th August 2018,2018,2018
15945,KER/IDK/58G01/2018/238,Kerala,Idukki,Muthirapuzha,Pakkalapadi-5th Mile Road,9.96003,77.017435,Debris,Slide,15th August 2018,2018,2018
15946,KER/IDK/58G01/2018/239,Kerala,Idukki,Vimalacity,Vellathooval-Rajakkad Road,9.975106,77.029673,Debris,Slide,15th August 2018,2018,2018
15947,KER/IDK/58G01/2018/240,Kerala,Idukki,Vellathooval (Near Penstock),Vellathooval-Rajakkad Road,9.973343,77.031185,Debris,Slide,15th August 2018,2018,2018
15948,KER/IDK/58G01/2018/241,Kerala,Idukki,Vellathooval,Vellathooval-Rajakkad Road,9.971985,77.030018,Debris,Slide,15th August 2018,2018,2018
15949,KER/IDK/58C13/2018/242,Kerala,Idukki,Panamkutty,Adimali-Idukki Road,9.958954,76.991952,Debris,Flow,15th August 2018,2018,2018
15950,KER/IDK/58C13/2018/243,Kerala,Idukki,Panamkutty,Panamkutty-Kambilikandom Road,9.953099,76.986984,Debris,Slide,15th August 2018,2018,2018
15951,KER/IDK/58C13/2018/244,Kerala,Idukki,Panamkutty,Panamkutty-Kambilikandom Road,9.952209,76.986167,Debris,Slide,15th August 2018,2018,2018
15952,KER/IDK/58G01/2018/245,Kerala,Idukki,Thellithodu,Kambilikandom-Manguva Road,9.934699,77.009028,Debris,Flow,16th August 2018,2018,2018
15953,KER/IDK/58G01/2018/246,Kerala,Idukki,Ponmudi S Valavu (Panniyarkutty),Adimali - Rajakkad Road,9.974,77.0429,Debris,Flow,15th August 2018,2018,2018
15954,KER/MPM/58A3/2019/01,Kerala,Malappuram,Kavalapara slide,Panamkayam-Kavalapara road,11.407647,76.23719,Debris,Slide,8th August 2019 (20:30 hrs),2019,2019
15955,KE/MAL/58A03/2019/02,Kerala,Malappuram,Thudimutti,Panamkayam-Bhoothanam road,11.40425,76.23441667,Debris,Flow,8th August 2019 (at around 17:00 hrs),2019,2019
15956,KE/MAL/58A03/2019/03,Kerala,Malappuram,Thudimutti mala,Thudimutti,11.40642222,76.2381,Debris,Subsidence,8th August 2019,2019,2019
15957,KE/MAL/58A03/2019/04,Kerala,Malappuram,Thudimutti mala,Thudimutti,11.40527778,76.23916667,Debris,Flow,8th August 2019 (17:00 hrs),2019,2019
15958,KE/MAL/58A03/2019/05,Kerala,Malappuram,Kavalapara II,Panamkayam-Kavalapara road,11.40661111,76.23575,Debris,Slide,8th August 2019,2019,2019
15959,KE/MAL/58A03/2019/06,Kerala,Malappuram,Kavalapara III,Panamkayam-Kavalapara road,11.41255833,76.23224444,Debris,Slide,8th August 2019,2019,2019
15960,KE/MAL/58A07/2019/07,Kerala,Malappuram,Uppada Kottakunnu,Uppada-Gramom road,11.38247222,76.26022222,Debris,Slide,8th August 2019,2019,2019
15961,KE/MAL/58A07/2019/08,Kerala,Malappuram,Anakallu Punchakolli,Uppada-Anakallu road,11.40305556,76.27113889,Debris,Flow,10th August 2019,2019,2019
15962,KE/MAL/58A07/2019/09,Kerala,Malappuram,Anakallu Kurishumala,Anakallu Kurishumala road,11.39822222,76.27069444,Debris,Flow,8th August 2019 (Said to be occurred on 2010 and 1984),2010; 2019,2010
15963,KE/MAL/58A03/2019/10,Kerala,Malappuram,Valamkolli East I,Pathar-Valamkolli road,11.3995,76.22813889,Debris,Flow,8th August 2019 (19:00 hrs),2019,2019
15964,KE/MAL/58A03/2019/11,Kerala,Malappuram,Perumpan mala,Panamkayam-Koovakkol Road,11.39922222,76.22897222,Debris,Flow,8th August 2019 (19:00 hrs),2019,2019
15965,KE/MAL/58A03/2019/12,Kerala,Malappuram,Valamkolli East II,Pathar-Valamkolli road,11.39988889,76.22441667,Debris,Flow,8th August 2019,2019,2019
15966,KE/MAL/58A03/2019/13,Kerala,Malappuram,Valamkolli west I,Pathar- West Valamkolli road,11.39833333,76.22322222,Debris,Flow,8th August 2019 (15:30 hrs),2019,2019
15967,KE/MAL/58A03/2019/14,Kerala,Malappuram,Valamkolli West II,Pathar- West Valamkolli road,11.39958333,76.22133333,Debris,Flow,8th August 2019 (15:30 hrs),2019,2019
15968,KE/MAL/58A03/2019/15,Kerala,Malappuram,Athiruveetti East,Pathar-Muttippalam- Athiruveetti road,11.39633333,76.22036111,Debris,Flow,8th August 2019 (17:00 hrs),2019,2019
15969,KE/MAL/58A03/2019/16,Kerala,Malappuram,Athiruveetti East II,Pathar-Muttippalam- Athiruveetti road,11.39894444,76.21869444,Debris,Flow,8th August 2019 (13:30 hrs),2019,2019
15970,KE/MAL/58A03/2019/17,Kerala,Malappuram,Athiruveetti West- Kalamkamizhthi Hill,Muttippalam-Athiruveetti road,11.39986111,76.21527778,Debris,Flow,8th August 2019 (11:00 hrs),2019,2019
15971,KE/MAL/58A03/2019/18,Kerala,Malappuram,Pathar-Malamkundu,Malamkundu,11.39822222,76.21375,Debris,Flow,8th August 2019,2019,2019
15972,KE/MAL/58A03/2019/19,Kerala,Malappuram,Pathar-Malamkundu III,Pathar-Malamkundu road (Colony road),11.39402778,76.21244444,Debris,Flow,8th August 2019,2019,2019
15973,KE/MAL/58A03/2019/20,Kerala,Malappuram,Malamkundu Colony,Pathar-Malamkundu Colony road,11.38951667,76.21120556,Debris,Flow,8th August 2019,2019,2019
15974,KE/MAL/58A03/2019/21,Kerala,Malappuram,Malamkundu Colony II,Pathar-Malamkundu Colony road,11.38811111,76.21155556,Debris,Flow,8th August 2019,2019,2019
15975,KE/MAL/58A03/2019/22,Kerala,Malappuram,Ambalakunnu Colony,Panamkayam-Ambalakunnu Colony road,11.40055556,76.23202778,Debris,Flow,8th August 2019 (17:30 hrs),2019,2019
15976,KE/MAL/58A03/2019/23,Kerala,Malappuram,Pathar Valamkolli West,Pathar-Valamkolli road,11.39441667,76.22272222,Debris,Flow,8th August 2019 (17:30 hrs),2019,2019
15977,KE/MAL/58A03/2019/24,Kerala,Malappuram,Pathar Valamkolli West,Pathar-Valamkolli road,11.39508333,76.22288889,Debris,Slide,8th August 2019 & in August 2018,2018; 2019,2018
15978,KE/MAL/58A03/2019/25,Kerala,Malappuram,Thudimutti Colony 1,Panamkayam-Kavalappara Road,11.40238333,76.24153889,Debris,Slide,8th August 2019 & in August 2018,2018; 2019,2018
15979,KE/MAL/58A03/2019/26,Kerala,Malappuram,Panamkayam-Ambalakunnu,Pathar-Valamkolli road,11.39875833,76.23934167,Debris,Slide,8th August 2019 & in August 2018,2018; 2019,2018
15980,KE/MAL/58A07/2019/01,Kerala,Malappuram,Vettukathikotta (Alapoyil North) Slide,Police station Junction- Poovathipoyil Road,11.37872222,76.34755556,Debris,Slide,8th August 2019 (at about 16:30 hrs),2019,2019
15981,KE/MAL/58A07/2019/02,Kerala,Malappuram,Vazhikadavu-Kettungal Eastern side,Vettukathikotta- Kettungal Road,11.38313889,76.34736111,Debris,Subsidence,8th August 2019,2019,2019
15982,KE/MAL/58A07/2019/03,Kerala,Malappuram,Vazhikadavu-Kettungal,Vettukathikotta- Kettungal Road,11.38244444,76.34641667,Debris,Slide,8th August 2019 (at about 19:30 hrs),2019,2019
15983,KE/MAL/58A07/2019/04,Kerala,Malappuram,Vettukathikotta,Vettukathikotta,11.38680556,76.35002778,Debris,Slide,8th August 2019 (at about 17:30 hrs),2019,2019
15984,KE/MAL/58A07/2019/05,Kerala,Malappuram,Vazhikadavu,Vazhikadvu _Nilambur Road,11.38772222,76.34736111,Debris,Slide,8th August 2019,2019,2019
15985,KE/MAL/58A07/2019/06,Kerala,Malappuram,Putharipadam,Vazhikdavu- Karakode- Puthiripadam road,11.41936111,76.35802778,Debris,Flow,8th August 2019,2019,2019
15986,KE/MAL/58A07/2019/07,Kerala,Malappuram,Thenpara (Vellaketta),Vazhikkadavu-Gudallur road,11.401456,76.370989,Debris,Flow,8th August 2019 (15:00 hrs.),2019,2019
15987,KE/MAL/58A07/2019/08,Kerala,Malappuram,Near Thenpara (Vellaketta),Vazhikkadavu-Gudallur road,11.395894,76.369239,Debris,Flow,8th August 2019 (15:00 hrs.),2019,2019
15988,KE/MAL/58A07/2019/09,Kerala,Malappuram,Vellaketta-Ground,Vazhikkadavu-Punnakkal- Vellaketta road,11.394755,76.359584,Debris,Flow,8th August 2019 (15:00 hrs.),2019,2019
15989,KE/MAL/58A07/2019/10,Kerala,Malappuram,Vellaketta,Vazhikkadavu-Punnakkal- Vellaketta road,11.398825,76.359265,Debris,Flow,8th August 2019,2019,2019
15990,KE/MAL/58A07/2019/11,Kerala,Malappuram,Vellaketta-2nd colony,Vazhikkadavu-Punnakkal- Vellaketta road,11.393762,76.359222,Debris,Flow,8th August 2019 (15:00hrs),2019,2019
15991,KE/MAL/58A07/2019/12,Kerala,Malappuram,Anamari,Vazhikadavu-Anamari-Forest Check post road,11.38972222,76.35391667,Debris,Slide,8th August 2019 (17:40 hrs),2019,2019
15992,KE/MAL/58A07/2019/13,Kerala,Malappuram,Nadugani (Jharam),Vazhikkadavu-Gudallur road (SH),11.425488,76.382578,Debris,Subsidence,Ground disturbances were said to have occurred here earlier about 12 years back and reactivated during 8th August 2019.,2019,2019
15993,KE/MAL/58A07/2019/14,Kerala,Malappuram,Nadugani 1 (Jharam),Vazhikkadavu-Gudallur road (SH),11.4229,76.382978,Debris,Slide,8th August 2019,2019,2019
15994,KE/MAL/58A07/2019/15,Kerala,Malappuram,Nadugani 2 (Jharam),Vazhikkadavu-Gudallur road (SH),11.421989,76.382552,Debris,Slide,8th August 2019,2019,2019
15995,KE/MAL/58A07/2019/16,Kerala,Malappuram,Near Thenpara - 3,Vazhikkadavu-Gudallur road (SH),11.418943,76.378478,Debris,Slide,8th August 2019,2019,2019
15996,KE/MAL/58A07/2019/17,Kerala,Malappuram,Near Thenpara - 2,Vazhikkadavu-Gudallur road (SH),11.416554,76.377027,Debris,Slide,8th August 2019,2019,2019
15997,KE/MAL/58A07/2019/18,Kerala,Malappuram,Near Thenpara - 1,Vazhikkadavu-Gudallur road (SH),11.397526,76.364381,Debris,Flow,8th August 2019,2019,2019
15998,KE/MAL/58A07/2019/19,Kerala,Malappuram,Aanamari-1,Anamari - Poovathipoyil road,11.385361,76.351787,Debris,Slide,8th August 2019 (09:30 hrs.),2019,2019
15999,KE/MAL/58A07/2019/20,Kerala,Malappuram,Aanamari-2,Anamari - Poovathipoyil road,11.385326,76.351494,Debris,Slide,8th August 2019,2019,2019
16000,KE/MAL/58A07/2019/21,Kerala,Malappuram,Aanamari - 3,Anamari - Poovathipoyil road,11.386062,76.352615,Debris,Slide,8th August 2019,2019,2019
16001,KE/MAL/58A07/2019/22,Kerala,Malappuram,Aanamari - 4,Vazhikkadavu-Gudallur road (SH),11.387579,76.35298,Debris,Slide,8th August 2019,2019,2019
16002,KE/MAL/58A07/2019/23,Kerala,Malappuram,Vazhikkadavu,Vazhikkadavu-Gudallur road (SH),11.387869,76.352835,Debris,Slide,8th August 2019,2019,2019
16003,KE/MAL/58A07/2019/24,Kerala,Malappuram,Vazhikkadavu-1,Vazhikkadavu-Gudallur road (SH),11.388316,76.351957,Debris,Slide,8th August 2019,2019,2019
16004,KE/MAL/58A07/2019/25,Kerala,Malappuram,Vazhikkadavu-2 (Near Pollution testing centre),Vazhikkadavu-Gudallur road (SH),11.38878,76.351327,Debris,Slide,8th August 2019,2019,2019
16005,KE/MAL/58A07/2019/26,Kerala,Malappuram,Vazhikkadavu - Punnakkal-2,Vazhikkadavu-Gudallur road (SH),11.391041,76.351328,Debris,Slide,8th August 2019 (15:00 hrs.),2019,2019
16006,KE/MAL/58A07/2019/27,Kerala,Malappuram,Vazhikkadavu - Punnakkal-1,Vazhikkadavu-Gudallur road (SH),11.390665,76.350502,Debris,Slide,8th August 2019 (16:00 hrs.),2019,2019
16007,KE/MAL/58A03/2019/01,Kerala,Malappuram,Mylampara,Kundilitti-Mylampara road,11.367974,76.208254,Debris,Slide,8th August 2019,2019,2019
16008,KE/MAL/58A03/2019/02,Kerala,Malappuram,Moochickal,Erumamunda-Tharamattom- Moochickal road,11.373517,76.212438,Debris,Slide,8th August 2019 (17:30 hrs.),2019,2019
16009,KE/MAL/58A03/2019/03,Kerala,Malappuram,Moochickal-1,Erumamunda-Tharamattom- Moochickal road,11.372403,76.212901,Debris,Flow,8th August 2019,2019,2019
16010,KE/MAL/58A03/2019/04,Kerala,Malappuram,A P Kunnu,Erumamunda-Kallaipara road,11.385613,76.208732,Debris,Flow,8th August 2019,2019,2019
16011,KE/MAL/58A03/2019/05,Kerala,Malappuram,Vilakkennampara,Tharamattom - Vilakkennampara road,11.376082,76.213301,Debris,Slide,8th August 2019 (17:30 hrs),2019,2019
16012,KE/MAL/58A03/2019/06,Kerala,Malappuram,Murukanjiram (Kooman thodu),Erumamunda - Murukanjiram road,11.389332,76.214594,Debris,Flow,8th August 2019 (18:00hrs),2019,2019
16013,KE/MAL/58A03/2019/07,Kerala,Malappuram,Murukanjiram I (Koomanthodu),Erumamunda - Murukanjiram road,11.387679,76.214111,Debris,Flow,8th August 2019 (12:00 hrs.),2019,2019
16014,KE/MAL/58A03/2019/08,Kerala,Malappuram,Murukanjiram 2,Erumamunda - Murukanjiram road,11.386061,76.216322,Debris,Flow,8th August 2019 (18:00 hrs.),2019,2019
16015,KE/MAL/58A03/2019/09,Kerala,Malappuram,Murukanjiram 3,Erumamunda - Murukanjiram road,11.389372,76.215795,Debris,Flow,8th August 2019 (17:00 hrs.),2019,2019
16016,KE/MAL/58A04/2019/01,Kerala,Malappuram,Kottakunnu,Kottakunnu-Cherattukuzhi road (Chola road),11.047325,76.081831,Debris,Slide,8th August 2019 (13:00 hrs.),2019,2019
16017,KE/MAL/58A04/2019/02,Kerala,Malappuram,Chirattukuzhi,Kottapadi-Chirattukuzhi- Munduparambu road,11.050455,76.081641,Debris,Slide,8th August 2019 (13:00 hrs.),2019,2019
16018,KL/PKD/58B10/2024/PDLS/01,Kerala,Palakkad,Veezhumala Slide,Veezhumala,10.625965,76.539455,Debris,Slide,15 august 2018; reactivated on 29.07.2024.,2018; 2024,2018
16019,KL/PKD/58B10/2024/PDLS/02,Kerala,Palakkad,Veezhumla Slide 2,Veezhumala,10.62691667,76.53938889,Debris,Slide,29-07-2024,2024,2024
16022,KL/PKD/58B10/2024/PDLS/05,Kerala,Palakkad,Nelliyampathi Slide (12km SW of Nelliyampathi),Along Nenmara-Nelliyampathi road,10.52386111,76.65280556,Rock,Slide,"Monsoon, 2024",2024,2024
16023,KL/PKD/58B10/2024/PDLS/06,Kerala,Palakkad,Nelliyampathi slide,Along Nenmara-Nelliyampathi road,10.52663889,76.655,Debris,Slide,Mansoon 2024,2024,2024
16024,KL/PKD/58B10/2024/PDLS/7,Kerala,Palakkad,Nelliyampathy slide 2,Along Nenmara-Nelliyampathy road,10.52619444,76.64055556,Rock,Fall,"Monsoon, 2024",2024,2024
16025,KL/PKD/58B10/2024/PDLS/8,Kerala,Palakkad,Nelliyampathi,Nenmara-Nelliyampathi road,10.51919444,76.62902778,Debris,Slide,"Monsoon, 2024",2024,2024
16026,KL/PKD/58B10/2024/PDLS/9,Kerala,Palakkad,Nelliyampathi,Nenmara-Nelliyampathi road,10.51991667,76.62911111,Debris,Slide,"Monsoon, 2024",2024,2024
16027,KL/IDK/58F04/2024/PDLS/10,Kerala,Idukki,Marayur- Munnar road slide,Along Marayur-Munnar road,10.14427778,77.09836111,Debris,Slide,"Monsoon, 2024",2024,2024
16028,KL/IDK/58F04/2024/PDLS/11,Kerala,Idukki,Munnar road slide,SH 17,10.15158333,77.07905556,Debris,Slide,"Monsoon, 2024",2024,2024
16029,KL/IDK/58F04/2024/PDLS/12,Kerala,Idukki,Gap road slide,Gap road,10.03688889,77.12791667,Rock,Fall,"Monsoon, 2024",2024,2024
16030,KL/IDK/58F04/2024/PDLS/13,Kerala,Idukki,Munnar road slide 1,SH-19,10.05255556,77.10883333,Soil,Slide,"Monsoon, 2024",2024,2024
16031,KL/IDK/58F04/2024/PDLS/14,Kerala,Idukki,Munnar road slide2,SH 19,10.06438889,77.10233333,Soil,Slide,"Monsoon, 2024",2024,2024
16032,KL/IDK/58F04/2024/PDLS/15,Kerala,Idukki,Munnar road slide 3,SH 19,10.07113889,77.09872222,Soil,Slide,"Monsoon, 2024",2024,2024
16033,KL/IDK/58F04/2024/PDLS/16,Kerala,Idukki,Munnar road slide 4,SH-19,10.08263889,77.07358333,Soil,Slide,"Monsoon, 2024",2024,2024
16034,KL/IDK/58F04/2024/PDLS/17,Kerala,Idukki,Munnar road slide 5,SH-19,10.08291667,77.07269444,Soil,Slide,"Monsoon, 2024",2024,2024
16035,KL/IDK/58F04/2024/PDLS/18,Kerala,Idukki,Munnar road slide 6,SH 19,10.08322222,77.07130556,Soil,Slide,"Monsoon, 2024",2024,2024
16036,KL/IDK/58F04/2024/PDLS/19,Kerala,Idukki,Munnar road slide 7,SH-19,10.08408333,77.07844444,Soil,Slide,"Monsoon, 2024",2024,2024
16037,KL/IDK/58F04/2024/PDLS/20,Kerala,Idukki,Pallivasal slide,SH-19,10.05486111,77.05227778,Debris,Slide,30-07-2024,2024,2024
16038,KL/IDK/58G01/2024/PDLS/21,Kerala,Idukki,Anachal –Idukki road slide,Anachal –Idukki road,9.982194444,77.03261111,Soil,Slide,"Monsoon, 2024",2024,2024
16039,KL/IDK/58G01/2024/PDLS/22,Kerala,Idukki,Anachal-Idukki road slide,NH-185,9.980333333,77.03036111,Soil,Slide,"Monsoon, 2024",2024,2024
16040,KL/IDK/58C13/2024/PDLS/23,Kerala,Idukki,Anachal-Idukki road slide 2,SH-41,9.945308333,76.97888611,Debris,Slide,"Monsoon, 2024",2024,2024
16041,KL/IDK/58C13/2024/PDLS/24,Kerala,Idukki,Idukki-Moolamattam road slide,SH-41,9.809305556,76.85438889,Soil,Slide,"Monsoon, 2024",2024,2024
16042,KL/IDK/58C13/2024/PDLS/25,Kerala,Idukki,Poochapra slide,Poochapra,9.8165,76.86197222,Debris,Slide,Monsoon 2024,2024,2024
16043,KRL/KTM/PDS/2024/01,Kerala,Kottayam,Madappara-Chokkallu slide,Wagamon-Teekoy road,9.691,76.8251,Debris,Flow,2024,2024,2024
16044,KRL/KTM/PDS/2024/02,Kerala,Kottayam,Madappara-Chokkallu slide,Edamarugu-Chokkallu,9.7475,76.75638889,Debris,Flow,2013 adjacent slide,2013,2013
16045,KER/TVM/58D10/2024/1,Kerala,Thiruvananthapuram,Varkala Cliff slide 1,Aliyirakkam road,8.722097222,76.71483056,Debris,Slide,Reactivated (June 2024),2024,2024
16055,KER/KZK/49M13/2024/01,Kerala,Kozhikode,Vilangad,Manjacheeli; Kallachi-Vilangad road,11.78653889,75.77123056,Debris,Flow,30th July 2024 around 12.05 AM,2024,2024
16056,KER/KZK/49M13/2024/02,Kerala,Kozhikode,Manjacheeli slide (100m east of main Vilangad Debris flow),Manjacheeli; Kallachi-Vilangad road,11.78524722,75.77669167,Debris,Slide,30th July 2024 around 12.00 AM,2024,2024
16057,KER/KZK/49M13/2024/03,Kerala,Kozhikode,Aanakuzhi Debris Flow,Aanakuzhi-Kalletti area,11.78758889,75.78859444,Debris,Flow,29th July 2024,2024,2024
16059,KER/KZK/49M13/2024/05,Kerala,Kozhikode,Anakuzhi-3,Anakuzhi-3,11.78628056,75.78933889,Debris,Flow,30th July 2024 around 12.05 AM,2024,2024
16060,KER/KZK/49M13/2024/06,Kerala,Kozhikode,Aanakuzhi Debris Flow-II,Aanakuzhi,11.78541389,75.78934167,Debris,Flow,30th July 2024,2024,2024
16062,KER/KZK/49M13/2024/08,Kerala,Kozhikode,Anakuzhi-6,Vilangad-Anakuzhir road,11.78345833,75.78753056,Debris,Flow,"30th July 2024, around 1.00AM",2024,2024
16063,KER/KZK/49M13/2024/09,Kerala,Kozhikode,Anakuzhi-7,Vilangad-Anakuzhi road,11.78275556,75.78577222,Debris,Slide,"30th July 2024, around 1.30AM",2024,2024
16064,KER/KZK/49M13/2024/10,Kerala,Kozhikode,Madancherry Landslide,Vilangad-Paloor road,11.78582778,75.75981389,Debris,Slide,30th July 2024,2024,2024
16065,KER/KZK/49M13/2024/11,Kerala,Kozhikode,Paloor Landslide,Vilangad-Paloor road,11.79693333,75.75671944,Debris,Flow,"30th July 2024, around 1.00AM",2024,2024
16066,KER/KZK/49M10/2024/12,Kerala,Kozhikode,Kannur-Kozhikode debris slide,NH-66,11.77744444,75.77436111,Debris,slide,"30th July 2024, around 1.00AM",2024,2024
16067,KER/WYD/58A03/2024/01,Kerala,Wayanad,Mundakkai- Chooralmala,Mundakkai-Chooralmala- Meppadi road,11.46277778,76.13416667,Debris,Flow,"30th July 2024, around 1.00AM",2024,2024
16068,KER/WYN/58A2/2019/01,Kerala,Wayanad,Pazhashi Colony,Pazhashi Colony Road,11.62846,76.114012,Debris,Flow,"8th August 2019, 15.15 hrs",2019,2019
16069,KER/WYN/58A2/2019/02,Kerala,Wayanad,Pazhashi Colony,Muttickal - Pazhashi Colony Road,11.629487,76.112641,Debris,Flow,"8th August 2019, 15.30 hrs",2019,2019
16070,KER/WYN/58A2/2019/03,Kerala,Wayanad,"Muttilmala, Mandad",Mandad Quarry Road,11.620398,76.120126,Debris,Flow,"8th August 2019, 15.30 hrs",2019,2019
16071,KER/WYN/49M14/2019/04,Kerala,Wayanad,"Manjoora, Mundancholakunnu",Panamkuzhi - Mundancholakunnu SC colony road,11.658103,75.978842,Debris,Slide,"8th August 2019, 14.30 hrs",2019,2019
16072,KER/WYN/49M14/2019/05,Kerala,Wayanad,"Manjoora, Mundancholakunnu",-,11.657041,75.980058,Rock,Topple,"8th August 2019, 14.30 hrs",2019,2019
16073,KER/WYN/49M14/2019/06,Kerala,Wayanad,Manjoora,Manjoora - Thenamackal road,11.659552,75.972902,Debris,Slide,"8th August 2019, 14.45 hrs",2019,2019
16074,KER/WYN/49M14/2019/07,Kerala,Wayanad,Thenamackal,-,11.661645,75.971561,Debris,Flow,"8th August 2019, 14.45 hrs",2019,2019
16075,KER/WYN/49M14/2019/08,Kerala,Wayanad,Naaymoola - Vellaranji,Pathimoonaam Mile road,11.666862,75.96369,Debris,Slide,8th August 2019,2019,2019
16076,KER/WYN/49M14/2019/09,Kerala,Wayanad,Kottalakunnu,Banasura Dam road,11.672258,75.964571,Debris,Slide,"8th August 2019, 14.25 hrs",2019,2019
16077,KER/WYN/49M14/2019/10,Kerala,Wayanad,Kottalakunnu,-,11.671605,75.965091,Debris,Slide,"8th August 2019, 14.45 hrs",2019,2019
16078,KER/WYN/49M14/2019/11,Kerala,Wayanad,Meenmutty Waterfall,-,11.677335,75.935827,Debris,Slide,"8th August 2019, 14.30 hrs",2019,2019
16079,KER/WYN/49M14/2019/12,Kerala,Wayanad,Near Banasura - Meenmutty Waterfall,-,11.677298,75.936129,Debris,Slide,"8th August 2019, 15.00 hrs",2019,2019
16080,KER/WYN/49M14/2019/13,Kerala,Wayanad,Near Banasura - Meenmutty Waterfall,-,11.677545,75.938094,Debris,Slide,"8th August 2019, 15.00 hrs",2019,2019
16081,KER/WYN/49M14/2019/14,Kerala,Wayanad,Kuttiyamvayal,Ozhakkanamukku - Kaalappali Road,11.667126,75.935811,Debris,Flow,"8th August 2019, 15.00 hrs",2019,2019
16082,KER/WYN/49M14/2019/15,Kerala,Wayanad,"Mangalamkunnu Colony, Kuttiyamvayal",Kuttiyamvayal - Madam Road,11.661104,75.944221,Debris,Slide,"8th August 2019, 15.00 hrs",2019,2019
16083,KER/WYN/49M14/2019/16,Kerala,Wayanad,"Kaappikalam, Moolanveli",Mankottu - Moolanveli Road,11.673298,75.93707,Debris,Slide,"8th August 2019, 16.00 hrs",2019,2019
16084,KER/WYN/49M14/2019/17,Kerala,Wayanad,"Kaappikalam, Opp. Bonita Banasura Hotel",Manjoora - Kaappikalam road,11.673744,75.944393,Soil,Slide,"8th August 2019, 15.00 hrs",2019,2019
16085,KER/WYN/49M14/2019/18,Kerala,Wayanad,13th mile,Vythiri - Tharona road,11.661048,75.966357,Debris,Slide,"8th August 2019, 15.00 hrs",2019,2019
16086,KER/WYN/58A2/2019/19,Kerala,Wayanad,Thalipuzha,Thamrasseri - Kalpetta road,11.534747,76.033502,Soil,Slide,"9th August 2019, 20.00 hrs",2019,2019
16087,KER/WYN/49M14/2019/20,Kerala,Wayanad,Narikolli (Padinjarathara village),-,11.683847,75.943592,Debris,Flow,"8th August 2019, 17.00 hrs.",2019,2019
16088,KER/WYN/49M14/2019/21,Kerala,Wayanad,Perincherimala,Perincherimala road,11.725066,75.906303,Debris,Flow,"8th August 2019, 23.30 hrs",2019,2019
16089,KER/WYN/49M14/2019/22,Kerala,Wayanad,Perincherimala,Perincherimala road,11.724502,75.904475,Debris,Flow,"8th August 2019, 18.00 hrs",2019,2019
16090,KER/WYN/49M14/2019/23,Kerala,Wayanad,Makkiyad Near forest station,Forest station road,11.735759,75.887591,Debris,Flow,"9th August 2019, Night",2019,2019
16091,KER/WYN/49M14/2019/24,Kerala,Wayanad,"Makkiyad, Manikallu",Forest station road,11.735509,75.89216,Debris,Flow,9th August 2019,2019,2019
16092,KER/WYN/49M14/2019/25,Kerala,Wayanad,Korome,Ratakolli road,11.740403,75.879916,Debris,Slide,"8th August 2019, 17.15 hrs",2019,2019
16093,KER/WYN/58A6/2019/26,Kerala,Wayanad,Thankamala Estate,Estate road,11.63157,76.26741,Debris,Slide,8th August 2019,2019,2019
16094,KER/WYN/58A2/2019/27,Kerala,Wayanad,Ambukuthi 19,Ambukuthi 19 colony road,11.621404,76.236822,Debris,Flow,"8th August 2019, Night",2019,2019
16095,KER/WYN/58A2/2019/28,Kerala,Wayanad,Ambukuthi 19,Ambukuthi 19 colony road,11.620085,76.234551,Debris,Slide,"8th August 2019, Night",2019,2019
16096,KER/WYN/58A2/2019/29,Kerala,Wayanad,Aaratupara,Meenangadi - Ambalavayal road,11.636461,76.199797,Debris,Slide,"8th August 2019, 17.00 hrs.",2019,2019
16097,KER/WYN/58A2/2019/30,Kerala,Wayanad,Aaratupara,Aarattupara - Meenangadi road,11.636456,76.201071,Debris,Slide,"8th August 2019, 17.00 hrs.",2019,2019
16098,KER/WYN/58A2/2019/31,Kerala,Wayanad,Ponmudikotta,Kuppakolli - Ponmudikotta road,11.631254,76.233967,Debris,Flow,"8th August 2019, Night",2019,2019
16099,KER/WYN/58A2/2019/32,Kerala,Wayanad,Edackal Cave,Edackal Cave road,11.63027,76.233569,Debris,Slide,"8th August 2019, 16.30 hrs",2019,2019
16100,KER/WYN/58A2/2019/33,Kerala,Wayanad,Edackal,-,11.631168,76.232848,Debris,Flow,8th August 2019,2019,2019
16101,KER/WYN/58A2/2019/34,Kerala,Wayanad,Mundakai,Meppadi - Pthumala road,11.507432,76.13507,Debris,Flow,8th August 2019,2019,2019
16102,KER/WYN/58A2/2019/35,Kerala,Wayanad,Harrisons Malayalam Estate,Harrisons Malayalam Estate road,11.505738,76.135943,Debris,Slide,8th August 2019,2019,2019
16103,KER/WYN/58A2/2019/36,Kerala,Wayanad,Harrisons Malayalam Estate,Estate road,11.505195,76.142836,Debris,Flow,8th August 2019,2019,2019
16104,KER/WYN/58A2/2019/37,Kerala,Wayanad,Harrisons Malayalam Estate,Estate road,11.506241,76.136642,Debris,Flow,8th August 2019,2019,2019
16105,KER/WYN/58A2/2019/38,Kerala,Wayanad,Kalladi,Meppadi - Puthumala road,11.510344,76.137337,Debris,Slide,8th August 2019,2019,2019
16106,KER/WYN/58A3/2019/39,Kerala,Wayanad,900 acres,Kalladi – 900-acres jeep road,11.49859,76.125528,Debris,Flow,8th August 2019,2019,2019
16107,KER/WYN/58A3/2019/40,Kerala,Wayanad,900 acres,Kalladi - 900-acre road,11.499223,76.127859,Debris,Slide,8th August 2019,2019,2019
16108,KER/WYN/58A3/2019/41,Kerala,Wayanad,900 acres,Kalladi - 900-acres road,11.498578,76.128535,Debris,Flow,8th August 2019,2019,2019
16109,KER/WYN/58A3/2019/042,Kerala,Wayanad,Puthumala,Mepadi - Churalmala Road,11.497473,76.12908,Debris,Flow,"Date of initiation: 8th August 2019, 16.00 hrs",2019,2019
16110,KER/WYN/49M14/2019/43,Kerala,Wayanad,Kurichyaar Mala (reactivated slide),-,11.605889,75.987703,Debris,Flow,"Reactivation: 7th August 2019, 08.00 am 9th August 2018",2018; 2019,2018
16111,KER/WYN/58A2/2019/44,Kerala,Wayanad,"Vengachola Colony, Manikkunnumala",-,11.608153,76.11606,Soil,Slide,8th August 2019,2019,2019
16112,KER/WYN/58A2/2019/45,Kerala,Wayanad,Kavanapara,-,11.606776,76.118888,Soil,Slide,8th August 2019,2019,2019
16113,KER/WYN/58A3/2019/46,Kerala,Wayanad,Mundakkai Estate,15th No. Padi road,11.486797,76.160537,Debris,Slide,8th August 2019,2019,2019
16114,KER/WYN/58A3/2019/47,Kerala,Wayanad,Mundakkai Estate,15th No. Padi road,11.485279,76.160183,Debris,Slide,8th August 2019,2019,2019
16115,KER/WYN/58A3/2019/48,Kerala,Wayanad,Mundakkai Estate,Harrisons Malayalam estate road,11.489735,76.158496,Debris,Slide,8th August 2019,2019,2019
16116,KER/WYN/58A3/2019/49,Kerala,Wayanad,Mundakai Estate,Estate road,11.489962,76.158194,Debris,Flow,8th August 2019,2019,2019
16117,KER/WYN/58A3/2019/50,Kerala,Wayanad,Mundakai Estate,Estate road,11.490127,76.157562,Debris,Slide,8th August 2019,2019,2019
16118,KER/WYN/58A3/2019/51,Kerala,Wayanad,Churalmala,Vallarmala division estate road,11.496489,76.16076,Debris,Slide,8th August 2019,2019,2019
16119,KER/WYN/58A3/2019/52,Kerala,Wayanad,Churalmala Silver Rock Estate,Estate road,11.496464,76.160201,Debris,Slide,8th August 2019,2019,2019
16120,KER/WYN/58A2/2019/53,Kerala,Wayanad,Attamala Estate,Attamala Estate road,11.50535,76.167608,Debris,Flow,8th August 2019,2019,2019
16121,KER/WYN/58A2/2019/54,Kerala,Wayanad,Attamala Estate,Attamala Estate road,11.504907,76.167671,Debris,Slide,8th August 2019,2019,2019
16122,KER/WYN/58A2/2019/55,Kerala,Wayanad,Attamala,Attamala – Chooralmala road,11.502947,76.164885,Debris,Slide,8th August 2019,2019,2019
16123,KER/WYN/58A2/2019/56,Kerala,Wayanad,Attamala,Attamala – Chooralmala road,11.502947,76.164885,Debris,Slide,8th August 2019,2019,2019
16124,KER/WYN/58A2/2019/57,Kerala,Wayanad,Attamala,Attamala – Chooralmala road,11.50273,76.16493,Debris,Slide,8th August 2019,2019,2019
16125,KER/WYN/58A2/2019/58,Kerala,Wayanad,Chooralmala,Chooralmala road,11.502775,76.15347,Debris,Slide,"8th August 2019, 15.00 hrs.",2019,2019
16126,KER/WYN/58A2/2019/59,Kerala,Wayanad,Kalladi,Meppadi - Puthumala road,11.514932,76.133862,Debris,Slide,8th August 2019,2019,2019
16127,KER/KNR/49M13/2019/01,Kerala,Kannur,Memala,Adackathodu – Shanthigiri - Vendekenchal road,11.913745,75.842529,Debris,Flow,"8th August 2019, 23.30 hrs",2019,2019
16128,KER/KNR/49M13/2019/02,Kerala,Kannur,Kailasampadi – Shanthigiri,Kailasampadi – Shanthigiri road,11.910607,75.860608,Debris,Slump,"Initiated during 2003 monsoon, reactivated in 2018 and 2019 monsoons",2003; 2018; 2019,2003
16129,KER/KNR/49M13/2019/03,Kerala,Kannur,Nelliyodi,Pambrapan – Nelliyodi road,11.856775,75.861045,Debris,Flow,8th August 2019,2019,2019
16132,KER/KNR/49M13/2019/06,Kerala,Kannur,Karimbumkandam,Thalakkani-Karimbumkandam Road,11.871064,75.842369,Debris,Slide,9th August 2019; 04.00 hrs.,2019,2019
16133,KER/KNR/48P12/2019/07,Kerala,Kannur,Thermala,-,12.028903,75.629107,Debris,Slump,8th August 2019,2019,2019
16134,KER/PKD/58B09/2019/01,Kerala,Palakkad,Tekke Malampuzha 1,"Tekke Malampuzha, near Malampuzha dam",10.85858333,76.64751667,Debris,Flow,9th August 2019,2019,2019
16135,KER/PKD/58B09/2019/02,Kerala,Palakkad,Tekke Malampuzha 2,"Tekke Malampuzha 2, Near Malampuzha dam",10.83624167,76.67796111,Debris,Slide,2018 and 09 August 2019,2018; 2019,2018
16136,KER/PKD/58B09/2019/03,Kerala,Palakkad,Anakkal 1,"Malampuzha, Anakkal road",10.84491389,76.73904167,Debris,Flow,8 August 2018 and 09 August 2019,2018; 2019,2018
16137,KER/PKD/58B09/2019/04,Kerala,Palakkad,Anakkal 2,"Malampuzha, Anakkal road",10.86233611,76.73838333,Debris,Flow,8 August 2018 and 09 August 2019,2018; 2019,2018
16138,KER/PKD/58B09/2019/05,Kerala,Palakkad,Anakkal 3,"Malampuzha, Anakkal road",10.86786111,76.69186111,Debris,Flow,8 August 2018 and 09 August 2019,2018; 2019,2018
16139,KER/PKD/58B09/2019/06,Kerala,Palakkad,Karimba Colony,Munnekkar road,10.92816667,76.55565833,Debris,Flows,9th August 2019,2019,2019
16140,KER/PKD/58B09/2019/07,Kerala,Palakkad,Davasam mala 1,"Maruthumkadu, Karimba",10.93001944,76.54656667,Debris,Flow,9th August 2019,2019,2019
16141,KER/PKD/58B09/2019/08,Kerala,Palakkad,Davasam mala 2,"Maruthumkadu, Karimba",10.929775,76.54821667,Debris,Flow,9th August 2019,2019,2019
16142,KER/PKD/58B09/2019/9,Kerala,Palakkad,Davasam mala 3,"Maruthumkadu, Karimba",10.92965833,76.55001111,Debris,Flow,9th August 2019,2019,2019
16143,KER/PKD/58B09/2019/10,Kerala,Palakkad,Mudanadumala-1,"Maruthumkadu, Karimba",10.93273333,76.54941111,Debris,Flow,9th August 2019,2019,2019
16144,KER/PKD/58B09/2019/11,Kerala,Palakkad,Kallamkunnu ST colony,Maruthumkadu,10.93533889,76.54992778,Debris,Flow,9th August 2019,2019,2019
16145,KER/PKD/58B09/2019/12,Kerala,Palakkad,Mundanadumala-2,Karimba,10.93366667,76.55814722,Debris,Flow,9th August 2019,2019,2019
16146,KER/PKD/58B09/2019/13,Kerala,Palakkad,Karimba plantation -1,Mundanadumala,10.93296389,76.55868333,Debris,Flow,9th August 2019,2019,2019
16147,KER/PKD/58B09/2019/14,Kerala,Palakkad,Karimba plantation 2,Mundanadumala,10.93354167,76.56056944,Debris,Flow,9th August 2019,2019,2019
16148,KER/PKD/58B09/2019/15,Kerala,Palakkad,Attakunnu,Attakunnu,10.93145,76.56262222,Debris,Flow,9th August 2019,2019,2019
16149,KER/PKD/58B09/2019/16,Kerala,Palakkad,Edapparambu Munnekkar 1,Munnekkar,10.93150833,76.56727222,Debris,Flow,9th August 2019,2019,2019
16150,KER/PKD/58B09/2019/17,Kerala,Palakkad,Edapparambu Munnekkar 2,Munnekkar,10.93093056,76.56888889,Debris,Flow,9th August 2019,2019,2019
16151,KER/PKD/58B09/2019/18,Kerala,Palakkad,Edapparambu Munnekkar 3,Munnekkar,10.93344722,76.57231944,Debris,Flow,9th August 2019,2019,2019
16152,KER/PKD/58B09/2019/19,Kerala,Palakkad,Cherumala,Cherumala,10.91564722,76.562425,Debris,Flow,9th August 2019,2019,2019
16153,KER/PKD/58B09/2019/20,Kerala,Palakkad,Tudikode 1,Tudikode,10.91636389,76.56464167,Debris,Flow,9th August 2019,2019,2019
16154,KER/PKD/58B09/2019/21,Kerala,Palakkad,Tudikode 2,Tudikode,10.91643056,76.56514444,Debris,Flow,9th August 2019,2019,2019
16155,KER/PKD/58B09/2019/22,Kerala,Palakkad,Putukkadu,Putukkadu,10.94842778,76.538925,Debris,Flow,9th August 2019,2019,2019
16156,KER/PKD/58B09/2019/23,Kerala,Palakkad,Anchekkar 1,Puzhikunnu,10.94418056,76.54108056,Debris,Flow,9th August 2019,2019,2019
16157,KER/PKD/58B09/2019/24,Kerala,Palakkad,Anchekkar 2,Puzhikunnu,10.94506389,76.54063333,Debris,Flow,9th August 2019,2019,2019
16158,KER/PKD/58B09/2019/25,Kerala,Palakkad,Puzhikunnu 1,Puzhikunnu,10.93711944,76.54036667,Debris,Flow,9th August 2019,2019,2019
16159,KER/PKD/58B09/2019/26,Kerala,Palakkad,Puzhikunnu 2,Puzhikunnu,10.93895833,76.54320833,Debris,Flow,9th August 2019,2019,2019
16160,KER/PKD/58B09/2019/27,Kerala,Plakkad,Tharupapathy slide-I,Tharupapathy,10.94908611,76.55337222,Debris,Flow,9th August 2019,2019,2019
16161,KER/PKD/58B09/2019/28,Kerala,Palakkad,Tharupapathy-2,Tharupapathy,10.94708611,76.55448611,Debris,Flow,9th August 2019,2019,2019
16162,KER/PKD/58B09/2019/29,Kerala,Palakkad,Tharupapathy-3,Tharupapathy,10.94464722,76.556325,Debris,Slide,9th August 2019,2019,2019
16163,KER/PKD/58B09/2019/30,Kerala,Palakkad,Tharupapathy-4,Karimba plantation,10.93981944,76.56055833,Debris,Slide,9th August 2019,2019,2019
16164,KER/PKD/58B09/2019/31,Kerala,Palakkad,Tharupapathy-5,Karimba plantation,10.93958611,76.56125278,Debris,Flow,9th August 2019,2019,2019
16165,KER/PKD/58B09/2019/32,Kerala,Palakkad,Pambadi 1,"Vattappara, Pambadi",10.97715833,76.59856389,Debris,Flow,9th August 2019,2019,2019
16166,KER/PKD/58B09/2019/33,Kerala,Palakkad,Pambadi 2,"Vattappara, Pambadi",10.97710278,76.59575556,Debris,flow,9th August 2019,2019,2019
16167,KER/PKD/58B09/2019/34,Kerala,Palakkad,Pambadi 3,"Vattappara, Pambadi",10.97733611,76.59391944,Debris,Flow,9th August 2019,2019,2019
16168,KER/PKD/58B09/2019/35,Kerala,Palakkad,Vattappara-Kundampotti stretch,"Vattappara, Pambadi",10.97733611,76.59391944,NA,Subsidence,9th August 2019,2019,2019
16169,KER/PKD/58B09/2019/36,Kerala,Palakkad,Vattappara Anganvadi,,10.97979444,76.59070278,Debris,Slide,9th August 2019,2019,2019
16170,KER/PKD/58B09/2019/37,Kerala,Palakkad,Achilatti 1,,10.95162222,76.56496389,Debris,Flow,09 August 2019 12.50 am,2019,2019
16171,KER/PKD/58B09/2019/38,Kerala,Palakkad,Injikunnu,Near PHC Palakayam,10.96787778,76.56013056,Debris,Slide,"2018, 2019",2018; 2019,2018
16172,KER/PKD/58B09/2019/39,Kerala,Palakkad,Payapulla,Payapulla,10.97759444,76.55097778,Debris,flow,2019,2019,2019
16173,KER/PKD/58B09/2019/40,Kerala,Palakkad,Irumbakacholla,Irumbakacholla,11.00204444,76.57813889,Debris,Flow,"09 August 2019, 02.30 pm",2019,2019
16174,KER/PKD/58B12/2019/41,Kerala,Palakkad,Palliyara,Attapadi,11.07565833,76.64406667,Debris,Flow,9th August 2019,2019,2019
16175,KER/PKD/58B12/2019/42,Kerala,Palakkad,Pulliyara-1,,11.02786944,76.61968056,Debris,flow,9th August 2019,2019,2019
16176,KER/PKD/58B12/2019/43,Kerala,Palakkad,Pulliyara-2,,11.02803611,76.61989444,Debris,Slide,8th August 2019,2019,2019
16177,KER/PKD/58B12/2019/44,Kerala,Palakkad,Pulliyara-3,,11.02778611,76.62028611,Debris,slide,8th August 2019,2019,2019
16178,KER/PKD/58B12/2019/45,Kerala,Palakkad,Pulliyara-4,Kallamala village,11.02558889,76.61841111,Debris,Slide,"2018, Subsidence",2018,2018
16179,KER/PKD/58B12/2019/46,Kerala,Palakkad,Melekuravanpadi,Kuravanpadi,11.036675,76.64236944,Debris,slide,8th August 2019,2019,2019
16180,KER/PKD/58B12/2019/47,Kerala,Palakkad,Koravanpadi,Koravanpadi,11.04895556,76.64311389,Debris,Flow,8th August 2019,2019,2019
16181,KER/PKD/58B12/2019/48,Kerala,Palakkad,Chittor-1,Chittoor,11.06694444,76.65391944,Debris,Slide,8th August 2019,2019,2019
16182,KER/PKD/58B12/2019/49,Kerala,Palakkad,Chittoor-2,Chittoor,11.06723611,76.65419722,Debris,Slide,8th August 2019,2019,2019
16183,KER/PKD/58B12/2019/50,Kerala,Palakkad,Chittor-3,Chittoor,11.07501111,76.65841944,Debris,Slide,8th August 2019,2019,2019
16184,KER/PKD/58B12/2019/51,Kerala,Palakkad,Ommala-Kandiyoor,,11.07280556,76.59499444,Debris,Subsidence,8th August 2019,2019,2019
16185,KER/PKD/58B12/2019/52,Kerala,Palakkad,Anamooli,Anamooli,11.03304167,76.51463889,NA,Cracks,8th August 2019,2019,2019
16186,KE/IDK/58F04/2020/01,Kerala,Idukki,Pettimudi,Eravikulam-KDH-Idamalakudi road,10.171695,77.011305,Debris,Flow,6th August 2020 (22:30 hrs.),2020,2020
16187,KRL/IDK/58C14/2018/01,Kerala,Idukki,Kokkayar Slide,"Kokkayar- Mundakkayam road, Kokkayar Village",9.572783333,76.88681944,Debris,Slide,"16th October, 2021",2021,2021
16188,KRL/IDK/58C14/2018/02,Kerala,Idukki,Urumbikara 1,Kokkayar Village,9.604722222,76.89888889,Debris,Flow,"16th October, 2021",2021,2021
16189,KRL/IDK/58C14/2018/03,Kerala,Idukki,Near Urumbikkara water falls,"Endayar- Wembley road ,Kokkayar Village",9.606283333,76.90351389,Debris,Flow,"16th October, 2021",2021,2021
16190,KRL/IDK/58C14/2018/04,Kerala,Idukki,Endayar- Wembley slide,"Endayar- Wembley road ,Kokkayar Village",9.608333333,76.90694444,Rock,Slide,"16th October, 2021",2021,2021
16191,KRL/IDK/58C14/2018/05,Kerala,Idukki,Endayar- Wembley rock slide,Kokkayar Village,9.603944444,76.90672222,Debris,Slide,"16th October, 2021",2021,2021
16192,KRL/IDK/58C14/2018/06,Kerala,Idukki,Kokkayar Village upslope,Kokkayar Village,9.606222222,76.90912778,Debris,Flow,"16th October, 2021",2021,2021
16193,KRL/IDK/58C14/2018/07,Kerala,Idukki,Kokkayar Village upslope 2,Kokkayar Village,9.607388889,76.91263889,Debris,Flow,"16th October, 2021",2021,2021
16194,KE/IDU/58C14/2021/8 (NRSC slide validated),Kerala,Idukki,Kanakapuram slide,"Kanakapuram, Kokkayar Panchayath",9.606111111,76.89666667,Debris,Flow,16th October 2021,2021,2021
16195,KE/IDU/58C14/2021/9,Kerala,Idukki,Endayar East Slide I,"Mukkalam P O, Endayar East",9.622055556,76.893875,Debris,Slide,16th October 2021,2021,2021
16196,KE/IDU/58C14/2021/10,Kerala,Idukki,Endayar East Slide II,"Mukkalam P O, Endayar East",9.622277778,76.89380556,Debris,Slide,16th October 2021,2021,2021
16197,KE/IDU/58C14/2021/11,Kerala,Idukki,Endayar East Slide III,"Mukkalam P O, Endayar East",9.623611111,76.89027778,Debris,Flow,16th October 2021,2021,2021
16198,KE/KOT/58C14/2021/12,Kerala,Kottayam,Ilamkad Slide,"Ilamkad, Njarkadu, Kootickal Panchayath (5th ward)",9.631305556,76.88883333,Debris,Flow,16th October 2021,2021,2021
16199,KE/KOT/58C14/2021/13,Kerala,Kottayam,Plappalli Debris flow,Plappalli Kuttikkal Panchayath (3rd ward),9.620611111,76.87372222,Debris,Flow,16th October 2021,2021,2021
16200,KE/KOT/58C14/2021/14,Kerala,Kottayam,Kavali Slide,"Kavali, Kuttikkal Panchayath (3rd ward)",9.608683333,76.87256944,Debris,Slide,16th October 2021,2021,2021
16202,KL/IDK/58F/04/2025/PDLS/02,Kerala,Idukki,Devikulam,NH-85,10.064476,77.101915,Soil,Slump,6th August 2018,2018,2018
16204,KL/IDK/58F/04/2025/PDLS/04,Kerala,Idukki,Devikulam 2,(NH-85),10.071261,77.09786,Soil,Rotational,2024,2024,2024
16205,KL/IDK/58F/04/2025/PDLS/05,Kerala,Idukki,Toll Plaza,NH-85,10.0552,77.1071,Soil,Translational,"August, 2018 & 2024",2018; 2024,2018
