date,district,rainfall
2012-01-01,Kannur,0.7049879233075952
2012-01-01,Ernakulam,0.0
2012-01-01,Idukki,0.0
2012-01-01,Kasaragod,0.0
2012-01-01,Kottayam,0.0
2012-01-01,Kozhikode,1.2135620683481219
2012-01-01,Malappuram,0.557381600050806
2012-01-01,Palakkad,0.2590490197844003
2012-01-01,Pattanamtitta,0.0
2012-01-01,Kollam,0.0
2012-01-01,Thrissur,0.0
2012-01-01,Thiruvananthapuram,0.0
2012-01-01,Wayanad,2.131652336717084
2012-01-01,Alappuzha,0.0
2012-01-02,Kannur,0.0
2012-01-02,Ernakulam,0.0
2012-01-02,Idukki,0.0
2012-01-02,Kasaragod,0.0
2012-01-02,Kottayam,0.0
2012-01-02,Kozhikode,0.0
2012-01-02,Malappuram,0.0
2012-01-02,Palakkad,0.0
2012-01-02,Pattanamtitta,0.0
2012-01-02,Kollam,0.0
2012-01-02,Thrissur,0.0
2012-01-02,Thiruvananthapuram,0.0
2012-01-02,Wayanad,0.0
2012-01-02,Alappuzha,0.0
2012-01-03,Kannur,0.0
2012-01-03,Ernakulam,0.0
2012-01-03,Idukki,0.0
2012-01-03,Kasaragod,0.0
2012-01-03,Kottayam,0.0
2012-01-03,Kozhikode,0.0
2012-01-03,Malappuram,0.0
2012-01-03,Palakkad,0.0
2012-01-03,Pattanamtitta,0.0
2012-01-03,Kollam,0.0
2012-01-03,Thrissur,0.0
2012-01-03,Thiruvananthapuram,0.0
2012-01-03,Wayanad,0.0
2012-01-03,Alappuzha,0.0
2012-01-04,Kannur,0.0
2012-01-04,Ernakulam,0.09092825727112128
2012-01-04,Idukki,3.4821654121867236
2012-01-04,Kasaragod,0.0
2012-01-04,Kottayam,0.08018290684749846
2012-01-04,Kozhikode,0.0
2012-01-04,Malappuram,0.7982855134489959
2012-01-04,Palakkad,2.5209036656571246
2012-01-04,Pattanamtitta,5.249664329934704
2012-01-04,Kollam,3.2149225598158533
2012-01-04,Thrissur,1.0583388126964108
2012-01-04,Thiruvananthapuram,3.9871689396805623
2012-01-04,Wayanad,0.0
2012-01-04,Alappuzha,0.0
2012-01-05,Kannur,0.0
2012-01-05,Ernakulam,8.635428417317303
2012-01-05,Idukki,11.204763364723666
2012-01-05,Kasaragod,0.0
2012-01-05,Kottayam,3.0694455669791965
2012-01-05,Kozhikode,0.0
2012-01-05,Malappuram,4.713297174008834
2012-01-05,Palakkad,7.939612825153101
2012-01-05,Pattanamtitta,0.09169224309365923
2012-01-05,Kollam,0.9438950453925483
2012-01-05,Thrissur,8.87654550817132
2012-01-05,Thiruvananthapuram,1.0002361001152835
2012-01-05,Wayanad,0.0
2012-01-05,Alappuzha,2.586681146307874
2012-01-06,Kannur,0.0
2012-01-06,Ernakulam,0.0
2012-01-06,Idukki,0.0
2012-01-06,Kasaragod,0.0
2012-01-06,Kottayam,0.0
2012-01-06,Kozhikode,0.0
2012-01-06,Malappuram,0.0
2012-01-06,Palakkad,0.0
2012-01-06,Pattanamtitta,0.0
2012-01-06,Kollam,0.0
2012-01-06,Thrissur,0.0
2012-01-06,Thiruvananthapuram,0.0
2012-01-06,Wayanad,0.0
2012-01-06,Alappuzha,0.0
2012-01-07,Kannur,0.0
2012-01-07,Ernakulam,0.0
2012-01-07,Idukki,0.0
2012-01-07,Kasaragod,0.0
2012-01-07,Kottayam,0.0
2012-01-07,Kozhikode,0.0
2012-01-07,Malappuram,0.0
2012-01-07,Palakkad,0.0
2012-01-07,Pattanamtitta,0.0
2012-01-07,Kollam,0.0
2012-01-07,Thrissur,0.0
2012-01-07,Thiruvananthapuram,0.00775305608967727
2012-01-07,Wayanad,0.0
2012-01-07,Alappuzha,0.0
2012-01-08,Kannur,0.0
2012-01-08,Ernakulam,0.0
2012-01-08,Idukki,0.717791048420484
2012-01-08,Kasaragod,0.0
2012-01-08,Kottayam,0.0
2012-01-08,Kozhikode,0.0
2012-01-08,Malappuram,0.0
2012-01-08,Palakkad,0.0
2012-01-08,Pattanamtitta,1.1348523011684912
2012-01-08,Kollam,0.39091291683047824
2012-01-08,Thrissur,0.0
2012-01-08,Thiruvananthapuram,0.3999009074251424
2012-01-08,Wayanad,0.0
2012-01-08,Alappuzha,0.0
2012-01-09,Kannur,0.0
2012-01-09,Ernakulam,0.0
2012-01-09,Idukki,0.5680517525951398
2012-01-09,Kasaragod,0.0
2012-01-09,Kottayam,0.7772230626907716
2012-01-09,Kozhikode,0.0
2012-01-09,Malappuram,0.0
2012-01-09,Palakkad,0.0
2012-01-09,Pattanamtitta,3.1062172643673858
2012-01-09,Kollam,0.45190765678335326
2012-01-09,Thrissur,0.0
2012-01-09,Thiruvananthapuram,0.05573515714273442
2012-01-09,Wayanad,0.044184174114909
2012-01-09,Alappuzha,3.5293886073098713
2012-01-10,Kannur,0.0
2012-01-10,Ernakulam,0.08880572801596215
2012-01-10,Idukki,0.7029479258449766
2012-01-10,Kasaragod,0.0
2012-01-10,Kottayam,0.25477653677016365
2012-01-10,Kozhikode,0.0
2012-01-10,Malappuram,0.0
2012-01-10,Palakkad,0.5843072897822899
2012-01-10,Pattanamtitta,0.3354579423612357
2012-01-10,Kollam,0.893378525039579
2012-01-10,Thrissur,0.08784473245752221
2012-01-10,Thiruvananthapuram,1.8922752881831286
2012-01-10,Wayanad,0.37336112908444896
2012-01-10,Alappuzha,0.3216849866296035
2012-01-11,Kannur,0.0
2012-01-11,Ernakulam,2.8658781578093317
2012-01-11,Idukki,4.374384480579816
2012-01-11,Kasaragod,0.0
2012-01-11,Kottayam,5.927654432642778
2012-01-11,Kozhikode,0.0
2012-01-11,Malappuram,0.0
2012-01-11,Palakkad,0.20289853360270335
2012-01-11,Pattanamtitta,6.50670798309865
2012-01-11,Kollam,3.050317921413774
2012-01-11,Thrissur,0.21579644168467854
2012-01-11,Thiruvananthapuram,2.5991627646249973
2012-01-11,Wayanad,0.0
2012-01-11,Alappuzha,6.0166361811669695
2012-01-12,Kannur,0.0
2012-01-12,Ernakulam,0.0
2012-01-12,Idukki,0.0
2012-01-12,Kasaragod,0.0
2012-01-12,Kottayam,0.0
2012-01-12,Kozhikode,0.0
2012-01-12,Malappuram,0.0
2012-01-12,Palakkad,0.11433196575177969
2012-01-12,Pattanamtitta,0.0
2012-01-12,Kollam,0.0
2012-01-12,Thrissur,0.0
2012-01-12,Thiruvananthapuram,0.0
2012-01-12,Wayanad,0.0
2012-01-12,Alappuzha,0.0
2012-01-13,Kannur,0.024840717751321725
2012-01-13,Ernakulam,0.0
2012-01-13,Idukki,0.0
2012-01-13,Kasaragod,0.5055907956056152
2012-01-13,Kottayam,0.0
2012-01-13,Kozhikode,0.0
2012-01-13,Malappuram,0.02930910666498725
2012-01-13,Palakkad,0.08577077618694202
2012-01-13,Pattanamtitta,0.0
2012-01-13,Kollam,0.0
2012-01-13,Thrissur,0.0
2012-01-13,Thiruvananthapuram,0.0
2012-01-13,Wayanad,0.007739998949350257
2012-01-13,Alappuzha,0.0
2012-01-14,Kannur,0.0028133112857000138
2012-01-14,Ernakulam,0.0
2012-01-14,Idukki,0.0
2012-01-14,Kasaragod,0.0
2012-01-14,Kottayam,0.0
2012-01-14,Kozhikode,0.0421792438591578
2012-01-14,Malappuram,0.0
2012-01-14,Palakkad,0.0
2012-01-14,Pattanamtitta,0.0
2012-01-14,Kollam,0.0
2012-01-14,Thrissur,0.0
2012-01-14,Thiruvananthapuram,0.0
2012-01-14,Wayanad,0.0026291994246921443
2012-01-14,Alappuzha,0.0
2012-01-15,Kannur,0.0
2012-01-15,Ernakulam,0.0
2012-01-15,Idukki,0.0
2012-01-15,Kasaragod,0.0
2012-01-15,Kottayam,0.0
2012-01-15,Kozhikode,0.0
2012-01-15,Malappuram,0.0
2012-01-15,Palakkad,0.0
2012-01-15,Pattanamtitta,0.0
2012-01-15,Kollam,0.0
2012-01-15,Thrissur,0.0
2012-01-15,Thiruvananthapuram,0.0
2012-01-15,Wayanad,0.0
2012-01-15,Alappuzha,0.0
2012-01-16,Kannur,0.0
2012-01-16,Ernakulam,0.0
2012-01-16,Idukki,0.0
2012-01-16,Kasaragod,0.0
2012-01-16,Kottayam,0.0
2012-01-16,Kozhikode,0.0
2012-01-16,Malappuram,0.0
2012-01-16,Palakkad,0.0
2012-01-16,Pattanamtitta,0.0
2012-01-16,Kollam,0.0
2012-01-16,Thrissur,0.0
2012-01-16,Thiruvananthapuram,0.0
2012-01-16,Wayanad,0.0
2012-01-16,Alappuzha,0.0
2012-01-17,Kannur,0.0
2012-01-17,Ernakulam,0.0
2012-01-17,Idukki,0.0
2012-01-17,Kasaragod,0.0
2012-01-17,Kottayam,0.0
2012-01-17,Kozhikode,0.0
2012-01-17,Malappuram,0.0
2012-01-17,Palakkad,0.0
2012-01-17,Pattanamtitta,0.0
2012-01-17,Kollam,0.0
2012-01-17,Thrissur,0.0
2012-01-17,Thiruvananthapuram,0.0
2012-01-17,Wayanad,0.0
2012-01-17,Alappuzha,0.0
2012-01-18,Kannur,0.0
2012-01-18,Ernakulam,0.0
2012-01-18,Idukki,0.1390487527108448
2012-01-18,Kasaragod,0.0
2012-01-18,Kottayam,0.0
2012-01-18,Kozhikode,0.0
2012-01-18,Malappuram,0.0
2012-01-18,Palakkad,0.0
2012-01-18,Pattanamtitta,0.0
2012-01-18,Kollam,0.0
2012-01-18,Thrissur,0.0
2012-01-18,Thiruvananthapuram,0.0
2012-01-18,Wayanad,0.0
2012-01-18,Alappuzha,0.0
2012-01-19,Kannur,0.0
2012-01-19,Ernakulam,0.021342645117245745
2012-01-19,Idukki,1.967921307686542
2012-01-19,Kasaragod,0.0
2012-01-19,Kottayam,0.11477092132666221
2012-01-19,Kozhikode,0.0
2012-01-19,Malappuram,0.0
2012-01-19,Palakkad,0.021252161853498402
2012-01-19,Pattanamtitta,0.5644042039536628
2012-01-19,Kollam,0.0
2012-01-19,Thrissur,0.0763484290464944
2012-01-19,Thiruvananthapuram,0.0
2012-01-19,Wayanad,0.0
2012-01-19,Alappuzha,0.0
2012-01-20,Kannur,0.0
2012-01-20,Ernakulam,0.0
2012-01-20,Idukki,0.0
2012-01-20,Kasaragod,0.0
2012-01-20,Kottayam,0.0
2012-01-20,Kozhikode,0.0
2012-01-20,Malappuram,0.0
2012-01-20,Palakkad,0.0
2012-01-20,Pattanamtitta,0.0
2012-01-20,Kollam,0.0
2012-01-20,Thrissur,0.0
2012-01-20,Thiruvananthapuram,0.0
2012-01-20,Wayanad,0.0
2012-01-20,Alappuzha,0.0
2012-01-21,Kannur,0.0
2012-01-21,Ernakulam,0.0
2012-01-21,Idukki,0.8334221837404088
2012-01-21,Kasaragod,0.0
2012-01-21,Kottayam,0.5770875968840561
2012-01-21,Kozhikode,0.0
2012-01-21,Malappuram,0.09124307637929774
2012-01-21,Palakkad,0.521251057736045
2012-01-21,Pattanamtitta,0.34699921083530266
2012-01-21,Kollam,0.0
2012-01-21,Thrissur,0.036070297577792815
2012-01-21,Thiruvananthapuram,0.0
2012-01-21,Wayanad,0.009955726935981483
2012-01-21,Alappuzha,0.0
2012-01-22,Kannur,0.0
2012-01-22,Ernakulam,0.0
2012-01-22,Idukki,0.0
2012-01-22,Kasaragod,0.0
2012-01-22,Kottayam,0.0
2012-01-22,Kozhikode,0.0
2012-01-22,Malappuram,0.0
2012-01-22,Palakkad,0.0
2012-01-22,Pattanamtitta,0.0
2012-01-22,Kollam,0.0
2012-01-22,Thrissur,0.0
2012-01-22,Thiruvananthapuram,0.0
2012-01-22,Wayanad,0.0
2012-01-22,Alappuzha,0.0
2012-01-23,Kannur,0.0
2012-01-23,Ernakulam,0.0
2012-01-23,Idukki,0.0
2012-01-23,Kasaragod,0.0
2012-01-23,Kottayam,0.0
2012-01-23,Kozhikode,0.0
2012-01-23,Malappuram,0.03182925348521199
2012-01-23,Palakkad,0.0
2012-01-23,Pattanamtitta,0.0
2012-01-23,Kollam,0.0
2012-01-23,Thrissur,0.0
2012-01-23,Thiruvananthapuram,0.0
2012-01-23,Wayanad,0.0
2012-01-23,Alappuzha,0.0
2012-01-24,Kannur,0.0
2012-01-24,Ernakulam,0.0
2012-01-24,Idukki,0.0
2012-01-24,Kasaragod,0.0
2012-01-24,Kottayam,0.0
2012-01-24,Kozhikode,0.0
2012-01-24,Malappuram,0.0
2012-01-24,Palakkad,0.0
2012-01-24,Pattanamtitta,0.0
2012-01-24,Kollam,0.0
2012-01-24,Thrissur,0.0
2012-01-24,Thiruvananthapuram,0.0
2012-01-24,Wayanad,0.0
2012-01-24,Alappuzha,0.0
2012-01-25,Kannur,0.0
2012-01-25,Ernakulam,0.0
2012-01-25,Idukki,0.0
2012-01-25,Kasaragod,0.0
2012-01-25,Kottayam,0.0
2012-01-25,Kozhikode,0.0
2012-01-25,Malappuram,0.0
2012-01-25,Palakkad,0.0
2012-01-25,Pattanamtitta,0.0
2012-01-25,Kollam,0.0
2012-01-25,Thrissur,0.0
2012-01-25,Thiruvananthapuram,0.0
2012-01-25,Wayanad,0.0
2012-01-25,Alappuzha,0.0
2012-01-26,Kannur,0.0
2012-01-26,Ernakulam,0.0
2012-01-26,Idukki,0.0
2012-01-26,Kasaragod,0.0
2012-01-26,Kottayam,0.0
2012-01-26,Kozhikode,0.0
2012-01-26,Malappuram,0.0
2012-01-26,Palakkad,0.0
2012-01-26,Pattanamtitta,0.0
2012-01-26,Kollam,0.0
2012-01-26,Thrissur,0.0
2012-01-26,Thiruvananthapuram,0.0
2012-01-26,Wayanad,0.0
2012-01-26,Alappuzha,0.0
2012-01-27,Kannur,0.0
2012-01-27,Ernakulam,0.0
2012-01-27,Idukki,0.0
2012-01-27,Kasaragod,0.0
2012-01-27,Kottayam,0.0
2012-01-27,Kozhikode,0.0
2012-01-27,Malappuram,0.0
2012-01-27,Palakkad,0.0
2012-01-27,Pattanamtitta,0.0
2012-01-27,Kollam,0.0
2012-01-27,Thrissur,0.0
2012-01-27,Thiruvananthapuram,0.0
2012-01-27,Wayanad,0.0
2012-01-27,Alappuzha,0.0
2012-01-28,Kannur,1.4842345103776242
2012-01-28,Ernakulam,2.2427299410016417
2012-01-28,Idukki,0.9236031502677088
2012-01-28,Kasaragod,0.18028544992163797
2012-01-28,Kottayam,4.5491780627492515
2012-01-28,Kozhikode,1.9345540649159978
2012-01-28,Malappuram,0.7372806066943145
2012-01-28,Palakkad,0.13593710536151077
2012-01-28,Pattanamtitta,2.113717220245201
2012-01-28,Kollam,0.2966644447917645
2012-01-28,Thrissur,0.00954421709493263
2012-01-28,Thiruvananthapuram,0.0
2012-01-28,Wayanad,2.439967659670001
2012-01-28,Alappuzha,1.5201884092724884
2012-01-29,Kannur,0.0
2012-01-29,Ernakulam,0.035589229645833956
2012-01-29,Idukki,0.0
2012-01-29,Kasaragod,0.0
2012-01-29,Kottayam,0.0
2012-01-29,Kozhikode,0.034081330216069794
2012-01-29,Malappuram,0.0
2012-01-29,Palakkad,0.0
2012-01-29,Pattanamtitta,0.01533867594673598
2012-01-29,Kollam,4.920985596743444E-4
2012-01-29,Thrissur,0.0076817909409244
2012-01-29,Thiruvananthapuram,0.03567911414368954
2012-01-29,Wayanad,0.007417590904267764
2012-01-29,Alappuzha,0.2243021955515534
2012-01-30,Kannur,1.6954179195841153
2012-01-30,Ernakulam,0.0
2012-01-30,Idukki,0.0
2012-01-30,Kasaragod,0.9691643952251017
2012-01-30,Kottayam,0.0
2012-01-30,Kozhikode,1.1314499791705372
2012-01-30,Malappuram,0.3543968480341185
2012-01-30,Palakkad,0.0
2012-01-30,Pattanamtitta,0.0
2012-01-30,Kollam,0.0
2012-01-30,Thrissur,0.0
2012-01-30,Thiruvananthapuram,0.0
2012-01-30,Wayanad,1.158536136586013
2012-01-30,Alappuzha,0.0
2012-01-31,Kannur,0.0
2012-01-31,Ernakulam,0.0
2012-01-31,Idukki,0.0
2012-01-31,Kasaragod,0.0
2012-01-31,Kottayam,0.0
2012-01-31,Kozhikode,0.0
2012-01-31,Malappuram,0.0
2012-01-31,Palakkad,0.0
2012-01-31,Pattanamtitta,0.0
2012-01-31,Kollam,0.0
2012-01-31,Thrissur,0.0
2012-01-31,Thiruvananthapuram,0.0
2012-01-31,Wayanad,0.0
2012-01-31,Alappuzha,0.0
2012-02-01,Kannur,0.0
2012-02-01,Ernakulam,0.0
2012-02-01,Idukki,0.0
2012-02-01,Kasaragod,0.0
2012-02-01,Kottayam,0.0
2012-02-01,Kozhikode,0.0
2012-02-01,Malappuram,0.0
2012-02-01,Palakkad,0.0
2012-02-01,Pattanamtitta,0.0
2012-02-01,Kollam,0.0
2012-02-01,Thrissur,0.0
2012-02-01,Thiruvananthapuram,0.0
2012-02-01,Wayanad,0.0
2012-02-01,Alappuzha,0.0
2012-02-02,Kannur,0.0
2012-02-02,Ernakulam,0.0
2012-02-02,Idukki,0.0
2012-02-02,Kasaragod,0.0
2012-02-02,Kottayam,0.0
2012-02-02,Kozhikode,0.0
2012-02-02,Malappuram,0.0
2012-02-02,Palakkad,0.0
2012-02-02,Pattanamtitta,0.0
2012-02-02,Kollam,0.0
2012-02-02,Thrissur,0.0
2012-02-02,Thiruvananthapuram,0.0
2012-02-02,Wayanad,0.0
2012-02-02,Alappuzha,0.0
2012-02-03,Kannur,0.0
2012-02-03,Ernakulam,0.0
2012-02-03,Idukki,0.0
2012-02-03,Kasaragod,0.0
2012-02-03,Kottayam,0.0
2012-02-03,Kozhikode,0.0
2012-02-03,Malappuram,0.0
2012-02-03,Palakkad,0.0
2012-02-03,Pattanamtitta,0.0
2012-02-03,Kollam,0.0
2012-02-03,Thrissur,0.0
2012-02-03,Thiruvananthapuram,0.0
2012-02-03,Wayanad,0.0
2012-02-03,Alappuzha,0.0
2012-02-04,Kannur,0.0
2012-02-04,Ernakulam,0.0
2012-02-04,Idukki,0.0
2012-02-04,Kasaragod,0.0
2012-02-04,Kottayam,0.0
2012-02-04,Kozhikode,0.0
2012-02-04,Malappuram,0.0
2012-02-04,Palakkad,0.0
2012-02-04,Pattanamtitta,0.0
2012-02-04,Kollam,0.0
2012-02-04,Thrissur,0.0
2012-02-04,Thiruvananthapuram,0.0
2012-02-04,Wayanad,0.0
2012-02-04,Alappuzha,0.0
2012-02-05,Kannur,0.0
2012-02-05,Ernakulam,0.0
2012-02-05,Idukki,0.21932485620938547
2012-02-05,Kasaragod,0.0
2012-02-05,Kottayam,0.020113215637409133
2012-02-05,Kozhikode,0.0
2012-02-05,Malappuram,0.0
2012-02-05,Palakkad,0.0
2012-02-05,Pattanamtitta,0.05993047772706293
2012-02-05,Kollam,0.11984119266883875
2012-02-05,Thrissur,0.0
2012-02-05,Thiruvananthapuram,0.014794819282762935
2012-02-05,Wayanad,0.0
2012-02-05,Alappuzha,0.0
2012-02-06,Kannur,0.0
2012-02-06,Ernakulam,0.0
2012-02-06,Idukki,0.15822928812847656
2012-02-06,Kasaragod,0.0
2012-02-06,Kottayam,0.0
2012-02-06,Kozhikode,0.0
2012-02-06,Malappuram,0.0
2012-02-06,Palakkad,0.0
2012-02-06,Pattanamtitta,0.5010830060072304
2012-02-06,Kollam,0.6322178330129002
2012-02-06,Thrissur,0.0
2012-02-06,Thiruvananthapuram,0.7536197557628775
2012-02-06,Wayanad,0.0
2012-02-06,Alappuzha,0.0
2012-02-07,Kannur,0.0
2012-02-07,Ernakulam,0.0
2012-02-07,Idukki,0.0
2012-02-07,Kasaragod,0.0
2012-02-07,Kottayam,0.0
2012-02-07,Kozhikode,0.0
2012-02-07,Malappuram,0.0
2012-02-07,Palakkad,0.0
2012-02-07,Pattanamtitta,0.6755066269864934
2012-02-07,Kollam,1.2433129149364237
2012-02-07,Thrissur,0.0
2012-02-07,Thiruvananthapuram,0.716275631923775
2012-02-07,Wayanad,0.0
2012-02-07,Alappuzha,2.5264111929424593
2012-02-08,Kannur,0.0
2012-02-08,Ernakulam,0.0
2012-02-08,Idukki,0.0
2012-02-08,Kasaragod,0.0
2012-02-08,Kottayam,0.0
2012-02-08,Kozhikode,0.0
2012-02-08,Malappuram,0.0
2012-02-08,Palakkad,0.0
2012-02-08,Pattanamtitta,0.0
2012-02-08,Kollam,0.0
2012-02-08,Thrissur,0.0
2012-02-08,Thiruvananthapuram,0.06423676622535077
2012-02-08,Wayanad,0.0
2012-02-08,Alappuzha,0.0
2012-02-09,Kannur,0.0
2012-02-09,Ernakulam,0.06624206771802975
2012-02-09,Idukki,4.000563114993761
2012-02-09,Kasaragod,0.0
2012-02-09,Kottayam,2.9134903550048286
2012-02-09,Kozhikode,0.0
2012-02-09,Malappuram,0.0
2012-02-09,Palakkad,0.11498210143840273
2012-02-09,Pattanamtitta,5.006037192356118
2012-02-09,Kollam,1.1316258863294189
2012-02-09,Thrissur,0.0
2012-02-09,Thiruvananthapuram,2.1431137038789267
2012-02-09,Wayanad,0.0
2012-02-09,Alappuzha,3.295803168183993
2012-02-10,Kannur,0.0
2012-02-10,Ernakulam,5.5383630631351775
2012-02-10,Idukki,2.933277463503758
2012-02-10,Kasaragod,0.0
2012-02-10,Kottayam,1.0589725363574327
2012-02-10,Kozhikode,0.08652803720828899
2012-02-10,Malappuram,1.0636689083538948
2012-02-10,Palakkad,1.10730521515186
2012-02-10,Pattanamtitta,0.9956337925681941
2012-02-10,Kollam,1.6435854946200914
2012-02-10,Thrissur,2.6906381291529318
2012-02-10,Thiruvananthapuram,2.501347981432205
2012-02-10,Wayanad,0.0033065244860596686
2012-02-10,Alappuzha,0.9822096001500318
2012-02-11,Kannur,3.9999148407055305
2012-02-11,Ernakulam,10.955163947009241
2012-02-11,Idukki,11.618668803611728
2012-02-11,Kasaragod,3.4379854305501825
2012-02-11,Kottayam,17.534975914127827
2012-02-11,Kozhikode,9.458356957941529
2012-02-11,Malappuram,10.02347866039206
2012-02-11,Palakkad,6.677177592719272
2012-02-11,Pattanamtitta,16.69107869107155
2012-02-11,Kollam,11.568307782540197
2012-02-11,Thrissur,9.160957414954513
2012-02-11,Thiruvananthapuram,7.029297423351553
2012-02-11,Wayanad,7.915850616609489
2012-02-11,Alappuzha,12.166847074631217
2012-02-12,Kannur,0.0
2012-02-12,Ernakulam,0.003785845753406237
2012-02-12,Idukki,0.0
2012-02-12,Kasaragod,0.0
2012-02-12,Kottayam,3.6455320117397942
2012-02-12,Kozhikode,0.5889640691102842
2012-02-12,Malappuram,4.564110594552819
2012-02-12,Palakkad,0.6632833840885652
2012-02-12,Pattanamtitta,2.1279139367909705
2012-02-12,Kollam,3.6130442620654124
2012-02-12,Thrissur,0.4371798105211447
2012-02-12,Thiruvananthapuram,0.29727647930032575
2012-02-12,Wayanad,0.029861861744383527
2012-02-12,Alappuzha,8.262794512511944
2012-02-13,Kannur,0.0
2012-02-13,Ernakulam,0.0
2012-02-13,Idukki,0.0
2012-02-13,Kasaragod,0.0
2012-02-13,Kottayam,0.0
2012-02-13,Kozhikode,0.0
2012-02-13,Malappuram,0.0
2012-02-13,Palakkad,0.0
2012-02-13,Pattanamtitta,0.0
2012-02-13,Kollam,0.0
2012-02-13,Thrissur,0.0
2012-02-13,Thiruvananthapuram,0.0
2012-02-13,Wayanad,0.0
2012-02-13,Alappuzha,0.0
2012-02-14,Kannur,0.0
2012-02-14,Ernakulam,0.0
2012-02-14,Idukki,0.0
2012-02-14,Kasaragod,0.0
2012-02-14,Kottayam,0.0
2012-02-14,Kozhikode,0.0
2012-02-14,Malappuram,0.0
2012-02-14,Palakkad,0.0
2012-02-14,Pattanamtitta,0.0
2012-02-14,Kollam,0.0
2012-02-14,Thrissur,0.0
2012-02-14,Thiruvananthapuram,0.0
2012-02-14,Wayanad,0.0
2012-02-14,Alappuzha,0.0
2012-02-15,Kannur,0.0
2012-02-15,Ernakulam,0.0
2012-02-15,Idukki,1.1740953815423827
2012-02-15,Kasaragod,0.0
2012-02-15,Kottayam,0.0
2012-02-15,Kozhikode,0.0
2012-02-15,Malappuram,0.0
2012-02-15,Palakkad,0.0
2012-02-15,Pattanamtitta,1.7941582020318636
2012-02-15,Kollam,1.950157924613494
2012-02-15,Thrissur,0.0
2012-02-15,Thiruvananthapuram,2.5022836604701646
2012-02-15,Wayanad,0.0
2012-02-15,Alappuzha,0.0
2012-02-16,Kannur,0.0
2012-02-16,Ernakulam,0.0
2012-02-16,Idukki,0.001971391705136759
2012-02-16,Kasaragod,0.0
2012-02-16,Kottayam,0.0
2012-02-16,Kozhikode,0.0
2012-02-16,Malappuram,0.0
2012-02-16,Palakkad,0.0
2012-02-16,Pattanamtitta,0.0
2012-02-16,Kollam,0.0
2012-02-16,Thrissur,0.0
2012-02-16,Thiruvananthapuram,0.0
2012-02-16,Wayanad,0.0
2012-02-16,Alappuzha,0.0
2012-02-17,Kannur,0.0
2012-02-17,Ernakulam,0.0
2012-02-17,Idukki,0.0016091222558459162
2012-02-17,Kasaragod,0.0
2012-02-17,Kottayam,0.0
2012-02-17,Kozhikode,0.0
2012-02-17,Malappuram,0.0
2012-02-17,Palakkad,0.0
2012-02-17,Pattanamtitta,0.0
2012-02-17,Kollam,0.0
2012-02-17,Thrissur,0.0
2012-02-17,Thiruvananthapuram,0.0
2012-02-17,Wayanad,0.0
2012-02-17,Alappuzha,0.0
2012-02-18,Kannur,0.0
2012-02-18,Ernakulam,0.0
2012-02-18,Idukki,0.0
2012-02-18,Kasaragod,0.0
2012-02-18,Kottayam,0.0
2012-02-18,Kozhikode,0.0
2012-02-18,Malappuram,0.0
2012-02-18,Palakkad,0.0
2012-02-18,Pattanamtitta,0.0
2012-02-18,Kollam,0.0
2012-02-18,Thrissur,0.0
2012-02-18,Thiruvananthapuram,0.0
2012-02-18,Wayanad,0.0
2012-02-18,Alappuzha,0.0
2012-02-19,Kannur,0.0
2012-02-19,Ernakulam,0.0
2012-02-19,Idukki,0.0
2012-02-19,Kasaragod,0.0
2012-02-19,Kottayam,0.0
2012-02-19,Kozhikode,0.0
2012-02-19,Malappuram,0.0
2012-02-19,Palakkad,0.0
2012-02-19,Pattanamtitta,0.0
2012-02-19,Kollam,0.0
2012-02-19,Thrissur,0.0
2012-02-19,Thiruvananthapuram,0.0
2012-02-19,Wayanad,0.0
2012-02-19,Alappuzha,0.0
2012-02-20,Kannur,0.0
2012-02-20,Ernakulam,0.0
2012-02-20,Idukki,0.0
2012-02-20,Kasaragod,0.0
2012-02-20,Kottayam,0.0
2012-02-20,Kozhikode,0.0
2012-02-20,Malappuram,0.0
2012-02-20,Palakkad,0.0
2012-02-20,Pattanamtitta,0.0
2012-02-20,Kollam,0.0
2012-02-20,Thrissur,0.0
2012-02-20,Thiruvananthapuram,0.0
2012-02-20,Wayanad,0.0
2012-02-20,Alappuzha,0.0
2012-02-21,Kannur,0.0
2012-02-21,Ernakulam,0.0
2012-02-21,Idukki,1.0290476185204158
2012-02-21,Kasaragod,0.0
2012-02-21,Kottayam,0.0
2012-02-21,Kozhikode,0.0
2012-02-21,Malappuram,0.0
2012-02-21,Palakkad,0.0
2012-02-21,Pattanamtitta,0.0
2012-02-21,Kollam,0.0
2012-02-21,Thrissur,0.0
2012-02-21,Thiruvananthapuram,0.0
2012-02-21,Wayanad,0.0
2012-02-21,Alappuzha,0.0
2012-02-22,Kannur,0.0
2012-02-22,Ernakulam,0.6857412054470657
2012-02-22,Idukki,4.552253984842311
2012-02-22,Kasaragod,0.0
2012-02-22,Kottayam,5.56786173236037
2012-02-22,Kozhikode,0.0
2012-02-22,Malappuram,0.0
2012-02-22,Palakkad,0.6991942646336226
2012-02-22,Pattanamtitta,2.965792464795076
2012-02-22,Kollam,2.39386819955004
2012-02-22,Thrissur,0.06372900209245605
2012-02-22,Thiruvananthapuram,2.3941563589688473
2012-02-22,Wayanad,0.0
2012-02-22,Alappuzha,5.6358412208885
2012-02-23,Kannur,5.3771725960134376
2012-02-23,Ernakulam,6.483861558193959
2012-02-23,Idukki,3.45823966704904
2012-02-23,Kasaragod,2.749461023257054
2012-02-23,Kottayam,3.9795332248275646
2012-02-23,Kozhikode,2.7656697618795216
2012-02-23,Malappuram,1.4338592666940344
2012-02-23,Palakkad,4.463324520846987
2012-02-23,Pattanamtitta,3.286309916026548
2012-02-23,Kollam,0.7750781876295963
2012-02-23,Thrissur,5.300746195008687
2012-02-23,Thiruvananthapuram,0.18654559465067014
2012-02-23,Wayanad,2.59259502280339
2012-02-23,Alappuzha,2.488432048556888
2012-02-24,Kannur,0.0
2012-02-24,Ernakulam,0.0
2012-02-24,Idukki,0.0
2012-02-24,Kasaragod,0.0
2012-02-24,Kottayam,0.0
2012-02-24,Kozhikode,0.0
2012-02-24,Malappuram,0.0
2012-02-24,Palakkad,0.0
2012-02-24,Pattanamtitta,0.0
2012-02-24,Kollam,0.0
2012-02-24,Thrissur,0.0
2012-02-24,Thiruvananthapuram,0.0
2012-02-24,Wayanad,0.0
2012-02-24,Alappuzha,0.0
2012-02-25,Kannur,0.0
2012-02-25,Ernakulam,0.0
2012-02-25,Idukki,0.08811356117671378
2012-02-25,Kasaragod,0.0
2012-02-25,Kottayam,0.0
2012-02-25,Kozhikode,0.1719714181742534
2012-02-25,Malappuram,0.013544056175736159
2012-02-25,Palakkad,0.2464229493288127
2012-02-25,Pattanamtitta,0.0
2012-02-25,Kollam,0.0
2012-02-25,Thrissur,0.27618332332019324
2012-02-25,Thiruvananthapuram,0.0
2012-02-25,Wayanad,0.01473470408090528
2012-02-25,Alappuzha,0.0
2012-02-26,Kannur,0.0
2012-02-26,Ernakulam,0.0
2012-02-26,Idukki,0.0
2012-02-26,Kasaragod,0.0
2012-02-26,Kottayam,0.0
2012-02-26,Kozhikode,0.0
2012-02-26,Malappuram,0.0
2012-02-26,Palakkad,0.0
2012-02-26,Pattanamtitta,0.0
2012-02-26,Kollam,0.0
2012-02-26,Thrissur,0.0
2012-02-26,Thiruvananthapuram,0.0
2012-02-26,Wayanad,0.0
2012-02-26,Alappuzha,0.0
2012-02-27,Kannur,0.0
2012-02-27,Ernakulam,0.08602858109235874
2012-02-27,Idukki,0.3501419490696562
2012-02-27,Kasaragod,0.0
2012-02-27,Kottayam,0.4685779056940784
2012-02-27,Kozhikode,0.0
2012-02-27,Malappuram,0.0
2012-02-27,Palakkad,0.0
2012-02-27,Pattanamtitta,2.919055181771156
2012-02-27,Kollam,5.819352201165379
2012-02-27,Thrissur,0.3002863705119827
2012-02-27,Thiruvananthapuram,6.706019606248457
2012-02-27,Wayanad,0.0
2012-02-27,Alappuzha,3.7903025196102442
2012-02-28,Kannur,0.0
2012-02-28,Ernakulam,0.0
2012-02-28,Idukki,0.0
2012-02-28,Kasaragod,0.0
2012-02-28,Kottayam,0.0
2012-02-28,Kozhikode,0.0
2012-02-28,Malappuram,0.0
2012-02-28,Palakkad,0.0
2012-02-28,Pattanamtitta,0.0
2012-02-28,Kollam,0.31821810182646776
2012-02-28,Thrissur,0.0
2012-02-28,Thiruvananthapuram,0.010568323898941488
2012-02-28,Wayanad,0.0
2012-02-28,Alappuzha,0.0
2012-02-29,Kannur,0.0
2012-02-29,Ernakulam,0.0
2012-02-29,Idukki,0.0
2012-02-29,Kasaragod,0.0
2012-02-29,Kottayam,0.0
2012-02-29,Kozhikode,0.0
2012-02-29,Malappuram,0.0
2012-02-29,Palakkad,0.0
2012-02-29,Pattanamtitta,0.0
2012-02-29,Kollam,0.0
2012-02-29,Thrissur,0.0
2012-02-29,Thiruvananthapuram,0.0
2012-02-29,Wayanad,0.0
2012-02-29,Alappuzha,0.0
2012-03-01,Kannur,0.0
2012-03-01,Ernakulam,0.0
2012-03-01,Idukki,0.0
2012-03-01,Kasaragod,0.0
2012-03-01,Kottayam,0.0
2012-03-01,Kozhikode,0.0
2012-03-01,Malappuram,0.0
2012-03-01,Palakkad,0.0
2012-03-01,Pattanamtitta,0.0
2012-03-01,Kollam,0.0
2012-03-01,Thrissur,0.0
2012-03-01,Thiruvananthapuram,0.0
2012-03-01,Wayanad,0.0
2012-03-01,Alappuzha,0.0
2012-03-02,Kannur,0.0
2012-03-02,Ernakulam,4.933695513457317
2012-03-02,Idukki,0.6617004511950266
2012-03-02,Kasaragod,0.0
2012-03-02,Kottayam,5.674863456576142
2012-03-02,Kozhikode,0.0
2012-03-02,Malappuram,0.0
2012-03-02,Palakkad,0.0
2012-03-02,Pattanamtitta,0.1678751854933928
2012-03-02,Kollam,0.0
2012-03-02,Thrissur,0.30439991213995754
2012-03-02,Thiruvananthapuram,0.0
2012-03-02,Wayanad,0.0
2012-03-02,Alappuzha,1.646642708868235
2012-03-03,Kannur,0.0
2012-03-03,Ernakulam,0.0
2012-03-03,Idukki,0.0
2012-03-03,Kasaragod,0.0
2012-03-03,Kottayam,0.0
2012-03-03,Kozhikode,0.0
2012-03-03,Malappuram,0.0
2012-03-03,Palakkad,0.0
2012-03-03,Pattanamtitta,0.0
2012-03-03,Kollam,0.0
2012-03-03,Thrissur,0.0
2012-03-03,Thiruvananthapuram,0.0
2012-03-03,Wayanad,0.0
2012-03-03,Alappuzha,0.0
2012-03-04,Kannur,0.0
2012-03-04,Ernakulam,0.0
2012-03-04,Idukki,0.0
2012-03-04,Kasaragod,0.0
2012-03-04,Kottayam,0.0
2012-03-04,Kozhikode,0.0
2012-03-04,Malappuram,0.0
2012-03-04,Palakkad,0.0
2012-03-04,Pattanamtitta,1.6479272396837725
2012-03-04,Kollam,2.4880017530112024
2012-03-04,Thrissur,0.0
2012-03-04,Thiruvananthapuram,0.6282053236790599
2012-03-04,Wayanad,0.0
2012-03-04,Alappuzha,0.19345668988561396
2012-03-05,Kannur,0.0
2012-03-05,Ernakulam,0.0
2012-03-05,Idukki,0.0
2012-03-05,Kasaragod,0.0
2012-03-05,Kottayam,0.1607984694146942
2012-03-05,Kozhikode,0.0
2012-03-05,Malappuram,0.0
2012-03-05,Palakkad,0.0
2012-03-05,Pattanamtitta,0.043458432060442566
2012-03-05,Kollam,0.4472068120722949
2012-03-05,Thrissur,0.0
2012-03-05,Thiruvananthapuram,1.1088149938722562
2012-03-05,Wayanad,0.0
2012-03-05,Alappuzha,0.7907432222730131
2012-03-06,Kannur,0.0
2012-03-06,Ernakulam,0.0
2012-03-06,Idukki,0.0
2012-03-06,Kasaragod,0.0
2012-03-06,Kottayam,0.0
2012-03-06,Kozhikode,0.0
2012-03-06,Malappuram,0.0
2012-03-06,Palakkad,0.013838055099615
2012-03-06,Pattanamtitta,0.0
2012-03-06,Kollam,0.0
2012-03-06,Thrissur,0.039161434915569615
2012-03-06,Thiruvananthapuram,0.0
2012-03-06,Wayanad,0.0
2012-03-06,Alappuzha,0.0
2012-03-07,Kannur,0.0
2012-03-07,Ernakulam,0.0
2012-03-07,Idukki,0.15384155670138733
2012-03-07,Kasaragod,0.0
2012-03-07,Kottayam,0.0
2012-03-07,Kozhikode,0.0
2012-03-07,Malappuram,0.0
2012-03-07,Palakkad,0.0
2012-03-07,Pattanamtitta,0.013086575658383936
2012-03-07,Kollam,0.01510937020506893
2012-03-07,Thrissur,0.0
2012-03-07,Thiruvananthapuram,0.31235818601312804
2012-03-07,Wayanad,0.0
2012-03-07,Alappuzha,0.0
2012-03-08,Kannur,0.0
2012-03-08,Ernakulam,0.0
2012-03-08,Idukki,0.03144123668466051
2012-03-08,Kasaragod,0.0
2012-03-08,Kottayam,0.0
2012-03-08,Kozhikode,0.0
2012-03-08,Malappuram,0.0
2012-03-08,Palakkad,0.0
2012-03-08,Pattanamtitta,0.06020669982079693
2012-03-08,Kollam,0.0
2012-03-08,Thrissur,0.0
2012-03-08,Thiruvananthapuram,0.0
2012-03-08,Wayanad,0.0
2012-03-08,Alappuzha,0.0
2012-03-09,Kannur,0.0
2012-03-09,Ernakulam,3.605204745923321
2012-03-09,Idukki,1.0519242054572122
2012-03-09,Kasaragod,0.0
2012-03-09,Kottayam,0.1128338937225946
2012-03-09,Kozhikode,0.0
2012-03-09,Malappuram,0.06938495708884387
2012-03-09,Palakkad,0.34000317092973037
2012-03-09,Pattanamtitta,0.09373032544862483
2012-03-09,Kollam,0.03912903659874546
2012-03-09,Thrissur,5.16687591821819
2012-03-09,Thiruvananthapuram,0.5808868918551084
2012-03-09,Wayanad,0.0
2012-03-09,Alappuzha,0.0029883898403596566
2012-03-10,Kannur,0.0
2012-03-10,Ernakulam,0.0
2012-03-10,Idukki,0.0
2012-03-10,Kasaragod,0.0
2012-03-10,Kottayam,0.0
2012-03-10,Kozhikode,0.0
2012-03-10,Malappuram,0.0
2012-03-10,Palakkad,0.0
2012-03-10,Pattanamtitta,0.9594385720414319
2012-03-10,Kollam,1.2471306094088972
2012-03-10,Thrissur,0.0
2012-03-10,Thiruvananthapuram,2.2021220063808262
2012-03-10,Wayanad,0.0
2012-03-10,Alappuzha,0.0
2012-03-11,Kannur,0.0
2012-03-11,Ernakulam,0.0
2012-03-11,Idukki,0.0
2012-03-11,Kasaragod,0.0
2012-03-11,Kottayam,0.0
2012-03-11,Kozhikode,0.0
2012-03-11,Malappuram,0.0
2012-03-11,Palakkad,0.0
2012-03-11,Pattanamtitta,0.6789004679426748
2012-03-11,Kollam,1.133369614385805
2012-03-11,Thrissur,0.0
2012-03-11,Thiruvananthapuram,0.018333040803616737
2012-03-11,Wayanad,0.0
2012-03-11,Alappuzha,0.2745372238530866
2012-03-12,Kannur,0.053090786879543606
2012-03-12,Ernakulam,3.3989735786142004
2012-03-12,Idukki,1.2928559520957863
2012-03-12,Kasaragod,0.0
2012-03-12,Kottayam,0.0
2012-03-12,Kozhikode,0.0
2012-03-12,Malappuram,0.4799314778728301
2012-03-12,Palakkad,1.476554184531304
2012-03-12,Pattanamtitta,2.4326145176267993E-4
2012-03-12,Kollam,0.4242295288806189
2012-03-12,Thrissur,4.935514066872406
2012-03-12,Thiruvananthapuram,1.449431524495574
2012-03-12,Wayanad,0.8394078267097522
2012-03-12,Alappuzha,0.0
2012-03-13,Kannur,0.03725268063105956
2012-03-13,Ernakulam,0.13271293982842503
2012-03-13,Idukki,0.5251409210323292
2012-03-13,Kasaragod,0.22902425105425195
2012-03-13,Kottayam,0.24295349742303718
2012-03-13,Kozhikode,0.0
2012-03-13,Malappuram,0.6676300231702256
2012-03-13,Palakkad,2.033043514301369
2012-03-13,Pattanamtitta,1.8382034726042837
2012-03-13,Kollam,1.354861902040427
2012-03-13,Thrissur,1.944710587876243
2012-03-13,Thiruvananthapuram,5.7571496649913705
2012-03-13,Wayanad,0.8204937147746982
2012-03-13,Alappuzha,0.17188446089366483
2012-03-14,Kannur,0.0
2012-03-14,Ernakulam,0.0
2012-03-14,Idukki,0.0
2012-03-14,Kasaragod,0.0
2012-03-14,Kottayam,0.471041357009983
2012-03-14,Kozhikode,0.14418975616527877
2012-03-14,Malappuram,1.6258644200843813
2012-03-14,Palakkad,0.6783549395745162
2012-03-14,Pattanamtitta,0.11326018246049846
2012-03-14,Kollam,0.0
2012-03-14,Thrissur,0.6275425378962887
2012-03-14,Thiruvananthapuram,0.0
2012-03-14,Wayanad,0.0
2012-03-14,Alappuzha,3.372272206619499
2012-03-15,Kannur,0.0
2012-03-15,Ernakulam,0.0
2012-03-15,Idukki,0.0
2012-03-15,Kasaragod,0.0
2012-03-15,Kottayam,0.0
2012-03-15,Kozhikode,0.0
2012-03-15,Malappuram,0.08738788183588772
2012-03-15,Palakkad,0.005255063807672953
2012-03-15,Pattanamtitta,0.0
2012-03-15,Kollam,0.03898270789427837
2012-03-15,Thrissur,0.16308371256556853
2012-03-15,Thiruvananthapuram,1.3602785673281785
2012-03-15,Wayanad,0.0
2012-03-15,Alappuzha,0.0
2012-03-16,Kannur,1.0334907461539382
2012-03-16,Ernakulam,4.332552992341001
2012-03-16,Idukki,2.916289756192921
2012-03-16,Kasaragod,0.06005190007154016
2012-03-16,Kottayam,8.894522030350489
2012-03-16,Kozhikode,1.9147106999571684
2012-03-16,Malappuram,0.4650388000774777
2012-03-16,Palakkad,0.1118609271508094
2012-03-16,Pattanamtitta,8.939267508265234
2012-03-16,Kollam,6.291465938517612
2012-03-16,Thrissur,0.0
2012-03-16,Thiruvananthapuram,3.1712499177300093
2012-03-16,Wayanad,0.6748104860079857
2012-03-16,Alappuzha,6.91597156071446
2012-03-17,Kannur,0.0
2012-03-17,Ernakulam,0.0
2012-03-17,Idukki,0.017601348305203202
2012-03-17,Kasaragod,0.0
2012-03-17,Kottayam,0.0
2012-03-17,Kozhikode,0.0
2012-03-17,Malappuram,0.09508865647940776
2012-03-17,Palakkad,0.12708678884029895
2012-03-17,Pattanamtitta,0.0
2012-03-17,Kollam,0.0
2012-03-17,Thrissur,0.0
2012-03-17,Thiruvananthapuram,0.0
2012-03-17,Wayanad,0.0
2012-03-17,Alappuzha,0.0
2012-03-18,Kannur,0.0
2012-03-18,Ernakulam,0.0
2012-03-18,Idukki,0.0
2012-03-18,Kasaragod,0.0
2012-03-18,Kottayam,0.0
2012-03-18,Kozhikode,0.0
2012-03-18,Malappuram,0.0
2012-03-18,Palakkad,0.0
2012-03-18,Pattanamtitta,0.0
2012-03-18,Kollam,0.0
2012-03-18,Thrissur,0.0
2012-03-18,Thiruvananthapuram,0.0
2012-03-18,Wayanad,0.0
2012-03-18,Alappuzha,0.0
2012-03-19,Kannur,0.0
2012-03-19,Ernakulam,0.0
2012-03-19,Idukki,0.0
2012-03-19,Kasaragod,0.0
2012-03-19,Kottayam,0.0
2012-03-19,Kozhikode,0.0
2012-03-19,Malappuram,0.0
2012-03-19,Palakkad,0.0
2012-03-19,Pattanamtitta,0.0
2012-03-19,Kollam,0.0
2012-03-19,Thrissur,0.0
2012-03-19,Thiruvananthapuram,0.0
2012-03-19,Wayanad,0.0
2012-03-19,Alappuzha,0.0
2012-03-20,Kannur,0.0
2012-03-20,Ernakulam,0.0
2012-03-20,Idukki,0.04685528690397241
2012-03-20,Kasaragod,0.0
2012-03-20,Kottayam,0.7260576394908527
2012-03-20,Kozhikode,0.0
2012-03-20,Malappuram,0.0
2012-03-20,Palakkad,0.30498469792441024
2012-03-20,Pattanamtitta,0.8467403297793391
2012-03-20,Kollam,0.0
2012-03-20,Thrissur,0.10172134859621826
2012-03-20,Thiruvananthapuram,0.0
2012-03-20,Wayanad,0.0
2012-03-20,Alappuzha,0.0
2012-03-21,Kannur,0.0
2012-03-21,Ernakulam,0.0
2012-03-21,Idukki,0.0
2012-03-21,Kasaragod,0.0
2012-03-21,Kottayam,0.0
2012-03-21,Kozhikode,0.0
2012-03-21,Malappuram,0.0
2012-03-21,Palakkad,0.0
2012-03-21,Pattanamtitta,0.0
2012-03-21,Kollam,0.0
2012-03-21,Thrissur,0.0
2012-03-21,Thiruvananthapuram,0.0
2012-03-21,Wayanad,0.0
2012-03-21,Alappuzha,0.0
2012-03-22,Kannur,0.0
2012-03-22,Ernakulam,0.01640837111570539
2012-03-22,Idukki,4.763747466488585
2012-03-22,Kasaragod,0.0
2012-03-22,Kottayam,2.520655275142423
2012-03-22,Kozhikode,0.0
2012-03-22,Malappuram,0.0
2012-03-22,Palakkad,0.028679527803131162
2012-03-22,Pattanamtitta,3.4106337740094244
2012-03-22,Kollam,0.9316243384820905
2012-03-22,Thrissur,0.0
2012-03-22,Thiruvananthapuram,0.17488616681533548
2012-03-22,Wayanad,0.0
2012-03-22,Alappuzha,0.005428190715217187
2012-03-23,Kannur,0.0
2012-03-23,Ernakulam,0.0
2012-03-23,Idukki,0.0
2012-03-23,Kasaragod,0.0
2012-03-23,Kottayam,0.0
2012-03-23,Kozhikode,0.0
2012-03-23,Malappuram,0.0
2012-03-23,Palakkad,0.0
2012-03-23,Pattanamtitta,0.0
2012-03-23,Kollam,0.0
2012-03-23,Thrissur,0.0
2012-03-23,Thiruvananthapuram,0.0
2012-03-23,Wayanad,0.0
2012-03-23,Alappuzha,0.0
2012-03-24,Kannur,0.0
2012-03-24,Ernakulam,0.0
2012-03-24,Idukki,0.0
2012-03-24,Kasaragod,0.0
2012-03-24,Kottayam,0.0
2012-03-24,Kozhikode,0.0
2012-03-24,Malappuram,0.0
2012-03-24,Palakkad,0.0
2012-03-24,Pattanamtitta,0.0
2012-03-24,Kollam,0.0
2012-03-24,Thrissur,0.0
2012-03-24,Thiruvananthapuram,0.0
2012-03-24,Wayanad,0.0
2012-03-24,Alappuzha,0.0
2012-03-25,Kannur,0.0
2012-03-25,Ernakulam,0.0
2012-03-25,Idukki,0.0
2012-03-25,Kasaragod,0.0
2012-03-25,Kottayam,0.0
2012-03-25,Kozhikode,0.0
2012-03-25,Malappuram,0.0
2012-03-25,Palakkad,0.0
2012-03-25,Pattanamtitta,0.0
2012-03-25,Kollam,0.0
2012-03-25,Thrissur,0.0
2012-03-25,Thiruvananthapuram,0.0
2012-03-25,Wayanad,0.0
2012-03-25,Alappuzha,0.0
2012-03-26,Kannur,0.0
2012-03-26,Ernakulam,0.0
2012-03-26,Idukki,0.0
2012-03-26,Kasaragod,0.0
2012-03-26,Kottayam,0.0
2012-03-26,Kozhikode,0.0
2012-03-26,Malappuram,0.0
2012-03-26,Palakkad,0.0
2012-03-26,Pattanamtitta,0.0
2012-03-26,Kollam,0.0
2012-03-26,Thrissur,0.0
2012-03-26,Thiruvananthapuram,0.0
2012-03-26,Wayanad,0.0
2012-03-26,Alappuzha,0.0
2012-03-27,Kannur,0.0
2012-03-27,Ernakulam,4.4682583674618765
2012-03-27,Idukki,0.3502771100327282
2012-03-27,Kasaragod,0.0
2012-03-27,Kottayam,0.2822169637422102
2012-03-27,Kozhikode,0.0
2012-03-27,Malappuram,0.0
2012-03-27,Palakkad,0.0
2012-03-27,Pattanamtitta,0.2251347014861561
2012-03-27,Kollam,0.5315329561807768
2012-03-27,Thrissur,0.294380122910916
2012-03-27,Thiruvananthapuram,3.294477249014931
2012-03-27,Wayanad,0.0
2012-03-27,Alappuzha,0.21844397315274203
2012-03-28,Kannur,1.022901354098878
2012-03-28,Ernakulam,7.3344995976734255
2012-03-28,Idukki,23.13811794640195
2012-03-28,Kasaragod,0.0037511275107714012
2012-03-28,Kottayam,7.777199318628225
2012-03-28,Kozhikode,9.381699649149095
2012-03-28,Malappuram,3.9624591355780865
2012-03-28,Palakkad,11.550779199378523
2012-03-28,Pattanamtitta,9.315350735220482
2012-03-28,Kollam,3.61077097446378
2012-03-28,Thrissur,6.1337589074847925
2012-03-28,Thiruvananthapuram,1.3392079387821534
2012-03-28,Wayanad,12.048417338102192
2012-03-28,Alappuzha,0.021753910940264787
2012-03-29,Kannur,0.006517424078534446
2012-03-29,Ernakulam,8.753562313760582
2012-03-29,Idukki,17.46363138068133
2012-03-29,Kasaragod,0.0
2012-03-29,Kottayam,15.188175770131618
2012-03-29,Kozhikode,0.6956088888069953
2012-03-29,Malappuram,3.533471523598568
2012-03-29,Palakkad,3.538324024738086
2012-03-29,Pattanamtitta,18.6272895991216
2012-03-29,Kollam,18.640933351889707
2012-03-29,Thrissur,1.941712383699324
2012-03-29,Thiruvananthapuram,11.512968803414935
2012-03-29,Wayanad,1.3569030648648504
2012-03-29,Alappuzha,14.26173435847257
2012-03-30,Kannur,0.0
2012-03-30,Ernakulam,4.243542464873406
2012-03-30,Idukki,0.41908733958993377
2012-03-30,Kasaragod,0.0
2012-03-30,Kottayam,8.430684574236334
2012-03-30,Kozhikode,0.0
2012-03-30,Malappuram,0.0
2012-03-30,Palakkad,0.0
2012-03-30,Pattanamtitta,6.3544975993975426
2012-03-30,Kollam,10.229054576263442
2012-03-30,Thrissur,0.8367799647805306
2012-03-30,Thiruvananthapuram,8.334324675130087
2012-03-30,Wayanad,0.0
2012-03-30,Alappuzha,12.635113106348987
2012-03-31,Kannur,0.0
2012-03-31,Ernakulam,0.0
2012-03-31,Idukki,2.2419276555871788
2012-03-31,Kasaragod,0.0
2012-03-31,Kottayam,1.3922618493586516
2012-03-31,Kozhikode,0.14493302105865544
2012-03-31,Malappuram,3.5203945115173356
2012-03-31,Palakkad,1.0390296453750603
2012-03-31,Pattanamtitta,4.71007975802908
2012-03-31,Kollam,0.6465148779437982
2012-03-31,Thrissur,0.0
2012-03-31,Thiruvananthapuram,2.7704281424604065
2012-03-31,Wayanad,0.2542144449429074
2012-03-31,Alappuzha,1.7887454450826277
2012-04-01,Kannur,0.0
2012-04-01,Ernakulam,12.555859697411256
2012-04-01,Idukki,12.167433129107135
2012-04-01,Kasaragod,0.0
2012-04-01,Kottayam,13.43641021022847
2012-04-01,Kozhikode,0.37321390106207925
2012-04-01,Malappuram,3.8251201326531143
2012-04-01,Palakkad,9.541081536975348
2012-04-01,Pattanamtitta,4.83737769809508
2012-04-01,Kollam,0.046581908882840466
2012-04-01,Thrissur,10.073285872366316
2012-04-01,Thiruvananthapuram,0.0
2012-04-01,Wayanad,0.6764534892949686
2012-04-01,Alappuzha,3.575267377019378
2012-04-02,Kannur,1.1664754412599607
2012-04-02,Ernakulam,2.944287063985082E-4
2012-04-02,Idukki,6.027986020496263
2012-04-02,Kasaragod,0.0
2012-04-02,Kottayam,0.9379989971752101
2012-04-02,Kozhikode,0.07154705856435513
2012-04-02,Malappuram,0.0
2012-04-02,Palakkad,0.0
2012-04-02,Pattanamtitta,8.391969824721071
2012-04-02,Kollam,11.790675752947742
2012-04-02,Thrissur,0.0
2012-04-02,Thiruvananthapuram,9.797776479191718
2012-04-02,Wayanad,0.6316487273686777
2012-04-02,Alappuzha,0.0
2012-04-03,Kannur,0.0
2012-04-03,Ernakulam,0.0
2012-04-03,Idukki,1.7416586923542405
2012-04-03,Kasaragod,0.0
2012-04-03,Kottayam,0.39242836632722455
2012-04-03,Kozhikode,0.0
2012-04-03,Malappuram,0.0
2012-04-03,Palakkad,0.0475777808525357
2012-04-03,Pattanamtitta,0.0
2012-04-03,Kollam,0.0
2012-04-03,Thrissur,0.0
2012-04-03,Thiruvananthapuram,0.0
2012-04-03,Wayanad,0.0
2012-04-03,Alappuzha,0.0
2012-04-04,Kannur,0.08532299812627406
2012-04-04,Ernakulam,0.40490945469564993
2012-04-04,Idukki,7.031173920023283
2012-04-04,Kasaragod,0.0
2012-04-04,Kottayam,0.31181557845580016
2012-04-04,Kozhikode,0.0
2012-04-04,Malappuram,0.0
2012-04-04,Palakkad,0.1588581981618397
2012-04-04,Pattanamtitta,5.342337178693444
2012-04-04,Kollam,1.0032287740951704
2012-04-04,Thrissur,0.0
2012-04-04,Thiruvananthapuram,0.0
2012-04-04,Wayanad,0.0
2012-04-04,Alappuzha,0.23372996490068956
2012-04-05,Kannur,0.0
2012-04-05,Ernakulam,0.0
2012-04-05,Idukki,0.3927246330747728
2012-04-05,Kasaragod,0.0
2012-04-05,Kottayam,0.0
2012-04-05,Kozhikode,0.38615958050463656
2012-04-05,Malappuram,0.13899280980903728
2012-04-05,Palakkad,0.0475777808525357
2012-04-05,Pattanamtitta,0.06938262384889803
2012-04-05,Kollam,0.0
2012-04-05,Thrissur,0.0
2012-04-05,Thiruvananthapuram,0.0
2012-04-05,Wayanad,0.13080494814749666
2012-04-05,Alappuzha,0.0
2012-04-06,Kannur,0.5202578840591533
2012-04-06,Ernakulam,0.17333681857792346
2012-04-06,Idukki,6.818252904997676
2012-04-06,Kasaragod,0.04519666032633861
2012-04-06,Kottayam,5.339760884272794
2012-04-06,Kozhikode,0.49056362321665425
2012-04-06,Malappuram,1.265156236805613
2012-04-06,Palakkad,0.4658641811575063
2012-04-06,Pattanamtitta,11.7919125901387
2012-04-06,Kollam,7.998193195165759
2012-04-06,Thrissur,0.0
2012-04-06,Thiruvananthapuram,0.8870186913049095
2012-04-06,Wayanad,1.4204752686592652
2012-04-06,Alappuzha,4.431881698903294
2012-04-07,Kannur,0.5334300672062787
2012-04-07,Ernakulam,0.0
2012-04-07,Idukki,0.0
2012-04-07,Kasaragod,0.0
2012-04-07,Kottayam,0.0
2012-04-07,Kozhikode,0.29468639633198357
2012-04-07,Malappuram,0.21226814201540517
2012-04-07,Palakkad,0.0
2012-04-07,Pattanamtitta,0.0
2012-04-07,Kollam,0.0
2012-04-07,Thrissur,0.0
2012-04-07,Thiruvananthapuram,0.0
2012-04-07,Wayanad,3.8678017937231823
2012-04-07,Alappuzha,0.0
2012-04-08,Kannur,0.0
2012-04-08,Ernakulam,2.4010726944928704
2012-04-08,Idukki,7.228327667823988
2012-04-08,Kasaragod,0.0
2012-04-08,Kottayam,3.0084065862058567
2012-04-08,Kozhikode,0.006334569720480092
2012-04-08,Malappuram,0.30676064555460975
2012-04-08,Palakkad,1.3008323958303922
2012-04-08,Pattanamtitta,4.273347056457094
2012-04-08,Kollam,6.856957722077876
2012-04-08,Thrissur,0.7944052024677238
2012-04-08,Thiruvananthapuram,7.4843807674909035
2012-04-08,Wayanad,1.399052338342624
2012-04-08,Alappuzha,0.0
2012-04-09,Kannur,0.0894367030360837
2012-04-09,Ernakulam,1.771652699855927
2012-04-09,Idukki,5.159474149642596
2012-04-09,Kasaragod,0.0
2012-04-09,Kottayam,1.47061213838842
2012-04-09,Kozhikode,1.6778612359428475
2012-04-09,Malappuram,4.98704791057741
2012-04-09,Palakkad,6.338427471934039
2012-04-09,Pattanamtitta,3.9155259026070897
2012-04-09,Kollam,0.9013318187998276
2012-04-09,Thrissur,5.400230838144291
2012-04-09,Thiruvananthapuram,0.0
2012-04-09,Wayanad,3.2344809512783947
2012-04-09,Alappuzha,0.0
2012-04-10,Kannur,0.0
2012-04-10,Ernakulam,1.0139175214102383
2012-04-10,Idukki,5.083448252376695
2012-04-10,Kasaragod,0.0
2012-04-10,Kottayam,1.780184720086543
2012-04-10,Kozhikode,0.0
2012-04-10,Malappuram,0.02815417889239767
2012-04-10,Palakkad,0.4344494747368106
2012-04-10,Pattanamtitta,1.5564752547748604
2012-04-10,Kollam,0.2316474147034775
2012-04-10,Thrissur,0.510060214869601
2012-04-10,Thiruvananthapuram,0.3611505889199444
2012-04-10,Wayanad,1.2528843723596261
2012-04-10,Alappuzha,0.7689815052336482
2012-04-11,Kannur,0.0
2012-04-11,Ernakulam,0.6836877620823391
2012-04-11,Idukki,7.228055445889317
2012-04-11,Kasaragod,0.0
2012-04-11,Kottayam,4.974630874130437
2012-04-11,Kozhikode,0.0
2012-04-11,Malappuram,0.036465295683762666
2012-04-11,Palakkad,0.19854093340327458
2012-04-11,Pattanamtitta,9.415317706821481
2012-04-11,Kollam,9.017296220724942
2012-04-11,Thrissur,0.2640481237322091
2012-04-11,Thiruvananthapuram,4.8599418521968545
2012-04-11,Wayanad,0.0
2012-04-11,Alappuzha,7.0246308237130695
2012-04-12,Kannur,0.0
2012-04-12,Ernakulam,1.335314841233002
2012-04-12,Idukki,7.974054626969526
2012-04-12,Kasaragod,0.0
2012-04-12,Kottayam,4.0385076227273755
2012-04-12,Kozhikode,0.0
2012-04-12,Malappuram,0.0
2012-04-12,Palakkad,1.2061904376485522
2012-04-12,Pattanamtitta,4.786571755290176
2012-04-12,Kollam,4.122383035433285
2012-04-12,Thrissur,1.0380579811645683
2012-04-12,Thiruvananthapuram,2.9942594368274307
2012-04-12,Wayanad,0.0
2012-04-12,Alappuzha,5.2465515965124165
2012-04-13,Kannur,0.0
2012-04-13,Ernakulam,0.0
2012-04-13,Idukki,0.015478193308088002
2012-04-13,Kasaragod,0.0
2012-04-13,Kottayam,0.45827165864460784
2012-04-13,Kozhikode,0.0
2012-04-13,Malappuram,0.0
2012-04-13,Palakkad,0.0
2012-04-13,Pattanamtitta,2.673513057305696
2012-04-13,Kollam,6.647947047814163
2012-04-13,Thrissur,0.0
2012-04-13,Thiruvananthapuram,4.624324855655756
2012-04-13,Wayanad,0.0
2012-04-13,Alappuzha,3.5130601251417906
2012-04-14,Kannur,0.0941578224685097
2012-04-14,Ernakulam,6.006674886673537
2012-04-14,Idukki,11.981431411077068
2012-04-14,Kasaragod,0.0
2012-04-14,Kottayam,7.239482296935208
2012-04-14,Kozhikode,1.437400186908573
2012-04-14,Malappuram,0.0
2012-04-14,Palakkad,3.4901932430143807
2012-04-14,Pattanamtitta,9.630680671021077
2012-04-14,Kollam,8.02491907504259
2012-04-14,Thrissur,2.3304223361012233
2012-04-14,Thiruvananthapuram,2.529276954255011
2012-04-14,Wayanad,0.09643003005823941
2012-04-14,Alappuzha,3.8377809958901077
2012-04-15,Kannur,0.0
2012-04-15,Ernakulam,3.975115100606764
2012-04-15,Idukki,10.872079290854911
2012-04-15,Kasaragod,0.0
2012-04-15,Kottayam,12.757669344103139
2012-04-15,Kozhikode,0.0
2012-04-15,Malappuram,0.0437631423721889
2012-04-15,Palakkad,0.2982134882562598
2012-04-15,Pattanamtitta,20.473461228006467
2012-04-15,Kollam,19.91914260184839
2012-04-15,Thrissur,1.38525827822381
2012-04-15,Thiruvananthapuram,13.00125229405488
2012-04-15,Wayanad,0.0
2012-04-15,Alappuzha,10.33886201634369
2012-04-16,Kannur,0.7871662920002276
2012-04-16,Ernakulam,2.194297343050797
2012-04-16,Idukki,3.1341424211415676
2012-04-16,Kasaragod,0.0
2012-04-16,Kottayam,0.08878345558909402
2012-04-16,Kozhikode,1.3415390349515468
2012-04-16,Malappuram,1.1286997390174016
2012-04-16,Palakkad,2.1200744744758424
2012-04-16,Pattanamtitta,1.445914415799535
2012-04-16,Kollam,4.19247752647872
2012-04-16,Thrissur,2.4567329345520608
2012-04-16,Thiruvananthapuram,4.5077374282486105
2012-04-16,Wayanad,2.021530964461938
2012-04-16,Alappuzha,0.31210245859514474
2012-04-17,Kannur,0.0
2012-04-17,Ernakulam,2.0836930878666156
2012-04-17,Idukki,5.380573737754865
2012-04-17,Kasaragod,0.0
2012-04-17,Kottayam,2.6752812138138813
2012-04-17,Kozhikode,0.0
2012-04-17,Malappuram,1.1851551022338
2012-04-17,Palakkad,1.968318146768082
2012-04-17,Pattanamtitta,3.4354437152125077
2012-04-17,Kollam,1.9558607333267517
2012-04-17,Thrissur,2.6783769549273866
2012-04-17,Thiruvananthapuram,0.0
2012-04-17,Wayanad,0.0
2012-04-17,Alappuzha,3.4017130351809524
2012-04-18,Kannur,4.440640979292103
2012-04-18,Ernakulam,0.005025395117570299
2012-04-18,Idukki,1.2309181645999214
2012-04-18,Kasaragod,3.0168914334098442
2012-04-18,Kottayam,0.8096193739536994
2012-04-18,Kozhikode,4.454411068357864
2012-04-18,Malappuram,2.722320173970178
2012-04-18,Palakkad,0.678668190869844
2012-04-18,Pattanamtitta,0.5135119506411371
2012-04-18,Kollam,0.1597465413809125
2012-04-18,Thrissur,0.0
2012-04-18,Thiruvananthapuram,0.16389046843910926
2012-04-18,Wayanad,9.113594717660972
2012-04-18,Alappuzha,0.0
2012-04-19,Kannur,1.4776852053232237
2012-04-19,Ernakulam,1.40243289057665
2012-04-19,Idukki,1.11482961250005
2012-04-19,Kasaragod,1.8718964179881152
2012-04-19,Kottayam,0.08709159639873464
2012-04-19,Kozhikode,5.5515227252478025
2012-04-19,Malappuram,3.076784410508456
2012-04-19,Palakkad,3.194123153510433
2012-04-19,Pattanamtitta,0.0
2012-04-19,Kollam,0.0
2012-04-19,Thrissur,2.622980663135224
2012-04-19,Thiruvananthapuram,0.0
2012-04-19,Wayanad,4.038794843744687
2012-04-19,Alappuzha,0.0
2012-04-20,Kannur,6.406666509215116
2012-04-20,Ernakulam,5.628406866235688
2012-04-20,Idukki,6.419923049195871
2012-04-20,Kasaragod,6.063154602236655
2012-04-20,Kottayam,8.303673604190081
2012-04-20,Kozhikode,6.93704125657058
2012-04-20,Malappuram,5.8365638971425495
2012-04-20,Palakkad,3.7750855119303126
2012-04-20,Pattanamtitta,10.217464855164872
2012-04-20,Kollam,13.639521950886369
2012-04-20,Thrissur,4.320924147445052
2012-04-20,Thiruvananthapuram,10.841412980170377
2012-04-20,Wayanad,10.280192627476064
2012-04-20,Alappuzha,9.919681852733254
2012-04-21,Kannur,0.0
2012-04-21,Ernakulam,0.0
2012-04-21,Idukki,0.0
2012-04-21,Kasaragod,0.005785680310479526
2012-04-21,Kottayam,0.0
2012-04-21,Kozhikode,0.3172451353410319
2012-04-21,Malappuram,0.0
2012-04-21,Palakkad,0.0
2012-04-21,Pattanamtitta,0.0
2012-04-21,Kollam,0.0
2012-04-21,Thrissur,0.0
2012-04-21,Thiruvananthapuram,0.0
2012-04-21,Wayanad,2.5797607565221456
2012-04-21,Alappuzha,1.5967087224954541
2012-04-22,Kannur,8.025443963965062
2012-04-22,Ernakulam,1.5886983679772861
2012-04-22,Idukki,3.069539486131451
2012-04-22,Kasaragod,5.611340902949023
2012-04-22,Kottayam,3.077412969076416
2012-04-22,Kozhikode,19.57156744931582
2012-04-22,Malappuram,9.24678125110844
2012-04-22,Palakkad,3.082949460730922
2012-04-22,Pattanamtitta,8.462505126391644
2012-04-22,Kollam,10.986393305565105
2012-04-22,Thrissur,0.15934132417836747
2012-04-22,Thiruvananthapuram,8.40503740858469
2012-04-22,Wayanad,14.839442473213982
2012-04-22,Alappuzha,4.523794120457563
2012-04-23,Kannur,20.079129321887407
2012-04-23,Ernakulam,30.26304999949673
2012-04-23,Idukki,24.0209695963581
2012-04-23,Kasaragod,14.335598836095256
2012-04-23,Kottayam,30.188085497845016
2012-04-23,Kozhikode,23.397027384124076
2012-04-23,Malappuram,19.551972795966556
2012-04-23,Palakkad,22.063837625268416
2012-04-23,Pattanamtitta,28.34549636916882
2012-04-23,Kollam,32.264645695438396
2012-04-23,Thrissur,24.843280985836195
2012-04-23,Thiruvananthapuram,31.01803580991171
2012-04-23,Wayanad,27.51540982802384
2012-04-23,Alappuzha,32.509414731234415
2012-04-24,Kannur,14.160716493035311
2012-04-24,Ernakulam,29.473488920706647
2012-04-24,Idukki,40.3404772532739
2012-04-24,Kasaragod,9.62820052377109
2012-04-24,Kottayam,37.67937267195606
2012-04-24,Kozhikode,19.537581070092283
2012-04-24,Malappuram,26.260685505744764
2012-04-24,Palakkad,21.66833446555386
2012-04-24,Pattanamtitta,51.047526016370185
2012-04-24,Kollam,66.04560690216898
2012-04-24,Thrissur,26.490380944626526
2012-04-24,Thiruvananthapuram,57.27528208667821
2012-04-24,Wayanad,23.289156804198903
2012-04-24,Alappuzha,38.024042561514676
2012-04-25,Kannur,23.451422419649095
2012-04-25,Ernakulam,24.18433619534965
2012-04-25,Idukki,14.048908889199893
2012-04-25,Kasaragod,19.108312377529344
2012-04-25,Kottayam,15.255239139205004
2012-04-25,Kozhikode,20.027907973418824
2012-04-25,Malappuram,23.105197254346837
2012-04-25,Palakkad,10.900384163691818
2012-04-25,Pattanamtitta,14.779582385046188
2012-04-25,Kollam,18.135190175813616
2012-04-25,Thrissur,17.674602243223596
2012-04-25,Thiruvananthapuram,12.40677404263942
2012-04-25,Wayanad,20.43814399780748
2012-04-25,Alappuzha,16.917811287754496
2012-04-26,Kannur,26.801495701117382
2012-04-26,Ernakulam,24.123953214257842
2012-04-26,Idukki,29.45885662272093
2012-04-26,Kasaragod,25.26228268110055
2012-04-26,Kottayam,24.97307907656773
2012-04-26,Kozhikode,32.10602938266046
2012-04-26,Malappuram,28.233133339102935
2012-04-26,Palakkad,16.231038652089644
2012-04-26,Pattanamtitta,37.69740475461722
2012-04-26,Kollam,35.73710665221218
2012-04-26,Thrissur,26.329449605350327
2012-04-26,Thiruvananthapuram,26.6213562414072
2012-04-26,Wayanad,30.29597396246125
2012-04-26,Alappuzha,24.25616477502051
2012-04-27,Kannur,15.655318268648147
2012-04-27,Ernakulam,20.91123095986574
2012-04-27,Idukki,15.5413587451521
2012-04-27,Kasaragod,14.168012242410137
2012-04-27,Kottayam,15.520234039627457
2012-04-27,Kozhikode,22.416025491948933
2012-04-27,Malappuram,20.636925902199238
2012-04-27,Palakkad,19.457338434907502
2012-04-27,Pattanamtitta,11.004849629240745
2012-04-27,Kollam,14.892958593593486
2012-04-27,Thrissur,25.76803747560713
2012-04-27,Thiruvananthapuram,18.573049065907576
2012-04-27,Wayanad,18.710236358035978
2012-04-27,Alappuzha,17.844458617974713
2012-04-28,Kannur,7.166332100700568
2012-04-28,Ernakulam,9.405961394117815
2012-04-28,Idukki,1.7121224595252884
2012-04-28,Kasaragod,9.186175378630722
2012-04-28,Kottayam,8.137623188852112
2012-04-28,Kozhikode,4.850732112362266
2012-04-28,Malappuram,0.34666325485868427
2012-04-28,Palakkad,0.711404907475369
2012-04-28,Pattanamtitta,1.615309173716056
2012-04-28,Kollam,4.984969294489061
2012-04-28,Thrissur,2.172874304744385
2012-04-28,Thiruvananthapuram,1.549496267068415
2012-04-28,Wayanad,3.108584202487228
2012-04-28,Alappuzha,6.064661744653615
2012-04-29,Kannur,8.489218366394715
2012-04-29,Ernakulam,26.220158726248176
2012-04-29,Idukki,18.156752962742136
2012-04-29,Kasaragod,3.3858359333421517
2012-04-29,Kottayam,23.840039249139554
2012-04-29,Kozhikode,7.103616511563891
2012-04-29,Malappuram,10.775845607078779
2012-04-29,Palakkad,8.393119853715964
2012-04-29,Pattanamtitta,22.256083685880593
2012-04-29,Kollam,21.923107423938607
2012-04-29,Thrissur,11.32058502103864
2012-04-29,Thiruvananthapuram,6.826301337364489
2012-04-29,Wayanad,5.778988999101402
2012-04-29,Alappuzha,26.604661703175488
2012-04-30,Kannur,1.3501953855112863
2012-04-30,Ernakulam,22.257159991261613
2012-04-30,Idukki,22.09053470654766
2012-04-30,Kasaragod,0.0
2012-04-30,Kottayam,21.08416471002119
2012-04-30,Kozhikode,2.242004832565885
2012-04-30,Malappuram,4.878793029205197
2012-04-30,Palakkad,11.343524062760192
2012-04-30,Pattanamtitta,21.941069211720844
2012-04-30,Kollam,23.345185601511115
2012-04-30,Thrissur,14.056049068563988
2012-04-30,Thiruvananthapuram,27.156679352103566
2012-04-30,Wayanad,7.471074802670792
2012-04-30,Alappuzha,28.005235027506437
2012-05-01,Kannur,3.140920655988897
2012-05-01,Ernakulam,17.81260105121451
2012-05-01,Idukki,17.05545588425146
2012-05-01,Kasaragod,0.1889889260139065
2012-05-01,Kottayam,25.671426830352374
2012-05-01,Kozhikode,11.415109028832097
2012-05-01,Malappuram,14.270964256975095
2012-05-01,Palakkad,14.333525900392297
2012-05-01,Pattanamtitta,16.80262519560527
2012-05-01,Kollam,4.870239523939544
2012-05-01,Thrissur,15.562479351176728
2012-05-01,Thiruvananthapuram,0.0
2012-05-01,Wayanad,10.529627908242563
2012-05-01,Alappuzha,12.815137300106501
2012-05-02,Kannur,0.9879621848820092
2012-05-02,Ernakulam,0.0
2012-05-02,Idukki,5.61897088416853
2012-05-02,Kasaragod,0.008997225017919355
2012-05-02,Kottayam,5.895319797557779
2012-05-02,Kozhikode,3.5324502077554905
2012-05-02,Malappuram,3.3916150323030063
2012-05-02,Palakkad,1.3083383521352132
2012-05-02,Pattanamtitta,0.7678238032935629
2012-05-02,Kollam,1.2770618751629212
2012-05-02,Thrissur,0.0
2012-05-02,Thiruvananthapuram,0.20977991053929657
2012-05-02,Wayanad,8.76893564771875
2012-05-02,Alappuzha,2.2108967777823403
2012-05-03,Kannur,0.6762595125965138
2012-05-03,Ernakulam,0.3138513683597026
2012-05-03,Idukki,2.2336736073340497
2012-05-03,Kasaragod,0.0
2012-05-03,Kottayam,4.8125795660411965
2012-05-03,Kozhikode,0.4163008735897935
2012-05-03,Malappuram,0.060472677164130025
2012-05-03,Palakkad,0.0
2012-05-03,Pattanamtitta,5.762713502107815
2012-05-03,Kollam,1.1782149918298406
2012-05-03,Thrissur,0.0
2012-05-03,Thiruvananthapuram,0.0
2012-05-03,Wayanad,0.0
2012-05-03,Alappuzha,3.6901805566310304
2012-05-04,Kannur,0.0
2012-05-04,Ernakulam,16.73429855099395
2012-05-04,Idukki,18.285420973019605
2012-05-04,Kasaragod,0.0
2012-05-04,Kottayam,35.80430719493576
2012-05-04,Kozhikode,0.0
2012-05-04,Malappuram,0.2908344542408461
2012-05-04,Palakkad,0.029384831718379956
2012-05-04,Pattanamtitta,24.68139947591395
2012-05-04,Kollam,21.06797730974101
2012-05-04,Thrissur,0.835224629178182
2012-05-04,Thiruvananthapuram,11.367877967807196
2012-05-04,Wayanad,0.19842219526983357
2012-05-04,Alappuzha,23.354813069233902
2012-05-05,Kannur,0.0
2012-05-05,Ernakulam,18.205537133869292
2012-05-05,Idukki,2.5994859963236316
2012-05-05,Kasaragod,0.0
2012-05-05,Kottayam,13.797297692592739
2012-05-05,Kozhikode,0.0
2012-05-05,Malappuram,0.0
2012-05-05,Palakkad,0.0011378729128052145
2012-05-05,Pattanamtitta,29.927673923578695
2012-05-05,Kollam,27.081580313616424
2012-05-05,Thrissur,6.528646671626061
2012-05-05,Thiruvananthapuram,24.26391663581236
2012-05-05,Wayanad,0.0
2012-05-05,Alappuzha,30.279840678872404
2012-05-06,Kannur,0.0
2012-05-06,Ernakulam,0.0
2012-05-06,Idukki,0.04044998283749966
2012-05-06,Kasaragod,0.0
2012-05-06,Kottayam,0.0
2012-05-06,Kozhikode,0.0
2012-05-06,Malappuram,0.0
2012-05-06,Palakkad,0.0
2012-05-06,Pattanamtitta,0.0
2012-05-06,Kollam,0.0
2012-05-06,Thrissur,0.0
2012-05-06,Thiruvananthapuram,0.0
2012-05-06,Wayanad,0.0
2012-05-06,Alappuzha,0.0
2012-05-07,Kannur,0.0
2012-05-07,Ernakulam,0.0
2012-05-07,Idukki,2.0810305767207087
2012-05-07,Kasaragod,0.0
2012-05-07,Kottayam,0.0
2012-05-07,Kozhikode,0.0
2012-05-07,Malappuram,0.0
2012-05-07,Palakkad,0.0
2012-05-07,Pattanamtitta,0.3070513417185225
2012-05-07,Kollam,0.0
2012-05-07,Thrissur,0.0
2012-05-07,Thiruvananthapuram,0.0
2012-05-07,Wayanad,0.563554747458621
2012-05-07,Alappuzha,0.0
2012-05-08,Kannur,0.03328926822155359
2012-05-08,Ernakulam,0.009607995465886816
2012-05-08,Idukki,4.743258912367245
2012-05-08,Kasaragod,0.0
2012-05-08,Kottayam,1.2193374320125896
2012-05-08,Kozhikode,0.0
2012-05-08,Malappuram,0.13728708338852
2012-05-08,Palakkad,0.12273148918379885
2012-05-08,Pattanamtitta,2.4740123552140956
2012-05-08,Kollam,0.2260615156828066
2012-05-08,Thrissur,0.0074409851516337696
2012-05-08,Thiruvananthapuram,0.0
2012-05-08,Wayanad,1.305602562851201
2012-05-08,Alappuzha,0.0
2012-05-09,Kannur,1.0657522773295756
2012-05-09,Ernakulam,6.685927349429117
2012-05-09,Idukki,6.23461251579962
2012-05-09,Kasaragod,0.0
2012-05-09,Kottayam,7.607073902545293
2012-05-09,Kozhikode,0.0
2012-05-09,Malappuram,0.06006544629638689
2012-05-09,Palakkad,0.2726361585537508
2012-05-09,Pattanamtitta,7.782468542383026
2012-05-09,Kollam,1.893228215619877
2012-05-09,Thrissur,2.1024498206937734
2012-05-09,Thiruvananthapuram,1.3185443558577505
2012-05-09,Wayanad,2.4929393282800225
2012-05-09,Alappuzha,3.4229868841429862
2012-05-10,Kannur,3.5975470516334
2012-05-10,Ernakulam,9.159234671952534
2012-05-10,Idukki,8.402838805196394
2012-05-10,Kasaragod,1.9942457769871471
2012-05-10,Kottayam,3.14715992230977
2012-05-10,Kozhikode,6.663388126639778
2012-05-10,Malappuram,3.85828050124922
2012-05-10,Palakkad,7.1324136401971
2012-05-10,Pattanamtitta,1.6214237237336402
2012-05-10,Kollam,0.05311567326305132
2012-05-10,Thrissur,3.1913408626389392
2012-05-10,Thiruvananthapuram,0.0
2012-05-10,Wayanad,11.162842085749507
2012-05-10,Alappuzha,0.8095972276323474
2012-05-11,Kannur,19.247701857326145
2012-05-11,Ernakulam,61.86124014731683
2012-05-11,Idukki,37.83326874520412
2012-05-11,Kasaragod,13.05370967058585
2012-05-11,Kottayam,60.0623124190538
2012-05-11,Kozhikode,24.06482732330703
2012-05-11,Malappuram,23.29408812298711
2012-05-11,Palakkad,30.58924165197691
2012-05-11,Pattanamtitta,52.14108888530414
2012-05-11,Kollam,33.65878212398114
2012-05-11,Thrissur,43.93283247763346
2012-05-11,Thiruvananthapuram,24.469938035880798
2012-05-11,Wayanad,17.355229666461454
2012-05-11,Alappuzha,47.59676363819038
2012-05-12,Kannur,4.335787533697098
2012-05-12,Ernakulam,12.11404298378343
2012-05-12,Idukki,10.115537676328133
2012-05-12,Kasaragod,6.893965004487732
2012-05-12,Kottayam,11.93661562692141
2012-05-12,Kozhikode,8.51739868737398
2012-05-12,Malappuram,8.565349148008943
2012-05-12,Palakkad,8.427143257330627
2012-05-12,Pattanamtitta,3.393527014090109
2012-05-12,Kollam,0.0
2012-05-12,Thrissur,12.646861751054974
2012-05-12,Thiruvananthapuram,0.0
2012-05-12,Wayanad,9.282865140438478
2012-05-12,Alappuzha,7.753947483900443
2012-05-13,Kannur,6.98561591529508
2012-05-13,Ernakulam,1.0388837455060331
2012-05-13,Idukki,1.8610881813831341
2012-05-13,Kasaragod,8.406909629015372
2012-05-13,Kottayam,0.0
2012-05-13,Kozhikode,2.4962863435661937
2012-05-13,Malappuram,1.8627637102116368
2012-05-13,Palakkad,6.1256246441102284
2012-05-13,Pattanamtitta,0.0
2012-05-13,Kollam,0.0
2012-05-13,Thrissur,2.537406185181023
2012-05-13,Thiruvananthapuram,0.0
2012-05-13,Wayanad,2.983446113500439
2012-05-13,Alappuzha,0.0
2012-05-14,Kannur,1.312204025247296
2012-05-14,Ernakulam,3.664904057300744
2012-05-14,Idukki,7.962356482506937
2012-05-14,Kasaragod,0.10730888854259851
2012-05-14,Kottayam,0.2801939325692709
2012-05-14,Kozhikode,0.09452441205795914
2012-05-14,Malappuram,2.130827757032155
2012-05-14,Palakkad,1.7774313159880808
2012-05-14,Pattanamtitta,2.4327443473312176
2012-05-14,Kollam,0.0
2012-05-14,Thrissur,3.0952872182098536
2012-05-14,Thiruvananthapuram,0.0
2012-05-14,Wayanad,4.9881616156860655
2012-05-14,Alappuzha,0.0
2012-05-15,Kannur,0.9520182800204392
2012-05-15,Ernakulam,16.82542734474937
2012-05-15,Idukki,4.924308784187051
2012-05-15,Kasaragod,0.0037070668976882408
2012-05-15,Kottayam,8.005029520914801
2012-05-15,Kozhikode,0.8238089545296754
2012-05-15,Malappuram,0.20512910398217363
2012-05-15,Palakkad,1.1781068043298346
2012-05-15,Pattanamtitta,5.460990531284536
2012-05-15,Kollam,13.964728091022268
2012-05-15,Thrissur,3.746865625541232
2012-05-15,Thiruvananthapuram,14.291467578139581
2012-05-15,Wayanad,4.696434222207912
2012-05-15,Alappuzha,9.878558636456798
2012-05-16,Kannur,0.0
2012-05-16,Ernakulam,0.0
2012-05-16,Idukki,0.0
2012-05-16,Kasaragod,0.0
2012-05-16,Kottayam,0.0
2012-05-16,Kozhikode,0.0
2012-05-16,Malappuram,0.1789723345304886
2012-05-16,Palakkad,0.3197698119849631
2012-05-16,Pattanamtitta,0.0
2012-05-16,Kollam,0.03171406741411496
2012-05-16,Thrissur,0.0
2012-05-16,Thiruvananthapuram,0.0
2012-05-16,Wayanad,0.1300171461713531
2012-05-16,Alappuzha,0.0
2012-05-17,Kannur,0.0
2012-05-17,Ernakulam,0.16199651020626749
2012-05-17,Idukki,4.982610719184055
2012-05-17,Kasaragod,0.0
2012-05-17,Kottayam,1.885276109826165
2012-05-17,Kozhikode,2.103379513033218
2012-05-17,Malappuram,0.041817817621541395
2012-05-17,Palakkad,1.2502453922021903
2012-05-17,Pattanamtitta,0.18693236641951486
2012-05-17,Kollam,0.0
2012-05-17,Thrissur,2.799681819898564E-4
2012-05-17,Thiruvananthapuram,0.0
2012-05-17,Wayanad,0.0
2012-05-17,Alappuzha,2.0618554515340706
2012-05-18,Kannur,1.1748132108383804
2012-05-18,Ernakulam,0.0
2012-05-18,Idukki,1.3887296010143564
2012-05-18,Kasaragod,0.6685006730452827
2012-05-18,Kottayam,5.404682939659297
2012-05-18,Kozhikode,5.568232285549958
2012-05-18,Malappuram,4.905207144095613
2012-05-18,Palakkad,6.536020868110859
2012-05-18,Pattanamtitta,4.868013927197215
2012-05-18,Kollam,0.7835145326701557
2012-05-18,Thrissur,3.5722533516854638
2012-05-18,Thiruvananthapuram,0.0930249764165917
2012-05-18,Wayanad,5.182474839875574
2012-05-18,Alappuzha,0.0
2012-05-19,Kannur,0.0
2012-05-19,Ernakulam,2.4222634945503976
2012-05-19,Idukki,1.2293422588091494
2012-05-19,Kasaragod,0.03141833715710504
2012-05-19,Kottayam,0.05754576707456709
2012-05-19,Kozhikode,0.0
2012-05-19,Malappuram,2.6853844951988197
2012-05-19,Palakkad,0.43609201787762125
2012-05-19,Pattanamtitta,0.0
2012-05-19,Kollam,0.8891336069570033
2012-05-19,Thrissur,6.910635287979057
2012-05-19,Thiruvananthapuram,2.4657318965259987
2012-05-19,Wayanad,0.005873997961843624
2012-05-19,Alappuzha,0.0
2012-05-20,Kannur,0.051838664119533334
2012-05-20,Ernakulam,18.832803421778337
2012-05-20,Idukki,10.978516224757707
2012-05-20,Kasaragod,0.0
2012-05-20,Kottayam,6.449252057278936
2012-05-20,Kozhikode,0.14579376489072796
2012-05-20,Malappuram,3.7936758666289148
2012-05-20,Palakkad,6.941283202728734
2012-05-20,Pattanamtitta,0.6815002936200161
2012-05-20,Kollam,0.0
2012-05-20,Thrissur,9.061200864267406
2012-05-20,Thiruvananthapuram,0.0
2012-05-20,Wayanad,0.48283999938488076
2012-05-20,Alappuzha,1.5894462805436873
2012-05-21,Kannur,14.743611793869158
2012-05-21,Ernakulam,25.164470195894253
2012-05-21,Idukki,21.048191245184743
2012-05-21,Kasaragod,8.334685921047047
2012-05-21,Kottayam,25.60981728905489
2012-05-21,Kozhikode,11.766354846627074
2012-05-21,Malappuram,9.501635585546994
2012-05-21,Palakkad,9.786933798351651
2012-05-21,Pattanamtitta,18.235966138026807
2012-05-21,Kollam,8.78808183200294
2012-05-21,Thrissur,15.201505340866195
2012-05-21,Thiruvananthapuram,1.7663889577873542
2012-05-21,Wayanad,10.308490582371247
2012-05-21,Alappuzha,15.339925253344145
2012-05-22,Kannur,1.8738921921488547
2012-05-22,Ernakulam,0.0
2012-05-22,Idukki,0.04515487407188732
2012-05-22,Kasaragod,0.0
2012-05-22,Kottayam,0.0
2012-05-22,Kozhikode,4.458395771310353
2012-05-22,Malappuram,2.549263680286856
2012-05-22,Palakkad,0.16038788706855991
2012-05-22,Pattanamtitta,0.0
2012-05-22,Kollam,0.0
2012-05-22,Thrissur,0.08865758279319273
2012-05-22,Thiruvananthapuram,0.6710819949033875
2012-05-22,Wayanad,2.0332924534299037
2012-05-22,Alappuzha,0.0
2012-05-23,Kannur,0.0
2012-05-23,Ernakulam,0.0
2012-05-23,Idukki,1.0125089313816256
2012-05-23,Kasaragod,0.0
2012-05-23,Kottayam,1.1214215421057019
2012-05-23,Kozhikode,0.0
2012-05-23,Malappuram,0.0072030688077261784
2012-05-23,Palakkad,0.19899177690621514
2012-05-23,Pattanamtitta,0.0
2012-05-23,Kollam,0.0
2012-05-23,Thrissur,0.0037662442869593167
2012-05-23,Thiruvananthapuram,0.0
2012-05-23,Wayanad,0.0
2012-05-23,Alappuzha,0.0
2012-05-24,Kannur,0.0
2012-05-24,Ernakulam,0.0
2012-05-24,Idukki,0.0
2012-05-24,Kasaragod,0.0
2012-05-24,Kottayam,0.0
2012-05-24,Kozhikode,0.0
2012-05-24,Malappuram,0.0
2012-05-24,Palakkad,0.0
2012-05-24,Pattanamtitta,0.0
2012-05-24,Kollam,0.0
2012-05-24,Thrissur,0.0
2012-05-24,Thiruvananthapuram,0.0
2012-05-24,Wayanad,0.0
2012-05-24,Alappuzha,0.0
2012-05-25,Kannur,0.0
2012-05-25,Ernakulam,0.0
2012-05-25,Idukki,0.0
2012-05-25,Kasaragod,0.0
2012-05-25,Kottayam,0.0
2012-05-25,Kozhikode,0.0
2012-05-25,Malappuram,0.0
2012-05-25,Palakkad,0.0
2012-05-25,Pattanamtitta,0.0
2012-05-25,Kollam,0.0565695555818587
2012-05-25,Thrissur,0.0
2012-05-25,Thiruvananthapuram,0.0
2012-05-25,Wayanad,0.0
2012-05-25,Alappuzha,0.0
2012-05-26,Kannur,0.0
2012-05-26,Ernakulam,0.0
2012-05-26,Idukki,0.0
2012-05-26,Kasaragod,0.0
2012-05-26,Kottayam,0.0
2012-05-26,Kozhikode,0.0
2012-05-26,Malappuram,0.0
2012-05-26,Palakkad,0.0
2012-05-26,Pattanamtitta,0.0
2012-05-26,Kollam,0.0
2012-05-26,Thrissur,0.0
2012-05-26,Thiruvananthapuram,0.0
2012-05-26,Wayanad,0.0
2012-05-26,Alappuzha,0.0
2012-05-27,Kannur,0.0
2012-05-27,Ernakulam,0.7458694466091901
2012-05-27,Idukki,7.320101070153982
2012-05-27,Kasaragod,0.0
2012-05-27,Kottayam,8.254484202031954
2012-05-27,Kozhikode,0.0
2012-05-27,Malappuram,0.0
2012-05-27,Palakkad,0.011920278558188871
2012-05-27,Pattanamtitta,3.2006458925197148
2012-05-27,Kollam,0.056161511272731716
2012-05-27,Thrissur,0.1377120308107552
2012-05-27,Thiruvananthapuram,0.29094516934029885
2012-05-27,Wayanad,0.0
2012-05-27,Alappuzha,0.17484816506413242
2012-05-28,Kannur,0.0
2012-05-28,Ernakulam,0.0
2012-05-28,Idukki,0.0
2012-05-28,Kasaragod,0.0
2012-05-28,Kottayam,2.066327355668679
2012-05-28,Kozhikode,0.0
2012-05-28,Malappuram,0.0
2012-05-28,Palakkad,0.0
2012-05-28,Pattanamtitta,0.0499829589286075
2012-05-28,Kollam,0.056161511272731716
2012-05-28,Thrissur,0.0
2012-05-28,Thiruvananthapuram,0.02349515562424745
2012-05-28,Wayanad,0.0
2012-05-28,Alappuzha,0.9774172310663043
2012-05-29,Kannur,0.0
2012-05-29,Ernakulam,1.0106680840447562
2012-05-29,Idukki,0.004566309386697797
2012-05-29,Kasaragod,0.0
2012-05-29,Kottayam,0.0
2012-05-29,Kozhikode,0.0
2012-05-29,Malappuram,0.0
2012-05-29,Palakkad,0.25008112417650774
2012-05-29,Pattanamtitta,0.0
2012-05-29,Kollam,0.0
2012-05-29,Thrissur,9.185046005350793
2012-05-29,Thiruvananthapuram,0.0
2012-05-29,Wayanad,0.0
2012-05-29,Alappuzha,0.0
2012-05-30,Kannur,0.0
2012-05-30,Ernakulam,8.657373636522372
2012-05-30,Idukki,1.0218698811673148
2012-05-30,Kasaragod,0.0
2012-05-30,Kottayam,0.2597659008214826
2012-05-30,Kozhikode,0.0
2012-05-30,Malappuram,0.04285899749154097
2012-05-30,Palakkad,0.04161207141012238
2012-05-30,Pattanamtitta,0.0
2012-05-30,Kollam,0.0
2012-05-30,Thrissur,1.2574383442760582
2012-05-30,Thiruvananthapuram,0.0
2012-05-30,Wayanad,0.0
2012-05-30,Alappuzha,0.1776094493187463
2012-05-31,Kannur,0.0
2012-05-31,Ernakulam,0.0
2012-05-31,Idukki,0.027692155235572415
2012-05-31,Kasaragod,0.0
2012-05-31,Kottayam,0.0
2012-05-31,Kozhikode,0.0
2012-05-31,Malappuram,0.0
2012-05-31,Palakkad,0.0
2012-05-31,Pattanamtitta,0.0
2012-05-31,Kollam,0.0
2012-05-31,Thrissur,0.0
2012-05-31,Thiruvananthapuram,0.0037849839466913998
2012-05-31,Wayanad,0.0
2012-05-31,Alappuzha,0.0
2012-06-01,Kannur,0.0
2012-06-01,Ernakulam,0.0
2012-06-01,Idukki,0.0
2012-06-01,Kasaragod,0.0
2012-06-01,Kottayam,0.0
2012-06-01,Kozhikode,0.0
2012-06-01,Malappuram,0.0
2012-06-01,Palakkad,0.15492891454544633
2012-06-01,Pattanamtitta,0.0
2012-06-01,Kollam,0.0
2012-06-01,Thrissur,0.21452886398075155
2012-06-01,Thiruvananthapuram,0.0
2012-06-01,Wayanad,0.0
2012-06-01,Alappuzha,0.0
2012-06-02,Kannur,0.24665250386034612
2012-06-02,Ernakulam,3.866504824126193
2012-06-02,Idukki,0.459748265899549
2012-06-02,Kasaragod,0.7861161499938508
2012-06-02,Kottayam,0.0
2012-06-02,Kozhikode,0.024990034083558408
2012-06-02,Malappuram,0.62236803961584
2012-06-02,Palakkad,4.73279119657786
2012-06-02,Pattanamtitta,0.0
2012-06-02,Kollam,0.0
2012-06-02,Thrissur,16.5662601381233
2012-06-02,Thiruvananthapuram,0.0
2012-06-02,Wayanad,0.0
2012-06-02,Alappuzha,0.0
2012-06-03,Kannur,5.9117667314058675
2012-06-03,Ernakulam,13.324760146331746
2012-06-03,Idukki,2.5621587777734507
2012-06-03,Kasaragod,14.166032596799747
2012-06-03,Kottayam,0.0
2012-06-03,Kozhikode,2.014933313089679
2012-06-03,Malappuram,0.10696778590629336
2012-06-03,Palakkad,8.010524449490333
2012-06-03,Pattanamtitta,0.0
2012-06-03,Kollam,0.0
2012-06-03,Thrissur,9.804105081816305
2012-06-03,Thiruvananthapuram,0.0
2012-06-03,Wayanad,0.0
2012-06-03,Alappuzha,0.5962643194246823
2012-06-04,Kannur,5.182889023171802
2012-06-04,Ernakulam,9.458430655940322
2012-06-04,Idukki,8.410292154080247
2012-06-04,Kasaragod,2.73164451564806
2012-06-04,Kottayam,2.0378458840962295
2012-06-04,Kozhikode,12.05283030208058
2012-06-04,Malappuram,1.8498252301144198
2012-06-04,Palakkad,0.9184159434943852
2012-06-04,Pattanamtitta,0.0
2012-06-04,Kollam,0.1676474682835933
2012-06-04,Thrissur,9.613904208271304
2012-06-04,Thiruvananthapuram,0.0
2012-06-04,Wayanad,2.1116944916285694
2012-06-04,Alappuzha,0.5917804951023032
2012-06-05,Kannur,1.3836235958589935
2012-06-05,Ernakulam,0.0
2012-06-05,Idukki,0.0
2012-06-05,Kasaragod,19.733188310820477
2012-06-05,Kottayam,0.0
2012-06-05,Kozhikode,11.237634609423939
2012-06-05,Malappuram,0.3794784123992869
2012-06-05,Palakkad,0.0
2012-06-05,Pattanamtitta,0.0
2012-06-05,Kollam,0.0
2012-06-05,Thrissur,0.0
2012-06-05,Thiruvananthapuram,0.0
2012-06-05,Wayanad,0.0
2012-06-05,Alappuzha,0.0
2012-06-06,Kannur,67.25980850233576
2012-06-06,Ernakulam,35.65674423723847
2012-06-06,Idukki,12.798785483811542
2012-06-06,Kasaragod,139.02007176892513
2012-06-06,Kottayam,32.967929986561536
2012-06-06,Kozhikode,73.39169347266395
2012-06-06,Malappuram,46.89365198034351
2012-06-06,Palakkad,27.319373517158056
2012-06-06,Pattanamtitta,37.099788820878075
2012-06-06,Kollam,20.779391846554958
2012-06-06,Thrissur,42.42934188596212
2012-06-06,Thiruvananthapuram,1.855412581427968
2012-06-06,Wayanad,7.072175204723942
2012-06-06,Alappuzha,46.07254257556303
2012-06-07,Kannur,39.520398568112554
2012-06-07,Ernakulam,70.14009688066568
2012-06-07,Idukki,25.7867743971237
2012-06-07,Kasaragod,45.28814087474543
2012-06-07,Kottayam,53.455071843545994
2012-06-07,Kozhikode,45.27270228255807
2012-06-07,Malappuram,45.901933085795065
2012-06-07,Palakkad,41.087719814012196
2012-06-07,Pattanamtitta,17.000102457259224
2012-06-07,Kollam,25.8005406382554
2012-06-07,Thrissur,83.62214523853406
2012-06-07,Thiruvananthapuram,8.887792168772592
2012-06-07,Wayanad,19.369326402385038
2012-06-07,Alappuzha,36.73420497246641
2012-06-08,Kannur,10.84541469404225
2012-06-08,Ernakulam,2.5870885607964276
2012-06-08,Idukki,2.6596100217253142
2012-06-08,Kasaragod,4.897173138208117
2012-06-08,Kottayam,3.175529919720541
2012-06-08,Kozhikode,2.1283026198777506
2012-06-08,Malappuram,2.01440750516365
2012-06-08,Palakkad,0.0
2012-06-08,Pattanamtitta,10.448406268793265
2012-06-08,Kollam,10.012040109750023
2012-06-08,Thrissur,5.459926438277833
2012-06-08,Thiruvananthapuram,3.74162695482072
2012-06-08,Wayanad,0.0
2012-06-08,Alappuzha,15.617687611755656
2012-06-09,Kannur,40.70835992833564
2012-06-09,Ernakulam,0.0
2012-06-09,Idukki,0.0
2012-06-09,Kasaragod,5.021043616642301
2012-06-09,Kottayam,1.1903592305350679
2012-06-09,Kozhikode,6.454816503155849
2012-06-09,Malappuram,11.478129137371164
2012-06-09,Palakkad,1.4154359674605754
2012-06-09,Pattanamtitta,0.0
2012-06-09,Kollam,0.0
2012-06-09,Thrissur,0.0020499501338939064
2012-06-09,Thiruvananthapuram,0.0
2012-06-09,Wayanad,14.844924854233227
2012-06-09,Alappuzha,1.6036855618034787
2012-06-10,Kannur,0.30000764015286013
2012-06-10,Ernakulam,7.212247375467652
2012-06-10,Idukki,8.536989732646827
2012-06-10,Kasaragod,29.13445455090753
2012-06-10,Kottayam,1.9099915452173937
2012-06-10,Kozhikode,0.05362983709960534
2012-06-10,Malappuram,14.127474067708377
2012-06-10,Palakkad,14.505175740977277
2012-06-10,Pattanamtitta,12.48756957545734
2012-06-10,Kollam,19.38182675357715
2012-06-10,Thrissur,10.330321667811914
2012-06-10,Thiruvananthapuram,3.409152096568976
2012-06-10,Wayanad,0.0
2012-06-10,Alappuzha,4.76513096961656
2012-06-11,Kannur,0.0
2012-06-11,Ernakulam,13.303453459817304
2012-06-11,Idukki,2.07701863840169
2012-06-11,Kasaragod,9.630538063335276
2012-06-11,Kottayam,1.8842520417827255
2012-06-11,Kozhikode,0.0
2012-06-11,Malappuram,4.715306129667163
2012-06-11,Palakkad,16.999989317124754
2012-06-11,Pattanamtitta,2.855071551281059
2012-06-11,Kollam,24.128004802668446
2012-06-11,Thrissur,50.097209521060435
2012-06-11,Thiruvananthapuram,15.646819142298629
2012-06-11,Wayanad,0.0
2012-06-11,Alappuzha,2.797291967905842
2012-06-12,Kannur,12.067132782334165
2012-06-12,Ernakulam,6.463389466944484
2012-06-12,Idukki,4.639983837141324
2012-06-12,Kasaragod,22.681799557069606
2012-06-12,Kottayam,8.234598755364464
2012-06-12,Kozhikode,15.023460918972381
2012-06-12,Malappuram,4.436279989148496
2012-06-12,Palakkad,0.676672395661584
2012-06-12,Pattanamtitta,0.0
2012-06-12,Kollam,0.0
2012-06-12,Thrissur,7.806843304603365
2012-06-12,Thiruvananthapuram,0.0
2012-06-12,Wayanad,0.0
2012-06-12,Alappuzha,11.752474637491343
2012-06-13,Kannur,3.2701321720805194
2012-06-13,Ernakulam,0.0
2012-06-13,Idukki,1.228038048954487
2012-06-13,Kasaragod,13.018281538704523
2012-06-13,Kottayam,0.0
2012-06-13,Kozhikode,0.0
2012-06-13,Malappuram,1.665877894055962
2012-06-13,Palakkad,0.7097791071272554
2012-06-13,Pattanamtitta,0.0
2012-06-13,Kollam,0.0
2012-06-13,Thrissur,1.1112520198155305
2012-06-13,Thiruvananthapuram,0.02023059361341949
2012-06-13,Wayanad,1.3128207267970233
2012-06-13,Alappuzha,0.0
2012-06-14,Kannur,16.859703614282356
2012-06-14,Ernakulam,0.0
2012-06-14,Idukki,1.1074636949941565
2012-06-14,Kasaragod,5.69140279675531
2012-06-14,Kottayam,0.007041248246860359
2012-06-14,Kozhikode,8.496128100325384
2012-06-14,Malappuram,2.256459601990048
2012-06-14,Palakkad,0.0
2012-06-14,Pattanamtitta,0.0
2012-06-14,Kollam,0.0
2012-06-14,Thrissur,0.0
2012-06-14,Thiruvananthapuram,0.6125372228236183
2012-06-14,Wayanad,14.03616357792809
2012-06-14,Alappuzha,0.0
2012-06-15,Kannur,0.13235187828465309
2012-06-15,Ernakulam,29.177506457303057
2012-06-15,Idukki,3.4798913713803015
2012-06-15,Kasaragod,0.0
2012-06-15,Kottayam,7.960802680842016
2012-06-15,Kozhikode,0.2789050156185513
2012-06-15,Malappuram,0.03583349281965958
2012-06-15,Palakkad,0.0
2012-06-15,Pattanamtitta,6.418998871250664
2012-06-15,Kollam,0.8525307195308647
2012-06-15,Thrissur,0.20307109735368445
2012-06-15,Thiruvananthapuram,0.24576732127274223
2012-06-15,Wayanad,0.5569388512980289
2012-06-15,Alappuzha,29.000029906399025
2012-06-16,Kannur,63.97274102764459
2012-06-16,Ernakulam,9.567604410424545
2012-06-16,Idukki,0.16367988445477485
2012-06-16,Kasaragod,52.226194366615225
2012-06-16,Kottayam,0.032992231766741854
2012-06-16,Kozhikode,12.02852109545678
2012-06-16,Malappuram,14.33442837106741
2012-06-16,Palakkad,3.074152449973711
2012-06-16,Pattanamtitta,0.0
2012-06-16,Kollam,0.0
2012-06-16,Thrissur,13.538448986126888
2012-06-16,Thiruvananthapuram,0.0
2012-06-16,Wayanad,22.315723153939967
2012-06-16,Alappuzha,1.705992496082675
2012-06-17,Kannur,76.06715297288291
2012-06-17,Ernakulam,58.169988181576294
2012-06-17,Idukki,45.948247470423745
2012-06-17,Kasaragod,116.99986245082417
2012-06-17,Kottayam,52.287630008950444
2012-06-17,Kozhikode,101.73720825472213
2012-06-17,Malappuram,100.76615556521972
2012-06-17,Palakkad,87.88436387200919
2012-06-17,Pattanamtitta,70.79746174061417
2012-06-17,Kollam,74.66432158166776
2012-06-17,Thrissur,88.0234492560944
2012-06-17,Thiruvananthapuram,57.08122122929879
2012-06-17,Wayanad,89.252070116889
2012-06-17,Alappuzha,58.548656291279656
2012-06-18,Kannur,80.4342392258957
2012-06-18,Ernakulam,81.27139197913999
2012-06-18,Idukki,52.04709418184282
2012-06-18,Kasaragod,60.6719503015521
2012-06-18,Kottayam,97.44346645415432
2012-06-18,Kozhikode,67.836580654349
2012-06-18,Malappuram,55.542207473912846
2012-06-18,Palakkad,56.87094713886536
2012-06-18,Pattanamtitta,71.12100979234567
2012-06-18,Kollam,59.30063486774116
2012-06-18,Thrissur,80.61090508756249
2012-06-18,Thiruvananthapuram,53.7363042188036
2012-06-18,Wayanad,45.97480158057455
2012-06-18,Alappuzha,104.08628614173017
2012-06-19,Kannur,9.857485860120624
2012-06-19,Ernakulam,28.273725182510805
2012-06-19,Idukki,6.168302090477743
2012-06-19,Kasaragod,11.46240501781275
2012-06-19,Kottayam,10.332603353004993
2012-06-19,Kozhikode,8.030037082868091
2012-06-19,Malappuram,10.085709891815696
2012-06-19,Palakkad,15.189304767784988
2012-06-19,Pattanamtitta,0.0
2012-06-19,Kollam,1.8826976585126942
2012-06-19,Thrissur,18.535128941087365
2012-06-19,Thiruvananthapuram,0.16835027137623537
2012-06-19,Wayanad,0.0
2012-06-19,Alappuzha,2.4412368027884925
2012-06-20,Kannur,2.9511230070224777
2012-06-20,Ernakulam,44.49024272779636
2012-06-20,Idukki,42.239007457555815
2012-06-20,Kasaragod,0.12314159805091962
2012-06-20,Kottayam,50.976059620422035
2012-06-20,Kozhikode,12.676318603327593
2012-06-20,Malappuram,11.02191754648007
2012-06-20,Palakkad,25.82901371075167
2012-06-20,Pattanamtitta,72.15100834483863
2012-06-20,Kollam,48.696685275693795
2012-06-20,Thrissur,23.06094196534801
2012-06-20,Thiruvananthapuram,43.05280951219389
2012-06-20,Wayanad,2.578226552240776
2012-06-20,Alappuzha,33.619430165571785
2012-06-21,Kannur,2.0361856051336056
2012-06-21,Ernakulam,23.64095204437794
2012-06-21,Idukki,19.19965000009366
2012-06-21,Kasaragod,1.3415595127546092
2012-06-21,Kottayam,9.617048282696686
2012-06-21,Kozhikode,0.0
2012-06-21,Malappuram,14.994939941873834
2012-06-21,Palakkad,38.989676130945455
2012-06-21,Pattanamtitta,16.728637611471097
2012-06-21,Kollam,8.724223636597591
2012-06-21,Thrissur,38.54059425507161
2012-06-21,Thiruvananthapuram,22.208241329390997
2012-06-21,Wayanad,0.6195568080353614
2012-06-21,Alappuzha,5.5377089117081555
2012-06-22,Kannur,55.772672715525694
2012-06-22,Ernakulam,26.450453001360884
2012-06-22,Idukki,3.517123860051151
2012-06-22,Kasaragod,7.947247425748491
2012-06-22,Kottayam,2.409051389663898
2012-06-22,Kozhikode,65.98870825856778
2012-06-22,Malappuram,78.34814273550637
2012-06-22,Palakkad,43.96700444234164
2012-06-22,Pattanamtitta,16.06575309930436
2012-06-22,Kollam,25.564815832890915
2012-06-22,Thrissur,41.356585998164896
2012-06-22,Thiruvananthapuram,22.832094879602046
2012-06-22,Wayanad,54.141233151561465
2012-06-22,Alappuzha,6.196812028075767
2012-06-23,Kannur,0.0
2012-06-23,Ernakulam,0.0
2012-06-23,Idukki,0.0
2012-06-23,Kasaragod,0.0
2012-06-23,Kottayam,0.771092784231236
2012-06-23,Kozhikode,1.6898242386922668
2012-06-23,Malappuram,0.09563765635164957
2012-06-23,Palakkad,0.0
2012-06-23,Pattanamtitta,1.011117229357084
2012-06-23,Kollam,0.0
2012-06-23,Thrissur,0.0
2012-06-23,Thiruvananthapuram,0.22137650123731695
2012-06-23,Wayanad,1.9666820656592794
2012-06-23,Alappuzha,0.0
2012-06-24,Kannur,2.1644884554969193
2012-06-24,Ernakulam,0.0
2012-06-24,Idukki,0.0
2012-06-24,Kasaragod,22.034923273569817
2012-06-24,Kottayam,0.0
2012-06-24,Kozhikode,0.0
2012-06-24,Malappuram,0.2376317120546709
2012-06-24,Palakkad,1.1474398044419971
2012-06-24,Pattanamtitta,0.0
2012-06-24,Kollam,0.0
2012-06-24,Thrissur,2.9925247021403494
2012-06-24,Thiruvananthapuram,0.0
2012-06-24,Wayanad,0.0
2012-06-24,Alappuzha,0.0
2012-06-25,Kannur,0.7921327790486837
2012-06-25,Ernakulam,0.0
2012-06-25,Idukki,0.04302029331193634
2012-06-25,Kasaragod,14.57281919796785
2012-06-25,Kottayam,0.0
2012-06-25,Kozhikode,37.74227119444216
2012-06-25,Malappuram,12.03504197648952
2012-06-25,Palakkad,9.461046945909384
2012-06-25,Pattanamtitta,0.0
2012-06-25,Kollam,0.0
2012-06-25,Thrissur,5.1799447623263895
2012-06-25,Thiruvananthapuram,0.0
2012-06-25,Wayanad,28.48756054214871
2012-06-25,Alappuzha,0.0
2012-06-26,Kannur,91.44242644428775
2012-06-26,Ernakulam,50.92302771228122
2012-06-26,Idukki,32.53399234596681
2012-06-26,Kasaragod,96.3404729757924
2012-06-26,Kottayam,45.17261688490267
2012-06-26,Kozhikode,53.408387041230796
2012-06-26,Malappuram,66.85525758658521
2012-06-26,Palakkad,44.86452059278325
2012-06-26,Pattanamtitta,30.467082372383526
2012-06-26,Kollam,7.476933358557746
2012-06-26,Thrissur,53.19030134341458
2012-06-26,Thiruvananthapuram,4.542066556712429
2012-06-26,Wayanad,38.46086835714879
2012-06-26,Alappuzha,34.77831990294339
2012-06-27,Kannur,30.442924368575763
2012-06-27,Ernakulam,39.47062281043638
2012-06-27,Idukki,37.063834905908564
2012-06-27,Kasaragod,31.427125996671162
2012-06-27,Kottayam,63.20146725800169
2012-06-27,Kozhikode,30.364995576726425
2012-06-27,Malappuram,22.137281371398355
2012-06-27,Palakkad,27.019375575830274
2012-06-27,Pattanamtitta,57.05003947799377
2012-06-27,Kollam,54.059319233994714
2012-06-27,Thrissur,30.69196255804642
2012-06-27,Thiruvananthapuram,31.596798974878947
2012-06-27,Wayanad,29.266159771635795
2012-06-27,Alappuzha,55.276383243311486
2012-06-28,Kannur,2.50840919589328
2012-06-28,Ernakulam,17.957972856410812
2012-06-28,Idukki,0.4128601247448743
2012-06-28,Kasaragod,19.192139688403174
2012-06-28,Kottayam,0.0
2012-06-28,Kozhikode,1.3406652688682579
2012-06-28,Malappuram,1.6995383059551903
2012-06-28,Palakkad,0.22515183237483213
2012-06-28,Pattanamtitta,0.0
2012-06-28,Kollam,1.284722697745113
2012-06-28,Thrissur,6.775274239902947
2012-06-28,Thiruvananthapuram,1.5205665408052236
2012-06-28,Wayanad,0.6981789082320333
2012-06-28,Alappuzha,0.5272414246643387
2012-06-29,Kannur,1.3685875511507646
2012-06-29,Ernakulam,0.0
2012-06-29,Idukki,0.0
2012-06-29,Kasaragod,11.560058563438314
2012-06-29,Kottayam,2.1119831410276593
2012-06-29,Kozhikode,6.53553053310231
2012-06-29,Malappuram,1.0895953446128717
2012-06-29,Palakkad,0.0
2012-06-29,Pattanamtitta,1.9126577260200677
2012-06-29,Kollam,0.5300326155048766
2012-06-29,Thrissur,0.0
2012-06-29,Thiruvananthapuram,0.0
2012-06-29,Wayanad,0.06874626305249226
2012-06-29,Alappuzha,1.7110502488670767
2012-06-30,Kannur,2.9489256076833685
2012-06-30,Ernakulam,0.0
2012-06-30,Idukki,0.1766524908227204
2012-06-30,Kasaragod,4.843016596941397
2012-06-30,Kottayam,0.9852349998946835
2012-06-30,Kozhikode,4.536931783308008
2012-06-30,Malappuram,0.16640043984421987
2012-06-30,Palakkad,0.15686801465487504
2012-06-30,Pattanamtitta,8.71462995793059
2012-06-30,Kollam,17.22324347860076
2012-06-30,Thrissur,0.0
2012-06-30,Thiruvananthapuram,5.38236299625113
2012-06-30,Wayanad,0.0
2012-06-30,Alappuzha,20.45363595834362
2012-07-01,Kannur,48.98363400053197
2012-07-01,Ernakulam,83.8743130630683
2012-07-01,Idukki,17.713936274304565
2012-07-01,Kasaragod,40.98251284803766
2012-07-01,Kottayam,28.771320402372908
2012-07-01,Kozhikode,55.69818601433728
2012-07-01,Malappuram,37.33953264315542
2012-07-01,Palakkad,31.79490093232214
2012-07-01,Pattanamtitta,37.58686038213609
2012-07-01,Kollam,34.34779931546733
2012-07-01,Thrissur,77.12280458887822
2012-07-01,Thiruvananthapuram,14.291512557793792
2012-07-01,Wayanad,2.9762094641665624
2012-07-01,Alappuzha,43.54190423363917
2012-07-02,Kannur,71.58604481658512
2012-07-02,Ernakulam,14.260282731724516
2012-07-02,Idukki,8.522010480678407
2012-07-02,Kasaragod,119.05703236638519
2012-07-02,Kottayam,29.039008622267616
2012-07-02,Kozhikode,73.00029724251219
2012-07-02,Malappuram,86.94737848938459
2012-07-02,Palakkad,60.00336140045829
2012-07-02,Pattanamtitta,25.353661505492184
2012-07-02,Kollam,38.40871573445133
2012-07-02,Thrissur,48.446572674380725
2012-07-02,Thiruvananthapuram,47.94159289883757
2012-07-02,Wayanad,85.44712338253088
2012-07-02,Alappuzha,28.15123449834527
2012-07-03,Kannur,0.8764381725965477
2012-07-03,Ernakulam,6.590843831242398
2012-07-03,Idukki,6.539289271930972
2012-07-03,Kasaragod,0.3409161689220698
2012-07-03,Kottayam,27.146296983395178
2012-07-03,Kozhikode,0.0
2012-07-03,Malappuram,0.0881408508064411
2012-07-03,Palakkad,0.3563573578338947
2012-07-03,Pattanamtitta,25.036438347243447
2012-07-03,Kollam,12.004293968317953
2012-07-03,Thrissur,0.2545665173800949
2012-07-03,Thiruvananthapuram,0.4143345269765017
2012-07-03,Wayanad,0.0
2012-07-03,Alappuzha,12.122419457585071
2012-07-04,Kannur,0.0
2012-07-04,Ernakulam,0.0
2012-07-04,Idukki,0.0
2012-07-04,Kasaragod,0.0
2012-07-04,Kottayam,0.0
2012-07-04,Kozhikode,0.0
2012-07-04,Malappuram,0.0
2012-07-04,Palakkad,0.0
2012-07-04,Pattanamtitta,0.0
2012-07-04,Kollam,0.0
2012-07-04,Thrissur,0.0
2012-07-04,Thiruvananthapuram,0.0
2012-07-04,Wayanad,0.0
2012-07-04,Alappuzha,0.0
2012-07-05,Kannur,0.0
2012-07-05,Ernakulam,0.0
2012-07-05,Idukki,0.0
2012-07-05,Kasaragod,0.0
2012-07-05,Kottayam,0.0
2012-07-05,Kozhikode,0.0
2012-07-05,Malappuram,0.0
2012-07-05,Palakkad,0.0
2012-07-05,Pattanamtitta,0.0
2012-07-05,Kollam,0.0
2012-07-05,Thrissur,0.24010333779853632
2012-07-05,Thiruvananthapuram,0.0
2012-07-05,Wayanad,0.0
2012-07-05,Alappuzha,0.0
2012-07-06,Kannur,0.0
2012-07-06,Ernakulam,0.0
2012-07-06,Idukki,0.0
2012-07-06,Kasaragod,0.0
2012-07-06,Kottayam,0.0
2012-07-06,Kozhikode,0.0
2012-07-06,Malappuram,0.0
2012-07-06,Palakkad,0.0
2012-07-06,Pattanamtitta,0.0
2012-07-06,Kollam,0.0
2012-07-06,Thrissur,0.0
2012-07-06,Thiruvananthapuram,0.0
2012-07-06,Wayanad,0.0
2012-07-06,Alappuzha,0.0
2012-07-07,Kannur,15.634468757209367
2012-07-07,Ernakulam,8.244207126090329
2012-07-07,Idukki,0.47455576909170943
2012-07-07,Kasaragod,16.642136437732063
2012-07-07,Kottayam,14.964778871319787
2012-07-07,Kozhikode,5.50922019896214
2012-07-07,Malappuram,0.800394269309347
2012-07-07,Palakkad,1.2370086587830886
2012-07-07,Pattanamtitta,9.24725565930003
2012-07-07,Kollam,0.0
2012-07-07,Thrissur,0.0023416286123167595
2012-07-07,Thiruvananthapuram,0.0
2012-07-07,Wayanad,19.202797676871363
2012-07-07,Alappuzha,13.068717090092289
2012-07-08,Kannur,27.923814243695773
2012-07-08,Ernakulam,8.053052587983784
2012-07-08,Idukki,0.3202416665733073
2012-07-08,Kasaragod,20.9591484099564
2012-07-08,Kottayam,0.041905732942261735
2012-07-08,Kozhikode,15.544209893451956
2012-07-08,Malappuram,0.228255521958408
2012-07-08,Palakkad,0.5702253778733305
2012-07-08,Pattanamtitta,0.3026530864409771
2012-07-08,Kollam,0.0
2012-07-08,Thrissur,0.0
2012-07-08,Thiruvananthapuram,0.0
2012-07-08,Wayanad,16.45677184707411
2012-07-08,Alappuzha,0.9640397859831616
2012-07-09,Kannur,61.183847882906115
2012-07-09,Ernakulam,102.82404139524343
2012-07-09,Idukki,61.562120762894345
2012-07-09,Kasaragod,49.63504535257548
2012-07-09,Kottayam,87.58753887814953
2012-07-09,Kozhikode,83.46432921255689
2012-07-09,Malappuram,105.76956385181744
2012-07-09,Palakkad,56.69919662343834
2012-07-09,Pattanamtitta,22.247376361787627
2012-07-09,Kollam,39.581789722364256
2012-07-09,Thrissur,76.95985279700801
2012-07-09,Thiruvananthapuram,7.363639256577024
2012-07-09,Wayanad,45.85342797486501
2012-07-09,Alappuzha,64.17146304179907
2012-07-10,Kannur,92.37209413704475
2012-07-10,Ernakulam,24.12473787887711
2012-07-10,Idukki,0.0
2012-07-10,Kasaragod,85.52734959866868
2012-07-10,Kottayam,2.5830588100093594
2012-07-10,Kozhikode,77.9275068284668
2012-07-10,Malappuram,14.477388923661534
2012-07-10,Palakkad,16.39676315100363
2012-07-10,Pattanamtitta,0.0
2012-07-10,Kollam,0.0
2012-07-10,Thrissur,43.13041590115764
2012-07-10,Thiruvananthapuram,0.0
2012-07-10,Wayanad,49.70106036752313
2012-07-10,Alappuzha,4.460179768367794
2012-07-11,Kannur,3.1634049997391718
2012-07-11,Ernakulam,0.0
2012-07-11,Idukki,0.0
2012-07-11,Kasaragod,17.841443616761257
2012-07-11,Kottayam,0.5619586486969581
2012-07-11,Kozhikode,0.0
2012-07-11,Malappuram,0.0
2012-07-11,Palakkad,0.14562097687776993
2012-07-11,Pattanamtitta,0.0
2012-07-11,Kollam,0.0
2012-07-11,Thrissur,0.0
2012-07-11,Thiruvananthapuram,0.0
2012-07-11,Wayanad,0.0
2012-07-11,Alappuzha,1.8362609555763143
2012-07-12,Kannur,0.0
2012-07-12,Ernakulam,0.0
2012-07-12,Idukki,0.0
2012-07-12,Kasaragod,0.909844365155679
2012-07-12,Kottayam,0.0
2012-07-12,Kozhikode,0.4212601813123549
2012-07-12,Malappuram,0.2710008494128058
2012-07-12,Palakkad,0.0
2012-07-12,Pattanamtitta,0.0
2012-07-12,Kollam,0.0
2012-07-12,Thrissur,0.2965563486531836
2012-07-12,Thiruvananthapuram,0.0
2012-07-12,Wayanad,0.00276771174646186
2012-07-12,Alappuzha,0.0
2012-07-13,Kannur,36.34605107335216
2012-07-13,Ernakulam,16.160917223730443
2012-07-13,Idukki,18.835251382207126
2012-07-13,Kasaragod,24.872410112921447
2012-07-13,Kottayam,22.394696057963024
2012-07-13,Kozhikode,22.69644282200373
2012-07-13,Malappuram,24.604227241963045
2012-07-13,Palakkad,16.17199506045148
2012-07-13,Pattanamtitta,22.7611966020969
2012-07-13,Kollam,2.3378110206006824
2012-07-13,Thrissur,9.89355062351552
2012-07-13,Thiruvananthapuram,4.385511027432768
2012-07-13,Wayanad,45.281396430910064
2012-07-13,Alappuzha,17.801769374847765
2012-07-14,Kannur,70.90046176002063
2012-07-14,Ernakulam,58.463974190760126
2012-07-14,Idukki,55.303494369361296
2012-07-14,Kasaragod,69.43002171186136
2012-07-14,Kottayam,71.8234731235837
2012-07-14,Kozhikode,51.58932588749045
2012-07-14,Malappuram,32.14923876141338
2012-07-14,Palakkad,20.987995496439755
2012-07-14,Pattanamtitta,62.70589159315832
2012-07-14,Kollam,44.84707664271463
2012-07-14,Thrissur,15.68401770942757
2012-07-14,Thiruvananthapuram,33.22529999104848
2012-07-14,Wayanad,38.37115486699248
2012-07-14,Alappuzha,54.67302789590808
2012-07-15,Kannur,16.21537247805703
2012-07-15,Ernakulam,50.24012400975149
2012-07-15,Idukki,50.69915847605544
2012-07-15,Kasaragod,0.0
2012-07-15,Kottayam,68.94064883612447
2012-07-15,Kozhikode,35.13190509594618
2012-07-15,Malappuram,55.18361095819925
2012-07-15,Palakkad,52.16483354441798
2012-07-15,Pattanamtitta,67.30138058756843
2012-07-15,Kollam,47.343208794348776
2012-07-15,Thrissur,54.92478132378501
2012-07-15,Thiruvananthapuram,28.281089614294437
2012-07-15,Wayanad,12.102235704888216
2012-07-15,Alappuzha,64.47487411337725
2012-07-16,Kannur,16.329759169941486
2012-07-16,Ernakulam,39.34255659559772
2012-07-16,Idukki,30.52770173805972
2012-07-16,Kasaragod,11.853053405853224
2012-07-16,Kottayam,24.377528954998894
2012-07-16,Kozhikode,38.0239547477189
2012-07-16,Malappuram,29.31981656948591
2012-07-16,Palakkad,22.81417992674962
2012-07-16,Pattanamtitta,31.761222163265337
2012-07-16,Kollam,23.685376832300516
2012-07-16,Thrissur,21.880706805390172
2012-07-16,Thiruvananthapuram,13.140372753171262
2012-07-16,Wayanad,17.078986397240765
2012-07-16,Alappuzha,21.985498124683744
2012-07-17,Kannur,82.13885413945091
2012-07-17,Ernakulam,36.26220922486459
2012-07-17,Idukki,18.712210018614904
2012-07-17,Kasaragod,62.90891939589287
2012-07-17,Kottayam,20.75182693220409
2012-07-17,Kozhikode,51.21054299569964
2012-07-17,Malappuram,27.40844807382576
2012-07-17,Palakkad,19.4240485858968
2012-07-17,Pattanamtitta,2.1258816869235
2012-07-17,Kollam,0.12944155054320267
2012-07-17,Thrissur,20.072332027569864
2012-07-17,Thiruvananthapuram,7.576903655446435
2012-07-17,Wayanad,65.02098576269502
2012-07-17,Alappuzha,9.901066734418455
2012-07-18,Kannur,38.89159861241484
2012-07-18,Ernakulam,18.536768900870136
2012-07-18,Idukki,18.528578370438705
2012-07-18,Kasaragod,7.716562335344626
2012-07-18,Kottayam,32.757816653277985
2012-07-18,Kozhikode,48.98826088712934
2012-07-18,Malappuram,31.000352035619994
2012-07-18,Palakkad,27.237646793128327
2012-07-18,Pattanamtitta,10.05154394484368
2012-07-18,Kollam,0.17120011608839963
2012-07-18,Thrissur,31.22267806023051
2012-07-18,Thiruvananthapuram,0.0
2012-07-18,Wayanad,42.401902146912214
2012-07-18,Alappuzha,15.346193641717301
2012-07-19,Kannur,0.0
2012-07-19,Ernakulam,0.0
2012-07-19,Idukki,0.0
2012-07-19,Kasaragod,0.0
2012-07-19,Kottayam,0.0
2012-07-19,Kozhikode,0.28801807052085493
2012-07-19,Malappuram,0.0
2012-07-19,Palakkad,0.0
2012-07-19,Pattanamtitta,0.0
2012-07-19,Kollam,0.0
2012-07-19,Thrissur,0.0
2012-07-19,Thiruvananthapuram,0.012065568721264361
2012-07-19,Wayanad,0.0
2012-07-19,Alappuzha,0.0
2012-07-20,Kannur,7.741695721809963
2012-07-20,Ernakulam,1.7757862276452911
2012-07-20,Idukki,15.118571181621254
2012-07-20,Kasaragod,14.571592479517077
2012-07-20,Kottayam,20.59444959145981
2012-07-20,Kozhikode,4.508658882782187
2012-07-20,Malappuram,20.943924282558847
2012-07-20,Palakkad,9.632730443267336
2012-07-20,Pattanamtitta,5.826309798251855
2012-07-20,Kollam,13.765069429825921
2012-07-20,Thrissur,0.9997909124364552
2012-07-20,Thiruvananthapuram,26.787496895452193
2012-07-20,Wayanad,1.8076037015458903
2012-07-20,Alappuzha,7.318036285412313
2012-07-21,Kannur,35.66038213311283
2012-07-21,Ernakulam,29.139210016122757
2012-07-21,Idukki,48.08594132592765
2012-07-21,Kasaragod,45.024718515604874
2012-07-21,Kottayam,37.871108250572505
2012-07-21,Kozhikode,13.96010719202521
2012-07-21,Malappuram,7.854353540878952
2012-07-21,Palakkad,4.407532176910627
2012-07-21,Pattanamtitta,47.8337199065522
2012-07-21,Kollam,28.33092795732763
2012-07-21,Thrissur,1.9912499856088568
2012-07-21,Thiruvananthapuram,1.1967357479878253
2012-07-21,Wayanad,2.8060771412384633
2012-07-21,Alappuzha,31.568827180698506
2012-07-22,Kannur,57.139631227636485
2012-07-22,Ernakulam,40.15929544309886
2012-07-22,Idukki,11.471611776431496
2012-07-22,Kasaragod,4.954136211389544
2012-07-22,Kottayam,11.388696994965517
2012-07-22,Kozhikode,39.37484796997316
2012-07-22,Malappuram,60.02667200924185
2012-07-22,Palakkad,60.715605530652674
2012-07-22,Pattanamtitta,2.630497092680348
2012-07-22,Kollam,0.0
2012-07-22,Thrissur,65.70602555588344
2012-07-22,Thiruvananthapuram,0.0
2012-07-22,Wayanad,0.8669124949771907
2012-07-22,Alappuzha,10.510331115912008
2012-07-23,Kannur,0.0
2012-07-23,Ernakulam,0.0
2012-07-23,Idukki,0.0
2012-07-23,Kasaragod,0.0
2012-07-23,Kottayam,0.0
2012-07-23,Kozhikode,0.0
2012-07-23,Malappuram,0.0
2012-07-23,Palakkad,0.0
2012-07-23,Pattanamtitta,0.0
2012-07-23,Kollam,0.0
2012-07-23,Thrissur,0.0
2012-07-23,Thiruvananthapuram,0.0
2012-07-23,Wayanad,0.0
2012-07-23,Alappuzha,0.0
2012-07-24,Kannur,0.0
2012-07-24,Ernakulam,2.3643805065271084
2012-07-24,Idukki,0.8147734689087348
2012-07-24,Kasaragod,0.0
2012-07-24,Kottayam,1.9371754499136198
2012-07-24,Kozhikode,0.0
2012-07-24,Malappuram,1.319722134246238
2012-07-24,Palakkad,0.29067788701761793
2012-07-24,Pattanamtitta,5.269026616651795
2012-07-24,Kollam,0.0
2012-07-24,Thrissur,3.053790077413478
2012-07-24,Thiruvananthapuram,0.0
2012-07-24,Wayanad,0.0
2012-07-24,Alappuzha,0.0
2012-07-25,Kannur,23.785185439617038
2012-07-25,Ernakulam,28.254493858495714
2012-07-25,Idukki,12.579361626985394
2012-07-25,Kasaragod,69.34873524232604
2012-07-25,Kottayam,29.914122820764785
2012-07-25,Kozhikode,54.62295760261439
2012-07-25,Malappuram,26.464076911855564
2012-07-25,Palakkad,8.26764531373724
2012-07-25,Pattanamtitta,30.92305996871023
2012-07-25,Kollam,11.13675244020338
2012-07-25,Thrissur,27.65743294611725
2012-07-25,Thiruvananthapuram,4.212729109765274
2012-07-25,Wayanad,10.511661278179217
2012-07-25,Alappuzha,31.725915380913243
2012-07-26,Kannur,66.10990149634802
2012-07-26,Ernakulam,6.983913032553163
2012-07-26,Idukki,6.119875490111304
2012-07-26,Kasaragod,66.51495450364418
2012-07-26,Kottayam,5.231771863701551
2012-07-26,Kozhikode,22.200509150541972
2012-07-26,Malappuram,23.591709909198457
2012-07-26,Palakkad,3.177111909936769
2012-07-26,Pattanamtitta,0.0
2012-07-26,Kollam,0.0
2012-07-26,Thrissur,1.4744313184517546
2012-07-26,Thiruvananthapuram,0.0
2012-07-26,Wayanad,9.270879516097134
2012-07-26,Alappuzha,0.0
2012-07-27,Kannur,10.483275811635774
2012-07-27,Ernakulam,6.951009457355245
2012-07-27,Idukki,13.903875770591577
2012-07-27,Kasaragod,47.55124833034075
2012-07-27,Kottayam,7.936963934087557
2012-07-27,Kozhikode,0.0
2012-07-27,Malappuram,5.304842922786395
2012-07-27,Palakkad,20.427351907589234
2012-07-27,Pattanamtitta,0.0
2012-07-27,Kollam,0.0
2012-07-27,Thrissur,16.711149027897516
2012-07-27,Thiruvananthapuram,0.0
2012-07-27,Wayanad,0.8350638848945229
2012-07-27,Alappuzha,3.6998348590238246
2012-07-28,Kannur,4.357269244752483
2012-07-28,Ernakulam,1.7976553258450008
2012-07-28,Idukki,3.8432834562726743
2012-07-28,Kasaragod,0.3824689499084381
2012-07-28,Kottayam,0.0
2012-07-28,Kozhikode,10.850937301475875
2012-07-28,Malappuram,29.822170833656553
2012-07-28,Palakkad,10.401709889630835
2012-07-28,Pattanamtitta,0.0
2012-07-28,Kollam,0.0
2012-07-28,Thrissur,8.361465613597748
2012-07-28,Thiruvananthapuram,0.0
2012-07-28,Wayanad,5.678643629951734
2012-07-28,Alappuzha,0.0
2012-07-29,Kannur,0.0
2012-07-29,Ernakulam,1.6698179957188324
2012-07-29,Idukki,2.201173390921591
2012-07-29,Kasaragod,0.22587333324609668
2012-07-29,Kottayam,0.0
2012-07-29,Kozhikode,0.24823212097964553
2012-07-29,Malappuram,2.363199420189137
2012-07-29,Palakkad,4.812014029497293
2012-07-29,Pattanamtitta,0.0
2012-07-29,Kollam,0.0
2012-07-29,Thrissur,0.0
2012-07-29,Thiruvananthapuram,0.0
2012-07-29,Wayanad,0.0
2012-07-29,Alappuzha,0.0
2012-07-30,Kannur,0.8018379340268044
2012-07-30,Ernakulam,39.296221256727264
2012-07-30,Idukki,12.574703367321934
2012-07-30,Kasaragod,1.4239021103957603
2012-07-30,Kottayam,21.82892636857637
2012-07-30,Kozhikode,0.0
2012-07-30,Malappuram,0.025675017351647126
2012-07-30,Palakkad,11.670146037478247
2012-07-30,Pattanamtitta,0.0
2012-07-30,Kollam,0.0
2012-07-30,Thrissur,32.01478006617771
2012-07-30,Thiruvananthapuram,0.0
2012-07-30,Wayanad,0.0
2012-07-30,Alappuzha,8.882836678392122
2012-07-31,Kannur,27.043609774959247
2012-07-31,Ernakulam,0.0
2012-07-31,Idukki,0.0
2012-07-31,Kasaragod,8.304962145964065
2012-07-31,Kottayam,0.0
2012-07-31,Kozhikode,72.78100424360318
2012-07-31,Malappuram,39.607996035935
2012-07-31,Palakkad,9.264322599417092
2012-07-31,Pattanamtitta,7.731143429611344
2012-07-31,Kollam,3.1827689489986666
2012-07-31,Thrissur,0.0
2012-07-31,Thiruvananthapuram,1.852686080275258
2012-07-31,Wayanad,81.10273053335737
2012-07-31,Alappuzha,0.06981728872247825
2012-08-01,Kannur,5.853432635686028
2012-08-01,Ernakulam,0.4324493763307816
2012-08-01,Idukki,5.593451100964369E-4
2012-08-01,Kasaragod,11.268367143942676
2012-08-01,Kottayam,0.0
2012-08-01,Kozhikode,11.015965290008094
2012-08-01,Malappuram,13.32469722065529
2012-08-01,Palakkad,11.71424242576681
2012-08-01,Pattanamtitta,0.0
2012-08-01,Kollam,0.0
2012-08-01,Thrissur,8.495321888630228
2012-08-01,Thiruvananthapuram,0.0
2012-08-01,Wayanad,7.02948291273925
2012-08-01,Alappuzha,0.0
2012-08-02,Kannur,3.5951752066360605
2012-08-02,Ernakulam,0.0
2012-08-02,Idukki,0.046779041835889476
2012-08-02,Kasaragod,14.0107402841548
2012-08-02,Kottayam,0.0
2012-08-02,Kozhikode,2.266706425368093
2012-08-02,Malappuram,0.0
2012-08-02,Palakkad,0.3315622560022741
2012-08-02,Pattanamtitta,0.0
2012-08-02,Kollam,0.010088036341288135
2012-08-02,Thrissur,0.39728113087182165
2012-08-02,Thiruvananthapuram,1.7626352254562245
2012-08-02,Wayanad,0.0
2012-08-02,Alappuzha,0.0
2012-08-03,Kannur,0.0
2012-08-03,Ernakulam,0.0
2012-08-03,Idukki,0.1416372986203581
2012-08-03,Kasaragod,15.203656640689054
2012-08-03,Kottayam,0.0
2012-08-03,Kozhikode,0.0
2012-08-03,Malappuram,5.618469443540891
2012-08-03,Palakkad,0.2135774920109608
2012-08-03,Pattanamtitta,0.046381725087068365
2012-08-03,Kollam,0.0
2012-08-03,Thrissur,0.0
2012-08-03,Thiruvananthapuram,0.0
2012-08-03,Wayanad,0.0
2012-08-03,Alappuzha,0.0
2012-08-04,Kannur,0.0
2012-08-04,Ernakulam,13.413159591916434
2012-08-04,Idukki,14.605152463094555
2012-08-04,Kasaragod,0.0
2012-08-04,Kottayam,11.93165677159278
2012-08-04,Kozhikode,0.0
2012-08-04,Malappuram,0.41452822491384483
2012-08-04,Palakkad,8.182851272169005
2012-08-04,Pattanamtitta,11.830658849475121
2012-08-04,Kollam,4.7477862582518515
2012-08-04,Thrissur,13.16124205911512
2012-08-04,Thiruvananthapuram,9.126218195265077
2012-08-04,Wayanad,0.0
2012-08-04,Alappuzha,9.253602730021427
2012-08-05,Kannur,56.58055193951873
2012-08-05,Ernakulam,0.31072228278103997
2012-08-05,Idukki,1.7426267709777516
2012-08-05,Kasaragod,31.564475676209142
2012-08-05,Kottayam,0.1165941277867173
2012-08-05,Kozhikode,6.273716216327349
2012-08-05,Malappuram,1.2791419058266043
2012-08-05,Palakkad,0.20246861276793807
2012-08-05,Pattanamtitta,0.49772547282862306
2012-08-05,Kollam,0.8872969180174699
2012-08-05,Thrissur,0.0
2012-08-05,Thiruvananthapuram,4.092809270075412
2012-08-05,Wayanad,2.982163456769578
2012-08-05,Alappuzha,0.0
2012-08-06,Kannur,197.64498418740177
2012-08-06,Ernakulam,0.0
2012-08-06,Idukki,2.1359799816781764
2012-08-06,Kasaragod,126.0100836579696
2012-08-06,Kottayam,2.4042920524321025
2012-08-06,Kozhikode,89.8152245570737
2012-08-06,Malappuram,57.03202888141956
2012-08-06,Palakkad,7.372204605527184
2012-08-06,Pattanamtitta,0.0
2012-08-06,Kollam,0.12339147725364348
2012-08-06,Thrissur,9.405026524836556
2012-08-06,Thiruvananthapuram,0.0
2012-08-06,Wayanad,70.41022752809621
2012-08-06,Alappuzha,0.0
2012-08-07,Kannur,32.141730327375896
2012-08-07,Ernakulam,12.85870244456029
2012-08-07,Idukki,5.6448868647633335
2012-08-07,Kasaragod,73.75329090650294
2012-08-07,Kottayam,7.452497414328369
2012-08-07,Kozhikode,37.86304968089709
2012-08-07,Malappuram,24.927308041664116
2012-08-07,Palakkad,13.557715882923091
2012-08-07,Pattanamtitta,3.6963205312242344
2012-08-07,Kollam,0.0
2012-08-07,Thrissur,24.301271897039744
2012-08-07,Thiruvananthapuram,0.0
2012-08-07,Wayanad,0.9892985735501996
2012-08-07,Alappuzha,3.1640220779368446
2012-08-08,Kannur,3.3312757324248383
2012-08-08,Ernakulam,0.015699701479317103
2012-08-08,Idukki,1.1883763028214172
2012-08-08,Kasaragod,33.606085870905794
2012-08-08,Kottayam,4.03254153313503
2012-08-08,Kozhikode,9.792442550972579
2012-08-08,Malappuram,22.251150299987824
2012-08-08,Palakkad,13.70371765454441
2012-08-08,Pattanamtitta,8.473064960877853
2012-08-08,Kollam,2.108003492630617
2012-08-08,Thrissur,1.6056810479956796
2012-08-08,Thiruvananthapuram,0.0
2012-08-08,Wayanad,12.391164932693679
2012-08-08,Alappuzha,8.326930870892797
2012-08-09,Kannur,25.33412296611152
2012-08-09,Ernakulam,35.326149888663316
2012-08-09,Idukki,26.930624440469394
2012-08-09,Kasaragod,23.361510603760316
2012-08-09,Kottayam,31.403081316748747
2012-08-09,Kozhikode,30.27393049408316
2012-08-09,Malappuram,11.902441924151994
2012-08-09,Palakkad,32.45382422558432
2012-08-09,Pattanamtitta,28.04411104992024
2012-08-09,Kollam,36.293552836937394
2012-08-09,Thrissur,42.54925685863668
2012-08-09,Thiruvananthapuram,21.314976246754902
2012-08-09,Wayanad,35.32701958127035
2012-08-09,Alappuzha,40.730401728234085
2012-08-10,Kannur,13.502700410037793
2012-08-10,Ernakulam,16.696543250901506
2012-08-10,Idukki,3.1916141309044774
2012-08-10,Kasaragod,17.63815699913334
2012-08-10,Kottayam,33.219932737675414
2012-08-10,Kozhikode,12.151351573364115
2012-08-10,Malappuram,1.233019096557983
2012-08-10,Palakkad,0.7028845254470387
2012-08-10,Pattanamtitta,11.940588821675277
2012-08-10,Kollam,0.0
2012-08-10,Thrissur,11.547219978856663
2012-08-10,Thiruvananthapuram,0.0
2012-08-10,Wayanad,15.756042404751598
2012-08-10,Alappuzha,19.38176635381371
2012-08-11,Kannur,46.267785748426434
2012-08-11,Ernakulam,3.980609951676924
2012-08-11,Idukki,8.36858892318034
2012-08-11,Kasaragod,115.38247799829028
2012-08-11,Kottayam,18.433566195827456
2012-08-11,Kozhikode,63.82051239632531
2012-08-11,Malappuram,45.12481543221557
2012-08-11,Palakkad,3.5491242839223385
2012-08-11,Pattanamtitta,7.403312883935872
2012-08-11,Kollam,4.808349767377349
2012-08-11,Thrissur,1.3360313379887443
2012-08-11,Thiruvananthapuram,0.573708053798149
2012-08-11,Wayanad,55.533522330323834
2012-08-11,Alappuzha,6.715222769750481
2012-08-12,Kannur,9.879915210289358
2012-08-12,Ernakulam,3.6975076103974214
2012-08-12,Idukki,7.785025120611267
2012-08-12,Kasaragod,34.153712497236484
2012-08-12,Kottayam,0.0
2012-08-12,Kozhikode,12.481583812966726
2012-08-12,Malappuram,10.623062558387991
2012-08-12,Palakkad,28.330404479394684
2012-08-12,Pattanamtitta,0.0
2012-08-12,Kollam,0.021135306398249204
2012-08-12,Thrissur,40.32097152547583
2012-08-12,Thiruvananthapuram,0.1642842092391622
2012-08-12,Wayanad,4.015940094409174
2012-08-12,Alappuzha,0.0
2012-08-13,Kannur,20.055204386567386
2012-08-13,Ernakulam,11.965730074248134
2012-08-13,Idukki,8.898933823350214
2012-08-13,Kasaragod,2.916954812388728
2012-08-13,Kottayam,12.872891367422502
2012-08-13,Kozhikode,0.0
2012-08-13,Malappuram,0.0
2012-08-13,Palakkad,0.0
2012-08-13,Pattanamtitta,12.050919906388714
2012-08-13,Kollam,1.70119555300183
2012-08-13,Thrissur,0.0
2012-08-13,Thiruvananthapuram,0.21060669843480193
2012-08-13,Wayanad,0.0
2012-08-13,Alappuzha,10.132968947821455
2012-08-14,Kannur,1.249328042832136
2012-08-14,Ernakulam,26.31515588903706
2012-08-14,Idukki,16.737378420528557
2012-08-14,Kasaragod,0.0
2012-08-14,Kottayam,26.407503010830286
2012-08-14,Kozhikode,6.386526130796869
2012-08-14,Malappuram,17.358535230381516
2012-08-14,Palakkad,18.623771261541798
2012-08-14,Pattanamtitta,16.378379658805223
2012-08-14,Kollam,5.4107830937955015
2012-08-14,Thrissur,26.267662946326826
2012-08-14,Thiruvananthapuram,0.15705676576567318
2012-08-14,Wayanad,12.989120704750055
2012-08-14,Alappuzha,22.040322913285493
2012-08-15,Kannur,2.7382861045348452
2012-08-15,Ernakulam,45.427355081430356
2012-08-15,Idukki,29.174811874316894
2012-08-15,Kasaragod,0.0
2012-08-15,Kottayam,30.499378350712984
2012-08-15,Kozhikode,15.109851261244446
2012-08-15,Malappuram,12.513128723866282
2012-08-15,Palakkad,19.20988536172414
2012-08-15,Pattanamtitta,26.930314376270257
2012-08-15,Kollam,21.631422667841274
2012-08-15,Thrissur,34.320347761101615
2012-08-15,Thiruvananthapuram,6.589654402627762
2012-08-15,Wayanad,2.6083236535877967
2012-08-15,Alappuzha,45.45545449227531
2012-08-16,Kannur,50.11095119784895
2012-08-16,Ernakulam,78.30920721458084
2012-08-16,Idukki,52.520266059720875
2012-08-16,Kasaragod,65.65021515350114
2012-08-16,Kottayam,80.86696677750174
2012-08-16,Kozhikode,70.0426661432682
2012-08-16,Malappuram,50.500384099572365
2012-08-16,Palakkad,42.3315103266495
2012-08-16,Pattanamtitta,41.21742607112722
2012-08-16,Kollam,4.20116487026142
2012-08-16,Thrissur,67.2433519288129
2012-08-16,Thiruvananthapuram,0.0
2012-08-16,Wayanad,39.28925498875563
2012-08-16,Alappuzha,60.07737710807065
2012-08-17,Kannur,3.8718432643310265
2012-08-17,Ernakulam,73.65489682596271
2012-08-17,Idukki,12.335882244542043
2012-08-17,Kasaragod,19.92428161415203
2012-08-17,Kottayam,37.473889423915196
2012-08-17,Kozhikode,18.323660672206852
2012-08-17,Malappuram,6.059709452021585
2012-08-17,Palakkad,12.290955454738182
2012-08-17,Pattanamtitta,14.080517833383164
2012-08-17,Kollam,28.26827487220855
2012-08-17,Thrissur,64.54017390694813
2012-08-17,Thiruvananthapuram,11.93412324925407
2012-08-17,Wayanad,0.0
2012-08-17,Alappuzha,43.94152443443375
2012-08-18,Kannur,30.360200956605993
2012-08-18,Ernakulam,0.12257999089065608
2012-08-18,Idukki,2.1913873463108935
2012-08-18,Kasaragod,8.440177294775465
2012-08-18,Kottayam,0.0
2012-08-18,Kozhikode,6.181848994904074
2012-08-18,Malappuram,3.2500142328295496
2012-08-18,Palakkad,2.3127200905308833
2012-08-18,Pattanamtitta,0.35650916170208485
2012-08-18,Kollam,0.27609356971283644
2012-08-18,Thrissur,1.815604421166107
2012-08-18,Thiruvananthapuram,0.0
2012-08-18,Wayanad,0.8287280294529753
2012-08-18,Alappuzha,2.1856229145503434
2012-08-19,Kannur,0.0
2012-08-19,Ernakulam,0.0
2012-08-19,Idukki,0.0
2012-08-19,Kasaragod,0.0
2012-08-19,Kottayam,0.0
2012-08-19,Kozhikode,0.4039015375734765
2012-08-19,Malappuram,0.4088562183867835
2012-08-19,Palakkad,0.0
2012-08-19,Pattanamtitta,0.0
2012-08-19,Kollam,0.0
2012-08-19,Thrissur,0.0
2012-08-19,Thiruvananthapuram,0.0
2012-08-19,Wayanad,1.0127395953822396
2012-08-19,Alappuzha,0.0
2012-08-20,Kannur,0.0
2012-08-20,Ernakulam,0.0
2012-08-20,Idukki,0.0
2012-08-20,Kasaragod,0.0
2012-08-20,Kottayam,0.0
2012-08-20,Kozhikode,0.0
2012-08-20,Malappuram,0.0
2012-08-20,Palakkad,0.0
2012-08-20,Pattanamtitta,0.0
2012-08-20,Kollam,0.0
2012-08-20,Thrissur,0.0
2012-08-20,Thiruvananthapuram,0.0
2012-08-20,Wayanad,0.0
2012-08-20,Alappuzha,0.0
2012-08-21,Kannur,40.88365747730727
2012-08-21,Ernakulam,6.236303417574406
2012-08-21,Idukki,4.244680650066562
2012-08-21,Kasaragod,45.18016347607752
2012-08-21,Kottayam,0.0
2012-08-21,Kozhikode,30.383190270370736
2012-08-21,Malappuram,15.43234527682787
2012-08-21,Palakkad,3.8374046394282777
2012-08-21,Pattanamtitta,0.5674975649060564
2012-08-21,Kollam,0.0
2012-08-21,Thrissur,1.595130956702932
2012-08-21,Thiruvananthapuram,0.0
2012-08-21,Wayanad,30.597383712781742
2012-08-21,Alappuzha,0.0
2012-08-22,Kannur,33.49933694341664
2012-08-22,Ernakulam,0.14475754279540812
2012-08-22,Idukki,1.7060394888071957
2012-08-22,Kasaragod,36.87804150148131
2012-08-22,Kottayam,1.534261827520462
2012-08-22,Kozhikode,22.607399026635488
2012-08-22,Malappuram,4.737585863668397
2012-08-22,Palakkad,4.943042984953216
2012-08-22,Pattanamtitta,0.9911685447599521
2012-08-22,Kollam,0.0
2012-08-22,Thrissur,0.5061143557012999
2012-08-22,Thiruvananthapuram,0.7229320441605402
2012-08-22,Wayanad,29.973623192856394
2012-08-22,Alappuzha,0.0
2012-08-23,Kannur,37.39533031972227
2012-08-23,Ernakulam,18.507402634049075
2012-08-23,Idukki,11.183014323901787
2012-08-23,Kasaragod,46.49546751980302
2012-08-23,Kottayam,9.584973035324877
2012-08-23,Kozhikode,11.287293670181432
2012-08-23,Malappuram,4.825793000734571
2012-08-23,Palakkad,10.709428995103433
2012-08-23,Pattanamtitta,8.608820999312064
2012-08-23,Kollam,2.8851899139075523
2012-08-23,Thrissur,20.476682468403844
2012-08-23,Thiruvananthapuram,1.0906864491809218
2012-08-23,Wayanad,14.794302992221333
2012-08-23,Alappuzha,10.429213268374003
2012-08-24,Kannur,69.02532861136729
2012-08-24,Ernakulam,29.291679953318678
2012-08-24,Idukki,18.034761319461676
2012-08-24,Kasaragod,71.2169343676703
2012-08-24,Kottayam,24.35608577792094
2012-08-24,Kozhikode,48.996336427286344
2012-08-24,Malappuram,22.927918996941884
2012-08-24,Palakkad,20.353335834499624
2012-08-24,Pattanamtitta,11.399365788339763
2012-08-24,Kollam,9.769193632081537
2012-08-24,Thrissur,23.796915284866824
2012-08-24,Thiruvananthapuram,4.915615876814413
2012-08-24,Wayanad,33.81601661261135
2012-08-24,Alappuzha,18.320949053542996
2012-08-25,Kannur,30.069586514077827
2012-08-25,Ernakulam,25.576751221558556
2012-08-25,Idukki,10.410541079905379
2012-08-25,Kasaragod,32.75911412663724
2012-08-25,Kottayam,16.133611682853328
2012-08-25,Kozhikode,19.23445317640084
2012-08-25,Malappuram,25.603998341741317
2012-08-25,Palakkad,17.670669357087483
2012-08-25,Pattanamtitta,10.613587912604755
2012-08-25,Kollam,5.4668388052484485
2012-08-25,Thrissur,24.33768706703461
2012-08-25,Thiruvananthapuram,0.0
2012-08-25,Wayanad,24.187516061720782
2012-08-25,Alappuzha,22.09627864908477
2012-08-26,Kannur,122.22627715449238
2012-08-26,Ernakulam,32.93517196439433
2012-08-26,Idukki,12.299709654888742
2012-08-26,Kasaragod,254.20452101402913
2012-08-26,Kottayam,14.546682850767127
2012-08-26,Kozhikode,39.84741246839135
2012-08-26,Malappuram,32.132610550528646
2012-08-26,Palakkad,22.20630381165604
2012-08-26,Pattanamtitta,18.947038400846832
2012-08-26,Kollam,37.74823654980587
2012-08-26,Thrissur,26.030727684305806
2012-08-26,Thiruvananthapuram,13.138713704694949
2012-08-26,Wayanad,39.71261226426529
2012-08-26,Alappuzha,22.898867810404752
2012-08-27,Kannur,23.477426082814336
2012-08-27,Ernakulam,0.0
2012-08-27,Idukki,0.7986615929586524
2012-08-27,Kasaragod,11.275153125722905
2012-08-27,Kottayam,4.099484116146484
2012-08-27,Kozhikode,36.326035375900574
2012-08-27,Malappuram,23.611454850659843
2012-08-27,Palakkad,10.84036368728317
2012-08-27,Pattanamtitta,0.1961026698433289
2012-08-27,Kollam,0.7355205774101644
2012-08-27,Thrissur,14.633486042394459
2012-08-27,Thiruvananthapuram,0.3251009283965194
2012-08-27,Wayanad,25.773210540304937
2012-08-27,Alappuzha,4.860274609862821
2012-08-28,Kannur,5.240000371362052
2012-08-28,Ernakulam,6.725817512080923
2012-08-28,Idukki,7.826861369663822
2012-08-28,Kasaragod,9.882009170966885
2012-08-28,Kottayam,14.001586141645337
2012-08-28,Kozhikode,12.555205085412439
2012-08-28,Malappuram,7.732752906706033
2012-08-28,Palakkad,1.920678955664923
2012-08-28,Pattanamtitta,7.809654214058365
2012-08-28,Kollam,1.3450813923337799
2012-08-28,Thrissur,11.95996300069634
2012-08-28,Thiruvananthapuram,0.0
2012-08-28,Wayanad,2.1787042516167654
2012-08-28,Alappuzha,7.494671646708656
2012-08-29,Kannur,96.42175096999671
2012-08-29,Ernakulam,73.50412679163685
2012-08-29,Idukki,32.756437685106015
2012-08-29,Kasaragod,96.88745590415851
2012-08-29,Kottayam,45.19742929601048
2012-08-29,Kozhikode,61.40095887555062
2012-08-29,Malappuram,25.296942729826743
2012-08-29,Palakkad,36.0356194192494
2012-08-29,Pattanamtitta,3.18552358895871
2012-08-29,Kollam,0.9296317787249749
2012-08-29,Thrissur,63.1089084500197
2012-08-29,Thiruvananthapuram,4.534812333386653
2012-08-29,Wayanad,54.17902923443082
2012-08-29,Alappuzha,24.634123818227195
2012-08-30,Kannur,30.176433466359157
2012-08-30,Ernakulam,44.53927954152468
2012-08-30,Idukki,13.971412428581958
2012-08-30,Kasaragod,22.293165663185864
2012-08-30,Kottayam,11.997492592636975
2012-08-30,Kozhikode,59.51062167980112
2012-08-30,Malappuram,29.968222194052462
2012-08-30,Palakkad,6.90985482397799
2012-08-30,Pattanamtitta,15.574168955684971
2012-08-30,Kollam,22.08782964963888
2012-08-30,Thrissur,29.422801279990924
2012-08-30,Thiruvananthapuram,55.2629369347842
2012-08-30,Wayanad,16.783464083985233
2012-08-30,Alappuzha,19.688982407872928
2012-08-31,Kannur,0.0
2012-08-31,Ernakulam,8.791199998132981
2012-08-31,Idukki,8.752650178902478
2012-08-31,Kasaragod,1.1995259201758985
2012-08-31,Kottayam,1.0109830190649953
2012-08-31,Kozhikode,1.5290116145091133
2012-08-31,Malappuram,8.631265552071495
2012-08-31,Palakkad,6.801086889785357
2012-08-31,Pattanamtitta,1.1551212196351823
2012-08-31,Kollam,24.68061281903865
2012-08-31,Thrissur,6.322122122132283
2012-08-31,Thiruvananthapuram,2.828175671347546
2012-08-31,Wayanad,0.0
2012-08-31,Alappuzha,2.4820565902986274
2012-09-01,Kannur,0.0
2012-09-01,Ernakulam,0.0
2012-09-01,Idukki,0.0
2012-09-01,Kasaragod,0.0
2012-09-01,Kottayam,0.0
2012-09-01,Kozhikode,0.0
2012-09-01,Malappuram,0.0
2012-09-01,Palakkad,0.0
2012-09-01,Pattanamtitta,0.0
2012-09-01,Kollam,0.0
2012-09-01,Thrissur,0.0
2012-09-01,Thiruvananthapuram,0.0
2012-09-01,Wayanad,0.0
2012-09-01,Alappuzha,0.0
2012-09-02,Kannur,32.72479417140264
2012-09-02,Ernakulam,0.0
2012-09-02,Idukki,0.0
2012-09-02,Kasaragod,58.57980186816993
2012-09-02,Kottayam,0.0
2012-09-02,Kozhikode,5.840857211122301
2012-09-02,Malappuram,0.0
2012-09-02,Palakkad,0.0
2012-09-02,Pattanamtitta,0.0
2012-09-02,Kollam,0.0
2012-09-02,Thrissur,0.0
2012-09-02,Thiruvananthapuram,0.0
2012-09-02,Wayanad,8.940073348951344
2012-09-02,Alappuzha,0.0
2012-09-03,Kannur,53.51751317239478
2012-09-03,Ernakulam,23.036652147208873
2012-09-03,Idukki,11.151085583547015
2012-09-03,Kasaragod,95.56499950792121
2012-09-03,Kottayam,17.995120091177945
2012-09-03,Kozhikode,38.97360980679313
2012-09-03,Malappuram,38.910778792698096
2012-09-03,Palakkad,26.45596375510999
2012-09-03,Pattanamtitta,3.6258780772487103
2012-09-03,Kollam,0.040634911202927226
2012-09-03,Thrissur,30.087898606261625
2012-09-03,Thiruvananthapuram,13.29509867549145
2012-09-03,Wayanad,34.35551742011398
2012-09-03,Alappuzha,10.211284206154392
2012-09-04,Kannur,5.5443606813101125
2012-09-04,Ernakulam,25.33114115668259
2012-09-04,Idukki,27.386569948844308
2012-09-04,Kasaragod,7.706338824339357
2012-09-04,Kottayam,24.81751599204659
2012-09-04,Kozhikode,11.500155878369505
2012-09-04,Malappuram,8.996016793940342
2012-09-04,Palakkad,7.084511907409785
2012-09-04,Pattanamtitta,26.107342776041243
2012-09-04,Kollam,22.52719736130689
2012-09-04,Thrissur,18.196646776395962
2012-09-04,Thiruvananthapuram,9.545317337148377
2012-09-04,Wayanad,4.610778030617284
2012-09-04,Alappuzha,23.801624586941823
2012-09-05,Kannur,0.0
2012-09-05,Ernakulam,0.0
2012-09-05,Idukki,0.0
2012-09-05,Kasaragod,0.14725604879445045
2012-09-05,Kottayam,0.0
2012-09-05,Kozhikode,0.0
2012-09-05,Malappuram,0.0
2012-09-05,Palakkad,0.0
2012-09-05,Pattanamtitta,0.0
2012-09-05,Kollam,0.0
2012-09-05,Thrissur,0.0
2012-09-05,Thiruvananthapuram,0.0
2012-09-05,Wayanad,0.0
2012-09-05,Alappuzha,0.0
2012-09-06,Kannur,0.24621823457490652
2012-09-06,Ernakulam,7.7870526693684265
2012-09-06,Idukki,5.8240447608279355
2012-09-06,Kasaragod,0.0
2012-09-06,Kottayam,3.256097407982157
2012-09-06,Kozhikode,0.030806383604614598
2012-09-06,Malappuram,0.0
2012-09-06,Palakkad,1.017250783024128
2012-09-06,Pattanamtitta,0.0
2012-09-06,Kollam,0.0
2012-09-06,Thrissur,0.8246347452561876
2012-09-06,Thiruvananthapuram,0.0
2012-09-06,Wayanad,2.530397874651985
2012-09-06,Alappuzha,1.9257107019884663
2012-09-07,Kannur,3.6807348782736584
2012-09-07,Ernakulam,17.513725327679172
2012-09-07,Idukki,18.331926663243017
2012-09-07,Kasaragod,13.228926171927617
2012-09-07,Kottayam,8.189026502509583
2012-09-07,Kozhikode,3.3195845511015176
2012-09-07,Malappuram,8.726711502564193
2012-09-07,Palakkad,8.440851855328685
2012-09-07,Pattanamtitta,11.928837082374885
2012-09-07,Kollam,13.522996178151308
2012-09-07,Thrissur,15.068210797403577
2012-09-07,Thiruvananthapuram,1.740075866066902
2012-09-07,Wayanad,0.6783219285424461
2012-09-07,Alappuzha,8.34159295398289
2012-09-08,Kannur,4.513791479835295
2012-09-08,Ernakulam,11.751561419281527
2012-09-08,Idukki,17.37033957011935
2012-09-08,Kasaragod,17.219119714625414
2012-09-08,Kottayam,19.538319969262343
2012-09-08,Kozhikode,4.142503055255744
2012-09-08,Malappuram,1.551749546932834
2012-09-08,Palakkad,1.1232820126316114
2012-09-08,Pattanamtitta,18.71750024544094
2012-09-08,Kollam,1.1735278202966968
2012-09-08,Thrissur,1.7368540392670115
2012-09-08,Thiruvananthapuram,0.0
2012-09-08,Wayanad,3.682874057492872
2012-09-08,Alappuzha,11.668103263049192
2012-09-09,Kannur,32.25697025636318
2012-09-09,Ernakulam,25.488729199143602
2012-09-09,Idukki,28.23758716592344
2012-09-09,Kasaragod,23.828085122229997
2012-09-09,Kottayam,37.67867180127173
2012-09-09,Kozhikode,29.038533595655615
2012-09-09,Malappuram,19.58216161320837
2012-09-09,Palakkad,13.433626449374158
2012-09-09,Pattanamtitta,47.428029749289415
2012-09-09,Kollam,48.39709289042619
2012-09-09,Thrissur,17.89999885499937
2012-09-09,Thiruvananthapuram,27.99020812757535
2012-09-09,Wayanad,22.453300509170543
2012-09-09,Alappuzha,46.17428126695872
2012-09-10,Kannur,6.687738413063044
2012-09-10,Ernakulam,1.062211911226622
2012-09-10,Idukki,1.8492684356589424
2012-09-10,Kasaragod,15.665959074886842
2012-09-10,Kottayam,10.38734165245049
2012-09-10,Kozhikode,0.19067280207715698
2012-09-10,Malappuram,0.0
2012-09-10,Palakkad,0.0
2012-09-10,Pattanamtitta,2.377041097749812
2012-09-10,Kollam,8.61141557451108
2012-09-10,Thrissur,0.0
2012-09-10,Thiruvananthapuram,5.521473169480503
2012-09-10,Wayanad,0.0
2012-09-10,Alappuzha,11.822925709507812
2012-09-11,Kannur,0.0
2012-09-11,Ernakulam,0.0
2012-09-11,Idukki,0.8072086724905345
2012-09-11,Kasaragod,17.200098980927933
2012-09-11,Kottayam,3.1921800014850485
2012-09-11,Kozhikode,0.0
2012-09-11,Malappuram,0.0
2012-09-11,Palakkad,0.0
2012-09-11,Pattanamtitta,0.0
2012-09-11,Kollam,0.0
2012-09-11,Thrissur,0.0
2012-09-11,Thiruvananthapuram,0.0
2012-09-11,Wayanad,0.0
2012-09-11,Alappuzha,0.0
2012-09-12,Kannur,0.06972342089886784
2012-09-12,Ernakulam,0.6382115285614426
2012-09-12,Idukki,0.0
2012-09-12,Kasaragod,0.018900499529745627
2012-09-12,Kottayam,0.0
2012-09-12,Kozhikode,1.6737373231254686
2012-09-12,Malappuram,0.0
2012-09-12,Palakkad,0.0
2012-09-12,Pattanamtitta,0.0
2012-09-12,Kollam,0.0
2012-09-12,Thrissur,0.0
2012-09-12,Thiruvananthapuram,0.0
2012-09-12,Wayanad,0.0
2012-09-12,Alappuzha,0.1281153580449677
2012-09-13,Kannur,2.1542363322225064
2012-09-13,Ernakulam,11.734786050492882
2012-09-13,Idukki,8.195741088364775
2012-09-13,Kasaragod,1.0905382420598477
2012-09-13,Kottayam,7.175114754299252
2012-09-13,Kozhikode,0.0
2012-09-13,Malappuram,3.0169542015368966
2012-09-13,Palakkad,2.6849025053881683
2012-09-13,Pattanamtitta,4.673694953524315
2012-09-13,Kollam,0.028154433980014944
2012-09-13,Thrissur,4.062056679681864
2012-09-13,Thiruvananthapuram,0.0
2012-09-13,Wayanad,0.0
2012-09-13,Alappuzha,14.175726147541306
2012-09-14,Kannur,0.8094313299898501
2012-09-14,Ernakulam,14.943528608621403
2012-09-14,Idukki,8.091791199819408
2012-09-14,Kasaragod,0.9729853876276888
2012-09-14,Kottayam,0.0
2012-09-14,Kozhikode,5.338093957815712
2012-09-14,Malappuram,5.737682989281828
2012-09-14,Palakkad,2.863012557436378
2012-09-14,Pattanamtitta,0.0
2012-09-14,Kollam,0.0
2012-09-14,Thrissur,8.450869203036282
2012-09-14,Thiruvananthapuram,0.0
2012-09-14,Wayanad,1.5074691644225977
2012-09-14,Alappuzha,0.10710967171114369
2012-09-15,Kannur,20.266781459152227
2012-09-15,Ernakulam,22.68929027081453
2012-09-15,Idukki,20.000003192910704
2012-09-15,Kasaragod,0.0
2012-09-15,Kottayam,28.889874129358905
2012-09-15,Kozhikode,34.98775596388567
2012-09-15,Malappuram,19.70155440557876
2012-09-15,Palakkad,11.582228042329408
2012-09-15,Pattanamtitta,22.733601132036462
2012-09-15,Kollam,13.167549049219923
2012-09-15,Thrissur,24.099778709126642
2012-09-15,Thiruvananthapuram,4.041041839221293
2012-09-15,Wayanad,22.53734975919216
2012-09-15,Alappuzha,25.478753172131697
2012-09-16,Kannur,12.745020625338228
2012-09-16,Ernakulam,5.412309191926134
2012-09-16,Idukki,3.2884244806632936
2012-09-16,Kasaragod,4.916333802779397
2012-09-16,Kottayam,0.0
2012-09-16,Kozhikode,0.0
2012-09-16,Malappuram,0.5989213312687461
2012-09-16,Palakkad,0.28295565175959453
2012-09-16,Pattanamtitta,0.0
2012-09-16,Kollam,0.0
2012-09-16,Thrissur,1.6531408741666935
2012-09-16,Thiruvananthapuram,0.0
2012-09-16,Wayanad,0.3311142078342829
2012-09-16,Alappuzha,0.0
2012-09-17,Kannur,0.0
2012-09-17,Ernakulam,0.0
2012-09-17,Idukki,3.243829820426058
2012-09-17,Kasaragod,0.0
2012-09-17,Kottayam,0.0
2012-09-17,Kozhikode,0.0
2012-09-17,Malappuram,0.0
2012-09-17,Palakkad,0.0
2012-09-17,Pattanamtitta,0.0
2012-09-17,Kollam,0.0
2012-09-17,Thrissur,0.0874101269759775
2012-09-17,Thiruvananthapuram,0.0
2012-09-17,Wayanad,0.023664759211472906
2012-09-17,Alappuzha,0.0
2012-09-18,Kannur,0.0
2012-09-18,Ernakulam,0.708286299733527
2012-09-18,Idukki,1.8552708334348762
2012-09-18,Kasaragod,0.0
2012-09-18,Kottayam,0.12769035976308432
2012-09-18,Kozhikode,0.5030320387662153
2012-09-18,Malappuram,0.9226979658744467
2012-09-18,Palakkad,4.302792939850931
2012-09-18,Pattanamtitta,0.0
2012-09-18,Kollam,0.0
2012-09-18,Thrissur,4.355360606061197
2012-09-18,Thiruvananthapuram,0.0
2012-09-18,Wayanad,0.9757174195132801
2012-09-18,Alappuzha,0.0
2012-09-19,Kannur,0.0
2012-09-19,Ernakulam,7.231443412293138
2012-09-19,Idukki,5.286995479711046
2012-09-19,Kasaragod,0.0
2012-09-19,Kottayam,0.0
2012-09-19,Kozhikode,0.0
2012-09-19,Malappuram,0.0
2012-09-19,Palakkad,2.6653731537295964
2012-09-19,Pattanamtitta,0.0
2012-09-19,Kollam,0.0
2012-09-19,Thrissur,6.943975591734431
2012-09-19,Thiruvananthapuram,0.0
2012-09-19,Wayanad,0.0
2012-09-19,Alappuzha,0.03496457691282042
2012-09-20,Kannur,0.0
2012-09-20,Ernakulam,0.0
2012-09-20,Idukki,0.17804699048666328
2012-09-20,Kasaragod,0.0
2012-09-20,Kottayam,0.01736463284334265
2012-09-20,Kozhikode,0.0
2012-09-20,Malappuram,0.0
2012-09-20,Palakkad,0.0
2012-09-20,Pattanamtitta,0.0
2012-09-20,Kollam,0.2827815747554943
2012-09-20,Thrissur,0.0
2012-09-20,Thiruvananthapuram,4.771126926871093
2012-09-20,Wayanad,0.0
2012-09-20,Alappuzha,0.0
2012-09-21,Kannur,0.0
2012-09-21,Ernakulam,3.806867213286156
2012-09-21,Idukki,3.5745453986053093
2012-09-21,Kasaragod,0.0
2012-09-21,Kottayam,0.6202535899722179
2012-09-21,Kozhikode,0.0
2012-09-21,Malappuram,0.0
2012-09-21,Palakkad,1.498770790918474
2012-09-21,Pattanamtitta,2.9671050598987954
2012-09-21,Kollam,0.09323465958980702
2012-09-21,Thrissur,0.25318575790632003
2012-09-21,Thiruvananthapuram,0.0
2012-09-21,Wayanad,0.0
2012-09-21,Alappuzha,0.551776555785691
2012-09-22,Kannur,0.0
2012-09-22,Ernakulam,3.978726503176885
2012-09-22,Idukki,6.101895497535777
2012-09-22,Kasaragod,0.0
2012-09-22,Kottayam,2.4055324837604477
2012-09-22,Kozhikode,0.0
2012-09-22,Malappuram,0.0
2012-09-22,Palakkad,1.0132182495373598
2012-09-22,Pattanamtitta,7.005741701477455
2012-09-22,Kollam,5.776081636253994
2012-09-22,Thrissur,2.9892694000538778
2012-09-22,Thiruvananthapuram,6.349971223161185
2012-09-22,Wayanad,0.0682758524076937
2012-09-22,Alappuzha,0.8777590852327696
2012-09-23,Kannur,0.1760432113820432
2012-09-23,Ernakulam,4.661165265820255
2012-09-23,Idukki,7.287641033091903
2012-09-23,Kasaragod,0.0
2012-09-23,Kottayam,6.470871528242338
2012-09-23,Kozhikode,0.35747934225791717
2012-09-23,Malappuram,0.0043989191324311045
2012-09-23,Palakkad,1.5131504269639438
2012-09-23,Pattanamtitta,5.099627452664422
2012-09-23,Kollam,0.142834716147256
2012-09-23,Thrissur,1.591706594586679
2012-09-23,Thiruvananthapuram,0.17092060074354282
2012-09-23,Wayanad,0.9403586743073901
2012-09-23,Alappuzha,1.0234251599154476
2012-09-24,Kannur,0.0
2012-09-24,Ernakulam,0.0
2012-09-24,Idukki,0.13931535853248384
2012-09-24,Kasaragod,0.0
2012-09-24,Kottayam,0.0
2012-09-24,Kozhikode,0.0
2012-09-24,Malappuram,0.0
2012-09-24,Palakkad,0.0
2012-09-24,Pattanamtitta,0.0
2012-09-24,Kollam,0.0
2012-09-24,Thrissur,0.0
2012-09-24,Thiruvananthapuram,0.0
2012-09-24,Wayanad,0.0
2012-09-24,Alappuzha,0.0
2012-09-25,Kannur,0.0
2012-09-25,Ernakulam,0.0
2012-09-25,Idukki,0.0
2012-09-25,Kasaragod,0.0
2012-09-25,Kottayam,0.0
2012-09-25,Kozhikode,0.0
2012-09-25,Malappuram,0.0
2012-09-25,Palakkad,0.0
2012-09-25,Pattanamtitta,0.0
2012-09-25,Kollam,0.0
2012-09-25,Thrissur,0.0
2012-09-25,Thiruvananthapuram,0.0
2012-09-25,Wayanad,0.0
2012-09-25,Alappuzha,0.0
2012-09-26,Kannur,1.235758353696928
2012-09-26,Ernakulam,0.0
2012-09-26,Idukki,1.329514832968365
2012-09-26,Kasaragod,0.0
2012-09-26,Kottayam,0.0
2012-09-26,Kozhikode,1.1840172478442585
2012-09-26,Malappuram,0.8352811114516947
2012-09-26,Palakkad,3.115936942612327
2012-09-26,Pattanamtitta,0.0
2012-09-26,Kollam,0.0
2012-09-26,Thrissur,0.5203647620822349
2012-09-26,Thiruvananthapuram,0.0
2012-09-26,Wayanad,8.739430956799808
2012-09-26,Alappuzha,0.0
2012-09-27,Kannur,11.272128338589518
2012-09-27,Ernakulam,2.1647726049586384
2012-09-27,Idukki,8.006651508953063
2012-09-27,Kasaragod,11.01470425058162
2012-09-27,Kottayam,3.823339147593278
2012-09-27,Kozhikode,8.087790920016376
2012-09-27,Malappuram,6.57415673235696
2012-09-27,Palakkad,6.192992198359575
2012-09-27,Pattanamtitta,14.791527337036552
2012-09-27,Kollam,12.77296416772674
2012-09-27,Thrissur,5.211183668863141
2012-09-27,Thiruvananthapuram,5.6302510033975235
2012-09-27,Wayanad,10.193932737535523
2012-09-27,Alappuzha,3.9631830634456287
2012-09-28,Kannur,0.0
2012-09-28,Ernakulam,1.1433742916139515
2012-09-28,Idukki,3.4683765779831686
2012-09-28,Kasaragod,1.4782837888325888
2012-09-28,Kottayam,0.030971080711313256
2012-09-28,Kozhikode,0.0
2012-09-28,Malappuram,0.1698925260809482
2012-09-28,Palakkad,1.4988290632252481
2012-09-28,Pattanamtitta,0.0
2012-09-28,Kollam,0.0
2012-09-28,Thrissur,0.5591782234109859
2012-09-28,Thiruvananthapuram,0.0
2012-09-28,Wayanad,1.496448642007808
2012-09-28,Alappuzha,0.0
2012-09-29,Kannur,5.823624936408776
2012-09-29,Ernakulam,8.410402886859714
2012-09-29,Idukki,5.654451511119343
2012-09-29,Kasaragod,15.20531056436999
2012-09-29,Kottayam,6.4396625342035865
2012-09-29,Kozhikode,3.137048519937053
2012-09-29,Malappuram,4.300569813902902
2012-09-29,Palakkad,3.3653379873312237
2012-09-29,Pattanamtitta,0.0
2012-09-29,Kollam,0.0
2012-09-29,Thrissur,3.38481932134396
2012-09-29,Thiruvananthapuram,0.0
2012-09-29,Wayanad,2.425798671875974
2012-09-29,Alappuzha,1.57975541358595
2012-09-30,Kannur,3.5607096510824094
2012-09-30,Ernakulam,5.380577711340131
2012-09-30,Idukki,2.5558555255089663
2012-09-30,Kasaragod,9.864878721994973
2012-09-30,Kottayam,0.3316095765133881
2012-09-30,Kozhikode,3.510881861191424
2012-09-30,Malappuram,2.9796964009640488
2012-09-30,Palakkad,5.349403244865055
2012-09-30,Pattanamtitta,0.12418262785765787
2012-09-30,Kollam,0.0
2012-09-30,Thrissur,4.963381436509413
2012-09-30,Thiruvananthapuram,0.0
2012-09-30,Wayanad,4.064414877088873
2012-09-30,Alappuzha,0.12596268916417158
2012-10-01,Kannur,5.811680520334771
2012-10-01,Ernakulam,0.0
2012-10-01,Idukki,0.0
2012-10-01,Kasaragod,15.058473939623969
2012-10-01,Kottayam,0.0
2012-10-01,Kozhikode,0.904959062941856
2012-10-01,Malappuram,0.0
2012-10-01,Palakkad,0.0
2012-10-01,Pattanamtitta,0.0
2012-10-01,Kollam,0.0
2012-10-01,Thrissur,0.0
2012-10-01,Thiruvananthapuram,0.0
2012-10-01,Wayanad,1.460132773736754
2012-10-01,Alappuzha,0.0
2012-10-02,Kannur,0.0
2012-10-02,Ernakulam,0.0
2012-10-02,Idukki,0.0
2012-10-02,Kasaragod,0.17812352851055552
2012-10-02,Kottayam,0.0
2012-10-02,Kozhikode,1.371665408267654
2012-10-02,Malappuram,0.43912430963682036
2012-10-02,Palakkad,0.0
2012-10-02,Pattanamtitta,0.0
2012-10-02,Kollam,0.0
2012-10-02,Thrissur,0.0
2012-10-02,Thiruvananthapuram,0.0
2012-10-02,Wayanad,1.0274627261387144
2012-10-02,Alappuzha,0.0
2012-10-03,Kannur,0.0
2012-10-03,Ernakulam,0.0
2012-10-03,Idukki,0.0
2012-10-03,Kasaragod,0.006096699727528814
2012-10-03,Kottayam,0.0
2012-10-03,Kozhikode,0.0
2012-10-03,Malappuram,0.0
2012-10-03,Palakkad,0.0
2012-10-03,Pattanamtitta,0.0
2012-10-03,Kollam,0.0
2012-10-03,Thrissur,0.0
2012-10-03,Thiruvananthapuram,0.0
2012-10-03,Wayanad,0.0
2012-10-03,Alappuzha,0.0
2012-10-04,Kannur,0.0
2012-10-04,Ernakulam,0.0
2012-10-04,Idukki,0.0
2012-10-04,Kasaragod,0.0
2012-10-04,Kottayam,0.0
2012-10-04,Kozhikode,0.0
2012-10-04,Malappuram,0.0
2012-10-04,Palakkad,0.0
2012-10-04,Pattanamtitta,0.0
2012-10-04,Kollam,0.0
2012-10-04,Thrissur,0.0
2012-10-04,Thiruvananthapuram,0.0
2012-10-04,Wayanad,0.0
2012-10-04,Alappuzha,0.0
2012-10-05,Kannur,0.0
2012-10-05,Ernakulam,0.0
2012-10-05,Idukki,0.0
2012-10-05,Kasaragod,0.0
2012-10-05,Kottayam,0.0
2012-10-05,Kozhikode,0.0
2012-10-05,Malappuram,0.0
2012-10-05,Palakkad,0.0
2012-10-05,Pattanamtitta,0.0
2012-10-05,Kollam,0.0
2012-10-05,Thrissur,0.0
2012-10-05,Thiruvananthapuram,0.0
2012-10-05,Wayanad,0.0
2012-10-05,Alappuzha,0.0
2012-10-06,Kannur,0.0
2012-10-06,Ernakulam,6.7191800103060375
2012-10-06,Idukki,5.823902894646391
2012-10-06,Kasaragod,0.0
2012-10-06,Kottayam,6.426769441505476
2012-10-06,Kozhikode,0.1121103751679229
2012-10-06,Malappuram,0.0
2012-10-06,Palakkad,2.2481391058338054
2012-10-06,Pattanamtitta,0.08941711089205567
2012-10-06,Kollam,0.0
2012-10-06,Thrissur,1.4737423338072806
2012-10-06,Thiruvananthapuram,0.0
2012-10-06,Wayanad,0.9935004205261561
2012-10-06,Alappuzha,3.9815129632403696
2012-10-07,Kannur,0.6887871852489197
2012-10-07,Ernakulam,11.710446257866256
2012-10-07,Idukki,11.89245164444961
2012-10-07,Kasaragod,5.378007943984093
2012-10-07,Kottayam,9.299078763598315
2012-10-07,Kozhikode,8.43681288152289
2012-10-07,Malappuram,16.62177071569415
2012-10-07,Palakkad,20.02138044147511
2012-10-07,Pattanamtitta,7.848362296818337
2012-10-07,Kollam,4.995464101807926
2012-10-07,Thrissur,14.077563661659488
2012-10-07,Thiruvananthapuram,1.555793763101398
2012-10-07,Wayanad,9.633388380729507
2012-10-07,Alappuzha,5.760874950992062
2012-10-08,Kannur,3.398842492619349
2012-10-08,Ernakulam,8.323078545934353
2012-10-08,Idukki,8.704663102135186
2012-10-08,Kasaragod,1.5772369259229486
2012-10-08,Kottayam,7.049653026065865
2012-10-08,Kozhikode,9.937374282002256
2012-10-08,Malappuram,15.241377963189514
2012-10-08,Palakkad,12.347325730754516
2012-10-08,Pattanamtitta,10.82809255741901
2012-10-08,Kollam,10.26490409795246
2012-10-08,Thrissur,5.351323875569801
2012-10-08,Thiruvananthapuram,11.747921404808658
2012-10-08,Wayanad,11.3415122414742
2012-10-08,Alappuzha,6.575957325629336
2012-10-09,Kannur,16.844621573651672
2012-10-09,Ernakulam,15.33938193421659
2012-10-09,Idukki,18.61494192109773
2012-10-09,Kasaragod,19.667538408797007
2012-10-09,Kottayam,16.046455532460318
2012-10-09,Kozhikode,18.20417422626459
2012-10-09,Malappuram,21.02442399250561
2012-10-09,Palakkad,21.117898456627206
2012-10-09,Pattanamtitta,17.03209084142463
2012-10-09,Kollam,10.896156094229422
2012-10-09,Thrissur,14.057192433932693
2012-10-09,Thiruvananthapuram,9.435608450381645
2012-10-09,Wayanad,16.559194491044327
2012-10-09,Alappuzha,8.583087105448167
2012-10-10,Kannur,7.666190689181614
2012-10-10,Ernakulam,15.326646894081696
2012-10-10,Idukki,11.587001905282147
2012-10-10,Kasaragod,7.745688635241324
2012-10-10,Kottayam,14.871320927018775
2012-10-10,Kozhikode,12.05918618144093
2012-10-10,Malappuram,11.797515191462871
2012-10-10,Palakkad,6.253874638711481
2012-10-10,Pattanamtitta,11.738510070532314
2012-10-10,Kollam,10.368904620117233
2012-10-10,Thrissur,14.8005763075708
2012-10-10,Thiruvananthapuram,10.72506534082726
2012-10-10,Wayanad,1.3991076816294272
2012-10-10,Alappuzha,12.99333264575919
2012-10-11,Kannur,5.4524024558169994
2012-10-11,Ernakulam,16.10952698634527
2012-10-11,Idukki,12.234443709915663
2012-10-11,Kasaragod,0.0
2012-10-11,Kottayam,15.4327958470094
2012-10-11,Kozhikode,31.16779000325728
2012-10-11,Malappuram,23.448831890139495
2012-10-11,Palakkad,13.867460966072215
2012-10-11,Pattanamtitta,10.232360162867659
2012-10-11,Kollam,9.21685754787805
2012-10-11,Thrissur,15.050483787201877
2012-10-11,Thiruvananthapuram,6.399562869120314
2012-10-11,Wayanad,18.896307928011577
2012-10-11,Alappuzha,12.923802863544527
2012-10-12,Kannur,24.108352230598353
2012-10-12,Ernakulam,13.24950260976912
2012-10-12,Idukki,12.0204997663532
2012-10-12,Kasaragod,3.2934132264293114
2012-10-12,Kottayam,15.757507957129597
2012-10-12,Kozhikode,33.15846857393842
2012-10-12,Malappuram,24.148626119368124
2012-10-12,Palakkad,17.11781295237708
2012-10-12,Pattanamtitta,12.97912740294673
2012-10-12,Kollam,9.053049705867043
2012-10-12,Thrissur,15.563349198684403
2012-10-12,Thiruvananthapuram,5.0173614886363085
2012-10-12,Wayanad,22.127649886702695
2012-10-12,Alappuzha,13.184968454170036
2012-10-13,Kannur,17.11562732976604
2012-10-13,Ernakulam,11.280914799670752
2012-10-13,Idukki,11.149912925488323
2012-10-13,Kasaragod,8.669149898174464
2012-10-13,Kottayam,10.370330978986255
2012-10-13,Kozhikode,18.84492104774506
2012-10-13,Malappuram,22.61546457748424
2012-10-13,Palakkad,18.06530566810929
2012-10-13,Pattanamtitta,9.9646558471177
2012-10-13,Kollam,6.313951015327278
2012-10-13,Thrissur,16.61694999680536
2012-10-13,Thiruvananthapuram,5.314459810362606
2012-10-13,Wayanad,27.989848948719573
2012-10-13,Alappuzha,7.144878815767442
2012-10-14,Kannur,33.501590978150055
2012-10-14,Ernakulam,15.560729925467204
2012-10-14,Idukki,18.31617470146787
2012-10-14,Kasaragod,40.61042033846053
2012-10-14,Kottayam,14.289281267176026
2012-10-14,Kozhikode,20.63209040217512
2012-10-14,Malappuram,21.931816768510775
2012-10-14,Palakkad,20.302761220526623
2012-10-14,Pattanamtitta,16.38987093420828
2012-10-14,Kollam,16.50188278202499
2012-10-14,Thrissur,17.13852901065471
2012-10-14,Thiruvananthapuram,14.126988467071218
2012-10-14,Wayanad,34.18361980989693
2012-10-14,Alappuzha,12.202099500043019
2012-10-15,Kannur,6.097725071778605
2012-10-15,Ernakulam,12.949213164788436
2012-10-15,Idukki,13.187494592757554
2012-10-15,Kasaragod,3.120922506295223
2012-10-15,Kottayam,13.662513539367083
2012-10-15,Kozhikode,4.668710044165223
2012-10-15,Malappuram,4.086217031180193
2012-10-15,Palakkad,5.530729696525143
2012-10-15,Pattanamtitta,10.71561048070505
2012-10-15,Kollam,7.3319192984293675
2012-10-15,Thrissur,8.646352646238713
2012-10-15,Thiruvananthapuram,15.35996034797824
2012-10-15,Wayanad,5.238724155656953
2012-10-15,Alappuzha,6.109553225152862
2012-10-16,Kannur,10.453880156071962
2012-10-16,Ernakulam,13.50250334920461
2012-10-16,Idukki,16.82743061481698
2012-10-16,Kasaragod,2.191072534392441
2012-10-16,Kottayam,16.661554199700817
2012-10-16,Kozhikode,13.96494199080198
2012-10-16,Malappuram,13.809833905939271
2012-10-16,Palakkad,14.378635183480284
2012-10-16,Pattanamtitta,19.02994364039513
2012-10-16,Kollam,15.502685683445925
2012-10-16,Thrissur,12.015380205701765
2012-10-16,Thiruvananthapuram,15.47354191416251
2012-10-16,Wayanad,10.798868695639912
2012-10-16,Alappuzha,13.25431545281063
2012-10-17,Kannur,2.764000702627022
2012-10-17,Ernakulam,7.539788875399303
2012-10-17,Idukki,8.43432667455457
2012-10-17,Kasaragod,6.510440647376888
2012-10-17,Kottayam,13.197075074638203
2012-10-17,Kozhikode,2.4562451422412868
2012-10-17,Malappuram,2.583626444886649
2012-10-17,Palakkad,0.9601609178544612
2012-10-17,Pattanamtitta,17.74820829538763
2012-10-17,Kollam,21.087387366230267
2012-10-17,Thrissur,3.3368762663095097
2012-10-17,Thiruvananthapuram,16.291709255343495
2012-10-17,Wayanad,0.03440555871440876
2012-10-17,Alappuzha,18.680027984786047
2012-10-18,Kannur,0.4598339708795784
2012-10-18,Ernakulam,13.13802939315836
2012-10-18,Idukki,11.673592097267635
2012-10-18,Kasaragod,0.0
2012-10-18,Kottayam,15.11365125319036
2012-10-18,Kozhikode,4.05854910220362
2012-10-18,Malappuram,7.362824403045386
2012-10-18,Palakkad,6.1024136383335845
2012-10-18,Pattanamtitta,18.430266540343414
2012-10-18,Kollam,18.731062005814703
2012-10-18,Thrissur,9.334858267059177
2012-10-18,Thiruvananthapuram,16.51611327560432
2012-10-18,Wayanad,2.3719606424278554
2012-10-18,Alappuzha,16.423966621232722
2012-10-19,Kannur,8.754058518341685
2012-10-19,Ernakulam,6.61792213558822
2012-10-19,Idukki,10.54200757041449
2012-10-19,Kasaragod,8.396413701813797
2012-10-19,Kottayam,6.752077706665501
2012-10-19,Kozhikode,6.9289721803191116
2012-10-19,Malappuram,6.196965280529419
2012-10-19,Palakkad,5.702967123479825
2012-10-19,Pattanamtitta,13.634978034075264
2012-10-19,Kollam,14.516946720422652
2012-10-19,Thrissur,4.93286762629472
2012-10-19,Thiruvananthapuram,20.757874633829765
2012-10-19,Wayanad,5.658495180243551
2012-10-19,Alappuzha,7.131829758603867
2012-10-20,Kannur,18.948993627298105
2012-10-20,Ernakulam,12.100404319131332
2012-10-20,Idukki,15.870640390086933
2012-10-20,Kasaragod,20.98606775069344
2012-10-20,Kottayam,19.638418722150043
2012-10-20,Kozhikode,10.215343584013665
2012-10-20,Malappuram,12.394927128608142
2012-10-20,Palakkad,11.620660558827497
2012-10-20,Pattanamtitta,28.401209430959927
2012-10-20,Kollam,24.72450153771911
2012-10-20,Thrissur,16.355298594485227
2012-10-20,Thiruvananthapuram,18.03896717060689
2012-10-20,Wayanad,7.929806834331932
2012-10-20,Alappuzha,17.174374646129767
2012-10-21,Kannur,22.01151144408922
2012-10-21,Ernakulam,22.646509096287563
2012-10-21,Idukki,14.87636539678607
2012-10-21,Kasaragod,23.708861418328013
2012-10-21,Kottayam,20.724180258468554
2012-10-21,Kozhikode,21.198192490615
2012-10-21,Malappuram,16.55632142480991
2012-10-21,Palakkad,13.504153039414874
2012-10-21,Pattanamtitta,19.80189901567928
2012-10-21,Kollam,14.518908528948288
2012-10-21,Thrissur,24.349446756169954
2012-10-21,Thiruvananthapuram,17.875510873929272
2012-10-21,Wayanad,18.998006836588345
2012-10-21,Alappuzha,18.717372086569938
2012-10-22,Kannur,32.058472995489105
2012-10-22,Ernakulam,21.257825192562528
2012-10-22,Idukki,8.363177021393756
2012-10-22,Kasaragod,28.34733161262844
2012-10-22,Kottayam,13.624116936009736
2012-10-22,Kozhikode,30.08169397310093
2012-10-22,Malappuram,25.468072971423226
2012-10-22,Palakkad,18.007950380149985
2012-10-22,Pattanamtitta,16.327428132799362
2012-10-22,Kollam,13.200122196162873
2012-10-22,Thrissur,28.136309402466726
2012-10-22,Thiruvananthapuram,6.949187702006567
2012-10-22,Wayanad,27.480730984311126
2012-10-22,Alappuzha,12.387918913711774
2012-10-23,Kannur,19.69345924039553
2012-10-23,Ernakulam,9.532653400148963
2012-10-23,Idukki,9.072761851453949
2012-10-23,Kasaragod,16.75778405579848
2012-10-23,Kottayam,7.948389271007551
2012-10-23,Kozhikode,12.260214003370137
2012-10-23,Malappuram,8.202963909502564
2012-10-23,Palakkad,3.0753307714725775
2012-10-23,Pattanamtitta,15.232647739755619
2012-10-23,Kollam,16.440787828392512
2012-10-23,Thrissur,7.943174616731312
2012-10-23,Thiruvananthapuram,24.340366250723402
2012-10-23,Wayanad,7.318796573642745
2012-10-23,Alappuzha,11.438872493204249
2012-10-24,Kannur,11.574959867801617
2012-10-24,Ernakulam,5.4395978721691245
2012-10-24,Idukki,13.758991496162274
2012-10-24,Kasaragod,5.62528716652111
2012-10-24,Kottayam,12.546792983636486
2012-10-24,Kozhikode,8.463348401787876
2012-10-24,Malappuram,1.7964092631837731
2012-10-24,Palakkad,7.828010937790056
2012-10-24,Pattanamtitta,27.693527960261914
2012-10-24,Kollam,39.694016706089016
2012-10-24,Thrissur,3.7696028133451
2012-10-24,Thiruvananthapuram,40.85505450363701
2012-10-24,Wayanad,5.417236565918366
2012-10-24,Alappuzha,17.14281384670314
2012-10-25,Kannur,2.44613002702049
2012-10-25,Ernakulam,5.324567059073471
2012-10-25,Idukki,9.485033394673724
2012-10-25,Kasaragod,4.215596578818211
2012-10-25,Kottayam,13.551067989859522
2012-10-25,Kozhikode,11.272382300427676
2012-10-25,Malappuram,2.668090737802222
2012-10-25,Palakkad,3.1393489822951173
2012-10-25,Pattanamtitta,15.895121433340856
2012-10-25,Kollam,16.16279484260174
2012-10-25,Thrissur,4.6011909660835215
2012-10-25,Thiruvananthapuram,16.420990071398148
2012-10-25,Wayanad,17.31846184744629
2012-10-25,Alappuzha,11.220794184723589
2012-10-26,Kannur,9.509559825557234
2012-10-26,Ernakulam,14.763486358960584
2012-10-26,Idukki,7.40559294931368
2012-10-26,Kasaragod,9.26454711130534
2012-10-26,Kottayam,17.238561305762538
2012-10-26,Kozhikode,14.013783594435353
2012-10-26,Malappuram,9.802166863698352
2012-10-26,Palakkad,4.906421806873093
2012-10-26,Pattanamtitta,10.369153245529256
2012-10-26,Kollam,4.860006383194297
2012-10-26,Thrissur,8.140403228178231
2012-10-26,Thiruvananthapuram,2.2471567591834933
2012-10-26,Wayanad,10.770234683778064
2012-10-26,Alappuzha,12.572668553625949
2012-10-27,Kannur,0.02001047198820545
2012-10-27,Ernakulam,12.041249120469162
2012-10-27,Idukki,7.3789302654857405
2012-10-27,Kasaragod,0.0
2012-10-27,Kottayam,10.51017553888344
2012-10-27,Kozhikode,4.7094963264222365
2012-10-27,Malappuram,5.373775384305643
2012-10-27,Palakkad,2.688074093664364
2012-10-27,Pattanamtitta,10.356246991416185
2012-10-27,Kollam,19.321539662982854
2012-10-27,Thrissur,8.732584748177104
2012-10-27,Thiruvananthapuram,13.226209051031478
2012-10-27,Wayanad,2.1285375128338817
2012-10-27,Alappuzha,10.700418178491024
2012-10-28,Kannur,2.9413812378819184
2012-10-28,Ernakulam,10.745486509323221
2012-10-28,Idukki,9.326798616393384
2012-10-28,Kasaragod,0.5190876187234447
2012-10-28,Kottayam,17.35042941449949
2012-10-28,Kozhikode,5.911906946134352
2012-10-28,Malappuram,6.214503042028439
2012-10-28,Palakkad,4.766979486598977
2012-10-28,Pattanamtitta,20.955228889296958
2012-10-28,Kollam,21.538601850100264
2012-10-28,Thrissur,7.366092314626827
2012-10-28,Thiruvananthapuram,21.3288609851714
2012-10-28,Wayanad,3.4064931443830635
2012-10-28,Alappuzha,21.336663523429518
2012-10-29,Kannur,9.654326230924216
2012-10-29,Ernakulam,25.3087603285691
2012-10-29,Idukki,31.014299195190713
2012-10-29,Kasaragod,2.5474608805369043
2012-10-29,Kottayam,34.03508663129624
2012-10-29,Kozhikode,8.059153000745125
2012-10-29,Malappuram,10.286651574217853
2012-10-29,Palakkad,13.160169413093556
2012-10-29,Pattanamtitta,37.388318418500305
2012-10-29,Kollam,42.29047954334658
2012-10-29,Thrissur,14.80535060599368
2012-10-29,Thiruvananthapuram,44.90396849543554
2012-10-29,Wayanad,10.700755974374191
2012-10-29,Alappuzha,32.8665972673802
2012-10-30,Kannur,21.340599251087383
2012-10-30,Ernakulam,20.133136903361194
2012-10-30,Idukki,31.60866697099978
2012-10-30,Kasaragod,13.991744223455976
2012-10-30,Kottayam,22.43112471368135
2012-10-30,Kozhikode,18.817173930997665
2012-10-30,Malappuram,24.52928858113645
2012-10-30,Palakkad,25.462830026344843
2012-10-30,Pattanamtitta,25.391986486881194
2012-10-30,Kollam,12.047228857316258
2012-10-30,Thrissur,21.644589564042903
2012-10-30,Thiruvananthapuram,12.900066118322533
2012-10-30,Wayanad,15.188473950763672
2012-10-30,Alappuzha,11.036674545841057
2012-10-31,Kannur,21.401700167542
2012-10-31,Ernakulam,18.75667955271694
2012-10-31,Idukki,21.679264978356517
2012-10-31,Kasaragod,28.600932624736824
2012-10-31,Kottayam,22.944547727924263
2012-10-31,Kozhikode,23.31592690681856
2012-10-31,Malappuram,23.455335361083574
2012-10-31,Palakkad,19.8065109073799
2012-10-31,Pattanamtitta,27.604282519001288
2012-10-31,Kollam,27.431971075593722
2012-10-31,Thrissur,19.864854520820458
2012-10-31,Thiruvananthapuram,31.968958540137738
2012-10-31,Wayanad,23.37845087649998
2012-10-31,Alappuzha,26.839295659107766
2012-11-01,Kannur,16.576324219217696
2012-11-01,Ernakulam,32.590698027438435
2012-11-01,Idukki,29.84477134547728
2012-11-01,Kasaragod,16.7263922517196
2012-11-01,Kottayam,48.972727271212925
2012-11-01,Kozhikode,24.35734513922659
2012-11-01,Malappuram,22.97185672243144
2012-11-01,Palakkad,9.72343157660315
2012-11-01,Pattanamtitta,61.53884483251313
2012-11-01,Kollam,65.32473757417816
2012-11-01,Thrissur,16.761295410084344
2012-11-01,Thiruvananthapuram,62.18743294519738
2012-11-01,Wayanad,25.81758850589099
2012-11-01,Alappuzha,54.17494415835824
2012-11-02,Kannur,15.495321508477812
2012-11-02,Ernakulam,0.9356252263207179
2012-11-02,Idukki,1.3008120953056321
2012-11-02,Kasaragod,4.065892412794763
2012-11-02,Kottayam,1.5481562876912767
2012-11-02,Kozhikode,11.381690904175782
2012-11-02,Malappuram,15.203561662974451
2012-11-02,Palakkad,3.564734157796367
2012-11-02,Pattanamtitta,10.923153839832192
2012-11-02,Kollam,11.005220350558579
2012-11-02,Thrissur,4.078510556274005
2012-11-02,Thiruvananthapuram,16.054920575129785
2012-11-02,Wayanad,0.6050389855526416
2012-11-02,Alappuzha,10.930385252188778
2012-11-03,Kannur,4.4441339479430475
2012-11-03,Ernakulam,0.0
2012-11-03,Idukki,0.0
2012-11-03,Kasaragod,2.9717645474137933
2012-11-03,Kottayam,0.0
2012-11-03,Kozhikode,0.0
2012-11-03,Malappuram,0.0
2012-11-03,Palakkad,0.0
2012-11-03,Pattanamtitta,0.0
2012-11-03,Kollam,0.0
2012-11-03,Thrissur,0.0
2012-11-03,Thiruvananthapuram,0.0
2012-11-03,Wayanad,0.0
2012-11-03,Alappuzha,0.0
2012-11-04,Kannur,1.0319809591932234
2012-11-04,Ernakulam,0.0
2012-11-04,Idukki,0.0
2012-11-04,Kasaragod,14.854149970264805
2012-11-04,Kottayam,0.0
2012-11-04,Kozhikode,0.0
2012-11-04,Malappuram,0.0
2012-11-04,Palakkad,0.0
2012-11-04,Pattanamtitta,0.0
2012-11-04,Kollam,0.0
2012-11-04,Thrissur,0.0
2012-11-04,Thiruvananthapuram,0.0
2012-11-04,Wayanad,0.0
2012-11-04,Alappuzha,0.0
2012-11-05,Kannur,0.0
2012-11-05,Ernakulam,0.0
2012-11-05,Idukki,0.0
2012-11-05,Kasaragod,0.0
2012-11-05,Kottayam,0.0
2012-11-05,Kozhikode,0.0
2012-11-05,Malappuram,0.0
2012-11-05,Palakkad,0.0
2012-11-05,Pattanamtitta,0.0
2012-11-05,Kollam,0.10763792120109607
2012-11-05,Thrissur,0.0
2012-11-05,Thiruvananthapuram,0.0
2012-11-05,Wayanad,0.0
2012-11-05,Alappuzha,0.0
2012-11-06,Kannur,0.0
2012-11-06,Ernakulam,2.0733518264205513
2012-11-06,Idukki,0.9068193322682976
2012-11-06,Kasaragod,0.0
2012-11-06,Kottayam,1.7852008431430213
2012-11-06,Kozhikode,0.0
2012-11-06,Malappuram,5.375564096471192
2012-11-06,Palakkad,13.031007897461127
2012-11-06,Pattanamtitta,1.95055931763077
2012-11-06,Kollam,5.715414332284029
2012-11-06,Thrissur,9.531848510938511
2012-11-06,Thiruvananthapuram,2.8680288152324103
2012-11-06,Wayanad,0.0
2012-11-06,Alappuzha,0.05131148801085287
2012-11-07,Kannur,31.164055435498263
2012-11-07,Ernakulam,35.329361472550644
2012-11-07,Idukki,48.73415943614063
2012-11-07,Kasaragod,24.09041875333085
2012-11-07,Kottayam,33.548831253653816
2012-11-07,Kozhikode,36.95365247591562
2012-11-07,Malappuram,41.794890648504435
2012-11-07,Palakkad,41.53280878837254
2012-11-07,Pattanamtitta,39.68689307690249
2012-11-07,Kollam,25.42471442060287
2012-11-07,Thrissur,31.271578499797684
2012-11-07,Thiruvananthapuram,24.873003211629875
2012-11-07,Wayanad,32.98462515362058
2012-11-07,Alappuzha,28.581079990068936
2012-11-08,Kannur,10.846067839011866
2012-11-08,Ernakulam,13.670834539584956
2012-11-08,Idukki,25.89947419872442
2012-11-08,Kasaragod,5.700053018286846
2012-11-08,Kottayam,12.310336450971734
2012-11-08,Kozhikode,20.095761226982923
2012-11-08,Malappuram,5.731008605528674
2012-11-08,Palakkad,9.058676681090358
2012-11-08,Pattanamtitta,22.344936110120138
2012-11-08,Kollam,19.228408003533104
2012-11-08,Thrissur,16.054325885187406
2012-11-08,Thiruvananthapuram,20.335196649530037
2012-11-08,Wayanad,12.306839760263824
2012-11-08,Alappuzha,7.67587591534711
2012-11-09,Kannur,0.023569928223766873
2012-11-09,Ernakulam,9.445253473045092
2012-11-09,Idukki,10.48419176879173
2012-11-09,Kasaragod,1.2255070184195773
2012-11-09,Kottayam,18.88579180696566
2012-11-09,Kozhikode,1.8721923188441214
2012-11-09,Malappuram,0.21896305131321955
2012-11-09,Palakkad,0.0
2012-11-09,Pattanamtitta,17.14305388043127
2012-11-09,Kollam,24.038527388324272
2012-11-09,Thrissur,5.072128119254386
2012-11-09,Thiruvananthapuram,32.71009049897149
2012-11-09,Wayanad,0.857203017785361
2012-11-09,Alappuzha,22.497630485663
2012-11-10,Kannur,0.5723116127892864
2012-11-10,Ernakulam,0.10034569727350953
2012-11-10,Idukki,0.021928498469319754
2012-11-10,Kasaragod,4.698284626264443
2012-11-10,Kottayam,0.0
2012-11-10,Kozhikode,3.3747566123671233
2012-11-10,Malappuram,1.3334231217626966
2012-11-10,Palakkad,0.0
2012-11-10,Pattanamtitta,0.13467594491083296
2012-11-10,Kollam,5.462900365511045
2012-11-10,Thrissur,0.0
2012-11-10,Thiruvananthapuram,10.11148244513904
2012-11-10,Wayanad,4.2058572767036635
2012-11-10,Alappuzha,1.3969194725359917
2012-11-11,Kannur,0.08896555438956064
2012-11-11,Ernakulam,17.41838009152002
2012-11-11,Idukki,8.103365947941631
2012-11-11,Kasaragod,2.585179323099185
2012-11-11,Kottayam,33.661238485422146
2012-11-11,Kozhikode,3.4480124995385166
2012-11-11,Malappuram,5.968573185806951
2012-11-11,Palakkad,3.285367552652623
2012-11-11,Pattanamtitta,24.9295982239486
2012-11-11,Kollam,22.273293214779684
2012-11-11,Thrissur,11.86594929756385
2012-11-11,Thiruvananthapuram,17.964321746432653
2012-11-11,Wayanad,0.1183479252467096
2012-11-11,Alappuzha,37.61605186665776
2012-11-12,Kannur,3.021219703451178
2012-11-12,Ernakulam,9.684213420630458
2012-11-12,Idukki,1.8496606815188088
2012-11-12,Kasaragod,8.580172615708976
2012-11-12,Kottayam,14.473304632962444
2012-11-12,Kozhikode,8.9352727695531
2012-11-12,Malappuram,0.7070263624433205
2012-11-12,Palakkad,0.0
2012-11-12,Pattanamtitta,2.487758465593735
2012-11-12,Kollam,0.035824608937044186
2012-11-12,Thrissur,0.0
2012-11-12,Thiruvananthapuram,0.0
2012-11-12,Wayanad,0.638707556349687
2012-11-12,Alappuzha,15.749879394518624
2012-11-13,Kannur,0.0
2012-11-13,Ernakulam,0.0
2012-11-13,Idukki,0.0
2012-11-13,Kasaragod,0.0
2012-11-13,Kottayam,0.0
2012-11-13,Kozhikode,0.0
2012-11-13,Malappuram,0.0
2012-11-13,Palakkad,0.0
2012-11-13,Pattanamtitta,0.0
2012-11-13,Kollam,0.0
2012-11-13,Thrissur,0.0
2012-11-13,Thiruvananthapuram,0.0
2012-11-13,Wayanad,0.0
2012-11-13,Alappuzha,0.0
2012-11-14,Kannur,0.0
2012-11-14,Ernakulam,0.0
2012-11-14,Idukki,0.0
2012-11-14,Kasaragod,0.0
2012-11-14,Kottayam,0.0
2012-11-14,Kozhikode,0.0
2012-11-14,Malappuram,0.0
2012-11-14,Palakkad,0.0
2012-11-14,Pattanamtitta,0.0
2012-11-14,Kollam,0.0
2012-11-14,Thrissur,0.0
2012-11-14,Thiruvananthapuram,0.0
2012-11-14,Wayanad,0.0
2012-11-14,Alappuzha,0.0
2012-11-15,Kannur,0.0
2012-11-15,Ernakulam,0.0
2012-11-15,Idukki,0.0
2012-11-15,Kasaragod,0.0
2012-11-15,Kottayam,0.0
2012-11-15,Kozhikode,0.0
2012-11-15,Malappuram,0.0
2012-11-15,Palakkad,0.0
2012-11-15,Pattanamtitta,0.0
2012-11-15,Kollam,0.0
2012-11-15,Thrissur,0.0
2012-11-15,Thiruvananthapuram,0.0
2012-11-15,Wayanad,0.0
2012-11-15,Alappuzha,0.0
2012-11-16,Kannur,0.0
2012-11-16,Ernakulam,0.0
2012-11-16,Idukki,0.0
2012-11-16,Kasaragod,0.0
2012-11-16,Kottayam,0.0
2012-11-16,Kozhikode,0.0
2012-11-16,Malappuram,0.0
2012-11-16,Palakkad,0.0
2012-11-16,Pattanamtitta,0.0
2012-11-16,Kollam,0.0
2012-11-16,Thrissur,0.0
2012-11-16,Thiruvananthapuram,0.0
2012-11-16,Wayanad,0.0
2012-11-16,Alappuzha,0.0
2012-11-17,Kannur,0.0
2012-11-17,Ernakulam,0.0
2012-11-17,Idukki,0.0
2012-11-17,Kasaragod,0.0
2012-11-17,Kottayam,0.0
2012-11-17,Kozhikode,0.0
2012-11-17,Malappuram,0.0
2012-11-17,Palakkad,0.0
2012-11-17,Pattanamtitta,0.0
2012-11-17,Kollam,0.0
2012-11-17,Thrissur,0.0
2012-11-17,Thiruvananthapuram,0.0
2012-11-17,Wayanad,0.0
2012-11-17,Alappuzha,0.0
2012-11-18,Kannur,0.0
2012-11-18,Ernakulam,0.0
2012-11-18,Idukki,0.0
2012-11-18,Kasaragod,0.0
2012-11-18,Kottayam,0.0
2012-11-18,Kozhikode,0.0
2012-11-18,Malappuram,0.0
2012-11-18,Palakkad,0.0
2012-11-18,Pattanamtitta,0.0
2012-11-18,Kollam,0.0
2012-11-18,Thrissur,0.0
2012-11-18,Thiruvananthapuram,0.0
2012-11-18,Wayanad,0.0
2012-11-18,Alappuzha,0.0
2012-11-19,Kannur,0.0
2012-11-19,Ernakulam,0.0
2012-11-19,Idukki,0.0
2012-11-19,Kasaragod,0.0
2012-11-19,Kottayam,0.0
2012-11-19,Kozhikode,0.0
2012-11-19,Malappuram,0.0
2012-11-19,Palakkad,0.0
2012-11-19,Pattanamtitta,0.0
2012-11-19,Kollam,0.0
2012-11-19,Thrissur,0.0
2012-11-19,Thiruvananthapuram,0.0
2012-11-19,Wayanad,0.0
2012-11-19,Alappuzha,0.0
2012-11-20,Kannur,0.0
2012-11-20,Ernakulam,0.0
2012-11-20,Idukki,0.9636887271640124
2012-11-20,Kasaragod,0.0
2012-11-20,Kottayam,0.0
2012-11-20,Kozhikode,0.0
2012-11-20,Malappuram,0.0
2012-11-20,Palakkad,0.0
2012-11-20,Pattanamtitta,0.0
2012-11-20,Kollam,0.0
2012-11-20,Thrissur,0.0
2012-11-20,Thiruvananthapuram,0.4125999170970431
2012-11-20,Wayanad,0.0
2012-11-20,Alappuzha,0.0
2012-11-21,Kannur,0.0
2012-11-21,Ernakulam,0.0
2012-11-21,Idukki,0.0
2012-11-21,Kasaragod,0.0
2012-11-21,Kottayam,0.0
2012-11-21,Kozhikode,0.0
2012-11-21,Malappuram,0.0
2012-11-21,Palakkad,0.0
2012-11-21,Pattanamtitta,0.1679600558629059
2012-11-21,Kollam,0.10450337688194672
2012-11-21,Thrissur,0.0
2012-11-21,Thiruvananthapuram,0.0
2012-11-21,Wayanad,0.0
2012-11-21,Alappuzha,0.0
2012-11-22,Kannur,0.0
2012-11-22,Ernakulam,9.902202124379652
2012-11-22,Idukki,2.1923740087106767
2012-11-22,Kasaragod,0.8528480261555319
2012-11-22,Kottayam,4.775889986710581
2012-11-22,Kozhikode,0.0
2012-11-22,Malappuram,0.0
2012-11-22,Palakkad,0.08793453481068139
2012-11-22,Pattanamtitta,5.332548444777917
2012-11-22,Kollam,3.807940919002683
2012-11-22,Thrissur,3.411539156604365
2012-11-22,Thiruvananthapuram,0.0
2012-11-22,Wayanad,0.0
2012-11-22,Alappuzha,0.0
2012-11-23,Kannur,6.4267057297469945
2012-11-23,Ernakulam,16.550953548829554
2012-11-23,Idukki,44.14638705181989
2012-11-23,Kasaragod,0.020115849038828973
2012-11-23,Kottayam,25.00156317926757
2012-11-23,Kozhikode,0.2682081336983033
2012-11-23,Malappuram,10.283344705477546
2012-11-23,Palakkad,36.043651913576745
2012-11-23,Pattanamtitta,25.23922915473157
2012-11-23,Kollam,4.176392623643222
2012-11-23,Thrissur,21.98837826193607
2012-11-23,Thiruvananthapuram,0.11557052487764136
2012-11-23,Wayanad,14.463632518596121
2012-11-23,Alappuzha,2.3076293411275923
2012-11-24,Kannur,19.789849081847112
2012-11-24,Ernakulam,4.294445484252038
2012-11-24,Idukki,43.87972329279519
2012-11-24,Kasaragod,7.514297531033562
2012-11-24,Kottayam,15.46000882794897
2012-11-24,Kozhikode,35.415456019007244
2012-11-24,Malappuram,3.5990052357550892
2012-11-24,Palakkad,7.44924967745032
2012-11-24,Pattanamtitta,26.303045063915132
2012-11-24,Kollam,19.507057067787112
2012-11-24,Thrissur,6.2377515429073975
2012-11-24,Thiruvananthapuram,22.815180175979812
2012-11-24,Wayanad,37.63644144366522
2012-11-24,Alappuzha,29.922931297878016
2012-11-25,Kannur,0.0
2012-11-25,Ernakulam,1.929029059525405
2012-11-25,Idukki,3.442051080264977
2012-11-25,Kasaragod,0.0
2012-11-25,Kottayam,0.17308049683030757
2012-11-25,Kozhikode,0.17199217643396636
2012-11-25,Malappuram,0.38917730155046315
2012-11-25,Palakkad,0.07800467026981106
2012-11-25,Pattanamtitta,0.7801478312844982
2012-11-25,Kollam,3.53051342454027
2012-11-25,Thrissur,2.2490995388823674
2012-11-25,Thiruvananthapuram,10.166117421390513
2012-11-25,Wayanad,0.0
2012-11-25,Alappuzha,0.0
2012-11-26,Kannur,0.0
2012-11-26,Ernakulam,0.0
2012-11-26,Idukki,0.0
2012-11-26,Kasaragod,0.0
2012-11-26,Kottayam,0.0
2012-11-26,Kozhikode,0.0
2012-11-26,Malappuram,0.0
2012-11-26,Palakkad,0.0
2012-11-26,Pattanamtitta,0.0
2012-11-26,Kollam,0.0
2012-11-26,Thrissur,0.0
2012-11-26,Thiruvananthapuram,2.152131272608829
2012-11-26,Wayanad,0.0
2012-11-26,Alappuzha,0.0
2012-11-27,Kannur,0.0
2012-11-27,Ernakulam,0.0
2012-11-27,Idukki,0.08827508050011507
2012-11-27,Kasaragod,0.0
2012-11-27,Kottayam,0.0
2012-11-27,Kozhikode,0.0
2012-11-27,Malappuram,0.0
2012-11-27,Palakkad,0.0
2012-11-27,Pattanamtitta,0.16541471250975476
2012-11-27,Kollam,0.09224300133439979
2012-11-27,Thrissur,0.0
2012-11-27,Thiruvananthapuram,0.2980379724019047
2012-11-27,Wayanad,0.0
2012-11-27,Alappuzha,0.0
2012-11-28,Kannur,0.0
2012-11-28,Ernakulam,0.0
2012-11-28,Idukki,0.0
2012-11-28,Kasaragod,0.0
2012-11-28,Kottayam,0.0
2012-11-28,Kozhikode,0.0
2012-11-28,Malappuram,0.0
2012-11-28,Palakkad,0.0
2012-11-28,Pattanamtitta,0.0
2012-11-28,Kollam,0.0
2012-11-28,Thrissur,0.0
2012-11-28,Thiruvananthapuram,0.0
2012-11-28,Wayanad,0.0
2012-11-28,Alappuzha,0.0
2012-11-29,Kannur,1.6833087500110229
2012-11-29,Ernakulam,0.0
2012-11-29,Idukki,0.0
2012-11-29,Kasaragod,0.0
2012-11-29,Kottayam,0.0
2012-11-29,Kozhikode,0.5111101332450668
2012-11-29,Malappuram,0.0
2012-11-29,Palakkad,0.0
2012-11-29,Pattanamtitta,0.05169355486280631
2012-11-29,Kollam,0.05876360010690765
2012-11-29,Thrissur,0.0
2012-11-29,Thiruvananthapuram,0.08734848001666916
2012-11-29,Wayanad,0.03509842762156654
2012-11-29,Alappuzha,0.0
2012-11-30,Kannur,0.0
2012-11-30,Ernakulam,0.0
2012-11-30,Idukki,0.5344649397403319
2012-11-30,Kasaragod,0.0
2012-11-30,Kottayam,0.0
2012-11-30,Kozhikode,0.0
2012-11-30,Malappuram,0.0
2012-11-30,Palakkad,0.0
2012-11-30,Pattanamtitta,0.0
2012-11-30,Kollam,0.0
2012-11-30,Thrissur,0.0
2012-11-30,Thiruvananthapuram,0.0
2012-11-30,Wayanad,0.0
2012-11-30,Alappuzha,0.0
2012-12-01,Kannur,0.0
2012-12-01,Ernakulam,0.0
2012-12-01,Idukki,0.0
2012-12-01,Kasaragod,0.0
2012-12-01,Kottayam,0.0
2012-12-01,Kozhikode,0.0
2012-12-01,Malappuram,0.0
2012-12-01,Palakkad,0.0
2012-12-01,Pattanamtitta,0.0
2012-12-01,Kollam,0.0
2012-12-01,Thrissur,0.0
2012-12-01,Thiruvananthapuram,0.0
2012-12-01,Wayanad,0.0
2012-12-01,Alappuzha,0.0
2012-12-02,Kannur,0.0
2012-12-02,Ernakulam,0.0
2012-12-02,Idukki,0.0
2012-12-02,Kasaragod,0.0
2012-12-02,Kottayam,0.0
2012-12-02,Kozhikode,0.0
2012-12-02,Malappuram,0.0
2012-12-02,Palakkad,0.0
2012-12-02,Pattanamtitta,0.0
2012-12-02,Kollam,0.0
2012-12-02,Thrissur,0.0
2012-12-02,Thiruvananthapuram,0.0
2012-12-02,Wayanad,0.0
2012-12-02,Alappuzha,0.0
2012-12-03,Kannur,0.0
2012-12-03,Ernakulam,0.0
2012-12-03,Idukki,0.0
2012-12-03,Kasaragod,0.0
2012-12-03,Kottayam,0.0
2012-12-03,Kozhikode,0.0
2012-12-03,Malappuram,0.0
2012-12-03,Palakkad,0.0
2012-12-03,Pattanamtitta,0.0
2012-12-03,Kollam,0.016568327871672985
2012-12-03,Thrissur,0.0
2012-12-03,Thiruvananthapuram,0.0
2012-12-03,Wayanad,0.0
2012-12-03,Alappuzha,0.0
2012-12-04,Kannur,0.032669663293371926
2012-12-04,Ernakulam,0.0
2012-12-04,Idukki,0.0
2012-12-04,Kasaragod,0.0
2012-12-04,Kottayam,0.0
2012-12-04,Kozhikode,0.06916495174566245
2012-12-04,Malappuram,0.0
2012-12-04,Palakkad,0.015514070815411687
2012-12-04,Pattanamtitta,0.0
2012-12-04,Kollam,0.15618553939538357
2012-12-04,Thrissur,0.028173336039114844
2012-12-04,Thiruvananthapuram,0.0
2012-12-04,Wayanad,0.2585582174188236
2012-12-04,Alappuzha,0.4782762926327677
2012-12-05,Kannur,0.0
2012-12-05,Ernakulam,0.0
2012-12-05,Idukki,0.0
2012-12-05,Kasaragod,0.0
2012-12-05,Kottayam,0.0
2012-12-05,Kozhikode,0.0
2012-12-05,Malappuram,0.0
2012-12-05,Palakkad,0.0
2012-12-05,Pattanamtitta,0.0
2012-12-05,Kollam,0.0
2012-12-05,Thrissur,0.0
2012-12-05,Thiruvananthapuram,0.0
2012-12-05,Wayanad,0.0
2012-12-05,Alappuzha,0.0
2012-12-06,Kannur,0.0
2012-12-06,Ernakulam,0.0
2012-12-06,Idukki,0.0036861654743108184
2012-12-06,Kasaragod,0.0
2012-12-06,Kottayam,0.03294564318613042
2012-12-06,Kozhikode,0.0
2012-12-06,Malappuram,0.0
2012-12-06,Palakkad,0.0
2012-12-06,Pattanamtitta,0.4133583648250073
2012-12-06,Kollam,0.07065774374511793
2012-12-06,Thrissur,0.0
2012-12-06,Thiruvananthapuram,0.0
2012-12-06,Wayanad,0.0
2012-12-06,Alappuzha,0.0
2012-12-07,Kannur,0.0
2012-12-07,Ernakulam,0.0
2012-12-07,Idukki,0.0
2012-12-07,Kasaragod,0.0
2012-12-07,Kottayam,0.0
2012-12-07,Kozhikode,0.0
2012-12-07,Malappuram,0.0
2012-12-07,Palakkad,0.0
2012-12-07,Pattanamtitta,0.0
2012-12-07,Kollam,0.1377311848870866
2012-12-07,Thrissur,0.0
2012-12-07,Thiruvananthapuram,0.0
2012-12-07,Wayanad,0.0
2012-12-07,Alappuzha,0.0
2012-12-08,Kannur,0.0
2012-12-08,Ernakulam,0.0
2012-12-08,Idukki,0.0
2012-12-08,Kasaragod,0.0
2012-12-08,Kottayam,0.0
2012-12-08,Kozhikode,0.0
2012-12-08,Malappuram,0.0
2012-12-08,Palakkad,0.0
2012-12-08,Pattanamtitta,0.0
2012-12-08,Kollam,0.0
2012-12-08,Thrissur,0.0
2012-12-08,Thiruvananthapuram,0.0
2012-12-08,Wayanad,0.0
2012-12-08,Alappuzha,0.0
2012-12-09,Kannur,0.0
2012-12-09,Ernakulam,0.0
2012-12-09,Idukki,0.0
2012-12-09,Kasaragod,0.0
2012-12-09,Kottayam,0.0
2012-12-09,Kozhikode,0.0
2012-12-09,Malappuram,0.0
2012-12-09,Palakkad,0.0
2012-12-09,Pattanamtitta,0.0
2012-12-09,Kollam,0.0
2012-12-09,Thrissur,0.0
2012-12-09,Thiruvananthapuram,0.0
2012-12-09,Wayanad,0.0
2012-12-09,Alappuzha,0.0
2012-12-10,Kannur,0.0
2012-12-10,Ernakulam,0.0
2012-12-10,Idukki,0.0
2012-12-10,Kasaragod,0.0
2012-12-10,Kottayam,0.0
2012-12-10,Kozhikode,0.0
2012-12-10,Malappuram,0.0
2012-12-10,Palakkad,0.0
2012-12-10,Pattanamtitta,0.0
2012-12-10,Kollam,0.0
2012-12-10,Thrissur,0.0
2012-12-10,Thiruvananthapuram,0.0
2012-12-10,Wayanad,0.0
2012-12-10,Alappuzha,0.0
2012-12-11,Kannur,0.0
2012-12-11,Ernakulam,0.0
2012-12-11,Idukki,0.0
2012-12-11,Kasaragod,0.0
2012-12-11,Kottayam,0.0
2012-12-11,Kozhikode,0.0
2012-12-11,Malappuram,0.0
2012-12-11,Palakkad,0.0
2012-12-11,Pattanamtitta,0.0
2012-12-11,Kollam,0.0
2012-12-11,Thrissur,0.0
2012-12-11,Thiruvananthapuram,0.0
2012-12-11,Wayanad,0.0
2012-12-11,Alappuzha,0.0
2012-12-12,Kannur,0.0
2012-12-12,Ernakulam,0.0
2012-12-12,Idukki,0.0
2012-12-12,Kasaragod,0.0
2012-12-12,Kottayam,0.0
2012-12-12,Kozhikode,0.0
2012-12-12,Malappuram,0.0
2012-12-12,Palakkad,0.0
2012-12-12,Pattanamtitta,0.0
2012-12-12,Kollam,0.0
2012-12-12,Thrissur,0.0
2012-12-12,Thiruvananthapuram,0.0
2012-12-12,Wayanad,0.0
2012-12-12,Alappuzha,0.0
2012-12-13,Kannur,0.0
2012-12-13,Ernakulam,0.0
2012-12-13,Idukki,0.0
2012-12-13,Kasaragod,0.0
2012-12-13,Kottayam,0.0
2012-12-13,Kozhikode,0.0
2012-12-13,Malappuram,0.0
2012-12-13,Palakkad,0.0
2012-12-13,Pattanamtitta,0.0
2012-12-13,Kollam,0.0
2012-12-13,Thrissur,0.0
2012-12-13,Thiruvananthapuram,0.0
2012-12-13,Wayanad,0.0
2012-12-13,Alappuzha,0.0
2012-12-14,Kannur,0.0
2012-12-14,Ernakulam,0.0
2012-12-14,Idukki,0.0
2012-12-14,Kasaragod,0.06215506059655185
2012-12-14,Kottayam,0.0
2012-12-14,Kozhikode,0.0
2012-12-14,Malappuram,0.0
2012-12-14,Palakkad,0.0
2012-12-14,Pattanamtitta,0.0
2012-12-14,Kollam,0.0
2012-12-14,Thrissur,0.0
2012-12-14,Thiruvananthapuram,0.0
2012-12-14,Wayanad,0.0
2012-12-14,Alappuzha,0.0
2012-12-15,Kannur,0.0
2012-12-15,Ernakulam,0.0
2012-12-15,Idukki,0.016291309767030842
2012-12-15,Kasaragod,0.0
2012-12-15,Kottayam,0.0
2012-12-15,Kozhikode,0.0
2012-12-15,Malappuram,0.0
2012-12-15,Palakkad,0.0
2012-12-15,Pattanamtitta,4.578357581921144E-4
2012-12-15,Kollam,0.04001217333988555
2012-12-15,Thrissur,0.0
2012-12-15,Thiruvananthapuram,0.9521260812269848
2012-12-15,Wayanad,0.0
2012-12-15,Alappuzha,0.0
2012-12-16,Kannur,2.6347464013721735
2012-12-16,Ernakulam,2.914915663136281
2012-12-16,Idukki,8.610954885801053
2012-12-16,Kasaragod,1.3937755073921971
2012-12-16,Kottayam,2.16588715306023
2012-12-16,Kozhikode,4.210008664946142
2012-12-16,Malappuram,2.3135908411956008
2012-12-16,Palakkad,5.682517742293547
2012-12-16,Pattanamtitta,2.1882151565537926
2012-12-16,Kollam,2.862793726088497
2012-12-16,Thrissur,1.7526922713792348
2012-12-16,Thiruvananthapuram,3.8043971404151145
2012-12-16,Wayanad,2.7351656397997393
2012-12-16,Alappuzha,0.5197005804403158
2012-12-17,Kannur,2.2697927656331136
2012-12-17,Ernakulam,0.7842540757209363
2012-12-17,Idukki,6.488035678624817
2012-12-17,Kasaragod,0.32764245203767406
2012-12-17,Kottayam,2.6453283727351855
2012-12-17,Kozhikode,2.778780254010057
2012-12-17,Malappuram,2.8773889044241905
2012-12-17,Palakkad,2.2863125661671093
2012-12-17,Pattanamtitta,6.750655055575491
2012-12-17,Kollam,4.548507323198797
2012-12-17,Thrissur,0.5449113214638119
2012-12-17,Thiruvananthapuram,2.9671678050839816
2012-12-17,Wayanad,5.755769749554526
2012-12-17,Alappuzha,2.2056038728180214
2012-12-18,Kannur,3.4086589505822844
2012-12-18,Ernakulam,3.7844976824180128
2012-12-18,Idukki,1.6381762573915095
2012-12-18,Kasaragod,5.968433279319147
2012-12-18,Kottayam,2.7527639889443187
2012-12-18,Kozhikode,9.940189978687371
2012-12-18,Malappuram,10.486382794405996
2012-12-18,Palakkad,4.039420937224986
2012-12-18,Pattanamtitta,3.666565029596381
2012-12-18,Kollam,4.055560747721918
2012-12-18,Thrissur,4.420222982495408
2012-12-18,Thiruvananthapuram,6.545643651089268
2012-12-18,Wayanad,12.033790201851605
2012-12-18,Alappuzha,2.5286893033731483
2012-12-19,Kannur,0.0
2012-12-19,Ernakulam,0.0
2012-12-19,Idukki,0.0
2012-12-19,Kasaragod,0.0
2012-12-19,Kottayam,0.0
2012-12-19,Kozhikode,0.0
2012-12-19,Malappuram,0.0
2012-12-19,Palakkad,0.0
2012-12-19,Pattanamtitta,0.0
2012-12-19,Kollam,0.0
2012-12-19,Thrissur,0.0
2012-12-19,Thiruvananthapuram,0.0
2012-12-19,Wayanad,0.0
2012-12-19,Alappuzha,0.0338329687222848
2012-12-20,Kannur,1.835164406176185
2012-12-20,Ernakulam,0.0
2012-12-20,Idukki,0.21277632854266154
2012-12-20,Kasaragod,9.483728809156519E-4
2012-12-20,Kottayam,0.0
2012-12-20,Kozhikode,0.16984660854057948
2012-12-20,Malappuram,0.0037893511595329596
2012-12-20,Palakkad,0.19148814028938568
2012-12-20,Pattanamtitta,0.0
2012-12-20,Kollam,0.0
2012-12-20,Thrissur,7.504008172713601E-4
2012-12-20,Thiruvananthapuram,0.0
2012-12-20,Wayanad,0.17263123068979508
2012-12-20,Alappuzha,0.0
2012-12-21,Kannur,0.0
2012-12-21,Ernakulam,0.0
2012-12-21,Idukki,0.0
2012-12-21,Kasaragod,0.2945241624912222
2012-12-21,Kottayam,0.0
2012-12-21,Kozhikode,0.0
2012-12-21,Malappuram,0.0
2012-12-21,Palakkad,0.0
2012-12-21,Pattanamtitta,0.0
2012-12-21,Kollam,0.0
2012-12-21,Thrissur,0.0
2012-12-21,Thiruvananthapuram,0.0
2012-12-21,Wayanad,0.0
2012-12-21,Alappuzha,0.0
2012-12-22,Kannur,0.0
2012-12-22,Ernakulam,0.0
2012-12-22,Idukki,0.0
2012-12-22,Kasaragod,0.0
2012-12-22,Kottayam,0.0
2012-12-22,Kozhikode,0.0
2012-12-22,Malappuram,0.0
2012-12-22,Palakkad,0.0
2012-12-22,Pattanamtitta,0.6159970959792912
2012-12-22,Kollam,1.8966761578806264
2012-12-22,Thrissur,0.0
2012-12-22,Thiruvananthapuram,2.289205270141659
2012-12-22,Wayanad,0.0
2012-12-22,Alappuzha,0.0802370271148878
2012-12-23,Kannur,0.0
2012-12-23,Ernakulam,0.0
2012-12-23,Idukki,0.0041781554375558685
2012-12-23,Kasaragod,0.07223461858157454
2012-12-23,Kottayam,0.009698527435418465
2012-12-23,Kozhikode,0.0
2012-12-23,Malappuram,0.0
2012-12-23,Palakkad,0.0
2012-12-23,Pattanamtitta,0.0
2012-12-23,Kollam,0.0
2012-12-23,Thrissur,0.0
2012-12-23,Thiruvananthapuram,0.0
2012-12-23,Wayanad,0.0
2012-12-23,Alappuzha,0.0
2012-12-24,Kannur,0.0
2012-12-24,Ernakulam,0.0
2012-12-24,Idukki,0.0
2012-12-24,Kasaragod,0.0
2012-12-24,Kottayam,0.0
2012-12-24,Kozhikode,0.0
2012-12-24,Malappuram,0.0
2012-12-24,Palakkad,0.0
2012-12-24,Pattanamtitta,0.0
2012-12-24,Kollam,0.0
2012-12-24,Thrissur,0.0
2012-12-24,Thiruvananthapuram,0.0
2012-12-24,Wayanad,0.0
2012-12-24,Alappuzha,0.0
2012-12-25,Kannur,0.0
2012-12-25,Ernakulam,0.0
2012-12-25,Idukki,0.0
2012-12-25,Kasaragod,0.0
2012-12-25,Kottayam,0.0
2012-12-25,Kozhikode,0.0
2012-12-25,Malappuram,0.0
2012-12-25,Palakkad,0.0
2012-12-25,Pattanamtitta,0.0
2012-12-25,Kollam,0.4899704249392709
2012-12-25,Thrissur,0.0
2012-12-25,Thiruvananthapuram,2.336787884193879
2012-12-25,Wayanad,0.0
2012-12-25,Alappuzha,0.0
2012-12-26,Kannur,0.0
2012-12-26,Ernakulam,0.0
2012-12-26,Idukki,0.06826767558846909
2012-12-26,Kasaragod,0.0
2012-12-26,Kottayam,0.0
2012-12-26,Kozhikode,0.0
2012-12-26,Malappuram,0.0
2012-12-26,Palakkad,0.0
2012-12-26,Pattanamtitta,0.0
2012-12-26,Kollam,0.0
2012-12-26,Thrissur,3.920950609998603E-4
2012-12-26,Thiruvananthapuram,0.0
2012-12-26,Wayanad,0.0
2012-12-26,Alappuzha,0.0
2012-12-27,Kannur,0.2676980667603254
2012-12-27,Ernakulam,3.5345724213110303
2012-12-27,Idukki,15.041713881873395
2012-12-27,Kasaragod,0.0
2012-12-27,Kottayam,4.384650835981066
2012-12-27,Kozhikode,0.25942580534545046
2012-12-27,Malappuram,0.013341238415145283
2012-12-27,Palakkad,1.0240349888801574
2012-12-27,Pattanamtitta,7.304605806668525
2012-12-27,Kollam,5.559760505929478
2012-12-27,Thrissur,4.040597236081572
2012-12-27,Thiruvananthapuram,5.092287980212633
2012-12-27,Wayanad,0.0
2012-12-27,Alappuzha,0.2593175855144463
2012-12-28,Kannur,1.2672089194625875
2012-12-28,Ernakulam,2.4800819013796844
2012-12-28,Idukki,1.115404022623728
2012-12-28,Kasaragod,3.4887600747693606
2012-12-28,Kottayam,0.6106473652971188
2012-12-28,Kozhikode,0.3646658290171386
2012-12-28,Malappuram,4.178675330258558
2012-12-28,Palakkad,9.610594339366294
2012-12-28,Pattanamtitta,0.02219132407496943
2012-12-28,Kollam,0.928554066528996
2012-12-28,Thrissur,2.6261221023334036
2012-12-28,Thiruvananthapuram,8.058479176897439
2012-12-28,Wayanad,2.672946736036131
2012-12-28,Alappuzha,0.0812883979093613
2012-12-29,Kannur,0.9199295627736648
2012-12-29,Ernakulam,5.74542407408241
2012-12-29,Idukki,3.443107253530454
2012-12-29,Kasaragod,0.11514569046615303
2012-12-29,Kottayam,8.194183954624275
2012-12-29,Kozhikode,1.6076381903718202
2012-12-29,Malappuram,3.042433091629376
2012-12-29,Palakkad,2.2863791600328955
2012-12-29,Pattanamtitta,12.080713702127637
2012-12-29,Kollam,8.851055900019997
2012-12-29,Thrissur,2.5955243466191518
2012-12-29,Thiruvananthapuram,8.74677142640797
2012-12-29,Wayanad,0.05997888787692127
2012-12-29,Alappuzha,8.386638223122274
2012-12-30,Kannur,0.2500252585289074
2012-12-30,Ernakulam,0.3480277036664589
2012-12-30,Idukki,0.07285432431353997
2012-12-30,Kasaragod,0.08681305640819728
2012-12-30,Kottayam,0.04941694853888333
2012-12-30,Kozhikode,0.21461562393310668
2012-12-30,Malappuram,0.01575621617208885
2012-12-30,Palakkad,0.013962108099498605
2012-12-30,Pattanamtitta,0.0
2012-12-30,Kollam,0.0
2012-12-30,Thrissur,0.3793945179330472
2012-12-30,Thiruvananthapuram,0.0
2012-12-30,Wayanad,0.023590885208752212
2012-12-30,Alappuzha,0.348476249030522
2012-12-31,Kannur,0.02554705144384066
2012-12-31,Ernakulam,0.4138869158321117
2012-12-31,Idukki,1.7708189339347895
2012-12-31,Kasaragod,0.0
2012-12-31,Kottayam,1.4545442242143964
2012-12-31,Kozhikode,0.0
2012-12-31,Malappuram,0.0
2012-12-31,Palakkad,0.0
2012-12-31,Pattanamtitta,1.9384331813606022
2012-12-31,Kollam,0.17476178166202674
2012-12-31,Thrissur,0.0
2012-12-31,Thiruvananthapuram,0.0
2012-12-31,Wayanad,0.0032818004009227872
2012-12-31,Alappuzha,4.207448906819164
